{"authorDailyContributionsMap":{"tzuennn":[{"date":"2024-08-19","commitResults":[{"hash":"09be9df4f2d1684c440bd40d1a8e0fe009b317ec","isMergeCommit":false,"messageTitle":"Add Nugget.java","messageBody":"","tags":["Level-0"],"fileTypesAndContributionMap":{"java":{"insertions":10,"deletions":10}}},{"hash":"0c79a9215dde9466a60d26e504e3521d2088ada8","isMergeCommit":false,"messageTitle":"Add bot echo feature","messageBody":"","tags":["Level-1"],"fileTypesAndContributionMap":{"java":{"insertions":14,"deletions":0}}},{"hash":"c757a6141d6aab0741748718104063099ca09cab","isMergeCommit":false,"messageTitle":"Store and display text by user","messageBody":"","tags":["Level-2"],"fileTypesAndContributionMap":{"java":{"insertions":15,"deletions":4}}},{"hash":"8d311588f9eb9f732559844cb7103d5911c82826","isMergeCommit":false,"messageTitle":"Add ability to mark and unmark tasks","messageBody":"","tags":["Level-3"],"fileTypesAndContributionMap":{"java":{"insertions":45,"deletions":6}}}]},{"date":"2024-08-21","commitResults":[{"hash":"3a021f25a01e38ce718d0fc4932fd58fa37d2f44","isMergeCommit":false,"messageTitle":"Add 3 diff task modes","messageBody":"","tags":["Level-4"],"fileTypesAndContributionMap":{"java":{"insertions":126,"deletions":28}}},{"hash":"e403eee829d5d5d429df28805e270f99b913c0b5","isMergeCommit":false,"messageTitle":"Add test cases","messageBody":"","tags":["A-TextUiTesting"],"fileTypesAndContributionMap":{"txt":{"insertions":7,"deletions":0},"java":{"insertions":6,"deletions":5},"sh":{"insertions":1,"deletions":1}}}]},{"date":"2024-08-22","commitResults":[{"hash":"49048f80a4f3767ec9a6103721350240177857ab","isMergeCommit":false,"messageTitle":"Error handling of invalid inputs","messageBody":"","tags":["Level-5"],"fileTypesAndContributionMap":{"txt":{"insertions":4,"deletions":0},"java":{"insertions":8,"deletions":0}}},{"hash":"c6c38552512978c6baa2137ec15eb0e2fd70935c","isMergeCommit":false,"messageTitle":"Add delete function and tests","messageBody":"","tags":["Level-6"],"fileTypesAndContributionMap":{"txt":{"insertions":2,"deletions":0},"java":{"insertions":117,"deletions":62}}}]}]},"authorFileTypeContributionMap":{"tzuennn":{"java":236,"md":0,"fxml":0,"sh":1,"bat":0,"gradle":0,"txt":13}},"authorContributionVariance":{"tzuennn":6664.204},"authorDisplayNameMap":{"tzuennn":"CS2103T-W12-2 TSEN..U EN"}}
