{"authorDailyContributionsMap":{"tzuennn":[{"date":"2024-08-19","commitResults":[{"hash":"09be9df4f2d1684c440bd40d1a8e0fe009b317ec","isMergeCommit":false,"messageTitle":"Add Nugget.java","messageBody":"","tags":["Level-0"],"fileTypesAndContributionMap":{"java":{"insertions":10,"deletions":10}}},{"hash":"0c79a9215dde9466a60d26e504e3521d2088ada8","isMergeCommit":false,"messageTitle":"Add bot echo feature","messageBody":"","tags":["Level-1"],"fileTypesAndContributionMap":{"java":{"insertions":14,"deletions":0}}},{"hash":"c757a6141d6aab0741748718104063099ca09cab","isMergeCommit":false,"messageTitle":"Store and display text by user","messageBody":"","tags":["Level-2"],"fileTypesAndContributionMap":{"java":{"insertions":15,"deletions":4}}},{"hash":"8d311588f9eb9f732559844cb7103d5911c82826","isMergeCommit":false,"messageTitle":"Add ability to mark and unmark tasks","messageBody":"","tags":["Level-3"],"fileTypesAndContributionMap":{"java":{"insertions":45,"deletions":6}}}]},{"date":"2024-08-21","commitResults":[{"hash":"3a021f25a01e38ce718d0fc4932fd58fa37d2f44","isMergeCommit":false,"messageTitle":"Add 3 diff task modes","messageBody":"","tags":["Level-4"],"fileTypesAndContributionMap":{"java":{"insertions":126,"deletions":28}}},{"hash":"e403eee829d5d5d429df28805e270f99b913c0b5","isMergeCommit":false,"messageTitle":"Add test cases","messageBody":"","tags":["A-TextUiTesting"],"fileTypesAndContributionMap":{"txt":{"insertions":7,"deletions":0},"java":{"insertions":6,"deletions":5},"sh":{"insertions":1,"deletions":1}}}]},{"date":"2024-08-22","commitResults":[{"hash":"49048f80a4f3767ec9a6103721350240177857ab","isMergeCommit":false,"messageTitle":"Error handling of invalid inputs","messageBody":"","tags":["Level-5"],"fileTypesAndContributionMap":{"txt":{"insertions":4,"deletions":0},"java":{"insertions":8,"deletions":0}}},{"hash":"c6c38552512978c6baa2137ec15eb0e2fd70935c","isMergeCommit":false,"messageTitle":"Add delete function and tests","messageBody":"","tags":["Level-6"],"fileTypesAndContributionMap":{"txt":{"insertions":2,"deletions":0},"java":{"insertions":117,"deletions":62}}}]},{"date":"2024-08-25","commitResults":[{"hash":"63baddcd6b977382d2e948bf8d73e8c832a0ba9e","isMergeCommit":false,"messageTitle":"Add saving feature locally","messageBody":"","fileTypesAndContributionMap":{"txt":{"insertions":1,"deletions":0},"java":{"insertions":57,"deletions":3}}},{"hash":"4b5b132d66e9a2f61ea06170707ae924f2ed9056","isMergeCommit":true,"messageTitle":"Merge branch \u0027branch-Level-7\u0027","messageBody":"","tags":["Level-7"],"fileTypesAndContributionMap":{}},{"hash":"c5cb5f5cb90bda29649570ea1da92c166cda9cb9","isMergeCommit":false,"messageTitle":"Change type of date from String to DateTime","messageBody":"","fileTypesAndContributionMap":{"txt":{"insertions":4,"deletions":2}}},{"hash":"8fa3ebc5f47069bbe4ad6c7b48a9e33f63772cad","isMergeCommit":true,"messageTitle":"Merge branch \u0027branch-Level-8\u0027","messageBody":"","fileTypesAndContributionMap":{}},{"hash":"524f36143ec35a176864e9aafa56d48541850eb4","isMergeCommit":false,"messageTitle":"Change date\u0027s type from String to DateTime","messageBody":"","fileTypesAndContributionMap":{"txt":{"insertions":1,"deletions":1},"java":{"insertions":32,"deletions":16}}},{"hash":"a27a36b2aceecda3da0b895da6af563b5b09b4b3","isMergeCommit":true,"messageTitle":"Merge branch \u0027branch-Level-8\u0027","messageBody":"Merge with branch-Level-8\n","tags":["Level-8"],"fileTypesAndContributionMap":{}}]},{"date":"2024-08-28","commitResults":[{"hash":"053b8849e2bdf689dd454ab468e363ea84927500","isMergeCommit":false,"messageTitle":"Separate classes, following OOP","messageBody":"","fileTypesAndContributionMap":{"txt":{"insertions":1,"deletions":0},"java":{"insertions":321,"deletions":181}}},{"hash":"416c14c199411a10d8c5c97fd0a9a1d65308b86c","isMergeCommit":true,"messageTitle":"Merge branch \u0027A-MoreOOP\u0027","messageBody":"","tags":["A-MoreOOP"],"fileTypesAndContributionMap":{}}]},{"date":"2024-08-29","commitResults":[{"hash":"f348cfd526cb5c1e3dafd72c58702de25453b199","isMergeCommit":false,"messageTitle":"Use package to organise files","messageBody":"","fileTypesAndContributionMap":{"txt":{"insertions":1,"deletions":1},"java":{"insertions":48,"deletions":4}}},{"hash":"d18bf719ce5438830d2f78fe19972114e70504a3","isMergeCommit":true,"messageTitle":"Merge branch \u0027A-Packages\u0027","messageBody":"","tags":["A-Packages"],"fileTypesAndContributionMap":{}}]},{"date":"2024-08-30","commitResults":[{"hash":"89d05929ffbe21a1fb7aa94cdc7021974c828b5e","isMergeCommit":true,"messageTitle":"Merge branch \u0027add-gradle-support\u0027","messageBody":"","tags":["A-Gradle"],"fileTypesAndContributionMap":{}},{"hash":"4f6f0c705ca07a8cfd3e11f93113e642bf0ede2e","isMergeCommit":false,"messageTitle":"Set up gradle","messageBody":"","fileTypesAndContributionMap":{"gradle":{"insertions":3,"deletions":2},"txt":{"insertions":0,"deletions":1},"java":{"insertions":4,"deletions":0}}},{"hash":"1dab045ef45807659ca231676dc46793c3952f21","isMergeCommit":false,"messageTitle":"Add test cases for Parser and TaskList","messageBody":"","fileTypesAndContributionMap":{"java":{"insertions":172,"deletions":0}}},{"hash":"66f712c641dd822ecff759827e5d82e1ebe5f0a1","isMergeCommit":true,"messageTitle":"Merge branch \u0027A-JUnit\u0027","messageBody":"","tags":["A-Jar","A-JUnit"],"fileTypesAndContributionMap":{}}]},{"date":"2024-08-31","commitResults":[{"hash":"98b2d86972c472eb5c521a378ad72ac3c0b9be25","isMergeCommit":false,"messageTitle":"Add javadoc for most files","messageBody":"","fileTypesAndContributionMap":{"java":{"insertions":269,"deletions":6}}},{"hash":"6011cd2e1e95f72d9b666dcd1344c572b789c067","isMergeCommit":false,"messageTitle":"Fix format for switch statements","messageBody":"","fileTypesAndContributionMap":{"java":{"insertions":14,"deletions":14}}},{"hash":"2edaa1796f62b9a81a521f8fb5212cab9df5098a","isMergeCommit":false,"messageTitle":"Add find keyword function for task searching","messageBody":"","fileTypesAndContributionMap":{"txt":{"insertions":2,"deletions":1},"java":{"insertions":46,"deletions":0}}},{"hash":"dc29560a67a64e0a2ecaeea533c117a6e9d13976","isMergeCommit":true,"messageTitle":"Merge branch \u0027A-JavaDoc\u0027","messageBody":"","tags":["A-JavaDoc"],"fileTypesAndContributionMap":{}},{"hash":"22b73112b0b69c95bc584ebcdca58b765dd66103","isMergeCommit":true,"messageTitle":"Merge branch \u0027A-CodingStandard\u0027","messageBody":"","tags":["A-CodingStandard"],"fileTypesAndContributionMap":{}},{"hash":"423d6e1af68d6eb27cd543c0ae13042bb3d47cb6","isMergeCommit":true,"messageTitle":"Resolve conflict in switch statements","messageBody":"","tags":["Level-9"],"fileTypesAndContributionMap":{}}]},{"date":"2024-09-07","commitResults":[{"hash":"b4c4e7ba83e9baab914633c486ad97450f265cbe","isMergeCommit":false,"messageTitle":"Implement basic GUI for chatbot","messageBody":"","fileTypesAndContributionMap":{"gradle":{"insertions":14,"deletions":1},"txt":{"insertions":3,"deletions":2},"java":{"insertions":304,"deletions":99}}},{"hash":"15191fe7117b74f84c683435bbeff726e8bb4059","isMergeCommit":true,"messageTitle":"Merge branch \u0027branch-level-10\u0027","messageBody":"","tags":["Level-10"],"fileTypesAndContributionMap":{}}]},{"date":"2024-09-08","commitResults":[{"hash":"f9a6354dcb374847deab0c37c5bf6c9caccb8f62","isMergeCommit":false,"messageTitle":"Configure to allow checkstyle","messageBody":"","tags":["A-CheckStyle"],"fileTypesAndContributionMap":{"gradle":{"insertions":5,"deletions":0},"java":{"insertions":25,"deletions":30}}}]},{"date":"2024-09-12","commitResults":[{"hash":"8fc6aa67f12bcd3bee8e5a4e57ad8c6524767770","isMergeCommit":false,"messageTitle":"Add assertions in ChatUI and Parser classes","messageBody":"Assertions are missing in critical parts of the code. Adding assertions\nhelps ensure that certain conditions hold true during runtime, which\ncan prevent unexpected behaviour and help in debugging.\n\nInclude assertions in ChatUI to validate that images are loaded and\npresent in the specified path. Additional assertions were added in\nParser to verify correctness of user input parsing.\n\nThis will catch issues early and improve code reliability.\nOverall it will improve code maintainability.\n","tags":["A-FullCommitMessage"],"fileTypesAndContributionMap":{"gradle":{"insertions":1,"deletions":0},"java":{"insertions":46,"deletions":5}}},{"hash":"e596a4700ac2f2852c953ad76b4bf4e64614c9e8","isMergeCommit":true,"messageTitle":"Merge pull request #1 from tzuennn/branch-A-Assertions","messageBody":"Add assertions in ChatUI and Parser classes","tags":["A-Assertions"],"fileTypesAndContributionMap":{}}]}]},"authorFileTypeContributionMap":{"tzuennn":{"java":1216,"md":0,"fxml":0,"sh":1,"bat":0,"gradle":22,"txt":18}},"authorContributionVariance":{"tzuennn":18398.28},"authorDisplayNameMap":{"tzuennn":"CS2103T-W12-2 TSEN..U EN"}}
