{"authorDailyContributionsMap":{"naythee169":[{"date":"2024-08-21","commitResults":[{"hash":"e4ef278a8c7dd3df04e1893e52631995b4a7b62c","isMergeCommit":false,"messageTitle":"Add rename(to Delphi), greet and exit","messageBody":"","tags":["Level-0"],"fileTypesAndContributionMap":{"java":{"insertions":4,"deletions":2}}},{"hash":"633b45f7bbb520e40c933181a066a510ff7cd949","isMergeCommit":false,"messageTitle":"Add echo, new personality","messageBody":"","fileTypesAndContributionMap":{"java":{"insertions":12,"deletions":2}}},{"hash":"fc435406bc26028cc06b538eb5941a10c2b1f9be","isMergeCommit":false,"messageTitle":"Add list, add functions","messageBody":"","fileTypesAndContributionMap":{"java":{"insertions":25,"deletions":6}}}]},{"date":"2024-08-22","commitResults":[{"hash":"9e5e6b38530367ea7013fec313d2ae12ee93c7e4","isMergeCommit":false,"messageTitle":"Add mark as done function","messageBody":"","tags":["Level-3"],"fileTypesAndContributionMap":{"java":{"insertions":59,"deletions":3}}},{"hash":"b659b86480306ff7116f7e8c10549a96708b6434","isMergeCommit":false,"messageTitle":"Change toString() functions to align more with OOP","messageBody":"","fileTypesAndContributionMap":{"java":{"insertions":6,"deletions":4}}},{"hash":"63fc235cb0f360756995ca9a6cb6f55f17ca9605","isMergeCommit":false,"messageTitle":"Create separate class for string parser","messageBody":"","fileTypesAndContributionMap":{"java":{"insertions":36,"deletions":18}}},{"hash":"304fc15b53f275e6d56adc98751932f00fed582f","isMergeCommit":false,"messageTitle":"Add todo, event, deadline","messageBody":"","tags":["Level-4"],"fileTypesAndContributionMap":{"java":{"insertions":73,"deletions":7}}},{"hash":"238462e620a6544ac7de8887ef56ff5ea1d7fedf","isMergeCommit":false,"messageTitle":"Update automated text UI testing","messageBody":"","tags":["A-TextUiTesting"],"fileTypesAndContributionMap":{"txt":{"insertions":4,"deletions":0},"sh":{"insertions":1,"deletions":1}}},{"hash":"66fff4338502a91d83e0a096ed41e23a83f82f10","isMergeCommit":false,"messageTitle":"Add exception handling for empty and invalid inputs","messageBody":"","tags":["Level-5"],"fileTypesAndContributionMap":{"java":{"insertions":44,"deletions":13}}},{"hash":"f8d8627db98850875fa858ea217dac6ac3295e55","isMergeCommit":false,"messageTitle":"Add delete tasks function","messageBody":"","tags":["Level-6"],"fileTypesAndContributionMap":{"java":{"insertions":19,"deletions":0}}},{"hash":"81a1c80414fcad3ab883078cd1d5ab7973ab1a59","isMergeCommit":false,"messageTitle":"Fix minor copy-paste errors in TaskList","messageBody":"","fileTypesAndContributionMap":{"java":{"insertions":3,"deletions":3}}},{"hash":"602349bf0b2b2912134275b8bdda091127b3eda9","isMergeCommit":false,"messageTitle":"Align with java coding standard","messageBody":"","fileTypesAndContributionMap":{"java":{"insertions":38,"deletions":23}}},{"hash":"416e30a5f715bc5db6e9a6e1c73049f3e03ee8cb","isMergeCommit":false,"messageTitle":"Add javadocs comments to TaskList","messageBody":"","fileTypesAndContributionMap":{"java":{"insertions":143,"deletions":19}}},{"hash":"c25db7f34b99bdccd955d5586da31f378ffa5b6b","isMergeCommit":false,"messageTitle":"Add InvalidListItemException","messageBody":"","fileTypesAndContributionMap":{"java":{"insertions":14,"deletions":5}}}]},{"date":"2024-08-26","commitResults":[{"hash":"d256e6a2350b87ed7a6977740a8ed2f89d46767b","isMergeCommit":false,"messageTitle":"Add Javadocs comments for Parser","messageBody":"","fileTypesAndContributionMap":{"java":{"insertions":12,"deletions":0}}},{"hash":"c063b9b6288c877119a7de77cb5dc43b481d4dd1","isMergeCommit":false,"messageTitle":"Split Task subtypes into separate class files","messageBody":"","fileTypesAndContributionMap":{"java":{"insertions":8,"deletions":0}}},{"hash":"592825d2692c6518cd09ff8cbb6b64cca059af71","isMergeCommit":false,"messageTitle":"Modify previous Task subtype files","messageBody":"","fileTypesAndContributionMap":{"java":{"insertions":153,"deletions":168}}}]},{"date":"2024-08-28","commitResults":[{"hash":"8ba38e042ce1d40b04b3a52501a9f24dadfb8e12","isMergeCommit":false,"messageTitle":"Add hard disk functionality","messageBody":"","fileTypesAndContributionMap":{"txt":{"insertions":1,"deletions":0},"java":{"insertions":110,"deletions":0}}},{"hash":"c6b8542d63d77b3d651e121ba9986b6f0a9f78ca","isMergeCommit":true,"messageTitle":"Merge branch \u0027branch-Level-7\u0027 with hard disk functionality","messageBody":"","tags":["Level-7"],"fileTypesAndContributionMap":{}},{"hash":"6b6b56386561ab5f7e95114a25a8f6ce2cdb7532","isMergeCommit":false,"messageTitle":"Add date/time functionality","messageBody":"","fileTypesAndContributionMap":{"java":{"insertions":153,"deletions":24}}},{"hash":"4dae7a247f4f19e379cce7947cbe831012fbb8bf","isMergeCommit":true,"messageTitle":"Merge branch \u0027branch-Level-8\u0027 to add date/time functionality","messageBody":"","tags":["Level-8"],"fileTypesAndContributionMap":{}}]},{"date":"2024-08-29","commitResults":[{"hash":"3266c72dd53b023e1923119b7f7d237a8277fced","isMergeCommit":false,"messageTitle":"Implement more OOP design, including UI and Storage classes","messageBody":"","tags":["A-MoreOOP"],"fileTypesAndContributionMap":{"txt":{"insertions":0,"deletions":1},"java":{"insertions":162,"deletions":108}}},{"hash":"64f6c75b404444371b388265cf7af0f8e96545cd","isMergeCommit":false,"messageTitle":"Separate class files into packages","messageBody":"","fileTypesAndContributionMap":{"java":{"insertions":94,"deletions":43}}},{"hash":"ccdc309e848b20a22311c80ef136b7d5bddd7068","isMergeCommit":true,"messageTitle":"Merge branch \u0027branch-A-Packages\u0027 which splits the class files into packages","messageBody":"","tags":["A-Packages"],"fileTypesAndContributionMap":{}},{"hash":"d778ca8f3241a44abbab124f5dac6344913bb05d","isMergeCommit":true,"messageTitle":"Merge remote-tracking branch \u0027origin/add-gradle-support\u0027","messageBody":"","fileTypesAndContributionMap":{}},{"hash":"8d59c2897becc6bf062bc4aedc4e0078b5c35152","isMergeCommit":false,"messageTitle":"Configure gradle and created more packages","messageBody":"","tags":["A-Gradle"],"fileTypesAndContributionMap":{"gradle":{"insertions":1,"deletions":1},"txt":{"insertions":2,"deletions":0},"java":{"insertions":24,"deletions":5}}},{"hash":"dd67148100f81ce83de41b48e66540b9c8fee4e5","isMergeCommit":false,"messageTitle":"Add Commands package for greater OOP adherence","messageBody":"","fileTypesAndContributionMap":{"java":{"insertions":365,"deletions":211}}}]},{"date":"2024-08-30","commitResults":[{"hash":"37184fab65767216ab3b7a36d00e98f1b36d515f","isMergeCommit":false,"messageTitle":"Add JUnit tests","messageBody":"","tags":["A-JUnit"],"fileTypesAndContributionMap":{"gradle":{"insertions":1,"deletions":0},"java":{"insertions":151,"deletions":24}}},{"hash":"a5526bed1dd77d5aa28b518ad7a384dbd3717c5d","isMergeCommit":false,"messageTitle":"Create JAR file","messageBody":"","tags":["v1.0","A-Jar"],"fileTypesAndContributionMap":{"gradle":{"insertions":1,"deletions":1}}},{"hash":"0aec311a54f61937a70633366cedc4440287cb48","isMergeCommit":false,"messageTitle":"Add JavaDoc comments","messageBody":"","fileTypesAndContributionMap":{"java":{"insertions":470,"deletions":153}}},{"hash":"b7912b9bec4f479659287ee9347c2c7016986bc4","isMergeCommit":false,"messageTitle":"Align with coding standards","messageBody":"","fileTypesAndContributionMap":{"gradle":{"insertions":5,"deletions":0},"java":{"insertions":8,"deletions":8}}},{"hash":"794b10b73795c7a2fba2b4221232133eab6fd7aa","isMergeCommit":false,"messageTitle":"Add find feature","messageBody":"","fileTypesAndContributionMap":{"java":{"insertions":33,"deletions":0}}},{"hash":"c0e5d5492de886938da1dcbd22ee8cd5540e0906","isMergeCommit":true,"messageTitle":"Merge branch \u0027branch-A-JavaDoc\u0027","messageBody":"","tags":["A-JavaDoc"],"fileTypesAndContributionMap":{}},{"hash":"ce6a7473a1a19634a51e1a23789b2a13ca0f4634","isMergeCommit":true,"messageTitle":"Merge branch \u0027branch-A-CodingStandard\u0027","messageBody":"","tags":["A-CodingStandard"],"fileTypesAndContributionMap":{}},{"hash":"3283cce17be589edd8fe3d8298d046c115b0a9cd","isMergeCommit":true,"messageTitle":"Merge branch \u0027branch-Level-9\u0027","messageBody":"","tags":["Level-9"],"fileTypesAndContributionMap":{}},{"hash":"96d94eaf888b566743e9b0e4256aa59028ab3cfa","isMergeCommit":false,"messageTitle":"Import find command into Parser","messageBody":"","fileTypesAndContributionMap":{"java":{"insertions":1,"deletions":0}}},{"hash":"2b7db6c8fdfe1e14b54e2ae5be7e797c00177a09","isMergeCommit":false,"messageTitle":"Fix coding style errors that were missed previously","messageBody":"","fileTypesAndContributionMap":{"java":{"insertions":145,"deletions":77}}},{"hash":"6666a55308df1053465a06d5f858d3879f6bd57b","isMergeCommit":false,"messageTitle":"Update welcome message","messageBody":"","fileTypesAndContributionMap":{"java":{"insertions":1,"deletions":1}}},{"hash":"db9ab6d0009216bc0ac3ae88eee7537751e1579b","isMergeCommit":false,"messageTitle":"Fix more style violations in test cases","messageBody":"","fileTypesAndContributionMap":{"java":{"insertions":16,"deletions":16}}}]},{"date":"2024-09-05","commitResults":[{"hash":"1356404d45d3750cb617fb0f57885309d6108774","isMergeCommit":false,"messageTitle":"Add GUI","messageBody":"","fileTypesAndContributionMap":{"gradle":{"insertions":16,"deletions":1},"fxml":{"insertions":36,"deletions":0},"java":{"insertions":301,"deletions":53}}},{"hash":"a6aceeb4d8395691fdaa4b37492660e7a9348268","isMergeCommit":true,"messageTitle":"Merge branch \u0027branch-Level-10\u0027","messageBody":"","tags":["Level-10"],"fileTypesAndContributionMap":{}}]},{"date":"2024-09-10","commitResults":[{"hash":"102dcf805afeb2a2895d18de2a11e92228fd9af8","isMergeCommit":false,"messageTitle":"Align with coding quality standards","messageBody":"","fileTypesAndContributionMap":{"java":{"insertions":91,"deletions":85}}},{"hash":"859312fbb71b3e95c1705fc1a6b2eab959ef5229","isMergeCommit":false,"messageTitle":"Add assertions","messageBody":"","tags":["A-CodeQuality"],"fileTypesAndContributionMap":{"java":{"insertions":11,"deletions":0}}},{"hash":"fa75003046db9e6481a8cc78270502372cc8de61","isMergeCommit":true,"messageTitle":"Merge pull request #1 from naythee169/branch-A-CodeQuality","messageBody":"Align with coding quality standards","fileTypesAndContributionMap":{}},{"hash":"a30f47d402265aa53813f4cb2f987f7c6a619b9f","isMergeCommit":true,"messageTitle":"Merge pull request #2 from naythee169/branch-A-Assertions","messageBody":"Add assertions","tags":["A-Assertions"],"fileTypesAndContributionMap":{}}]},{"date":"2024-09-13","commitResults":[{"hash":"6c12f4aa5fcafc8c5ea3dc34bee45bbcc5c55826","isMergeCommit":false,"messageTitle":"Add BCD extension","messageBody":"Currently, users can only add new tasks but cannot modify existing ones\nwithout deleting them.\n\nA more flexible task feature is required to let users modify the\nexisting tasks.\n\nWe add an extension to introduce the ability to modify the deadline\nassociated with the deadline in Deadline tasks and time frame\nfor Event tasks by adding an edit task method to the Task class.\n\nThis is so that OOP principles are adhered to still.\n","tags":["BCD-Extension"],"fileTypesAndContributionMap":{"java":{"insertions":227,"deletions":105}}},{"hash":"9485a7a5dbef3ff2ab62bfa3a5059afd9ea04ec3","isMergeCommit":true,"messageTitle":"Merge branch \u0027master\u0027 of https://github.com/naythee169/ip","messageBody":"","fileTypesAndContributionMap":{}},{"hash":"a3671f1f15769ff5c642614cd0a5c7360bc0c672","isMergeCommit":false,"messageTitle":"Modify test cases","messageBody":"Current test cases do not work due to changes to the Event and Deadline\nclasses when implementing the extension\n\nThe test cases for Event need to change to be appropriate in verifying\nthe Event behaviour\n\nChange the Parser stub so that it now produces the desired behaviour\nwhen used by the Event class. Modify the test cases to not throw\nerrors anymore.\n\nThis is the best way to get the test cases to work properly\n","tags":["A-FullCommitMessage"],"fileTypesAndContributionMap":{"java":{"insertions":2,"deletions":7}}}]},{"date":"2024-09-14","commitResults":[{"hash":"7523de4e974a89554745390208478ba46f45bd70","isMergeCommit":false,"messageTitle":"Improve code quality and style","messageBody":"","fileTypesAndContributionMap":{"txt":{"insertions":0,"deletions":2},"java":{"insertions":233,"deletions":269}}}]},{"date":"2024-09-16","commitResults":[{"hash":"a355447ab7636626403064b39e0705a39b11a2cb","isMergeCommit":false,"messageTitle":"Align with checkstyle requirements","messageBody":"","fileTypesAndContributionMap":{"java":{"insertions":104,"deletions":42}}}]},{"date":"2024-09-18","commitResults":[{"hash":"d5ae204e7615a9bf8ea6747d4c89c673e88ec913","isMergeCommit":false,"messageTitle":"upgrade GUI","messageBody":"","tags":["A-BetterGui"],"fileTypesAndContributionMap":{"fxml":{"insertions":1,"deletions":1}}},{"hash":"6a6db76060f946e634f069afe9a9386ed3207a2c","isMergeCommit":false,"messageTitle":"Add more robust error handling","messageBody":"","tags":["A-MoreErrorHandling"],"fileTypesAndContributionMap":{"java":{"insertions":102,"deletions":41}}}]},{"date":"2024-09-19","commitResults":[{"hash":"c7c46c107972af0bead22bff830af31a49fc2a5e","isMergeCommit":false,"messageTitle":"Add more robust JUnit testing","messageBody":"","tags":["A-MoreTesting"],"fileTypesAndContributionMap":{"java":{"insertions":132,"deletions":18}}},{"hash":"38d0ad6e781dfc440cb7fb131cfe3224e876d13c","isMergeCommit":false,"messageTitle":"Add README file","messageBody":"","fileTypesAndContributionMap":{"java":{"insertions":54,"deletions":26},"md":{"insertions":106,"deletions":24}}},{"hash":"1863ed70dab9b72ce5a2442360df6f017841add6","isMergeCommit":false,"messageTitle":"Update correct README file","messageBody":"","fileTypesAndContributionMap":{"md":{"insertions":92,"deletions":16}}}]},{"date":"2024-09-20","commitResults":[{"hash":"aa7fd737a10ec7730e5104e7f03eab8ad986dabd","isMergeCommit":false,"messageTitle":"Improve code quality and OOP","messageBody":"","fileTypesAndContributionMap":{"java":{"insertions":103,"deletions":72},"md":{"insertions":1,"deletions":1}}},{"hash":"e256a02c518275167b6f4750a56e89a9c3d1951f","isMergeCommit":false,"messageTitle":"Fix README file bug where images weren\u0027t rendering","messageBody":"","fileTypesAndContributionMap":{"md":{"insertions":3,"deletions":3}}},{"hash":"4ccb687d068d969f01607b95fed8fef401faf4ae","isMergeCommit":false,"messageTitle":"Update README file to add missing command","messageBody":"","fileTypesAndContributionMap":{"md":{"insertions":9,"deletions":0}}},{"hash":"214afe4aeb163aea0f19a0b386df220caa1f884c","isMergeCommit":false,"messageTitle":"Fix checkstyle violations","messageBody":"","fileTypesAndContributionMap":{"java":{"insertions":23,"deletions":19}}},{"hash":"8399a46dca40bdce6c643bdca3bfbb1c3b513f9a","isMergeCommit":false,"messageTitle":"Tweak README file for tagging purposes","messageBody":"","tags":["A-UserGuide"],"fileTypesAndContributionMap":{"md":{"insertions":1,"deletions":1}}},{"hash":"b4b55934389dd6725a71435ad17a012e95586888","isMergeCommit":false,"messageTitle":"Fix bug in storage class","messageBody":"","fileTypesAndContributionMap":{"txt":{"insertions":0,"deletions":0},"java":{"insertions":14,"deletions":1}}},{"hash":"61e4bb6920cd22da3e3933a5806d79cea56127b0","isMergeCommit":false,"messageTitle":"Improve error message","messageBody":"","fileTypesAndContributionMap":{"java":{"insertions":3,"deletions":3}}},{"hash":"a94d2ac9622cbd93ad1a3d07b53a1a929fde5497","isMergeCommit":false,"messageTitle":"Add credit to another student for reused code","messageBody":"","fileTypesAndContributionMap":{"java":{"insertions":2,"deletions":1}}},{"hash":"9934d5f3e1556a589e0e7081eb62006f9ce150df","isMergeCommit":false,"messageTitle":"Tweak list comand","messageBody":"","tags":["v2.0"],"fileTypesAndContributionMap":{"java":{"insertions":3,"deletions":0}}},{"hash":"38edb7c215e7638087ce144e3040597dc55eec4e","isMergeCommit":false,"messageTitle":"Add link to jar file in README","messageBody":"","fileTypesAndContributionMap":{"md":{"insertions":1,"deletions":1}}}]}]},"authorFileTypeContributionMap":{"naythee169":{"java":2100,"md":205,"fxml":36,"sh":1,"bat":0,"gradle":22,"txt":4}},"authorContributionVariance":{"naythee169":75706.57},"authorDisplayNameMap":{"naythee169":"CS2103T-T13-3 JORD..CHAN"}}
