{"authorDailyContributionsMap":{"kimberlytmq":[{"date":"2024-08-22","commitResults":[{"hash":"15894de5352c17a3485f7c31ffab7fc2ed22d701","isMergeCommit":false,"messageTitle":"Level-0 task","messageBody":"","tags":["Level-0"],"fileTypesAndContributionMap":{"java":{"insertions":10,"deletions":10}}},{"hash":"21fe37f7ff7c68ed7d55206b53f4784420609566","isMergeCommit":false,"messageTitle":"Level-1 task","messageBody":"","tags":["Level-1"],"fileTypesAndContributionMap":{"java":{"insertions":25,"deletions":2}}},{"hash":"906d0909fd569ace1dc7ce34d35b909a7a2b44d5","isMergeCommit":false,"messageTitle":"Level 2 task","messageBody":"","tags":["Level-2"],"fileTypesAndContributionMap":{"java":{"insertions":12,"deletions":1}}}]},{"date":"2024-08-23","commitResults":[{"hash":"e5bfdf563a884c4dd87cf03840b098569b3b2bdc","isMergeCommit":false,"messageTitle":"Level 3 task","messageBody":"","tags":["Level-3"],"fileTypesAndContributionMap":{"java":{"insertions":95,"deletions":4}}},{"hash":"8ce97f5e8994f16dc8ed10433ac7c91b117b1453","isMergeCommit":false,"messageTitle":"level 4 tasks","messageBody":"","tags":["Level-4"],"fileTypesAndContributionMap":{"java":{"insertions":115,"deletions":9}}},{"hash":"898e168d934e16197bc831ff8291529a955e46b2","isMergeCommit":false,"messageTitle":"Level 5 task","messageBody":"","tags":["Level-5"],"fileTypesAndContributionMap":{"java":{"insertions":22,"deletions":7}}},{"hash":"b4d114249f37e7182461edafca515bb50f400c4f","isMergeCommit":false,"messageTitle":"Level 6 task","messageBody":"","tags":["Level-6"],"fileTypesAndContributionMap":{"java":{"insertions":35,"deletions":1}}},{"hash":"c7828defc41bf4d7458065b9bd0f0a1cbe2f7e8d","isMergeCommit":false,"messageTitle":"TextUiTesting","messageBody":"","tags":["A-TextUiTesting"],"fileTypesAndContributionMap":{"txt":{"insertions":1,"deletions":0},"sh":{"insertions":1,"deletions":1}}}]},{"date":"2024-08-30","commitResults":[{"hash":"75f52b77a2029eef0b2170a3e21f14242b805894","isMergeCommit":false,"messageTitle":"Add txt file to save data","messageBody":"","fileTypesAndContributionMap":{"txt":{"insertions":2,"deletions":0},"java":{"insertions":136,"deletions":22}}},{"hash":"86d7260f05df30061b222b152f1f34c129e06d0b","isMergeCommit":true,"messageTitle":"Merge branch \u0027branch-Level-7\u0027","messageBody":"* branch-Level-7:\n  Add txt file to save data\n","tags":["Level-7"],"fileTypesAndContributionMap":{}},{"hash":"8744ca4e2b2d2c0774d4c71215936c5bda567185","isMergeCommit":false,"messageTitle":"Add date feature for deadlines and events","messageBody":"","fileTypesAndContributionMap":{"txt":{"insertions":2,"deletions":2},"java":{"insertions":89,"deletions":30}}},{"hash":"b39c2ca7a5a63fcfcbe2fda2678f3b448ec12743","isMergeCommit":true,"messageTitle":"Merge branch \u0027branch-Level-8\u0027","messageBody":"* branch-Level-8:\n  Add date feature for deadlines and events\n","tags":["Level-8"],"fileTypesAndContributionMap":{}},{"hash":"99920c7418d7f0e454a70495c030120bbcf43b0f","isMergeCommit":false,"messageTitle":"Update code to OOP","messageBody":"","tags":["A-MoreOOP"],"fileTypesAndContributionMap":{"txt":{"insertions":5,"deletions":2},"java":{"insertions":777,"deletions":31}}},{"hash":"1a7be73ecf14d0d40c34ae0f71df15e6ad5ec6b8","isMergeCommit":false,"messageTitle":"Add files to package cloudy","messageBody":"","tags":["A-Packages"],"fileTypesAndContributionMap":{"java":{"insertions":19,"deletions":13}}}]}]},"authorFileTypeContributionMap":{"kimberlytmq":{"java":1215,"md":0,"fxml":0,"sh":1,"bat":0,"gradle":0,"txt":6}},"authorContributionVariance":{"kimberlytmq":81263.8},"authorDisplayNameMap":{"kimberlytmq":"CS2103T-W12-3 TEO ..U QI"}}
