{"authorDailyContributionsMap":{"Nicholaskoh1":[{"date":"2024-08-18","commitResults":[{"hash":"03444282b47764cbf5acaa109e85387e090ac3e5","isMergeCommit":false,"messageTitle":"Add Jeff.java","messageBody":"","tags":["Level-0"],"fileTypesAndContributionMap":{"java":{"insertions":21,"deletions":10}}},{"hash":"13fc9dff4cf151306d8784d2b95d70d60ba868e6","isMergeCommit":false,"messageTitle":"Add printUserInput function","messageBody":"","tags":["Level-1"],"fileTypesAndContributionMap":{"java":{"insertions":57,"deletions":10}}},{"hash":"31039441b173368814d84a69099dd5829bb63c35","isMergeCommit":false,"messageTitle":"Add list function","messageBody":"","tags":["Level-2"],"fileTypesAndContributionMap":{"java":{"insertions":38,"deletions":4}}},{"hash":"8a1cebf80f8d4a750eec21513bfccf25e536c787","isMergeCommit":false,"messageTitle":"Add Task.java","messageBody":"","fileTypesAndContributionMap":{"java":{"insertions":29,"deletions":0}}},{"hash":"a2792867048f10221cf56a5b573639319b37befb","isMergeCommit":false,"messageTitle":"Add task status and description","messageBody":"","tags":["Level-3"],"fileTypesAndContributionMap":{"java":{"insertions":51,"deletions":8}}}]},{"date":"2024-08-19","commitResults":[{"hash":"02048abf720bc349ba092bbbb474ae800b3dfb40","isMergeCommit":false,"messageTitle":"Add DeadlineTask.java","messageBody":"","fileTypesAndContributionMap":{"java":{"insertions":13,"deletions":0}}},{"hash":"69263558b25fa5229df1bac83d0109c21c83a878","isMergeCommit":false,"messageTitle":"Add EventTask.java","messageBody":"","fileTypesAndContributionMap":{"java":{"insertions":15,"deletions":0}}},{"hash":"dca75672ec3cd53db05ed8556d2f14b6f2c89f4d","isMergeCommit":false,"messageTitle":"Add ToDoTask.java","messageBody":"","fileTypesAndContributionMap":{"java":{"insertions":10,"deletions":0}}},{"hash":"eb226eee448cb282e799d170cdde9c699585a333","isMergeCommit":false,"messageTitle":"Add 3 different task types: ToDo, Deadline, Event","messageBody":"","tags":["Level-4"],"fileTypesAndContributionMap":{"java":{"insertions":77,"deletions":4}}},{"hash":"bd6a60de9e22fb111ee163e8a24b157530e40e57","isMergeCommit":false,"messageTitle":"Add automated testing","messageBody":"","tags":["A-TextUiTesting"],"fileTypesAndContributionMap":{"txt":{"insertions":35,"deletions":0},"bat":{"insertions":1,"deletions":1}}},{"hash":"5dbeb078d61ce44edf22fd550bb0122c107144fb","isMergeCommit":false,"messageTitle":"Add JeffException.java","messageBody":"","fileTypesAndContributionMap":{"java":{"insertions":18,"deletions":0}}},{"hash":"4b86386d0c034553aee02915feb928886c15de0a","isMergeCommit":false,"messageTitle":"Add handle errors","messageBody":"","tags":["Level-5"],"fileTypesAndContributionMap":{"txt":{"insertions":15,"deletions":17},"java":{"insertions":116,"deletions":77}}},{"hash":"63336918b1f9d90289e51a17c3625248ad5fba43","isMergeCommit":false,"messageTitle":"Add delete function","messageBody":"","fileTypesAndContributionMap":{"txt":{"insertions":4,"deletions":0},"java":{"insertions":16,"deletions":0}}},{"hash":"d98c7ad778c921d7661b83dcb6b1395ae9855e9b","isMergeCommit":false,"messageTitle":"Add java docs","messageBody":"","tags":["Level-6"],"fileTypesAndContributionMap":{"java":{"insertions":132,"deletions":16}}}]}]},"authorFileTypeContributionMap":{"Nicholaskoh1":{"java":474,"md":0,"fxml":0,"sh":0,"bat":1,"gradle":0,"txt":37}},"authorContributionVariance":{"Nicholaskoh1":53866.688},"authorDisplayNameMap":{"Nicholaskoh1":"CS2103T-F09-1 NICH.. LUN"}}
