{"authorDailyContributionsMap":{"Nicholaskoh1":[{"date":"2024-08-18","commitResults":[{"hash":"03444282b47764cbf5acaa109e85387e090ac3e5","isMergeCommit":false,"messageTitle":"Add Jeff.java","messageBody":"","tags":["Level-0"],"fileTypesAndContributionMap":{"java":{"insertions":21,"deletions":10}}},{"hash":"13fc9dff4cf151306d8784d2b95d70d60ba868e6","isMergeCommit":false,"messageTitle":"Add printUserInput function","messageBody":"","tags":["Level-1"],"fileTypesAndContributionMap":{"java":{"insertions":57,"deletions":10}}},{"hash":"31039441b173368814d84a69099dd5829bb63c35","isMergeCommit":false,"messageTitle":"Add list function","messageBody":"","tags":["Level-2"],"fileTypesAndContributionMap":{"java":{"insertions":38,"deletions":4}}},{"hash":"8a1cebf80f8d4a750eec21513bfccf25e536c787","isMergeCommit":false,"messageTitle":"Add Task.java","messageBody":"","fileTypesAndContributionMap":{"java":{"insertions":29,"deletions":0}}},{"hash":"a2792867048f10221cf56a5b573639319b37befb","isMergeCommit":false,"messageTitle":"Add task status and description","messageBody":"","tags":["Level-3"],"fileTypesAndContributionMap":{"java":{"insertions":51,"deletions":8}}}]},{"date":"2024-08-19","commitResults":[{"hash":"02048abf720bc349ba092bbbb474ae800b3dfb40","isMergeCommit":false,"messageTitle":"Add DeadlineTask.java","messageBody":"","fileTypesAndContributionMap":{"java":{"insertions":13,"deletions":0}}},{"hash":"69263558b25fa5229df1bac83d0109c21c83a878","isMergeCommit":false,"messageTitle":"Add EventTask.java","messageBody":"","fileTypesAndContributionMap":{"java":{"insertions":15,"deletions":0}}},{"hash":"dca75672ec3cd53db05ed8556d2f14b6f2c89f4d","isMergeCommit":false,"messageTitle":"Add ToDoTask.java","messageBody":"","fileTypesAndContributionMap":{"java":{"insertions":10,"deletions":0}}},{"hash":"eb226eee448cb282e799d170cdde9c699585a333","isMergeCommit":false,"messageTitle":"Add 3 different task types: ToDo, Deadline, Event","messageBody":"","tags":["Level-4"],"fileTypesAndContributionMap":{"java":{"insertions":77,"deletions":4}}},{"hash":"bd6a60de9e22fb111ee163e8a24b157530e40e57","isMergeCommit":false,"messageTitle":"Add automated testing","messageBody":"","tags":["A-TextUiTesting"],"fileTypesAndContributionMap":{"txt":{"insertions":35,"deletions":0},"bat":{"insertions":1,"deletions":1}}},{"hash":"5dbeb078d61ce44edf22fd550bb0122c107144fb","isMergeCommit":false,"messageTitle":"Add JeffException.java","messageBody":"","fileTypesAndContributionMap":{"java":{"insertions":18,"deletions":0}}},{"hash":"4b86386d0c034553aee02915feb928886c15de0a","isMergeCommit":false,"messageTitle":"Add handle errors","messageBody":"","tags":["Level-5"],"fileTypesAndContributionMap":{"txt":{"insertions":15,"deletions":17},"java":{"insertions":116,"deletions":77}}},{"hash":"63336918b1f9d90289e51a17c3625248ad5fba43","isMergeCommit":false,"messageTitle":"Add delete function","messageBody":"","fileTypesAndContributionMap":{"txt":{"insertions":4,"deletions":0},"java":{"insertions":16,"deletions":0}}},{"hash":"d98c7ad778c921d7661b83dcb6b1395ae9855e9b","isMergeCommit":false,"messageTitle":"Add java docs","messageBody":"","tags":["Level-6"],"fileTypesAndContributionMap":{"java":{"insertions":132,"deletions":16}}}]},{"date":"2024-08-27","commitResults":[{"hash":"7b585e90920a876cd7028280fea3619681365d34","isMergeCommit":false,"messageTitle":"Add FileCorruptException.java","messageBody":"","fileTypesAndContributionMap":{"java":{"insertions":21,"deletions":0}}},{"hash":"24f2546b69fa63f0204ad88b6dc3b6a80183956a","isMergeCommit":false,"messageTitle":"Update the task files to get the task text file format string","messageBody":"","fileTypesAndContributionMap":{"java":{"insertions":45,"deletions":2}}},{"hash":"0d001dcf8e2d1a405906efb2a816051b6ccb0aac","isMergeCommit":false,"messageTitle":"Update Jeff.java to save the task list in the data folder","messageBody":"","fileTypesAndContributionMap":{"java":{"insertions":96,"deletions":0}}},{"hash":"48453c5b61c15c557ce4c5a2559d039704df27c0","isMergeCommit":true,"messageTitle":"Merge branch \u0027branch-Level-7\u0027","messageBody":"","tags":["Level-7"],"fileTypesAndContributionMap":{}},{"hash":"4c349a63727b549b14f02a57a38e1f39b0ddefc4","isMergeCommit":false,"messageTitle":"Add date and time format to the tasks","messageBody":"","fileTypesAndContributionMap":{"txt":{"insertions":6,"deletions":10},"java":{"insertions":89,"deletions":46}}},{"hash":"a6358ae6ba12b1206bafd54d1935fa8a2178eff9","isMergeCommit":true,"messageTitle":"Merge branch \u0027branch-Level-8\u0027","messageBody":"","fileTypesAndContributionMap":{}},{"hash":"996d18ff41dde331a33ea9616e795ac3bac3f61e","isMergeCommit":false,"messageTitle":"Add a way to show tasks for a specific date","messageBody":"","fileTypesAndContributionMap":{"java":{"insertions":51,"deletions":0}}},{"hash":"73eb2047858a69b63b8591699c9cd6ca363e6bae","isMergeCommit":true,"messageTitle":"Merge branch \u0027branch-Level-8\u0027","messageBody":"","tags":["Level-8"],"fileTypesAndContributionMap":{}}]},{"date":"2024-08-28","commitResults":[{"hash":"4d6ae869758c50842ff15ddc2cb485a2218e0cd7","isMergeCommit":false,"messageTitle":"Add more OOP","messageBody":"","fileTypesAndContributionMap":{"java":{"insertions":564,"deletions":457}}},{"hash":"cbf70862fd9a55f7d82654f7cbf0def2c7e19fc6","isMergeCommit":true,"messageTitle":"Merge branch \u0027branch-MoreOOP\u0027","messageBody":"","tags":["A-MoreOOP"],"fileTypesAndContributionMap":{}},{"hash":"c96a00fa8046ec843ff2fa28126039225b35c5c6","isMergeCommit":false,"messageTitle":"Update java files to be in jeff package","messageBody":"","fileTypesAndContributionMap":{"txt":{"insertions":19,"deletions":0},"java":{"insertions":98,"deletions":0},"bat":{"insertions":2,"deletions":1}}},{"hash":"64ae05c1a9a69c9cc9a6067dbe1d52e21217dd18","isMergeCommit":true,"messageTitle":"Merge branch \u0027branch-Packages\u0027","messageBody":"","tags":["A-Packages"],"fileTypesAndContributionMap":{}},{"hash":"10c4eac0903316a2adaec627234646b422a01474","isMergeCommit":true,"messageTitle":"Merge remote-tracking branch \u0027origin/add-gradle-support\u0027","messageBody":"","tags":["A-Gradle"],"fileTypesAndContributionMap":{}},{"hash":"5cf568430106ff9a16f7196333f931a4ad832893","isMergeCommit":false,"messageTitle":"Add JUnit tests","messageBody":"","fileTypesAndContributionMap":{"txt":{"insertions":0,"deletions":0},"java":{"insertions":268,"deletions":0}}}]},{"date":"2024-08-29","commitResults":[{"hash":"cf6ef7bb9abff42c3b1d899daf834bb987533a71","isMergeCommit":false,"messageTitle":"Add more JUnit tests","messageBody":"","fileTypesAndContributionMap":{"txt":{"insertions":1,"deletions":0},"java":{"insertions":313,"deletions":8}}},{"hash":"328118954d61aa1fe57231e7366ee3778fca7e5f","isMergeCommit":true,"messageTitle":"Merge branch \u0027branch-JUnit\u0027","messageBody":"","tags":["A-JUnit"],"fileTypesAndContributionMap":{}},{"hash":"253b295bb0586edd3e493e98abd4e5f0cf5a5e87","isMergeCommit":false,"messageTitle":"Update build.gradle to build JAR files","messageBody":"","tags":["A-Jar"],"fileTypesAndContributionMap":{"gradle":{"insertions":4,"deletions":2}}},{"hash":"1fd830746fee889556aaf4563d01c1677ab376e7","isMergeCommit":true,"messageTitle":"Merge branch \u0027branch-Jar\u0027","messageBody":"","fileTypesAndContributionMap":{}}]}]},"authorFileTypeContributionMap":{"Nicholaskoh1":{"java":1506,"md":0,"fxml":0,"sh":0,"bat":3,"gradle":4,"txt":53}},"authorContributionVariance":{"Nicholaskoh1":142886.28},"authorDisplayNameMap":{"Nicholaskoh1":"CS2103T-F09-1 NICH.. LUN"}}
