{"authorDailyContributionsMap":{"thenosewizard":[{"date":"2024-08-19","commitResults":[{"hash":"9692babb54b4bb1b048da934172e2dd907ce13db","isMergeCommit":false,"messageTitle":"Added rename greet, exit","messageBody":"","tags":["Level-0"],"fileTypesAndContributionMap":{"java":{"insertions":6,"deletions":6}}},{"hash":"28425b40a945d847669cdf828d74ca3a81494750","isMergeCommit":false,"messageTitle":"Echo","messageBody":"","tags":["Level-1"],"fileTypesAndContributionMap":{"java":{"insertions":19,"deletions":1}}},{"hash":"67be05ebc7c3d73f5502b9559869867c51abd3f8","isMergeCommit":false,"messageTitle":"Add, list","messageBody":"","tags":["Level-2"],"fileTypesAndContributionMap":{"java":{"insertions":12,"deletions":5}}},{"hash":"de916181a59d99aaaff6df94680a7a311e7ce043","isMergeCommit":false,"messageTitle":"Mark as done","messageBody":"","tags":["Level-3"],"fileTypesAndContributionMap":{"java":{"insertions":52,"deletions":15}}}]},{"date":"2024-08-20","commitResults":[{"hash":"2abb4884fa402dbfc9c8d038c14599774467e0f2","isMergeCommit":false,"messageTitle":"Todo, event, deadlines","messageBody":"","tags":["Level-4"],"fileTypesAndContributionMap":{"java":{"insertions":114,"deletions":14}}},{"hash":"14e79267d2ee60781eb09f005cad79d1698ec5c2","isMergeCommit":false,"messageTitle":"Added testing","messageBody":"","tags":["A-TextUiTesting"],"fileTypesAndContributionMap":{"txt":{"insertions":7,"deletions":0},"sh":{"insertions":1,"deletions":1}}},{"hash":"79ab511125aa14c7bedd57ff781402ccf817d5bf","isMergeCommit":false,"messageTitle":"Added exceptions","messageBody":"","tags":["Level-5"],"fileTypesAndContributionMap":{"java":{"insertions":2,"deletions":0}}},{"hash":"c49b0bc9879eb37bd3a8740643b4bc7877d3672b","isMergeCommit":false,"messageTitle":"Added delete","messageBody":"","tags":["Level-6"],"fileTypesAndContributionMap":{"java":{"insertions":111,"deletions":39}}}]},{"date":"2024-08-26","commitResults":[{"hash":"555d966fe7cc4af5c7892dc7d4394d9293c9a0d4","isMergeCommit":false,"messageTitle":"Add new func to match tasks","messageBody":"","fileTypesAndContributionMap":{"java":{"insertions":15,"deletions":0}}},{"hash":"4055c3946d1a7391ecc5dab46648dc5ca2655c68","isMergeCommit":false,"messageTitle":"Update methods","messageBody":"","fileTypesAndContributionMap":{"java":{"insertions":87,"deletions":56}}}]},{"date":"2024-08-27","commitResults":[{"hash":"b420d3ccd6740e7b0117cc71d8a55ca86f676f47","isMergeCommit":false,"messageTitle":"Add Save feature","messageBody":"","tags":["Level-7"],"fileTypesAndContributionMap":{"txt":{"insertions":5,"deletions":0},"java":{"insertions":74,"deletions":2}}},{"hash":"873250641162576de2674413c560713361bb736e","isMergeCommit":false,"messageTitle":"Add function to parse date","messageBody":"","fileTypesAndContributionMap":{"java":{"insertions":12,"deletions":7}}},{"hash":"7fab91e0ff55582942d45cdf0e21b60bc060b508","isMergeCommit":false,"messageTitle":"Update deadline to take in LocalDateTime","messageBody":"","fileTypesAndContributionMap":{"txt":{"insertions":2,"deletions":1},"java":{"insertions":19,"deletions":11}}},{"hash":"95ad441ec576a74f169882924da7f9e214e78641","isMergeCommit":false,"messageTitle":"Add LocalDateTime to event","messageBody":"","tags":["Level-8"],"fileTypesAndContributionMap":{"txt":{"insertions":3,"deletions":2},"java":{"insertions":31,"deletions":13}}}]},{"date":"2024-08-28","commitResults":[{"hash":"2bf217356d670ab81d5123a5dbf5112f7af22926","isMergeCommit":false,"messageTitle":"Split logic into classes","messageBody":"","tags":["A-MoreOOP"],"fileTypesAndContributionMap":{"txt":{"insertions":1,"deletions":1},"java":{"insertions":455,"deletions":254}}},{"hash":"862d95a31fe232fca11bd9eab31080d0ed3b463c","isMergeCommit":false,"messageTitle":"Move classes to duke package","messageBody":"","tags":["A-Packages"],"fileTypesAndContributionMap":{"java":{"insertions":41,"deletions":3}}},{"hash":"7bb85abd14bf7d208fc500e44c716fa630499366","isMergeCommit":true,"messageTitle":"Merge branch \u0027add-gradle-support\u0027","messageBody":"","fileTypesAndContributionMap":{}},{"hash":"a6ae0c5396a0d096f366e3837bfaa5c484073553","isMergeCommit":false,"messageTitle":"Modify .gitignore","messageBody":"","tags":["A-Gradle"],"fileTypesAndContributionMap":{"txt":{"insertions":1,"deletions":0}}},{"hash":"6b3acdc93c2dc44bbe05faa11da977366e655286","isMergeCommit":false,"messageTitle":"Add tests for Parser and Storage","messageBody":"","tags":["A-JUnit"],"fileTypesAndContributionMap":{"java":{"insertions":100,"deletions":0}}}]},{"date":"2024-08-29","commitResults":[{"hash":"1fea2c0cc25e8d137ff4d364a61ec06790eae934","isMergeCommit":false,"messageTitle":"Fix bug for ParseIndex","messageBody":"","tags":["A-Jar"],"fileTypesAndContributionMap":{"java":{"insertions":18,"deletions":4}}},{"hash":"3bc7ce52456080aefb67f0b9f7bf7d7c99fddbb5","isMergeCommit":false,"messageTitle":"Add error msg","messageBody":"","fileTypesAndContributionMap":{"java":{"insertions":1,"deletions":0}}},{"hash":"f5b96d9d47924e083ecbc91f13dfc7718da952b3","isMergeCommit":false,"messageTitle":"Add javadoc to relevant classes","messageBody":"","tags":["A-JavaDoc"],"fileTypesAndContributionMap":{"java":{"insertions":87,"deletions":1}}},{"hash":"54f1cb56b723361545273f0bf98400039766fbeb","isMergeCommit":false,"messageTitle":"Refactor code to coding standard","messageBody":"","tags":["A-CodingStandard"],"fileTypesAndContributionMap":{"java":{"insertions":55,"deletions":41}}},{"hash":"a16c34a78248e618b55e395c3efdab30ff4f8fc3","isMergeCommit":false,"messageTitle":"Add findcommand","messageBody":"","tags":["Level-9"],"fileTypesAndContributionMap":{"java":{"insertions":53,"deletions":1}}}]},{"date":"2024-09-04","commitResults":[{"hash":"953d3f16886ee59053a3b774cf711978691b9c2f","isMergeCommit":false,"messageTitle":"Add UI","messageBody":"","tags":["Level-10"],"fileTypesAndContributionMap":{"gradle":{"insertions":14,"deletions":0},"fxml":{"insertions":66,"deletions":0},"java":{"insertions":175,"deletions":32}}}]},{"date":"2024-09-05","commitResults":[{"hash":"0b954a54d7e468b56679d4341659c930db1e94c1","isMergeCommit":false,"messageTitle":"Update readme","messageBody":"","fileTypesAndContributionMap":{"md":{"insertions":26,"deletions":20}}}]},{"date":"2024-09-12","commitResults":[{"hash":"a3f6fc3234b8bcde14e6e84ec71f87d36b49d80c","isMergeCommit":false,"messageTitle":"Add assert to markcommand","messageBody":"","tags":["A-Assertions"],"fileTypesAndContributionMap":{"java":{"insertions":1,"deletions":0}}},{"hash":"65e653e6d6b7edf9af025886f0fd3d6276ff4ace","isMergeCommit":true,"messageTitle":"Merge pull request #1 from thenosewizard/branch-A-Assertions","messageBody":"Add assert to markcommand","fileTypesAndContributionMap":{}},{"hash":"a9abe0397184535299596b5f7da9e44b1a0610a5","isMergeCommit":false,"messageTitle":"Modify code for code quality","messageBody":"","tags":["A-CodeQuality"],"fileTypesAndContributionMap":{"java":{"insertions":7,"deletions":17}}},{"hash":"75c948ea3c9250b0b8454648662fc55c5ec8fa31","isMergeCommit":true,"messageTitle":"Merge pull request #2 from thenosewizard/branch-A-CodeQuality","messageBody":"Modify code for code quality","fileTypesAndContributionMap":{}}]}]},"authorFileTypeContributionMap":{"thenosewizard":{"java":1033,"md":25,"fxml":66,"sh":1,"bat":0,"gradle":14,"txt":15}},"authorContributionVariance":{"thenosewizard":30893.5},"authorDisplayNameMap":{"thenosewizard":"CS2103-F10-1 ABIC..ARAN"}}
