{"authorDailyContributionsMap":{"marraknas":[{"date":"2024-08-22","commitResults":[{"hash":"660cd497f4ffb0e926b58bcc735754168c09ea65","isMergeCommit":false,"messageTitle":"Rename, Greet, Exit","messageBody":"","tags":["Level-0"],"fileTypesAndContributionMap":{"java":{"insertions":11,"deletions":10}}},{"hash":"84eed37aef668ab740a22f2d5b4dc5828706f679","isMergeCommit":false,"messageTitle":"added Echo","messageBody":"","tags":["Level-1"],"fileTypesAndContributionMap":{"java":{"insertions":14,"deletions":2}}},{"hash":"039c0e0ae85c234ff227359de65d1fc96dc85620","isMergeCommit":false,"messageTitle":"Added list feature","messageBody":"","tags":["Level-2"],"fileTypesAndContributionMap":{"java":{"insertions":28,"deletions":6}}},{"hash":"1aae3a63a0b82a8fa6a173e40caaa5c1cdb5f42a","isMergeCommit":false,"messageTitle":"added checkbox feature","messageBody":"","tags":["Level-3"],"fileTypesAndContributionMap":{"java":{"insertions":37,"deletions":8}}},{"hash":"4e5fd909fa8b4597016525829f34d8de0b61662f","isMergeCommit":false,"messageTitle":"added ToDos, Events, Deadlines","messageBody":"","tags":["Level-4"],"fileTypesAndContributionMap":{"java":{"insertions":77,"deletions":19}}},{"hash":"410721b637260b69b06d29125ea2d00a22514161","isMergeCommit":false,"messageTitle":"automated text ui testing","messageBody":"","tags":["A-TextUiTesting"],"fileTypesAndContributionMap":{"txt":{"insertions":6,"deletions":0},"sh":{"insertions":1,"deletions":1}}}]},{"date":"2024-08-23","commitResults":[{"hash":"d7e11b9be0b0c53ceedd34ea1f9450297c0ff1b9","isMergeCommit":false,"messageTitle":"handled 2 errors","messageBody":"","tags":["Level-5"],"fileTypesAndContributionMap":{"java":{"insertions":16,"deletions":7}}},{"hash":"e1914b0272f01313d3b0966cefa4c70dcef52aaa","isMergeCommit":false,"messageTitle":"added deleting feature","messageBody":"","tags":["Level-6"],"fileTypesAndContributionMap":{"java":{"insertions":12,"deletions":0}}}]},{"date":"2024-08-29","commitResults":[{"hash":"c2dd080d959893305925d92ddf0c588fee1304e8","isMergeCommit":false,"messageTitle":"added more oop","messageBody":"","fileTypesAndContributionMap":{"java":{"insertions":51,"deletions":54}}},{"hash":"4e77eb7e7a3a2a95d806ae11bcd43832e62ff6dd","isMergeCommit":false,"messageTitle":"added save feature","messageBody":"","tags":["Level-7"],"fileTypesAndContributionMap":{"txt":{"insertions":2,"deletions":0},"java":{"insertions":70,"deletions":4}}}]},{"date":"2024-09-04","commitResults":[{"hash":"c2cbfea3e3b7f54f62adc75cb7e312de9d4ca44d","isMergeCommit":false,"messageTitle":"added LocalDateTime parsing","messageBody":"","tags":["Level-8"],"fileTypesAndContributionMap":{"txt":{"insertions":1,"deletions":2},"java":{"insertions":201,"deletions":107}}}]},{"date":"2024-09-05","commitResults":[{"hash":"c4e7e99a01a515abee58aa6fa6f1dfe0b140bad7","isMergeCommit":false,"messageTitle":"Added classes to refactor code","messageBody":"","tags":["A-MoreOOP"],"fileTypesAndContributionMap":{"txt":{"insertions":1,"deletions":1},"java":{"insertions":105,"deletions":86}}},{"hash":"b660fb6bbc51f48da8ca17105f58f7a000dcd929","isMergeCommit":false,"messageTitle":"added packages","messageBody":"","tags":["A-Packages"],"fileTypesAndContributionMap":{"java":{"insertions":10,"deletions":1}}},{"hash":"bfde8701fe8423b0801d817632eeb597ae5d1393","isMergeCommit":true,"messageTitle":"Merge commit \u002781a9c537afe8492675eb253968939364d65db091\u0027","messageBody":"","tags":["A-Gradle"],"fileTypesAndContributionMap":{}},{"hash":"463492e5ea1b79c0e13b4eef23ed24af366d98bd","isMergeCommit":false,"messageTitle":"added JUnit tests","messageBody":"","tags":["A-JUnit"],"fileTypesAndContributionMap":{"java":{"insertions":21,"deletions":0}}},{"hash":"18ac1ca96bf4acfd9e4d067b00414718c76b2b56","isMergeCommit":false,"messageTitle":"packaged into a jar file","messageBody":"","tags":["A-Jar"],"fileTypesAndContributionMap":{"gradle":{"insertions":2,"deletions":3}}},{"hash":"9ead60a40f410d4e2963f15bdcb9880c4f6fd53e","isMergeCommit":false,"messageTitle":"added Javadocs to most of the methods and classes","messageBody":"","tags":["A-JavaDoc"],"fileTypesAndContributionMap":{"java":{"insertions":176,"deletions":0}}},{"hash":"0544f48d0efe68f54c4a05e2f817131e8517e1e3","isMergeCommit":false,"messageTitle":"followed coding standards","messageBody":"","tags":["A-CodingStandard"],"fileTypesAndContributionMap":{"java":{"insertions":2,"deletions":0}}},{"hash":"2591968b480290ff6ee1eb0821b50a69f6e2e396","isMergeCommit":false,"messageTitle":"added the find feature","messageBody":"","tags":["Level-9"],"fileTypesAndContributionMap":{"txt":{"insertions":2,"deletions":0},"java":{"insertions":24,"deletions":0}}},{"hash":"b40e5e87b1ae4cace4fabd9df30adf5646871bc4","isMergeCommit":true,"messageTitle":"Merge tag \u0027A-CodingStandard\u0027","messageBody":"","fileTypesAndContributionMap":{}},{"hash":"8c1ad3882c07efb7694ea1aeb734644281f29464","isMergeCommit":true,"messageTitle":"Merge branch \u0027branch-Level-9\u0027","messageBody":"","fileTypesAndContributionMap":{}},{"hash":"e90023fc27b73f3ac05d7b9b7da3321d5932e073","isMergeCommit":false,"messageTitle":"revised coding style violations","messageBody":"","tags":["A-CheckStyle"],"fileTypesAndContributionMap":{"gradle":{"insertions":5,"deletions":0},"java":{"insertions":55,"deletions":22}}}]},{"date":"2024-09-11","commitResults":[{"hash":"c5462ddea4d55ac799bada88942f049a949767dd","isMergeCommit":false,"messageTitle":"Changed build.gradle","messageBody":"","fileTypesAndContributionMap":{"gradle":{"insertions":2,"deletions":2},"txt":{"insertions":1,"deletions":3}}},{"hash":"b95395defbc69099c6ae2b3d1a8dc58c723cf91f","isMergeCommit":false,"messageTitle":"Added Main.java","messageBody":"","fileTypesAndContributionMap":{"gradle":{"insertions":14,"deletions":0},"java":{"insertions":33,"deletions":0}}},{"hash":"a72ae8c420d194f7d8dde48dfe21078da993b2e3","isMergeCommit":false,"messageTitle":"Added MainWindow.java","messageBody":"","fileTypesAndContributionMap":{"java":{"insertions":55,"deletions":2}}},{"hash":"e6074abf408fe400f0b254f8ec2cc794037b1f67","isMergeCommit":false,"messageTitle":"Added Launcher and DialogBox","messageBody":"","fileTypesAndContributionMap":{"java":{"insertions":74,"deletions":0}}},{"hash":"2840b625c65458ffde0abc326e1708e8d74a294c","isMergeCommit":false,"messageTitle":"Added resources for JavaFX","messageBody":"","fileTypesAndContributionMap":{"fxml":{"insertions":41,"deletions":0}}},{"hash":"867a0b14516f6615e1aa2df6725b97c4dc2bee40","isMergeCommit":false,"messageTitle":"Refactored R2D2.java","messageBody":"","fileTypesAndContributionMap":{"java":{"insertions":16,"deletions":33}}},{"hash":"28b7f25ab813ee864d6817f4e0d7c9f3c7992de6","isMergeCommit":false,"messageTitle":"Refactored InputHandler.java","messageBody":"","fileTypesAndContributionMap":{"java":{"insertions":32,"deletions":55}}},{"hash":"8b50f411a519f202652bc50b3c5444a04e657220","isMergeCommit":false,"messageTitle":"Added GUI to R2D2","messageBody":"","fileTypesAndContributionMap":{"gradle":{"insertions":1,"deletions":1},"txt":{"insertions":2,"deletions":1},"java":{"insertions":2,"deletions":2}}}]},{"date":"2024-09-12","commitResults":[{"hash":"5ce9f79e88683906097f2b735156372729c5d379","isMergeCommit":false,"messageTitle":"Add GUI in branch","messageBody":"","tags":["Level-10"],"fileTypesAndContributionMap":{"txt":{"insertions":1,"deletions":2}}}]},{"date":"2024-09-13","commitResults":[{"hash":"eb31ea7ce719d50c2b46f62808492ab4a98c6f31","isMergeCommit":false,"messageTitle":"Add assert statements","messageBody":"There are several places where assertions are important in the code to\nensure that the code does not face any runtime errors.\n\nThe assertions added currently makes sure that the task description\nprovided by the user is not empty or if it is null.\n","fileTypesAndContributionMap":{"java":{"insertions":3,"deletions":0}}},{"hash":"8208c17c5a57a696746e666c6d7b36dcc211c355","isMergeCommit":false,"messageTitle":"Refactor code to improve code quality","messageBody":"Most of the code for Storage.java has a lot of arrowhead style code and\nnesting.\n\nThe method loadTasks() is also really long leading to a lot of LoC.\n\nBy extracting out the behaviour of a few lines of code in loadTasks(),\nwe can reduce the margin for error and helps debugging the code easier\nas well.\n\nLet\u0027s extract out a few behaviours in loadTasks() to other methods to\nmake this easier to read.\n","fileTypesAndContributionMap":{"java":{"insertions":96,"deletions":42}}},{"hash":"bdc1f58553b00892490e0aae511396b8d4f86003","isMergeCommit":true,"messageTitle":"Merge pull request #1 from marraknas/branch-A-Assertions","messageBody":"Add assert statements\r\n\r\nThere are several places where assertions are important in the code to ensure that the code does not face any runtime errors.\r\n\r\nThe assertions added currently makes sure that the task description provided by the user is not empty or if it is null.","tags":["A-Assertions"],"fileTypesAndContributionMap":{}},{"hash":"8b16b1b41d5e68d022e4df9ef36f642b3dc71f32","isMergeCommit":true,"messageTitle":"Merge branch \u0027master\u0027 into branch-A-CodeQuality","messageBody":"","fileTypesAndContributionMap":{}},{"hash":"059b39cfec92790bca7451180dafd537ca3c36d9","isMergeCommit":true,"messageTitle":"Merge pull request #2 from marraknas/branch-A-CodeQuality","messageBody":"Refactor code to improve code quality\r\n\r\nMost of the code for Storage.java has a lot of arrowhead style code and nesting.\r\n\r\nThe method loadTasks() is also really long leading to a lot of LoC.\r\n\r\nBy extracting out the behaviour of a few lines of code in loadTasks(), we can reduce the margin for error and helps debugging the code easier as well.\r\n\r\nLet\u0027s extract out a few behaviours in loadTasks() to other methods to make this easier to read.","tags":["A-CodeQuality"],"fileTypesAndContributionMap":{}}]},{"date":"2024-09-17","commitResults":[{"hash":"675597f8fb1c1223642bb3e0445720c62e069735","isMergeCommit":false,"messageTitle":"Add C-Help extension","messageBody":"Some users might have a hard time knowing what are the commands\navailable to use in the chatbot.\n\nHaving a help command to display a help page can assist users to know\nwhat commands they can ask the chatbot to do.\n\nLet\u0027s\n* update the InputHandler to be able to handle \"help\" command when typed\n* add a helpHandle() method to be able to display the list of commands\navailable in the chatbot.\n","tags":["BCD-Extension"],"fileTypesAndContributionMap":{"txt":{"insertions":0,"deletions":1},"java":{"insertions":19,"deletions":0}}},{"hash":"3f34e58b8a2771a9d0ea6d9c2c69b7f47a1b905f","isMergeCommit":false,"messageTitle":"Add more packages","messageBody":"It is hard to look through each file and see what it is for.\n\nSorting each class into its respective package can help to manage access\neasier and makes searching/usage of classes much more easier.\n\nLet\u0027s,\n* package ui related files into one package\n* package task related files into one package\n* package all command related files into one package\n","tags":["A-FullCommitMessage"],"fileTypesAndContributionMap":{"gradle":{"insertions":1,"deletions":1},"txt":{"insertions":1,"deletions":0},"fxml":{"insertions":1,"deletions":1},"java":{"insertions":37,"deletions":13}}},{"hash":"10874f6a7afb4ce0e701e9280d00db3a7d9dbb37","isMergeCommit":false,"messageTitle":"Add javadocs for the classes","messageBody":"No API documentation in HTML format from comments in the code.\n\nAdd javadocs help to keep track of the documentation of each method\nand different attributes, helping to create good API documentation\nlater.\n\nLet\u0027s,\n* add javadocs for most of the methods describing the method\n","fileTypesAndContributionMap":{"java":{"insertions":90,"deletions":6}}},{"hash":"7aa0afea6f39cc75cc4544e8d76be0e074ea5b65","isMergeCommit":false,"messageTitle":"Refactor code for InputHandler.java","messageBody":"Let\u0027s,\n* follow SLAP and keep code to 30 LoC\n","fileTypesAndContributionMap":{"txt":{"insertions":1,"deletions":1},"java":{"insertions":63,"deletions":31}}},{"hash":"6c5c4bf19cda8f3b0078b00f99239b05d32bc2f1","isMergeCommit":false,"messageTitle":"Fix coding standards","messageBody":"Checkstyle was not maintained and code had a lot of errors relating to\ncheckstyle problems.\n\nLet\u0027s,\n* fix some errors and clean up the code in general\n","fileTypesAndContributionMap":{"java":{"insertions":94,"deletions":72}}}]},{"date":"2024-09-18","commitResults":[{"hash":"0e8b788812e0d2c4fc0dafe63853b2ca8703186c","isMergeCommit":false,"messageTitle":"Add JUnit tests","messageBody":"Let\u0027s,\n* Test the methods more rigorously with more unit tests in place\n* extensively cover all classes and their methods\n","fileTypesAndContributionMap":{"txt":{"insertions":1,"deletions":1},"java":{"insertions":167,"deletions":2}}},{"hash":"7456abfcbc005469f56a3e5b9e1cb3608e5c8db2","isMergeCommit":false,"messageTitle":"Handle bugs","messageBody":"Let\u0027s,\n* parse the event command gracefully\n* squashed bugs related to event command\n","fileTypesAndContributionMap":{"txt":{"insertions":4,"deletions":1},"java":{"insertions":33,"deletions":5}}}]}]},"authorFileTypeContributionMap":{"marraknas":{"java":1143,"md":0,"fxml":41,"sh":1,"bat":0,"gradle":21,"txt":10}},"authorContributionVariance":{"marraknas":19524.113},"authorDisplayNameMap":{"marraknas":"CS2103T-F08-3 SANK..NIAN"}}
