{"authorDailyContributionsMap":{"celeschai":[{"date":"2024-08-20","commitResults":[{"hash":"e9fc2d06c084033df24481476fc23248e09c6f98","isMergeCommit":false,"messageTitle":"feat: Add chatbot","messageBody":"","tags":["Level-0"],"fileTypesAndContributionMap":{"java":{"insertions":16,"deletions":10}}},{"hash":"4cf89a1b7b85b72f8fe9b59cc2f5fe45ab546b21","isMergeCommit":false,"messageTitle":"feat: Respond to user input","messageBody":"","tags":["Level-1"],"fileTypesAndContributionMap":{"java":{"insertions":46,"deletions":16}}},{"hash":"cf8fe09bd1c69c1a4022de653b4683a9f28b7393","isMergeCommit":false,"messageTitle":"feat: Add task and print list","messageBody":"","tags":["Level-2","A-Packages"],"fileTypesAndContributionMap":{"java":{"insertions":95,"deletions":12}}}]},{"date":"2024-08-21","commitResults":[{"hash":"b245d88d87271e79bdb268851398901d065adc93","isMergeCommit":false,"messageTitle":"feat: Update task status","messageBody":"","tags":["Level-3","A-JavaDoc"],"fileTypesAndContributionMap":{"java":{"insertions":161,"deletions":44}}},{"hash":"dc4058b192ab410ff2580fd116d6b60b0174904e","isMergeCommit":false,"messageTitle":"feat: Add Todo, Deadline, Event","messageBody":"User can add todo (just task name),\ndeadline (name + due date),\nevent (name + start + end time).\n\nTodo, Deadline, and Event have common behaviours\nsuch as markAsDone() and markAsIncomplete().\n\nThe common behaviours cause code duplication.\n\nExtracting the common behaviour into a super class\nTask allows us to use polymorphism when manipulating\nthe tasks in a single todolist.\n\nLet\u0027s modify the parent class Task to be abstract\nso that it will not be instantiated.\n\nLet\u0027s extend the parent class task to implement\ndifferent types of task to utilise inheritance.\n\nUpdate to common behaviours will be done in a\nsingle place which is the parent class Task.\n","tags":["Level-4"],"fileTypesAndContributionMap":{"java":{"insertions":177,"deletions":45}}},{"hash":"e92b377f462b6d13d52d5c0ad3a65add282eb948","isMergeCommit":false,"messageTitle":"feat: Handle invalid input","messageBody":"Use exceptions to display error message for users.\n\nUse try-catch block places error handling logic in\na single code block to reduce reduplication of code.\n\nLet\u0027s pull up exception classes related to invalid\ntask inputs into a new parent class named TaskExceptions\nto standardise error message and instructions given to users.\n\nLet\u0027s pull up all exception classes uses in Bee\ninto a new parent class name BeeExceptions to\nmaintain consistency of wording by the chatbot.\n","fileTypesAndContributionMap":{"java":{"insertions":170,"deletions":105}}},{"hash":"a9264052f5ad8c68a462916739e36bee14dbf7fd","isMergeCommit":false,"messageTitle":"refactor: Handle invalid index using exception","messageBody":"","tags":["Level-5"],"fileTypesAndContributionMap":{"java":{"insertions":27,"deletions":11}}},{"hash":"b1998ecf99263c985f22337cf53ac2fd3f0549ef","isMergeCommit":false,"messageTitle":"feat: Delete task","messageBody":"","tags":["Level-6"],"fileTypesAndContributionMap":{"java":{"insertions":45,"deletions":10},"bat":{"insertions":0,"deletions":21}}},{"hash":"2979757869bebd903d0bb09a35e533c32a3c91c5","isMergeCommit":false,"messageTitle":"test: Semi-automate testing with I/O redirection","messageBody":"","tags":["A-TextUiTesting"],"fileTypesAndContributionMap":{"txt":{"insertions":16,"deletions":0},"java":{"insertions":2,"deletions":2},"sh":{"insertions":3,"deletions":3}}},{"hash":"720f19dc7ad0c5927cf33b012fe62283a8f90beb","isMergeCommit":false,"messageTitle":"fix: Handle invalid task indices that are not int feat: Provide user guid with \u0027help\u0027","messageBody":"","fileTypesAndContributionMap":{"txt":{"insertions":2,"deletions":0},"java":{"insertions":83,"deletions":44}}}]},{"date":"2024-08-28","commitResults":[{"hash":"2094cd2e2f0f6bad382a3d3ba9d1ba58891b3c42","isMergeCommit":false,"messageTitle":"refactor: Introduce more OOP with new classes","messageBody":"","tags":["A-MoreOOP"],"fileTypesAndContributionMap":{"txt":{"insertions":2,"deletions":2},"java":{"insertions":63,"deletions":59}}}]},{"date":"2024-08-29","commitResults":[{"hash":"cf08db96f9a94dd097e12f028666f9944f5752a9","isMergeCommit":false,"messageTitle":"feat: Add save to local drive capability\u0027","messageBody":"","fileTypesAndContributionMap":{"txt":{"insertions":28,"deletions":0},"java":{"insertions":320,"deletions":168}}},{"hash":"9d2aa398074d92b42afab8ac51c49e93b5523771","isMergeCommit":false,"messageTitle":"feat: Add save to local drive capabilities","messageBody":"","fileTypesAndContributionMap":{"java":{"insertions":3,"deletions":2}}},{"hash":"8a07b36f7799b8180002c9a546f9e35db198257e","isMergeCommit":false,"messageTitle":"feat: Represent date time in java objects","messageBody":"","fileTypesAndContributionMap":{"txt":{"insertions":2,"deletions":2},"java":{"insertions":100,"deletions":49}}},{"hash":"585ec465beb4fc85c8414e99ed9fecf40715ce0e","isMergeCommit":true,"messageTitle":"Merge branch \u0027add-gradle-support\u0027 Automate project builds using Gradle","messageBody":"","fileTypesAndContributionMap":{}}]},{"date":"2024-08-30","commitResults":[{"hash":"f21775b172401f23196a87f0517d7dc7a984d9f7","isMergeCommit":false,"messageTitle":"test: Test Parser class with Junit","messageBody":"","fileTypesAndContributionMap":{"txt":{"insertions":3,"deletions":4},"java":{"insertions":174,"deletions":4}}},{"hash":"d868186b12dcd841226f25b7339c6f6e280a59d7","isMergeCommit":false,"messageTitle":"feat: Find tasks by name","messageBody":"","fileTypesAndContributionMap":{"txt":{"insertions":22,"deletions":28},"sh":{"insertions":3,"deletions":0}}},{"hash":"5537cb38a4a20e25a55822b687a7ef1a1ab5349c","isMergeCommit":true,"messageTitle":"Merge branch \u0027branch-Level-9\u0027","messageBody":"","fileTypesAndContributionMap":{}},{"hash":"7b3042db152d168b682a0c3b9b8715d880a3922c","isMergeCommit":false,"messageTitle":"docs: Handle text file for date time testing","messageBody":"","fileTypesAndContributionMap":{"java":{"insertions":6,"deletions":1}}},{"hash":"0287f1bb7e2514fdc29314165e01fe76081ec48d","isMergeCommit":true,"messageTitle":"Merge branch \u0027branch-Level-8\u0027","messageBody":"","fileTypesAndContributionMap":{}}]}]},"authorFileTypeContributionMap":{"celeschai":{"java":916,"md":0,"fxml":0,"sh":6,"bat":0,"gradle":0,"txt":39}},"authorContributionVariance":{"celeschai":79009.42},"authorDisplayNameMap":{"celeschai":"CS2103T-W13-2 CHAI..XUAN"}}
