{"authorDailyContributionsMap":{"dominic2412":[{"date":"2024-08-20","commitResults":[{"hash":"04641c7de3c014f403e6f2cabb78cc7932ad76e8","isMergeCommit":false,"messageTitle":"Level-0","messageBody":"","tags":["Level-0"],"fileTypesAndContributionMap":{"java":{"insertions":7,"deletions":0}}},{"hash":"a375b283c74e1942f8389c9c6bc887c61174fa8c","isMergeCommit":false,"messageTitle":"Level-1","messageBody":"","tags":["Level-1"],"fileTypesAndContributionMap":{"java":{"insertions":24,"deletions":1}}},{"hash":"162f52ab89a32e288946495ef6c8e71b9dda4971","isMergeCommit":false,"messageTitle":"Level-2","messageBody":"","tags":["Level-2"],"fileTypesAndContributionMap":{"java":{"insertions":12,"deletions":1}}},{"hash":"2d4ea6c44c953f4a6e6a87e425a96b31d4f970ec","isMergeCommit":false,"messageTitle":"Level-4","messageBody":"","tags":["Level-4"],"fileTypesAndContributionMap":{"java":{"insertions":128,"deletions":20}}},{"hash":"6f6821b58d9adb1acabde63f45d5c1a5098f1f64","isMergeCommit":false,"messageTitle":"A-TextUiTesting","messageBody":"","tags":["A-TextUiTesting"],"fileTypesAndContributionMap":{"txt":{"insertions":7,"deletions":0},"sh":{"insertions":1,"deletions":1}}},{"hash":"3e9d8af3b8f2dcd7c2c64777cfe1b9e80df5edcc","isMergeCommit":false,"messageTitle":"Level-5","messageBody":"","tags":["Level-5"],"fileTypesAndContributionMap":{"java":{"insertions":78,"deletions":53}}},{"hash":"a47114043073c7428fda6d51700bf6faa28240d1","isMergeCommit":false,"messageTitle":"Level-3","messageBody":"","tags":["Level-3"],"fileTypesAndContributionMap":{"java":{"insertions":49,"deletions":26}}}]},{"date":"2024-08-21","commitResults":[{"hash":"e0515c79e9bc88ed810c8208add192ed1070c263","isMergeCommit":false,"messageTitle":"Level-6","messageBody":"","tags":["Level-6"],"fileTypesAndContributionMap":{"txt":{"insertions":5,"deletions":3},"java":{"insertions":1,"deletions":1}}}]},{"date":"2024-08-27","commitResults":[{"hash":"f79c8a7e72cf4e6c7f35d8558c52b4bcf40c5904","isMergeCommit":false,"messageTitle":"attempt to Enum","messageBody":"","fileTypesAndContributionMap":{"java":{"insertions":14,"deletions":6},"sh":{"insertions":3,"deletions":7}}}]},{"date":"2024-08-28","commitResults":[{"hash":"afb9353f89596401456c521143ba6372f4f9b499","isMergeCommit":false,"messageTitle":"branch-Level-7","messageBody":"","tags":["Level-7"],"fileTypesAndContributionMap":{"txt":{"insertions":2,"deletions":0},"java":{"insertions":95,"deletions":16}}},{"hash":"0995621391a4487ed41e8914ca619d9b137dee12","isMergeCommit":false,"messageTitle":"branch-Level-8","messageBody":"","tags":["Level-8"],"fileTypesAndContributionMap":{"java":{"insertions":29,"deletions":13}}},{"hash":"13daa0161ba29e176f2c018900fde9494cc0e3f6","isMergeCommit":false,"messageTitle":"no message","messageBody":"","fileTypesAndContributionMap":{"java":{"insertions":8,"deletions":8}}},{"hash":"9bcb1dda87508c65edafdf800ca9363d93a3d0ce","isMergeCommit":false,"messageTitle":"A-MoreOOP","messageBody":"","tags":["A-MoreOOP"],"fileTypesAndContributionMap":{"txt":{"insertions":0,"deletions":2},"java":{"insertions":303,"deletions":190}}},{"hash":"bc1659aaa4b3f28203e5d5a4c7e7a2d29cfc8533","isMergeCommit":false,"messageTitle":"A-Packages","messageBody":"","tags":["A-Packages"],"fileTypesAndContributionMap":{"java":{"insertions":85,"deletions":15}}},{"hash":"895ec657904692ff7ea27e4c89360c3999fc8f9a","isMergeCommit":true,"messageTitle":"A-Gradle","messageBody":"","tags":["A-Gradle"],"fileTypesAndContributionMap":{}},{"hash":"50e59fd4107eb012ba32527f7015df499e3de287","isMergeCommit":false,"messageTitle":"A-JUnit","messageBody":"","tags":["A-Jar","A-JUnit"],"fileTypesAndContributionMap":{"gradle":{"insertions":2,"deletions":2},"java":{"insertions":43,"deletions":1}}}]},{"date":"2024-08-29","commitResults":[{"hash":"b3aa5d8f905f8521a774adf74bf2d6dba62348eb","isMergeCommit":false,"messageTitle":"Add find feature","messageBody":"","tags":["Level-9"],"fileTypesAndContributionMap":{"java":{"insertions":57,"deletions":0}}},{"hash":"d902f8e1122c8b8ad447ebefd786742bab8b4b81","isMergeCommit":false,"messageTitle":"Complete Java Doc","messageBody":"","tags":["A-JavaDoc"],"fileTypesAndContributionMap":{"java":{"insertions":213,"deletions":13}}},{"hash":"1106fa14452e1f17d6b8353cf390c680d8467500","isMergeCommit":false,"messageTitle":"Check for coding standard","messageBody":"","tags":["A-FullCommitMessage","A-CodingStandard"],"fileTypesAndContributionMap":{"txt":{"insertions":4,"deletions":0}}}]},{"date":"2024-09-03","commitResults":[{"hash":"942294d6fef28ec5589619e02dbfe7f14705e014","isMergeCommit":false,"messageTitle":"complete: fix Check style issues and ensure code compliance","messageBody":"","tags":["A-CheckStyle"],"fileTypesAndContributionMap":{"gradle":{"insertions":2,"deletions":0},"java":{"insertions":307,"deletions":98}}}]},{"date":"2024-09-04","commitResults":[{"hash":"c711fb0d161df12603cc12fc548c49020611f496","isMergeCommit":false,"messageTitle":"New Feature: GUI","messageBody":"","tags":["Level-10"],"fileTypesAndContributionMap":{"gradle":{"insertions":24,"deletions":3},"fxml":{"insertions":66,"deletions":0},"java":{"insertions":165,"deletions":0}}}]},{"date":"2024-09-11","commitResults":[{"hash":"7d9fb48cf6d8dfa57f8c72881798a7cbe49a036e","isMergeCommit":false,"messageTitle":"Add: Assertion features","messageBody":"This ensures that invalid\nstates are caught early during development, reducing the likelihood of\nbugs in production.\n\nAssertions are added in the following places:\n-Before adding a task to ensure the task object is not null\n- When marking a task as completed to ensure the task exists in the list\n- During deletion to verify the task index is within the valid range\n\nThese assertions make the code more robust by validating that critical\nassumptions hold at runtime, improving code reliability.\n","tags":["branch-A-Assertions"],"fileTypesAndContributionMap":{"java":{"insertions":6,"deletions":1}}},{"hash":"00f511c9e36244f7cbe18801382d24a272ea457d","isMergeCommit":true,"messageTitle":"Merge pull request #1 from dominic2412/branch-A-Assertions","messageBody":"Add: Assertion features","fileTypesAndContributionMap":{}},{"hash":"664ceaf91436929c062070927c6d1b8ca7038407","isMergeCommit":false,"messageTitle":"Apply Checkstyle fixes to all classes","messageBody":"Correct all Checkstyle violations across the project to ensure the code\nfollows the agreed style guidelines. These changes improve code readability\nand maintain consistency throughout the codebase.\n\nKey changes include:\n- Reformatted code to adhere to line length limits\n- Fixed missing Javadoc comments\n- Adjusted spacing and indentation\n- Resolved naming convention issues\n\nThese improvements help maintain clean, readable code and reduce potential\nstyle-related errors during future development.\n","tags":["branch-A-CodeQuality","A-CodeQuality"],"fileTypesAndContributionMap":{"java":{"insertions":2,"deletions":3}}},{"hash":"b3cce07d95d4c0b41fce78cb593345f870e51686","isMergeCommit":true,"messageTitle":"Merge pull request #2 from dominic2412/A-CodingStandard","messageBody":"Check for coding standard","fileTypesAndContributionMap":{}},{"hash":"cac0fbcb3bdad460b16adbf6cdd10b803b9688c5","isMergeCommit":false,"messageTitle":"Add duplicate detection feature I ntroduce functionality to detect and prevent duplicate tasks when users attempt to add the same task multiple times.","messageBody":"Previously, the system allowed duplicate tasks, which could lead\nto redundancy and confusion for the user. This change enhances\nthe user experience by checking for duplicate task descriptions\nbefore adding a new task to the task list.\n\nChanges made:\n- Added a `isDuplicate()` method in TaskList to check if a task\n  with the same description already exists.\n- Modified `AddCommand` to prevent adding duplicate tasks and\n  provide feedback to the user if a duplicate is detected.\n- Updated `Ui` class to display a message when a duplicate task\n  is detected.\n","tags":["branch-Level-9","branch-Level-10","BCD-Extension"],"fileTypesAndContributionMap":{"java":{"insertions":27,"deletions":7}}}]},{"date":"2024-09-18","commitResults":[{"hash":"8ab8ffb9a13d9c5ff9f7605e8c40b9df97482c51","isMergeCommit":true,"messageTitle":"Merge branch \u0027branch-A-CodeQuality\u0027","messageBody":"* branch-A-CodeQuality:\n  Apply Checkstyle fixes to all classes\n","fileTypesAndContributionMap":{}},{"hash":"c359c2cab1befd5434fbeedd2cbef228954f9276","isMergeCommit":false,"messageTitle":"Skywalker: Add unique personality and improve error handling","messageBody":"A-BetterGui:\n- Updated the window panel to display the chatbot\u0027s name \"Skywalker.\"\n- Tweaked the chatbot\u0027s personality by customising its name and phrases.\n- Enhanced the GUI with colours, icons, and a funny profile picture to represent Skywalker.\n\nA-MoreErrorHandling:\n- Improved error handling by adding customised exceptions for various anticipated errors.\n- Ensured robustness when handling invalid user commands or system errors.\n\nMoreTesting:\n- Added more test cases to ensure thorough validation of commands and UI components.\n- Increased code coverage for edge cases in the chatbot\u0027s functionality.\n\nA-AiAssisted:\n- Utilised AI tools like GitHub Copilot and ChatGPT to identify potential code improvements.\n- Integrated Java Streams to make the code more efficient.\n","tags":["A-Personality","A-MoreTesting","A-MoreErrorHandling","A-BetterGui","A-AiAssisted"],"fileTypesAndContributionMap":{"gradle":{"insertions":1,"deletions":1},"txt":{"insertions":2,"deletions":0},"java":{"insertions":49,"deletions":27}}},{"hash":"88e396d7afbc9138c2eaa632be2e93f4a83458ef","isMergeCommit":false,"messageTitle":"Update README.md","messageBody":"","fileTypesAndContributionMap":{"md":{"insertions":48,"deletions":20}}},{"hash":"7645eb88756993db94aae2aefa3bffbd56c570e7","isMergeCommit":false,"messageTitle":"Update README.md","messageBody":"","fileTypesAndContributionMap":{"md":{"insertions":51,"deletions":29}}},{"hash":"e8a7f1c55cc9c7beae0a64c2ffd1ff52dbecee05","isMergeCommit":false,"messageTitle":"Update README to reflect Skywalker Chatbot enhancements","messageBody":"Update the README file to provide a more comprehensive overview of the\nSkywalker Chatbot and the latest improvements added in the recent updates.\n\nThe changes made to the README include:\n- Added detailed instructions on how to build and run the application.\n\nThis update helps new users better understand how to use the application.\n","tags":["Use-GFMD","A-UserGuide"],"fileTypesAndContributionMap":{"gradle":{"insertions":2,"deletions":0},"md":{"insertions":51,"deletions":29}}},{"hash":"cc2eb065dd3d624e984e8bd43e7e123a0e77a517","isMergeCommit":true,"messageTitle":"Merge branch \u0027master\u0027 of https://github.com/dominic2412/ip","messageBody":"* \u0027master\u0027 of https://github.com/dominic2412/ip:\n  Update README.md\n\n# Conflicts:\n#\tdocs/README.md\n","fileTypesAndContributionMap":{}}]},{"date":"2024-09-20","commitResults":[{"hash":"58d3fea9b092f2e938ca79f4cff92afcc1462fc1","isMergeCommit":false,"messageTitle":"Update README.md","messageBody":"","tags":["A-Release"],"fileTypesAndContributionMap":{"md":{"insertions":2,"deletions":0}}},{"hash":"30cb67edb3b28d8b438c3e81a4aa50cb42c6c447","isMergeCommit":false,"messageTitle":"Update README.md","messageBody":"","fileTypesAndContributionMap":{"md":{"insertions":3,"deletions":2}}},{"hash":"379e297601ae6a96535e00cca51ec57a45cb119d","isMergeCommit":false,"messageTitle":"Update README.md","messageBody":"","fileTypesAndContributionMap":{"md":{"insertions":4,"deletions":1}}},{"hash":"5549bf1538b1035bca3f397561629d8b2f41b92d","isMergeCommit":false,"messageTitle":"style: Fix code formatting issues and update Javadocs","messageBody":"- Fixed white space inconsistencies in the code.\n- Added missing Javadocs for methods and classes.\n- Improved the clarity and structure of existing Javadocs.\n- Reformatted code to follow coding standards.\n","tags":["JAR-released"],"fileTypesAndContributionMap":{"java":{"insertions":7,"deletions":2},"md":{"insertions":41,"deletions":17}}},{"hash":"b3bf696275cc7563fbcb8212ed7f6c708d0c8dd7","isMergeCommit":false,"messageTitle":"Update README.md","messageBody":"- Updated time format for event and deadline tasks to \"yyyy-MM-dd\u0027T\u0027HHmm\".\r\n- Ensured all main commands (todo, deadline, event, list, mark, unmark, delete) work as expected.\r\n- Completed testing for the latest version to verify functionality.","fileTypesAndContributionMap":{"md":{"insertions":1,"deletions":1}}}]},{"date":"2024-10-10","commitResults":[{"hash":"ee4ead4c6ad46e8ca966e37c7001d0abad41e24e","isMergeCommit":false,"messageTitle":"Update README.md","messageBody":"","fileTypesAndContributionMap":{"md":{"insertions":1,"deletions":2}}}]}]},"authorFileTypeContributionMap":{"dominic2412":{"java":1217,"md":94,"fxml":66,"sh":1,"bat":0,"gradle":29,"txt":15}},"authorContributionVariance":{"dominic2412":20065.14},"authorDisplayNameMap":{"dominic2412":"CS2103T-T09-2 LEI ..YUAN"}}
