{"authorDailyContributionsMap":{"shinichi04":[{"date":"2024-08-28","commitResults":[{"hash":"a6e29c6fc7ca5b95fe31221fc5fcfcce023abe22","isMergeCommit":false,"messageTitle":"add level 0","messageBody":"","fileTypesAndContributionMap":{"java":{"insertions":1,"deletions":6}}},{"hash":"4a39bb3b29c21ac30dfc0b7baa665617f83adff3","isMergeCommit":false,"messageTitle":"add exit message","messageBody":"","tags":["Level-0"],"fileTypesAndContributionMap":{"java":{"insertions":3,"deletions":1}}}]},{"date":"2024-08-29","commitResults":[{"hash":"0510eb39aea1f35eb7631b2e9aedce79e5e8354f","isMergeCommit":false,"messageTitle":"Add level 1","messageBody":"","tags":["Level-1"],"fileTypesAndContributionMap":{"java":{"insertions":11,"deletions":1}}},{"hash":"12f578797d9521b74ef17d0763942028d15bdd51","isMergeCommit":false,"messageTitle":"Add level 2","messageBody":"","tags":["Level-2"],"fileTypesAndContributionMap":{"java":{"insertions":5,"deletions":1}}}]},{"date":"2024-09-06","commitResults":[{"hash":"926604e21fa5f47fb3f5c35c083f2a248508d0c4","isMergeCommit":false,"messageTitle":"Add level 3","messageBody":"","tags":["level-3"],"fileTypesAndContributionMap":{"java":{"insertions":49,"deletions":4}}}]},{"date":"2024-09-16","commitResults":[{"hash":"8b42dc27866a779c9568d16045a034dde3ac53cf","isMergeCommit":false,"messageTitle":"Add level 4","messageBody":"","tags":["level-4"],"fileTypesAndContributionMap":{"java":{"insertions":70,"deletions":5}}},{"hash":"be0149ced5c0b0adf5078f1bd3ae31ef3e20e90b","isMergeCommit":false,"messageTitle":"Add A-TextUITesting","messageBody":"","tags":["A-TextUiTesting"],"fileTypesAndContributionMap":{"txt":{"insertions":6,"deletions":0},"java":{"insertions":5,"deletions":8},"bat":{"insertions":1,"deletions":1}}}]}]},"authorFileTypeContributionMap":{"shinichi04":{"java":125,"md":0,"fxml":0,"sh":0,"bat":1,"gradle":0,"txt":6}},"authorContributionVariance":{"shinichi04":358.7461},"authorDisplayNameMap":{"shinichi04":"CS2103T-T08-3 AXEL..ANTO"}}
