{"authorDailyContributionsMap":{"juancarlovieri":[{"date":"2024-08-20","commitResults":[{"hash":"e8224d2a93b36f8ce7b47f4d80556c13d51bdcf7","isMergeCommit":false,"messageTitle":"Rename bot to Ahmad.","messageBody":"","tags":["Level-0"],"fileTypesAndContributionMap":{"java":{"insertions":7,"deletions":10}}},{"hash":"540a769ea01350b8e1f7ca7f6a9fa9cb385965f3","isMergeCommit":false,"messageTitle":"Feature/week 2 (#1)","messageBody":"* Add IO formatter.\r\n\r\n* Add echo and bye processor.","tags":["Level-1"],"fileTypesAndContributionMap":{"java":{"insertions":107,"deletions":2}}},{"hash":"8e92207de07d149f384cd04454373538f3645299","isMergeCommit":false,"messageTitle":"Add text list support.","messageBody":"","tags":["Level-2"],"fileTypesAndContributionMap":{"java":{"insertions":43,"deletions":1}}},{"hash":"829241705d10a7aa0928a248fb1baadea2de05cb","isMergeCommit":false,"messageTitle":"Add task mark and unmark feature.","messageBody":"","tags":["Level-3"],"fileTypesAndContributionMap":{"java":{"insertions":137,"deletions":34}}},{"hash":"10fd605f3ec12f45067b78abba220803fb49cc31","isMergeCommit":false,"messageTitle":"Modified task to be abstract.","messageBody":"","fileTypesAndContributionMap":{"java":{"insertions":39,"deletions":11}}},{"hash":"ffea4066ff14d5d2e5505f07e884fa5ce0b5705d","isMergeCommit":false,"messageTitle":"Add deadlines.","messageBody":"","fileTypesAndContributionMap":{"java":{"insertions":75,"deletions":9}}},{"hash":"efbf2bd32b5dfc1a0507ca6aaccd6593eae59d90","isMergeCommit":false,"messageTitle":"Add Event class.","messageBody":"","fileTypesAndContributionMap":{"java":{"insertions":62,"deletions":3}}},{"hash":"c9e6b16ea2abcb9279d00bfcf7f4f05e1d1ca5e1","isMergeCommit":false,"messageTitle":"Add general function for task adder.","messageBody":"","fileTypesAndContributionMap":{"java":{"insertions":8,"deletions":6}}},{"hash":"79a3b97476a99d520425e0c3f2ab4e7803983c50","isMergeCommit":false,"messageTitle":"Add extra messages on task addition.","messageBody":"","tags":["Level-4"],"fileTypesAndContributionMap":{"java":{"insertions":5,"deletions":1}}},{"hash":"bcfd05e2451cc68b1812e5c433ab0d622fe84fd8","isMergeCommit":false,"messageTitle":"Modify test files.","messageBody":"","tags":["A-TextUiTesting"],"fileTypesAndContributionMap":{"txt":{"insertions":21,"deletions":0},"sh":{"insertions":2,"deletions":2}}},{"hash":"3ba505148c4bb8a27601ecd9fd58c5d70be7fc93","isMergeCommit":false,"messageTitle":"Add invalid command exceptions.","messageBody":"","fileTypesAndContributionMap":{"java":{"insertions":20,"deletions":8}}},{"hash":"a0602d69c7d687ac041457ae14d936ea59fcf390","isMergeCommit":false,"messageTitle":"Move in restricted commands.","messageBody":"","fileTypesAndContributionMap":{"java":{"insertions":4,"deletions":9}}}]},{"date":"2024-08-21","commitResults":[{"hash":"2fe179acac4e8ed4fda627e9e5cc5b02be55529a","isMergeCommit":false,"messageTitle":"Add custom functional interface and new exception.","messageBody":"","fileTypesAndContributionMap":{"java":{"insertions":25,"deletions":4}}},{"hash":"f0713d8cd43c3fde4f47d3a4225bc8812e5c9c97","isMergeCommit":false,"messageTitle":"Add new base exception class.","messageBody":"","fileTypesAndContributionMap":{"java":{"insertions":9,"deletions":2}}},{"hash":"dfe2651e7f1fa8da20818db572d100ed4541d72a","isMergeCommit":false,"messageTitle":"Rename exception classes.","messageBody":"","fileTypesAndContributionMap":{"java":{"insertions":21,"deletions":24}}},{"hash":"9e12d6e03aef71872aa802d42413341201dda339","isMergeCommit":false,"messageTitle":"Add mark exceptions.","messageBody":"","fileTypesAndContributionMap":{"java":{"insertions":23,"deletions":2}}},{"hash":"a28bec3ef5d5486ac8fb28672444c75dcd9c154b","isMergeCommit":false,"messageTitle":"Add all mark exceptions.","messageBody":"","fileTypesAndContributionMap":{"java":{"insertions":16,"deletions":6}}},{"hash":"e9791cbf6d62d980a6198c27a59a99be0c68bd87","isMergeCommit":false,"messageTitle":"Add unmark exceptions.","messageBody":"","fileTypesAndContributionMap":{"java":{"insertions":35,"deletions":3}}},{"hash":"2e3c5a95705bfd31c29ce41af46c26cadd99aa16","isMergeCommit":false,"messageTitle":"Add list exception.","messageBody":"","fileTypesAndContributionMap":{"java":{"insertions":14,"deletions":3}}},{"hash":"d4e48cdf76119fa2940e478c260a8ed86041727e","isMergeCommit":false,"messageTitle":"Add bye/exit exception.","messageBody":"","fileTypesAndContributionMap":{"java":{"insertions":12,"deletions":1}}},{"hash":"7585c3fdbe9416d6e38559c02b87ddd57b6e00fb","isMergeCommit":false,"messageTitle":"Add todo exceptions.","messageBody":"","fileTypesAndContributionMap":{"java":{"insertions":22,"deletions":11}}},{"hash":"0bb67b2aa88e07b7eeac34e45667a03d9c9b8690","isMergeCommit":false,"messageTitle":"Add deadline exceptions.","messageBody":"","fileTypesAndContributionMap":{"java":{"insertions":33,"deletions":4}}},{"hash":"8ed1f2ad1f9ea120d47a0db685b85a9bec6fa6af","isMergeCommit":false,"messageTitle":"Revise exception handling.","messageBody":"","fileTypesAndContributionMap":{"java":{"insertions":14,"deletions":6}}},{"hash":"20220f6ea95b34dafd0c366beec66142bb38f3cb","isMergeCommit":false,"messageTitle":"Add event exceptions.","messageBody":"","tags":["Level-5"],"fileTypesAndContributionMap":{"java":{"insertions":52,"deletions":7}}},{"hash":"ad43c2bd403442d6f8628af85c52825ac84f9a95","isMergeCommit":false,"messageTitle":"Add Delete task command.","messageBody":"","fileTypesAndContributionMap":{"java":{"insertions":24,"deletions":0}}},{"hash":"0c7dfaa9615cd5d73ea6de2e0ba30bee60fca7d5","isMergeCommit":false,"messageTitle":"Add delete exceptions.","messageBody":"","tags":["Level-6"],"fileTypesAndContributionMap":{"java":{"insertions":43,"deletions":5}}},{"hash":"360006bb0f814866a1f21b00419aaa337641bc3c","isMergeCommit":false,"messageTitle":"Add task type enum.","messageBody":"","tags":["A-Enums"],"fileTypesAndContributionMap":{"java":{"insertions":15,"deletions":8}}},{"hash":"a68bbd505ba7b0d11dd145d63800fd4c6bb25d0c","isMergeCommit":false,"messageTitle":"Update test.","messageBody":"","fileTypesAndContributionMap":{"txt":{"insertions":21,"deletions":0}}}]},{"date":"2024-08-23","commitResults":[{"hash":"e6814d13ab360096e07fa299c36e3c3f156ac05a","isMergeCommit":true,"messageTitle":"Merge pull request #2 from juancarlovieri/feature/week-2","messageBody":"Feature/week 2","fileTypesAndContributionMap":{}}]},{"date":"2024-08-27","commitResults":[{"hash":"d07167a995f4d947b48f17ad5338ce22811d1739","isMergeCommit":false,"messageTitle":"Add file reader and writer.","messageBody":"","fileTypesAndContributionMap":{"java":{"insertions":70,"deletions":5}}},{"hash":"577a62312d5ce7be63fb5dfb4c0f2cf797d5d635","isMergeCommit":false,"messageTitle":"Fix file writer and test case.","messageBody":"","fileTypesAndContributionMap":{"txt":{"insertions":18,"deletions":0},"java":{"insertions":7,"deletions":7},"sh":{"insertions":6,"deletions":0}}},{"hash":"ccf659db7851541748f43512ac3c62d655d756fc","isMergeCommit":true,"messageTitle":"Add Level-7 features","messageBody":"Main task was to add file reader and writer to preserve list contents after user exits.\n","tags":["Level-7"],"fileTypesAndContributionMap":{}},{"hash":"55f428c0dfcf0d1d595bdf9fd3a104a03261626a","isMergeCommit":false,"messageTitle":"Add deadline time parser.","messageBody":"","fileTypesAndContributionMap":{"txt":{"insertions":0,"deletions":4},"java":{"insertions":32,"deletions":8}}},{"hash":"6cba9cfe409ffdce4a86fa0b7cd5fb81b1125ede","isMergeCommit":false,"messageTitle":"Move time formatter to top class.","messageBody":"","fileTypesAndContributionMap":{"java":{"insertions":6,"deletions":1}}},{"hash":"ff4180b300e8df4cb4773d5d4c290077f56c7b8b","isMergeCommit":false,"messageTitle":"Add date parser on event.","messageBody":"","fileTypesAndContributionMap":{"java":{"insertions":37,"deletions":10}}},{"hash":"443d6139924b59c69c817df53d54f53564bbf219","isMergeCommit":false,"messageTitle":"Fix input file and task error logger.","messageBody":"","fileTypesAndContributionMap":{"txt":{"insertions":2,"deletions":14},"java":{"insertions":0,"deletions":1}}},{"hash":"d8c0441a671243c0df49c36a831e6888e7cf021c","isMergeCommit":true,"messageTitle":"Add Level-8 features","messageBody":"Main task was to add date parser and validator for tasks\n","tags":["Level-8"],"fileTypesAndContributionMap":{}}]},{"date":"2024-08-29","commitResults":[{"hash":"d7ce2782653b082ba1d2eb485623f402a4b8fd05","isMergeCommit":false,"messageTitle":"Refactor class names.","messageBody":"","fileTypesAndContributionMap":{"java":{"insertions":61,"deletions":55}}},{"hash":"4bfe5323ad88195dc4f540f742e2c187f7dccb45","isMergeCommit":true,"messageTitle":"Add A-MoreOOP features","messageBody":"Main task was to increase better abstraction and OOP in the code\n","tags":["A-MoreOOP"],"fileTypesAndContributionMap":{}},{"hash":"e5c47adec0abacdb80435eb5aaa864d89b3d6ff7","isMergeCommit":false,"messageTitle":"Refactor package names.","messageBody":"","fileTypesAndContributionMap":{"java":{"insertions":128,"deletions":121},"sh":{"insertions":2,"deletions":2}}},{"hash":"e5c31f8e6a392cd13feae185dab5f61a4f6c2e2b","isMergeCommit":true,"messageTitle":"Add A-Packages features","messageBody":"Main task was to improve package abstractions\n","tags":["A-Packages"],"fileTypesAndContributionMap":{}},{"hash":"53ff9d069e464320eed311e359a8a1f5ba75ed05","isMergeCommit":true,"messageTitle":"Add gradle support","messageBody":"","fileTypesAndContributionMap":{}}]},{"date":"2024-08-30","commitResults":[{"hash":"4e59ca78b348df7e975dd95305c12a76bd4e073d","isMergeCommit":false,"messageTitle":"Add gradle integration","messageBody":"","fileTypesAndContributionMap":{"gradle":{"insertions":7,"deletions":2}}},{"hash":"64073d5fcbbedc8582ee6771755c2aa7976c2187","isMergeCommit":true,"messageTitle":"Add A-Gradle features","messageBody":"Main task was to integrate gradle features\n","tags":["A-Gradle"],"fileTypesAndContributionMap":{}},{"hash":"30952c11e286e7abfac38884eb89ee8b8e8ca93e","isMergeCommit":false,"messageTitle":"Add test folder","messageBody":"","fileTypesAndContributionMap":{"java":{"insertions":13,"deletions":0}}}]},{"date":"2024-09-01","commitResults":[{"hash":"e6b2a0ce7434c45e9be48b2d47bd5817be123bf4","isMergeCommit":false,"messageTitle":"Add parser tester","messageBody":"","fileTypesAndContributionMap":{"java":{"insertions":85,"deletions":2}}},{"hash":"68e1c756a924b5192cef6334ed992029749607ed","isMergeCommit":false,"messageTitle":"Add mark test file","messageBody":"","fileTypesAndContributionMap":{"java":{"insertions":52,"deletions":0}}},{"hash":"51382417ce41e753f10a69c985a0ec17695a2585","isMergeCommit":true,"messageTitle":"Add A-JUnit features","messageBody":"Main task was to add JUnit tests\n","tags":["A-Jar","A-JUnit"],"fileTypesAndContributionMap":{}},{"hash":"474d635b61194131e6aa71fa5d682aa2843b8275","isMergeCommit":false,"messageTitle":"Add JavaDoc for processor, event, and list","messageBody":"","fileTypesAndContributionMap":{"java":{"insertions":37,"deletions":1}}},{"hash":"a8f700087e51a6e5862cc7463a58efc8f9cca51c","isMergeCommit":false,"messageTitle":"Add javadoc for processors","messageBody":"","fileTypesAndContributionMap":{"java":{"insertions":50,"deletions":1}}},{"hash":"218c3322469a00ef2a07c2a4794a50262b8c0292","isMergeCommit":false,"messageTitle":"Add JavaDoc for exceptions","messageBody":"","fileTypesAndContributionMap":{"java":{"insertions":29,"deletions":4}}},{"hash":"7ac8d176fee4956039a1821b661081019744ca5b","isMergeCommit":false,"messageTitle":"Add further javadocs","messageBody":"","fileTypesAndContributionMap":{"java":{"insertions":113,"deletions":7}}},{"hash":"cf749b5f488127c29566e934e98f583e56c96008","isMergeCommit":false,"messageTitle":"Add further JavaDoc comments","messageBody":"","fileTypesAndContributionMap":{"java":{"insertions":106,"deletions":0}}},{"hash":"de7a2aa8fef73ab2b4ea8a8c0f740cc6042759d1","isMergeCommit":false,"messageTitle":"Add remaining JavaDocs","messageBody":"","fileTypesAndContributionMap":{"java":{"insertions":135,"deletions":9}}},{"hash":"9f8683077cd60c0e0bd4ed72bd35b6070345c6bb","isMergeCommit":false,"messageTitle":"Fix styling issues","messageBody":"","fileTypesAndContributionMap":{"java":{"insertions":525,"deletions":508}}},{"hash":"8f575f00a3b3246472b4b4e7e04485667607efea","isMergeCommit":false,"messageTitle":"Add find feature","messageBody":"","fileTypesAndContributionMap":{"java":{"insertions":37,"deletions":5}}},{"hash":"e7463219628b5e1dd6f624a119c7dd63b82ed95e","isMergeCommit":false,"messageTitle":"Fix styling issues","messageBody":"","fileTypesAndContributionMap":{"java":{"insertions":837,"deletions":845}}},{"hash":"be5c21ce63f80635ffd390ec21a1a50f1a7a2a22","isMergeCommit":true,"messageTitle":"Add JavaDoc","messageBody":"","fileTypesAndContributionMap":{}},{"hash":"01d13d43b80886392af6e496ae4cda6cf7404745","isMergeCommit":true,"messageTitle":"Fix code to follow coding standard","messageBody":"","tags":["A-CodingStandard"],"fileTypesAndContributionMap":{}},{"hash":"ba72919a98b9f754f94160857138223260ff17dc","isMergeCommit":true,"messageTitle":"Add Level-9 features","messageBody":"Main task was to add find feature\n","tags":["Level-9"],"fileTypesAndContributionMap":{}},{"hash":"e8e53dfa1d73e292634c22a0fffc89ce517b4d53","isMergeCommit":false,"messageTitle":"Fix new file bug","messageBody":"","fileTypesAndContributionMap":{"java":{"insertions":3,"deletions":0}}}]}]},"authorFileTypeContributionMap":{"juancarlovieri":{"java":1488,"md":0,"fxml":0,"sh":9,"bat":0,"gradle":6,"txt":44}},"authorContributionVariance":{"juancarlovieri":633235.94},"authorDisplayNameMap":{"juancarlovieri":"CS2103T-T08-4 JUAN..IERI"}}
