{"authorDailyContributionsMap":{"xhamyo":[{"date":"2024-08-23","commitResults":[{"hash":"bc5b1feec1b2dca2d54c7890d3eccd75c4b71712","isMergeCommit":false,"messageTitle":"Implement Level 0","messageBody":"Changed the name of chatbot from Duke to Hamyo.\n\nImplemented skeletal version of chatbot that simply greets the user and exits.\n","tags":["Level-0"],"fileTypesAndContributionMap":{"java":{"insertions":22,"deletions":10}}},{"hash":"e46ce9030c1aa9d2aa26dca93e43863ba0add310","isMergeCommit":false,"messageTitle":"Implement Level 1","messageBody":"Chatbot echos commands entered by user, and exits when user types the command \"bye\".\n\nHAMYO logo changed to a minimalistic version.\n\nAdded functions to printLine() and printLogo() to improve readability.\n","tags":["Level-1"],"fileTypesAndContributionMap":{"java":{"insertions":46,"deletions":14}}},{"hash":"1c97a3c2200403525f2897509f7b6b2e23fcafaa","isMergeCommit":false,"messageTitle":"Implement Level 2","messageBody":"Gave chatbot the ability to store whatever text entered by user via \"add [item]\" command.\n\nGave chatbot the ability to display text back to the user when requested via \"list\" command.\n","tags":["Level-2"],"fileTypesAndContributionMap":{"java":{"insertions":23,"deletions":1}}}]},{"date":"2024-08-24","commitResults":[{"hash":"c4d8322f3778c1426a85cdb7b9dfab7e34871ea9","isMergeCommit":false,"messageTitle":"Implement Level 3","messageBody":"Gave chatbot the ability to mark tasks as done.\nGave chatbot the ability to change the task status back to not done.\n","tags":["Level-3"],"fileTypesAndContributionMap":{"java":{"insertions":52,"deletions":1}}},{"hash":"e1bf135d4702648dd86b44c81296150abf1eb32e","isMergeCommit":false,"messageTitle":"Add Task class","messageBody":"Task class to represent a task. Possible children include ToDos, Deadlines and Events.\n","fileTypesAndContributionMap":{"java":{"insertions":55,"deletions":31}}},{"hash":"864ac8ddf0f29aab6abadfbccb341f6b1ac45496","isMergeCommit":false,"messageTitle":"Implement Level 4","messageBody":"Added support for tracking ToDo (no time/ date attached), Deadline (done before specific date/ time), Events (occurs between two specific date/time).\n","tags":["Level-4"],"fileTypesAndContributionMap":{"java":{"insertions":70,"deletions":9}}},{"hash":"b62dce35d5dacf22211ab9ff07167c0f7e545da8","isMergeCommit":false,"messageTitle":"Implement A-TextUiTesting","messageBody":"Added Automated Text UI Testing for simple test cases (3 tasks types) and exceptions.\n","tags":["A-TextUiTesting"],"fileTypesAndContributionMap":{"txt":{"insertions":6,"deletions":0},"sh":{"insertions":1,"deletions":1}}},{"hash":"532a2ffc2b35f03fb808fc309b03ebbd36194b1d","isMergeCommit":false,"messageTitle":"Implement Level 5","messageBody":"Added HamyoException to represent exceptions specific to Hamyo.\n\nGave chatbot the ability to handle errors caused by incorrect user input such as missing, incomplete or invalid fields.\n\nAdded test cases for A-TextUiTesting.\n","tags":["Level-5"],"fileTypesAndContributionMap":{"txt":{"insertions":18,"deletions":1},"java":{"insertions":78,"deletions":67}}},{"hash":"bc565f8da7b5e7ac69085a78b5492cdef351be83","isMergeCommit":false,"messageTitle":"Implement Level 6","messageBody":"Gave chatbot the ability to delete tasks from the list.\n\nUsed collections ArrayList to store Tasks instead of normal Java Array.\n\nAdded test cases for delete.\n","tags":["Level-6"],"fileTypesAndContributionMap":{"txt":{"insertions":11,"deletions":1},"java":{"insertions":51,"deletions":20}}},{"hash":"f438273e37c554493b9487f43fcfa7e4f0c6ca67","isMergeCommit":false,"messageTitle":"Use Enums","messageBody":"Implement Enums (TODO, DEADLINE, EVENT) for message passing for task types during call to add task.\n","tags":["A-Enums"],"fileTypesAndContributionMap":{"txt":{"insertions":2,"deletions":1},"java":{"insertions":12,"deletions":7}}}]},{"date":"2024-08-27","commitResults":[{"hash":"cb18c6bc5d1154e1e5dacb4192a08f6830a84615","isMergeCommit":false,"messageTitle":"Implement Level 7","messageBody":"Gave chatbot the ability to save the tasks in the hard disk automatically whenever the task list changes.\n\nGave chatbot the ability to load the data from the hard disk when the chatbot starts up.\n\nAdded toFileFormat method for Tasks for easier file storage.\n\nAdded test cases for to test for loading and storing of data.\n","fileTypesAndContributionMap":{"txt":{"insertions":10,"deletions":0},"java":{"insertions":123,"deletions":33}}},{"hash":"b630597075721afbbf08cf274276724b08265a88","isMergeCommit":false,"messageTitle":"Update logic","messageBody":"Changed if-else statements to switch to limit magic numbers.\n","fileTypesAndContributionMap":{"java":{"insertions":28,"deletions":17}}},{"hash":"5f818ef2f107c012df9258df4998821abb8148a3","isMergeCommit":true,"messageTitle":"Merge branch \u0027branch-Level-7\u0027","messageBody":"# Conflicts:\n#\tsrc/main/java/Hamyo.java\n\nResolution: change if-else logic to switch, implement loadData() and saveData().\n","tags":["Level-7"],"fileTypesAndContributionMap":{}}]}]},"authorFileTypeContributionMap":{"xhamyo":{"java":360,"md":0,"fxml":0,"sh":1,"bat":0,"gradle":0,"txt":44}},"authorContributionVariance":{"xhamyo":20557.916},"authorDisplayNameMap":{"xhamyo":"CS2103T-T14-3 HAN ..N YU"}}
