{"authorDailyContributionsMap":{"Meowloid":[{"date":"2024-08-18","commitResults":[{"hash":"45a8e9fbdf015f302da922faba60530874b62785","isMergeCommit":false,"messageTitle":"Level-0 implemented here, don\u0027t forget to tag","messageBody":"","tags":["Level-0"],"fileTypesAndContributionMap":{"java":{"insertions":11,"deletions":10}}},{"hash":"4e7fa84990612354a253ce290e9f582761139720","isMergeCommit":false,"messageTitle":"personality change and level 1","messageBody":"","tags":["Level-1"],"fileTypesAndContributionMap":{"java":{"insertions":22,"deletions":4}}},{"hash":"ced375c3282ed3e8463aa4deb60cdf517470908d","isMergeCommit":false,"messageTitle":"level 2","messageBody":"","tags":["Level-2"],"fileTypesAndContributionMap":{"java":{"insertions":29,"deletions":6}}},{"hash":"dfe89805f52fcf6ed6d0dfed95ef09a81eafccaf","isMergeCommit":false,"messageTitle":"Level-3, as well as some changes to make it look more like the testcases on the website","messageBody":"","tags":["Level-3"],"fileTypesAndContributionMap":{"java":{"insertions":71,"deletions":6}}}]},{"date":"2024-08-19","commitResults":[{"hash":"d1a4247cff24e5ad7b85c77dbfb36acb54b48153","isMergeCommit":false,"messageTitle":"New classes added to reflect different types of tasks and to enable more types of classes to be added, as per requirement. Level 4","messageBody":"","tags":["Level-4","A-Inheritance"],"fileTypesAndContributionMap":{"java":{"insertions":112,"deletions":10}}},{"hash":"7114232308ae5113a8ebe6b8198fc8d0015b7abe","isMergeCommit":false,"messageTitle":"changes to enable A-TextUiTesting for this current level of Majima bot.","messageBody":"","tags":["A-TextUiTesting"],"fileTypesAndContributionMap":{"txt":{"insertions":7,"deletions":0},"java":{"insertions":9,"deletions":2},"bat":{"insertions":3,"deletions":1}}},{"hash":"9a745908a35b349c1d83d8e3de187642c3cc6ed5","isMergeCommit":false,"messageTitle":"MajimaDEPRECATED is old code before refactoring, as implementing exceptions with everything in main is a nightmare. Level-5 implemented.","messageBody":"","tags":["Level-5"],"fileTypesAndContributionMap":{"java":{"insertions":173,"deletions":125}}},{"hash":"540f250c4916fe1789ddb1ca6c3163b97e67872e","isMergeCommit":false,"messageTitle":"What a day. Time to eat dinner. Level-6","messageBody":"","tags":["Level-6"],"fileTypesAndContributionMap":{"java":{"insertions":47,"deletions":51}}},{"hash":"e0bf7aeebd373ac21d4a4beedc0f7a1e1df1faa1","isMergeCommit":false,"messageTitle":"enumerations added","messageBody":"","tags":["A-Enums"],"fileTypesAndContributionMap":{"java":{"insertions":37,"deletions":22}}}]},{"date":"2024-08-22","commitResults":[{"hash":"e8d1439dcb4cb79965a3210dc2476c528d7e4263","isMergeCommit":false,"messageTitle":"feature1 testing","messageBody":"","fileTypesAndContributionMap":{"java":{"insertions":3,"deletions":0}}},{"hash":"50ebe790545a1f756171ef4b9d7037e60e56527f","isMergeCommit":false,"messageTitle":"feature2 added","messageBody":"","fileTypesAndContributionMap":{"java":{"insertions":3,"deletions":0}}},{"hash":"1294bcb1b055b1725678e82690aa4dc31109e122","isMergeCommit":true,"messageTitle":"Merge branch \u0027master\u0027 into feature1","messageBody":"","fileTypesAndContributionMap":{}},{"hash":"403b00e7a77f9f3f23ff1d14ede76ca9726fe953","isMergeCommit":false,"messageTitle":"step 7","messageBody":"","fileTypesAndContributionMap":{"java":{"insertions":1,"deletions":0}}},{"hash":"f3a5cc20d46c12ac4421349fb7eaf8a419d9fb56","isMergeCommit":false,"messageTitle":"step 8","messageBody":"","fileTypesAndContributionMap":{"java":{"insertions":1,"deletions":0}}},{"hash":"7f2f5e7f5c9e9d6821460ac2e29ad464eb08a29e","isMergeCommit":true,"messageTitle":"Merge branch \u0027feature1\u0027","messageBody":"","fileTypesAndContributionMap":{}},{"hash":"ee1fcbc272247c7615008899c7bbb8d8950bf4a0","isMergeCommit":false,"messageTitle":"countries.txt: add Singapore","messageBody":"","fileTypesAndContributionMap":{"txt":{"insertions":1,"deletions":0}}},{"hash":"4a510ccf4b4c2daa77acbfe5f7d934285b9f5364","isMergeCommit":true,"messageTitle":"Merge branch \u0027add-countries\u0027","messageBody":"","fileTypesAndContributionMap":{}}]},{"date":"2024-08-27","commitResults":[{"hash":"801aae08d77e7ef6df6d29eaffaa8404feaf24c2","isMergeCommit":false,"messageTitle":"Add first boot file creation","messageBody":"","fileTypesAndContributionMap":{"java":{"insertions":37,"deletions":0}}},{"hash":"aa3a85840bdf1dfdb60c731531dbe94a1d114d65","isMergeCommit":false,"messageTitle":"Add changes to Task and subclasses to facilitate saving to text file","messageBody":"","fileTypesAndContributionMap":{"java":{"insertions":31,"deletions":0}}},{"hash":"2837ac27bb5df2b6efef0914fc1a27eb3ec7b724","isMergeCommit":false,"messageTitle":"Add save functionality","messageBody":"","fileTypesAndContributionMap":{"java":{"insertions":47,"deletions":6}}},{"hash":"290398adf1fa7d8882efbfd71222580863d1782a","isMergeCommit":false,"messageTitle":"Change logic so that deleting rebuilds the .txt file so the delete call works as intended","messageBody":"","fileTypesAndContributionMap":{"java":{"insertions":74,"deletions":4}}},{"hash":"2163200717f717ad6b5f43c2eb9bd39504fab643","isMergeCommit":true,"messageTitle":"Merge branch \u0027branch-Level-7\u0027","messageBody":"","tags":["Level-7"],"fileTypesAndContributionMap":{}},{"hash":"c03b9fce7379efc8960e3b73a68495f956009066","isMergeCommit":false,"messageTitle":"Change Deadline task type to use LocalDateTime type instead of String for deadline.","messageBody":"","fileTypesAndContributionMap":{"java":{"insertions":12,"deletions":5}}},{"hash":"ba5640ad352fe37c103d64d1df50f5cfdfd20743","isMergeCommit":false,"messageTitle":"Update addDeadline method to handle invalid date/time format. Update loadLine to be able to handle corrupted data with regards to invalid date/time format.","messageBody":"","fileTypesAndContributionMap":{"java":{"insertions":13,"deletions":3}}},{"hash":"a209fc0e79cc279f7ee4f19a73bdb9879a7f7481","isMergeCommit":false,"messageTitle":"Revert \"Update addDeadline method to handle invalid date/time format.\"","messageBody":"This reverts commit ba5640ad352fe37c103d64d1df50f5cfdfd20743.\n","fileTypesAndContributionMap":{"java":{"insertions":3,"deletions":13}}},{"hash":"5dfd9ce69285f9e2ef791cc7ec953eee1be9cb4a","isMergeCommit":false,"messageTitle":"Reapply \"Update addDeadline method to handle invalid date/time format.\"","messageBody":"This reverts commit a209fc0e79cc279f7ee4f19a73bdb9879a7f7481.\n","tags":["Level-8"],"fileTypesAndContributionMap":{"java":{"insertions":13,"deletions":3}}},{"hash":"0cfb572296c374b2ebed93a7149ccbc7db35712a","isMergeCommit":true,"messageTitle":"Merge branch \u0027branch-Level-8\u0027","messageBody":"","fileTypesAndContributionMap":{}}]},{"date":"2024-08-30","commitResults":[{"hash":"bddcfc2cdb6b1dfeabdb1c1764de8c1806f368c6","isMergeCommit":false,"messageTitle":"Remove unncessary files unrelated to iP which were made by the weekly tasks and refactor Majima.java to adhere closely to OOP.","messageBody":"","tags":["A-MoreOOP"],"fileTypesAndContributionMap":{"txt":{"insertions":0,"deletions":1},"java":{"insertions":484,"deletions":346}}},{"hash":"7997c5b775ffabc1739379726e0d6f9fe3f477aa","isMergeCommit":true,"messageTitle":"Merge branch \u0027branch-A-MoreOOP\u0027","messageBody":"","fileTypesAndContributionMap":{}}]}]},"authorFileTypeContributionMap":{"Meowloid":{"java":627,"md":0,"fxml":0,"sh":0,"bat":3,"gradle":0,"txt":7}},"authorContributionVariance":{"Meowloid":60885.586},"authorDisplayNameMap":{"Meowloid":"CS2103T-T14-3 MOHA..IRUL"}}
