{"authorDailyContributionsMap":{"maertan":[{"date":"2024-08-22","commitResults":[{"hash":"e3703f36fe14a5a42ab0360ad519ce8ae048b56e","isMergeCommit":false,"messageTitle":"Rename Duke to Lovelace and add skeletal version","messageBody":"","tags":["Level-0"],"fileTypesAndContributionMap":{"java":{"insertions":11,"deletions":10},"bat":{"insertions":1,"deletions":1},"md":{"insertions":3,"deletions":3}}},{"hash":"ac46f60dd8205438b942ddd39e930f9f97c80979","isMergeCommit":false,"messageTitle":"add echo feature and change bot name","messageBody":"","tags":["Level-1"],"fileTypesAndContributionMap":{"java":{"insertions":22,"deletions":11},"bat":{"insertions":1,"deletions":1},"md":{"insertions":3,"deletions":3}}},{"hash":"10b9a062ae6d639130a254c5350f9379f46da0d8","isMergeCommit":false,"messageTitle":"Add list, rename bot","messageBody":"","tags":["Level-2"],"fileTypesAndContributionMap":{"java":{"insertions":35,"deletions":22},"bat":{"insertions":1,"deletions":1},"md":{"insertions":3,"deletions":3}}},{"hash":"378bfac4de44278c5ea4795be4c1410ca21c4e62","isMergeCommit":false,"messageTitle":"Add mark as done feature","messageBody":"","tags":["Level-3","A-classes"],"fileTypesAndContributionMap":{"java":{"insertions":51,"deletions":9}}},{"hash":"89266e59f9525d621c9bf23579df887b9e6022df","isMergeCommit":false,"messageTitle":"Add three types of tasks","messageBody":"","tags":["Level-4","A-Inheritance"],"fileTypesAndContributionMap":{"java":{"insertions":63,"deletions":1}}},{"hash":"b9632f1a02f199d5131e10fb7e62e1d0732868ab","isMergeCommit":false,"messageTitle":"add automated text UI testing","messageBody":"","tags":["A-TextUiTesting"],"fileTypesAndContributionMap":{"txt":{"insertions":12,"deletions":0},"sh":{"insertions":1,"deletions":1}}},{"hash":"1e04e622f66eaa7d58a40e7e44158b40eab0e2b0","isMergeCommit":false,"messageTitle":"add error handling","messageBody":"","tags":["Level-5"],"fileTypesAndContributionMap":{"java":{"insertions":132,"deletions":59}}}]}]},"authorFileTypeContributionMap":{"maertan":{"java":212,"md":3,"fxml":0,"sh":1,"bat":1,"gradle":0,"txt":12}},"authorContributionVariance":{"maertan":26362.777},"authorDisplayNameMap":{"maertan":"MAEG..I EN"}}
