{"authorDailyContributionsMap":{"volleyballkickedme":[{"date":"2024-08-21","commitResults":[{"hash":"da470598d81c00ed8776d4380186c5748db5500d","isMergeCommit":false,"messageTitle":"This is level zero of the week 2 project task","messageBody":"","tags":["Level-0"],"fileTypesAndContributionMap":{"java":{"insertions":14,"deletions":10}}},{"hash":"6076d97621c171fa8fe3f2144e794d67fb5cd5d3","isMergeCommit":false,"messageTitle":"This is level 1, where the bot echoes the user input","messageBody":"","tags":["Level-1"],"fileTypesAndContributionMap":{"java":{"insertions":30,"deletions":3}}},{"hash":"61ed6c9542ae8440deb15d12fc5bf0320725c9e0","isMergeCommit":false,"messageTitle":"Level 2 - the bot now is able to store user input and display it in a list format on command","messageBody":"","tags":["Level-2"],"fileTypesAndContributionMap":{"java":{"insertions":49,"deletions":13}}},{"hash":"711100e061e706297185e9c66d147e5ea9e8d097","isMergeCommit":false,"messageTitle":"Level 3 allows you to mark tasks as done or undone","messageBody":"","tags":["Level-3"],"fileTypesAndContributionMap":{"java":{"insertions":79,"deletions":5}}}]},{"date":"2024-08-22","commitResults":[{"hash":"fc2c45f8b8dc55b1af404c2d14247209a9d60b1a","isMergeCommit":false,"messageTitle":"Level 4 provides support for 3 different kinds of tasks, todo, event and deadline","messageBody":"","tags":["Level-4"],"fileTypesAndContributionMap":{"java":{"insertions":70,"deletions":32}}},{"hash":"04d94d88f083c56e2e402e30750b3e635350e24c","isMergeCommit":false,"messageTitle":"semi automated testing of the chatbot","messageBody":"","tags":["A-TextUiTesting"],"fileTypesAndContributionMap":{"txt":{"insertions":5,"deletions":0},"java":{"insertions":1,"deletions":1},"bat":{"insertions":5,"deletions":4}}},{"hash":"286d5a92386e308a9af08e320b7d8be404feda70","isMergeCommit":false,"messageTitle":"error handling implemented","messageBody":"","tags":["Level-5"],"fileTypesAndContributionMap":{"java":{"insertions":79,"deletions":55}}},{"hash":"def8cd05de0f4ac2a9753b8fd8aa457997b284ec","isMergeCommit":false,"messageTitle":"Level 6 adds the delete functionality that allows users to remove items from the list","messageBody":"","tags":["Level-6"],"fileTypesAndContributionMap":{"txt":{"insertions":6,"deletions":3},"java":{"insertions":20,"deletions":19}}}]},{"date":"2024-08-27","commitResults":[{"hash":"5e1310a81a50451a3d013e76f3447c63decf6c68","isMergeCommit":false,"messageTitle":"Added input text file","messageBody":"","fileTypesAndContributionMap":{"txt":{"insertions":4,"deletions":0}}},{"hash":"ed207960f5b04f830208195970288c35cf310372","isMergeCommit":false,"messageTitle":"Bot is able to read inputs from storage file \"FRIDAY.txt\"","messageBody":"","fileTypesAndContributionMap":{"java":{"insertions":14,"deletions":1}}},{"hash":"7c9a361a3ea463d06838b3ad032a17acee580f9d","isMergeCommit":false,"messageTitle":"update storage with data read from input","messageBody":"","fileTypesAndContributionMap":{"txt":{"insertions":1,"deletions":1},"java":{"insertions":48,"deletions":14}}}]},{"date":"2024-08-28","commitResults":[{"hash":"49921e32cce7c2505a2bf43a48b53a4a91ef6726","isMergeCommit":false,"messageTitle":"Implemented level 7 - reading and writing to storage","messageBody":"","tags":["Level-7"],"fileTypesAndContributionMap":{"txt":{"insertions":16,"deletions":2},"java":{"insertions":131,"deletions":45}}}]},{"date":"2024-08-29","commitResults":[{"hash":"2c06b7732a22251d5931e97dacfa06a3cc967e9a","isMergeCommit":false,"messageTitle":"Refactored code to put repeated code in functions","messageBody":"","fileTypesAndContributionMap":{"txt":{"insertions":3,"deletions":3},"java":{"insertions":192,"deletions":176}}},{"hash":"6a8bbd2ea59df3106f0dae3c3d7d559943d7b486","isMergeCommit":false,"messageTitle":"Level-8 teaches the chatbot how to recognize dates for deadlines","messageBody":"","tags":["Level-8"],"fileTypesAndContributionMap":{"java":{"insertions":24,"deletions":15}}}]},{"date":"2024-08-30","commitResults":[{"hash":"6214f339dad8105e8b08cb803d4837d28fe44f5b","isMergeCommit":false,"messageTitle":"A-MoreOOP - implemented storage class","messageBody":"","fileTypesAndContributionMap":{"java":{"insertions":83,"deletions":1}}},{"hash":"ec121332b4ec797bb16a790c8d1129a443390f41","isMergeCommit":false,"messageTitle":"Revert \"A-MoreOOP - implemented storage class\"","messageBody":"This reverts commit 6214f339dad8105e8b08cb803d4837d28fe44f5b.\n","fileTypesAndContributionMap":{"java":{"insertions":1,"deletions":83}}},{"hash":"3f3b873fbc05dd0ce5c7d69bb8cb6a3ad30243eb","isMergeCommit":false,"messageTitle":"Reapply \"A-MoreOOP - implemented storage class\"","messageBody":"This reverts commit ec121332b4ec797bb16a790c8d1129a443390f41.\n","fileTypesAndContributionMap":{"java":{"insertions":83,"deletions":1}}},{"hash":"653dcd3d19aa1a73e64fbf27bf52bc8b4a5b1d16","isMergeCommit":false,"messageTitle":"A-MoreOOP created task list class","messageBody":"","fileTypesAndContributionMap":{"java":{"insertions":32,"deletions":0}}},{"hash":"75fe9c5d91252a783ad9be72100ec7ca34aa21ac","isMergeCommit":false,"messageTitle":"A-MoreOOP create Ui class","messageBody":"","fileTypesAndContributionMap":{"java":{"insertions":40,"deletions":0}}},{"hash":"1ecaa5824439fea62ab10ecff5e4e6c0eef798df","isMergeCommit":false,"messageTitle":"A-MoreOOP create Parser class","messageBody":"","fileTypesAndContributionMap":{"java":{"insertions":20,"deletions":0}}}]},{"date":"2024-08-31","commitResults":[{"hash":"49a1b16c0dc95bd1cc0a98af1b31d2dbbafc26e8","isMergeCommit":false,"messageTitle":"A-MoreOOP Rewrite program to be more object oriented","messageBody":"","tags":["A-MoreOOP"],"fileTypesAndContributionMap":{"txt":{"insertions":0,"deletions":18},"java":{"insertions":111,"deletions":182}}},{"hash":"f246bccfbee6d75b75515a4ce8211114947039da","isMergeCommit":false,"messageTitle":"Add all files into package FRIDAY","messageBody":"","tags":["A-Package"],"fileTypesAndContributionMap":{"java":{"insertions":12,"deletions":16}}}]}]},"authorFileTypeContributionMap":{"volleyballkickedme":{"java":471,"md":0,"fxml":0,"sh":0,"bat":5,"gradle":0,"txt":8}},"authorContributionVariance":{"volleyballkickedme":22474.938},"authorDisplayNameMap":{"volleyballkickedme":"CS2103T-W11-1 ZHAN..YUAN"}}
