{"authorDailyContributionsMap":{"martout2002":[{"date":"2024-08-21","commitResults":[{"hash":"f41525e35a7141410c7a0fbd8b24e1dcde7614d4","isMergeCommit":false,"messageTitle":"Level 0. Rename, Greet, Exit","messageBody":"","tags":["Level-0"],"fileTypesAndContributionMap":{"java":{"insertions":13,"deletions":10}}},{"hash":"0408b9a199690204c6a6367006b5ebc76ea6aa3c","isMergeCommit":false,"messageTitle":"Level 1. Echo","messageBody":"","tags":["Level-1"],"fileTypesAndContributionMap":{"java":{"insertions":17,"deletions":5}}},{"hash":"ba0004b3c439535b1db71bc7429d128bdbd4125f","isMergeCommit":false,"messageTitle":"Level 2. Add, List","messageBody":"","tags":["Level-2"],"fileTypesAndContributionMap":{"java":{"insertions":20,"deletions":3}}}]},{"date":"2024-08-22","commitResults":[{"hash":"f4aa9887ecd84772d2cbdb9cfeda43eec64638f5","isMergeCommit":false,"messageTitle":"Level 3. Mark as Done","messageBody":"","tags":["Level-3"],"fileTypesAndContributionMap":{"java":{"insertions":61,"deletions":5}}}]},{"date":"2024-08-23","commitResults":[{"hash":"4e96b2952681eb14ccc1a90ce655db02a9eda605","isMergeCommit":false,"messageTitle":"Level 4. ToDos, Events, Deadlines","messageBody":"","tags":["Level-4"],"fileTypesAndContributionMap":{"java":{"insertions":94,"deletions":15}}},{"hash":"3152e0e3154974646419cf4ac3bbb585d4c24def","isMergeCommit":false,"messageTitle":"Test using the I/O redirection technique","messageBody":"","tags":["A-TextUiTesting"],"fileTypesAndContributionMap":{"txt":{"insertions":1,"deletions":0},"sh":{"insertions":1,"deletions":1}}},{"hash":"b15f5b65d0bfeaeec9e0e1ef416f01f571d72653","isMergeCommit":false,"messageTitle":"Level 5. Handle Errors","messageBody":"","tags":["Level-5"],"fileTypesAndContributionMap":{"java":{"insertions":94,"deletions":68}}},{"hash":"98044e5b5d94dc290fbd8c734006686ec493b3c2","isMergeCommit":false,"messageTitle":"Level 6. Delete","messageBody":"","tags":["Level-6"],"fileTypesAndContributionMap":{"java":{"insertions":88,"deletions":63}}},{"hash":"ff3f71c33cfb12d7ba9264665b5022f5ef2214c7","isMergeCommit":false,"messageTitle":"Test using the I/O redirection technique","messageBody":"","fileTypesAndContributionMap":{"java":{"insertions":19,"deletions":18}}}]},{"date":"2024-08-27","commitResults":[{"hash":"1e7cdbeb8ba180046890123a75103af477e1190e","isMergeCommit":false,"messageTitle":"managed to get the save feature to work","messageBody":"","fileTypesAndContributionMap":{"txt":{"insertions":2,"deletions":0},"java":{"insertions":163,"deletions":72}}},{"hash":"abe11c363497ec28e647ec0dc4c7c5de2f2d56b8","isMergeCommit":true,"messageTitle":"Merge branch \u0027branch-Level-7\u0027","messageBody":"","tags":["Level-7"],"fileTypesAndContributionMap":{}}]},{"date":"2024-08-28","commitResults":[{"hash":"6a3650f9c051127c1dfdbefc6a9a2adf43f6b75f","isMergeCommit":false,"messageTitle":"Level 8. Dates and Times","messageBody":"","fileTypesAndContributionMap":{"txt":{"insertions":1,"deletions":1},"java":{"insertions":17,"deletions":6}}},{"hash":"a011821b94884ec307ef87acb7f31facdd9dadb0","isMergeCommit":true,"messageTitle":"Merge branch \u0027branch-Level-8\u0027","messageBody":"","tags":["Level-8"],"fileTypesAndContributionMap":{}}]},{"date":"2024-08-29","commitResults":[{"hash":"4ccb06944f8de2dc20c3b6f2fc238e6d528fe58a","isMergeCommit":false,"messageTitle":" Use More OOP","messageBody":"","fileTypesAndContributionMap":{"txt":{"insertions":1,"deletions":1},"java":{"insertions":365,"deletions":219}}},{"hash":"b919a58c32051cbee3a0f84708c5c6ad304e7fe0","isMergeCommit":true,"messageTitle":"Merge branch \u0027A-MoreOOP\u0027","messageBody":"","tags":["A-MoreOOP"],"fileTypesAndContributionMap":{}},{"hash":"475ab1da79b7dbb7d524e48a5e8c9ffd62cef6a2","isMergeCommit":false,"messageTitle":"Organize into Packages","messageBody":"","fileTypesAndContributionMap":{"java":{"insertions":638,"deletions":0}}},{"hash":"55cef444a3e302a4e04c12e4a3873ac27e517bb9","isMergeCommit":true,"messageTitle":"Merge branch \u0027A-Packages\u0027","messageBody":"","tags":["A-Packages"],"fileTypesAndContributionMap":{}},{"hash":"5de7bfc89075365bddb1637445b2197691915949","isMergeCommit":false,"messageTitle":"deleted random file","messageBody":"","fileTypesAndContributionMap":{"java":{"insertions":0,"deletions":477}}},{"hash":"39ced52f491e67a33def903f5abb97b869d4c789","isMergeCommit":true,"messageTitle":"Merge branch \u0027add-gradle-support\u0027","messageBody":"","fileTypesAndContributionMap":{}}]},{"date":"2024-08-30","commitResults":[{"hash":"0e94e9b4808b6383ebd25526f273676585c73fa4","isMergeCommit":false,"messageTitle":"Automate project builds using Gradle","messageBody":"","fileTypesAndContributionMap":{"gradle":{"insertions":4,"deletions":3},"java":{"insertions":0,"deletions":2}}},{"hash":"1b9c74b52ace49f729e9441f86d442ddd2748af8","isMergeCommit":true,"messageTitle":"Merge branch \u0027A-Gradle\u0027","messageBody":"","tags":["A-Gradle"],"fileTypesAndContributionMap":{}},{"hash":"c0f8773b9be2bcaed6f9d7e71cdb1b19acdd1191","isMergeCommit":false,"messageTitle":"Add JUnit tests","messageBody":"","tags":["A-JUnit"],"fileTypesAndContributionMap":{"java":{"insertions":62,"deletions":0}}},{"hash":"ec09744405f9d9dbbe8a94a6e1e1e9db75a2891e","isMergeCommit":true,"messageTitle":"Merge tag \u0027A-JUnit\u0027","messageBody":"","tags":["A-Jar"],"fileTypesAndContributionMap":{}},{"hash":"dc348c0bdc024844a4905f4c60d2b9cca0f50f55","isMergeCommit":false,"messageTitle":"Add JavaDoc comments","messageBody":"","fileTypesAndContributionMap":{"java":{"insertions":158,"deletions":9}}},{"hash":"f945f4ceeb59f4f5f078831b13d5134b1a8bbbba","isMergeCommit":false,"messageTitle":"Give users a way to find a task by searching for a keyword.","messageBody":"","fileTypesAndContributionMap":{"java":{"insertions":45,"deletions":1}}},{"hash":"08cf2d27c97dbfc828f004e889f67f5508fb6e55","isMergeCommit":true,"messageTitle":"Merge branch \u0027branch-Level-9\u0027","messageBody":"","fileTypesAndContributionMap":{}},{"hash":"190695d135cc9cfc5b876ae47b03ac86b2adcc23","isMergeCommit":true,"messageTitle":"Merge branch \u0027A-JavaDoc\u0027","messageBody":"","tags":["Level-9","A-JavaDoc"],"fileTypesAndContributionMap":{}},{"hash":"2d5e9bb36bc819fe679e86382e21ef580c176264","isMergeCommit":false,"messageTitle":"Tweak the code to comply with a coding standard","messageBody":"","fileTypesAndContributionMap":{"java":{"insertions":4,"deletions":0}}},{"hash":"9444de9317ad76f3eb4e885042833bd0a0b2bd48","isMergeCommit":true,"messageTitle":"Merge branch \u0027A-CodingStandard\u0027","messageBody":"# Conflicts:\n#\tsrc/main/java/BrainRot/Deadline.java\n","tags":["A-CodingStandard"],"fileTypesAndContributionMap":{}}]}]},"authorFileTypeContributionMap":{"martout2002":{"java":891,"md":0,"fxml":0,"sh":1,"bat":0,"gradle":3,"txt":3}},"authorContributionVariance":{"martout2002":181013.48},"authorDisplayNameMap":{"martout2002":"CS2103T-W08-4 MART..N NG"}}
