[{"path":"build.gradle","fileType":"gradle","lines":[{"lineNumber":1,"author":{"gitId":"-"},"content":"plugins {","lastModifiedDate":"2020-05-25","isFullCredit":false},{"lineNumber":2,"author":{"gitId":"-"},"content":"    id \u0027java\u0027","lastModifiedDate":"2020-05-25","isFullCredit":false},{"lineNumber":3,"author":{"gitId":"-"},"content":"    id \u0027application\u0027","lastModifiedDate":"2020-05-25","isFullCredit":false},{"lineNumber":4,"author":{"gitId":"-"},"content":"    id \u0027com.github.johnrengelman.shadow\u0027 version \u00277.1.2\u0027","lastModifiedDate":"2023-08-05","isFullCredit":false},{"lineNumber":5,"author":{"gitId":"-"},"content":"}","lastModifiedDate":"2020-05-25","isFullCredit":false},{"lineNumber":6,"author":{"gitId":"-"},"content":"","lastModifiedDate":"2020-05-25","isFullCredit":false},{"lineNumber":7,"author":{"gitId":"-"},"content":"repositories {","lastModifiedDate":"2020-05-25","isFullCredit":false},{"lineNumber":8,"author":{"gitId":"-"},"content":"    mavenCentral()","lastModifiedDate":"2020-05-25","isFullCredit":false},{"lineNumber":9,"author":{"gitId":"-"},"content":"}","lastModifiedDate":"2020-05-25","isFullCredit":false},{"lineNumber":10,"author":{"gitId":"-"},"content":"","lastModifiedDate":"2020-05-25","isFullCredit":false},{"lineNumber":11,"author":{"gitId":"-"},"content":"dependencies {","lastModifiedDate":"2020-05-25","isFullCredit":false},{"lineNumber":12,"author":{"gitId":"-"},"content":"    testImplementation group: \u0027org.junit.jupiter\u0027, name: \u0027junit-jupiter-api\u0027, version: \u00275.10.0\u0027","lastModifiedDate":"2023-08-05","isFullCredit":false},{"lineNumber":13,"author":{"gitId":"-"},"content":"    testRuntimeOnly group: \u0027org.junit.jupiter\u0027, name: \u0027junit-jupiter-engine\u0027, version: \u00275.10.0\u0027","lastModifiedDate":"2023-08-05","isFullCredit":false},{"lineNumber":14,"author":{"gitId":"-"},"content":"}","lastModifiedDate":"2020-05-25","isFullCredit":false},{"lineNumber":15,"author":{"gitId":"-"},"content":"","lastModifiedDate":"2020-05-25","isFullCredit":false},{"lineNumber":16,"author":{"gitId":"-"},"content":"test {","lastModifiedDate":"2020-05-25","isFullCredit":false},{"lineNumber":17,"author":{"gitId":"-"},"content":"    useJUnitPlatform()","lastModifiedDate":"2020-05-25","isFullCredit":false},{"lineNumber":18,"author":{"gitId":"-"},"content":"","lastModifiedDate":"2020-05-25","isFullCredit":false},{"lineNumber":19,"author":{"gitId":"-"},"content":"    testLogging {","lastModifiedDate":"2020-05-25","isFullCredit":false},{"lineNumber":20,"author":{"gitId":"-"},"content":"        events \"passed\", \"skipped\", \"failed\"","lastModifiedDate":"2020-05-25","isFullCredit":false},{"lineNumber":21,"author":{"gitId":"-"},"content":"","lastModifiedDate":"2020-05-25","isFullCredit":false},{"lineNumber":22,"author":{"gitId":"-"},"content":"        showExceptions true","lastModifiedDate":"2020-05-25","isFullCredit":false},{"lineNumber":23,"author":{"gitId":"-"},"content":"        exceptionFormat \"full\"","lastModifiedDate":"2020-05-25","isFullCredit":false},{"lineNumber":24,"author":{"gitId":"-"},"content":"        showCauses true","lastModifiedDate":"2020-05-25","isFullCredit":false},{"lineNumber":25,"author":{"gitId":"-"},"content":"        showStackTraces true","lastModifiedDate":"2020-05-25","isFullCredit":false},{"lineNumber":26,"author":{"gitId":"-"},"content":"        showStandardStreams \u003d false","lastModifiedDate":"2020-05-25","isFullCredit":false},{"lineNumber":27,"author":{"gitId":"-"},"content":"    }","lastModifiedDate":"2020-05-25","isFullCredit":false},{"lineNumber":28,"author":{"gitId":"-"},"content":"}","lastModifiedDate":"2020-05-25","isFullCredit":false},{"lineNumber":29,"author":{"gitId":"-"},"content":"","lastModifiedDate":"2020-05-25","isFullCredit":false},{"lineNumber":30,"author":{"gitId":"-"},"content":"application {","lastModifiedDate":"2020-05-25","isFullCredit":false},{"lineNumber":31,"author":{"gitId":"jinnsuke"},"content":"    mainClass.set(\"shoai.ShoAI\")","lastModifiedDate":"2024-08-28","isFullCredit":false},{"lineNumber":32,"author":{"gitId":"-"},"content":"}","lastModifiedDate":"2020-05-25","isFullCredit":false},{"lineNumber":33,"author":{"gitId":"-"},"content":"","lastModifiedDate":"2020-05-25","isFullCredit":false},{"lineNumber":34,"author":{"gitId":"-"},"content":"shadowJar {","lastModifiedDate":"2020-05-25","isFullCredit":false},{"lineNumber":35,"author":{"gitId":"jinnsuke"},"content":"    archiveBaseName \u003d \"ShoAI\"","lastModifiedDate":"2024-08-28","isFullCredit":false},{"lineNumber":36,"author":{"gitId":"-"},"content":"    archiveClassifier \u003d null","lastModifiedDate":"2020-05-25","isFullCredit":false},{"lineNumber":37,"author":{"gitId":"-"},"content":"}","lastModifiedDate":"2020-05-25","isFullCredit":false},{"lineNumber":38,"author":{"gitId":"-"},"content":"","lastModifiedDate":"2020-05-25","isFullCredit":false},{"lineNumber":39,"author":{"gitId":"-"},"content":"run{","lastModifiedDate":"2020-05-25","isFullCredit":false},{"lineNumber":40,"author":{"gitId":"-"},"content":"    standardInput \u003d System.in","lastModifiedDate":"2020-05-25","isFullCredit":false},{"lineNumber":41,"author":{"gitId":"-"},"content":"}","lastModifiedDate":"2020-05-25","isFullCredit":false}],"authorContributionMap":{"-":39,"jinnsuke":2}},{"path":"src/main/java/shoai/Deadline.java","fileType":"java","lines":[{"lineNumber":1,"author":{"gitId":"jinnsuke"},"content":"package shoai;","lastModifiedDate":"2024-08-27","isFullCredit":false},{"lineNumber":2,"author":{"gitId":"jinnsuke"},"content":"import java.time.LocalDate;","lastModifiedDate":"2024-08-28","isFullCredit":false},{"lineNumber":3,"author":{"gitId":"jinnsuke"},"content":"import java.time.format.DateTimeFormatter;","lastModifiedDate":"2024-08-28","isFullCredit":false},{"lineNumber":4,"author":{"gitId":"jinnsuke"},"content":"","lastModifiedDate":"2024-08-27","isFullCredit":false},{"lineNumber":5,"author":{"gitId":"jinnsuke"},"content":"public class Deadline extends Task {","lastModifiedDate":"2024-08-22","isFullCredit":false},{"lineNumber":6,"author":{"gitId":"jinnsuke"},"content":"    protected LocalDate by;","lastModifiedDate":"2024-08-28","isFullCredit":false},{"lineNumber":7,"author":{"gitId":"jinnsuke"},"content":"","lastModifiedDate":"2024-08-22","isFullCredit":false},{"lineNumber":8,"author":{"gitId":"jinnsuke"},"content":"    public Deadline(String description, LocalDate by) {","lastModifiedDate":"2024-08-28","isFullCredit":false},{"lineNumber":9,"author":{"gitId":"jinnsuke"},"content":"        super(description);","lastModifiedDate":"2024-08-22","isFullCredit":false},{"lineNumber":10,"author":{"gitId":"jinnsuke"},"content":"        this.by \u003d by;","lastModifiedDate":"2024-08-22","isFullCredit":false},{"lineNumber":11,"author":{"gitId":"jinnsuke"},"content":"    }","lastModifiedDate":"2024-08-22","isFullCredit":false},{"lineNumber":12,"author":{"gitId":"jinnsuke"},"content":"","lastModifiedDate":"2024-08-22","isFullCredit":false},{"lineNumber":13,"author":{"gitId":"jinnsuke"},"content":"    public LocalDate getBy() {","lastModifiedDate":"2024-08-28","isFullCredit":false},{"lineNumber":14,"author":{"gitId":"jinnsuke"},"content":"        return by;","lastModifiedDate":"2024-08-27","isFullCredit":false},{"lineNumber":15,"author":{"gitId":"jinnsuke"},"content":"    }","lastModifiedDate":"2024-08-27","isFullCredit":false},{"lineNumber":16,"author":{"gitId":"jinnsuke"},"content":"","lastModifiedDate":"2024-08-27","isFullCredit":false},{"lineNumber":17,"author":{"gitId":"jinnsuke"},"content":"    @Override","lastModifiedDate":"2024-08-22","isFullCredit":false},{"lineNumber":18,"author":{"gitId":"jinnsuke"},"content":"    public String toString() {","lastModifiedDate":"2024-08-22","isFullCredit":false},{"lineNumber":19,"author":{"gitId":"jinnsuke"},"content":"        return \"[D]\" + super.toString() + \" (by: \" + by.format(DateTimeFormatter.ofPattern(\"MMM dd yyyy\")) + \")\";","lastModifiedDate":"2024-08-28","isFullCredit":false},{"lineNumber":20,"author":{"gitId":"jinnsuke"},"content":"    }","lastModifiedDate":"2024-08-22","isFullCredit":false},{"lineNumber":21,"author":{"gitId":"jinnsuke"},"content":"}","lastModifiedDate":"2024-08-22","isFullCredit":false}],"authorContributionMap":{"jinnsuke":21}},{"path":"src/main/java/shoai/Event.java","fileType":"java","lines":[{"lineNumber":1,"author":{"gitId":"jinnsuke"},"content":"package shoai;","lastModifiedDate":"2024-08-27","isFullCredit":false},{"lineNumber":2,"author":{"gitId":"jinnsuke"},"content":"import java.time.LocalDate;","lastModifiedDate":"2024-08-28","isFullCredit":false},{"lineNumber":3,"author":{"gitId":"jinnsuke"},"content":"import java.time.format.DateTimeFormatter;","lastModifiedDate":"2024-08-28","isFullCredit":false},{"lineNumber":4,"author":{"gitId":"jinnsuke"},"content":"","lastModifiedDate":"2024-08-27","isFullCredit":false},{"lineNumber":5,"author":{"gitId":"jinnsuke"},"content":"public class Event extends Task {","lastModifiedDate":"2024-08-22","isFullCredit":false},{"lineNumber":6,"author":{"gitId":"jinnsuke"},"content":"    protected LocalDate from;","lastModifiedDate":"2024-08-28","isFullCredit":false},{"lineNumber":7,"author":{"gitId":"jinnsuke"},"content":"    protected LocalDate to;","lastModifiedDate":"2024-08-28","isFullCredit":false},{"lineNumber":8,"author":{"gitId":"jinnsuke"},"content":"","lastModifiedDate":"2024-08-22","isFullCredit":false},{"lineNumber":9,"author":{"gitId":"jinnsuke"},"content":"    public Event(String description, LocalDate from, LocalDate to) {","lastModifiedDate":"2024-08-28","isFullCredit":false},{"lineNumber":10,"author":{"gitId":"jinnsuke"},"content":"        super(description);","lastModifiedDate":"2024-08-22","isFullCredit":false},{"lineNumber":11,"author":{"gitId":"jinnsuke"},"content":"        this.from \u003d from;","lastModifiedDate":"2024-08-22","isFullCredit":false},{"lineNumber":12,"author":{"gitId":"jinnsuke"},"content":"        this.to \u003d to;","lastModifiedDate":"2024-08-22","isFullCredit":false},{"lineNumber":13,"author":{"gitId":"jinnsuke"},"content":"    }","lastModifiedDate":"2024-08-22","isFullCredit":false},{"lineNumber":14,"author":{"gitId":"jinnsuke"},"content":"","lastModifiedDate":"2024-08-22","isFullCredit":false},{"lineNumber":15,"author":{"gitId":"jinnsuke"},"content":"    public LocalDate getFrom() {","lastModifiedDate":"2024-08-28","isFullCredit":false},{"lineNumber":16,"author":{"gitId":"jinnsuke"},"content":"        return from;","lastModifiedDate":"2024-08-27","isFullCredit":false},{"lineNumber":17,"author":{"gitId":"jinnsuke"},"content":"    }","lastModifiedDate":"2024-08-27","isFullCredit":false},{"lineNumber":18,"author":{"gitId":"jinnsuke"},"content":"","lastModifiedDate":"2024-08-27","isFullCredit":false},{"lineNumber":19,"author":{"gitId":"jinnsuke"},"content":"    public LocalDate getTo() {","lastModifiedDate":"2024-08-28","isFullCredit":false},{"lineNumber":20,"author":{"gitId":"jinnsuke"},"content":"        return to;","lastModifiedDate":"2024-08-27","isFullCredit":false},{"lineNumber":21,"author":{"gitId":"jinnsuke"},"content":"    }","lastModifiedDate":"2024-08-27","isFullCredit":false},{"lineNumber":22,"author":{"gitId":"jinnsuke"},"content":"","lastModifiedDate":"2024-08-27","isFullCredit":false},{"lineNumber":23,"author":{"gitId":"jinnsuke"},"content":"    @Override","lastModifiedDate":"2024-08-22","isFullCredit":false},{"lineNumber":24,"author":{"gitId":"jinnsuke"},"content":"    public String toString() {","lastModifiedDate":"2024-08-22","isFullCredit":false},{"lineNumber":25,"author":{"gitId":"jinnsuke"},"content":"        return \"[E]\" + super.toString() + \" (from: \" + from.format(DateTimeFormatter.ofPattern(\"MMM dd yyyy\")) + \" to: \" + to.format(DateTimeFormatter.ofPattern(\"MMM dd yyyy\")) + \")\";","lastModifiedDate":"2024-08-28","isFullCredit":false},{"lineNumber":26,"author":{"gitId":"jinnsuke"},"content":"    }","lastModifiedDate":"2024-08-22","isFullCredit":false},{"lineNumber":27,"author":{"gitId":"jinnsuke"},"content":"}","lastModifiedDate":"2024-08-22","isFullCredit":false}],"authorContributionMap":{"jinnsuke":27}},{"path":"src/main/java/shoai/Parser.java","fileType":"java","lines":[{"lineNumber":1,"author":{"gitId":"jinnsuke"},"content":"package shoai;","lastModifiedDate":"2024-08-27","isFullCredit":false},{"lineNumber":2,"author":{"gitId":"jinnsuke"},"content":"import java.time.LocalDate;","lastModifiedDate":"2024-08-28","isFullCredit":false},{"lineNumber":3,"author":{"gitId":"jinnsuke"},"content":"import java.time.format.DateTimeFormatter;","lastModifiedDate":"2024-08-28","isFullCredit":false},{"lineNumber":4,"author":{"gitId":"jinnsuke"},"content":"import shoai.TaskList;","lastModifiedDate":"2024-08-28","isFullCredit":false},{"lineNumber":5,"author":{"gitId":"jinnsuke"},"content":"import shoai.Ui;","lastModifiedDate":"2024-08-28","isFullCredit":false},{"lineNumber":6,"author":{"gitId":"jinnsuke"},"content":"import shoai.Storage;","lastModifiedDate":"2024-08-28","isFullCredit":false},{"lineNumber":7,"author":{"gitId":"jinnsuke"},"content":"import shoai.Task;","lastModifiedDate":"2024-08-28","isFullCredit":false},{"lineNumber":8,"author":{"gitId":"jinnsuke"},"content":"import shoai.Todo;","lastModifiedDate":"2024-08-28","isFullCredit":false},{"lineNumber":9,"author":{"gitId":"jinnsuke"},"content":"import shoai.Deadline;","lastModifiedDate":"2024-08-28","isFullCredit":false},{"lineNumber":10,"author":{"gitId":"jinnsuke"},"content":"import shoai.Event;","lastModifiedDate":"2024-08-28","isFullCredit":false},{"lineNumber":11,"author":{"gitId":"jinnsuke"},"content":"import shoai.ShoAIException;","lastModifiedDate":"2024-08-28","isFullCredit":false},{"lineNumber":12,"author":{"gitId":"jinnsuke"},"content":"","lastModifiedDate":"2024-08-27","isFullCredit":false},{"lineNumber":13,"author":{"gitId":"jinnsuke"},"content":"public class Parser {","lastModifiedDate":"2024-08-27","isFullCredit":false},{"lineNumber":14,"author":{"gitId":"jinnsuke"},"content":"","lastModifiedDate":"2024-08-27","isFullCredit":false},{"lineNumber":15,"author":{"gitId":"jinnsuke"},"content":"    private static final DateTimeFormatter DATE_FORMAT \u003d DateTimeFormatter.ofPattern(\"yyyy-MM-dd\");","lastModifiedDate":"2024-08-28","isFullCredit":false},{"lineNumber":16,"author":{"gitId":"jinnsuke"},"content":"","lastModifiedDate":"2024-08-28","isFullCredit":false},{"lineNumber":17,"author":{"gitId":"jinnsuke"},"content":"    public boolean parse(String fullCommand, TaskList tasks, Ui ui, Storage storage) throws ShoAIException {","lastModifiedDate":"2024-08-27","isFullCredit":false},{"lineNumber":18,"author":{"gitId":"jinnsuke"},"content":"        String[] words \u003d fullCommand.split(\" \", 2);","lastModifiedDate":"2024-08-27","isFullCredit":false},{"lineNumber":19,"author":{"gitId":"jinnsuke"},"content":"        String command \u003d words[0];","lastModifiedDate":"2024-08-27","isFullCredit":false},{"lineNumber":20,"author":{"gitId":"jinnsuke"},"content":"","lastModifiedDate":"2024-08-27","isFullCredit":false},{"lineNumber":21,"author":{"gitId":"jinnsuke"},"content":"        switch (command) {","lastModifiedDate":"2024-08-27","isFullCredit":false},{"lineNumber":22,"author":{"gitId":"jinnsuke"},"content":"            case \"bye\":","lastModifiedDate":"2024-08-27","isFullCredit":false},{"lineNumber":23,"author":{"gitId":"jinnsuke"},"content":"                ui.showExitMessage();","lastModifiedDate":"2024-08-27","isFullCredit":false},{"lineNumber":24,"author":{"gitId":"jinnsuke"},"content":"                return true; // Exit the loop","lastModifiedDate":"2024-08-27","isFullCredit":false},{"lineNumber":25,"author":{"gitId":"jinnsuke"},"content":"            case \"list\":","lastModifiedDate":"2024-08-27","isFullCredit":false},{"lineNumber":26,"author":{"gitId":"jinnsuke"},"content":"                ui.showTaskList(tasks);","lastModifiedDate":"2024-08-27","isFullCredit":false},{"lineNumber":27,"author":{"gitId":"jinnsuke"},"content":"                break;","lastModifiedDate":"2024-08-27","isFullCredit":false},{"lineNumber":28,"author":{"gitId":"jinnsuke"},"content":"            case \"mark\":","lastModifiedDate":"2024-08-27","isFullCredit":false},{"lineNumber":29,"author":{"gitId":"jinnsuke"},"content":"                if (words.length \u003c 2) {","lastModifiedDate":"2024-08-27","isFullCredit":false},{"lineNumber":30,"author":{"gitId":"jinnsuke"},"content":"                    throw new ShoAIException(\"Please specify the task number to mark.\");","lastModifiedDate":"2024-08-27","isFullCredit":false},{"lineNumber":31,"author":{"gitId":"jinnsuke"},"content":"                }","lastModifiedDate":"2024-08-27","isFullCredit":false},{"lineNumber":32,"author":{"gitId":"jinnsuke"},"content":"                int markIndex \u003d Integer.parseInt(words[1]) - 1;","lastModifiedDate":"2024-08-27","isFullCredit":false},{"lineNumber":33,"author":{"gitId":"jinnsuke"},"content":"                Task taskToMark \u003d tasks.getTask(markIndex);","lastModifiedDate":"2024-08-27","isFullCredit":false},{"lineNumber":34,"author":{"gitId":"jinnsuke"},"content":"                taskToMark.markAsDone();","lastModifiedDate":"2024-08-27","isFullCredit":false},{"lineNumber":35,"author":{"gitId":"jinnsuke"},"content":"                ui.showTaskMarked(taskToMark);","lastModifiedDate":"2024-08-27","isFullCredit":false},{"lineNumber":36,"author":{"gitId":"jinnsuke"},"content":"                storage.saveTasks(tasks.getAllTasks());","lastModifiedDate":"2024-08-27","isFullCredit":false},{"lineNumber":37,"author":{"gitId":"jinnsuke"},"content":"                break;","lastModifiedDate":"2024-08-27","isFullCredit":false},{"lineNumber":38,"author":{"gitId":"jinnsuke"},"content":"            case \"unmark\":","lastModifiedDate":"2024-08-27","isFullCredit":false},{"lineNumber":39,"author":{"gitId":"jinnsuke"},"content":"                if (words.length \u003c 2) {","lastModifiedDate":"2024-08-27","isFullCredit":false},{"lineNumber":40,"author":{"gitId":"jinnsuke"},"content":"                    throw new ShoAIException(\"Please specify the task number to unmark.\");","lastModifiedDate":"2024-08-27","isFullCredit":false},{"lineNumber":41,"author":{"gitId":"jinnsuke"},"content":"                }","lastModifiedDate":"2024-08-27","isFullCredit":false},{"lineNumber":42,"author":{"gitId":"jinnsuke"},"content":"                int unmarkIndex \u003d Integer.parseInt(words[1]) - 1;","lastModifiedDate":"2024-08-27","isFullCredit":false},{"lineNumber":43,"author":{"gitId":"jinnsuke"},"content":"                Task taskToUnmark \u003d tasks.getTask(unmarkIndex);","lastModifiedDate":"2024-08-27","isFullCredit":false},{"lineNumber":44,"author":{"gitId":"jinnsuke"},"content":"                taskToUnmark.markAsNotDone();","lastModifiedDate":"2024-08-27","isFullCredit":false},{"lineNumber":45,"author":{"gitId":"jinnsuke"},"content":"                ui.showTaskUnmarked(taskToUnmark);","lastModifiedDate":"2024-08-27","isFullCredit":false},{"lineNumber":46,"author":{"gitId":"jinnsuke"},"content":"                storage.saveTasks(tasks.getAllTasks());","lastModifiedDate":"2024-08-27","isFullCredit":false},{"lineNumber":47,"author":{"gitId":"jinnsuke"},"content":"                break;","lastModifiedDate":"2024-08-27","isFullCredit":false},{"lineNumber":48,"author":{"gitId":"jinnsuke"},"content":"            case \"todo\":","lastModifiedDate":"2024-08-27","isFullCredit":false},{"lineNumber":49,"author":{"gitId":"jinnsuke"},"content":"                if (words.length \u003c 2 || words[1].trim().isEmpty()) {","lastModifiedDate":"2024-08-27","isFullCredit":false},{"lineNumber":50,"author":{"gitId":"jinnsuke"},"content":"                    throw new ShoAIException(\"The description of a todo cannot be empty.\");","lastModifiedDate":"2024-08-27","isFullCredit":false},{"lineNumber":51,"author":{"gitId":"jinnsuke"},"content":"                }","lastModifiedDate":"2024-08-27","isFullCredit":false},{"lineNumber":52,"author":{"gitId":"jinnsuke"},"content":"                Task newTodo \u003d new Todo(words[1]);","lastModifiedDate":"2024-08-27","isFullCredit":false},{"lineNumber":53,"author":{"gitId":"jinnsuke"},"content":"                tasks.addTask(newTodo);","lastModifiedDate":"2024-08-27","isFullCredit":false},{"lineNumber":54,"author":{"gitId":"jinnsuke"},"content":"                ui.showTaskAdded(newTodo, tasks.size());","lastModifiedDate":"2024-08-27","isFullCredit":false},{"lineNumber":55,"author":{"gitId":"jinnsuke"},"content":"                storage.saveTasks(tasks.getAllTasks());","lastModifiedDate":"2024-08-27","isFullCredit":false},{"lineNumber":56,"author":{"gitId":"jinnsuke"},"content":"                break;","lastModifiedDate":"2024-08-27","isFullCredit":false},{"lineNumber":57,"author":{"gitId":"jinnsuke"},"content":"            case \"deadline\":","lastModifiedDate":"2024-08-27","isFullCredit":false},{"lineNumber":58,"author":{"gitId":"jinnsuke"},"content":"                if (words.length \u003c 2) {","lastModifiedDate":"2024-08-27","isFullCredit":false},{"lineNumber":59,"author":{"gitId":"jinnsuke"},"content":"                    throw new ShoAIException(\"The description of a deadline cannot be empty.\");","lastModifiedDate":"2024-08-27","isFullCredit":false},{"lineNumber":60,"author":{"gitId":"jinnsuke"},"content":"                }","lastModifiedDate":"2024-08-27","isFullCredit":false},{"lineNumber":61,"author":{"gitId":"jinnsuke"},"content":"                String[] deadlineParts \u003d words[1].split(\" /by \");","lastModifiedDate":"2024-08-27","isFullCredit":false},{"lineNumber":62,"author":{"gitId":"jinnsuke"},"content":"                if (deadlineParts.length \u003c 2 || deadlineParts[0].trim().isEmpty() || deadlineParts[1].trim().isEmpty()) {","lastModifiedDate":"2024-08-27","isFullCredit":false},{"lineNumber":63,"author":{"gitId":"jinnsuke"},"content":"                    throw new ShoAIException(\"The deadline description or date cannot be empty.\");","lastModifiedDate":"2024-08-28","isFullCredit":false},{"lineNumber":64,"author":{"gitId":"jinnsuke"},"content":"                }","lastModifiedDate":"2024-08-27","isFullCredit":false},{"lineNumber":65,"author":{"gitId":"jinnsuke"},"content":"                LocalDate deadlineDate \u003d LocalDate.parse(deadlineParts[1].trim(), DATE_FORMAT);","lastModifiedDate":"2024-08-28","isFullCredit":false},{"lineNumber":66,"author":{"gitId":"jinnsuke"},"content":"                Task newDeadline \u003d new Deadline(deadlineParts[0], deadlineDate);","lastModifiedDate":"2024-08-28","isFullCredit":false},{"lineNumber":67,"author":{"gitId":"jinnsuke"},"content":"                tasks.addTask(newDeadline);","lastModifiedDate":"2024-08-27","isFullCredit":false},{"lineNumber":68,"author":{"gitId":"jinnsuke"},"content":"                ui.showTaskAdded(newDeadline, tasks.size());","lastModifiedDate":"2024-08-27","isFullCredit":false},{"lineNumber":69,"author":{"gitId":"jinnsuke"},"content":"                storage.saveTasks(tasks.getAllTasks());","lastModifiedDate":"2024-08-27","isFullCredit":false},{"lineNumber":70,"author":{"gitId":"jinnsuke"},"content":"                break;","lastModifiedDate":"2024-08-27","isFullCredit":false},{"lineNumber":71,"author":{"gitId":"jinnsuke"},"content":"            case \"event\":","lastModifiedDate":"2024-08-27","isFullCredit":false},{"lineNumber":72,"author":{"gitId":"jinnsuke"},"content":"                if (words.length \u003c 2) {","lastModifiedDate":"2024-08-27","isFullCredit":false},{"lineNumber":73,"author":{"gitId":"jinnsuke"},"content":"                    throw new ShoAIException(\"The description of an event cannot be empty.\");","lastModifiedDate":"2024-08-27","isFullCredit":false},{"lineNumber":74,"author":{"gitId":"jinnsuke"},"content":"                }","lastModifiedDate":"2024-08-27","isFullCredit":false},{"lineNumber":75,"author":{"gitId":"jinnsuke"},"content":"                String[] eventParts \u003d words[1].split(\" /from \");","lastModifiedDate":"2024-08-27","isFullCredit":false},{"lineNumber":76,"author":{"gitId":"jinnsuke"},"content":"                if (eventParts.length \u003c 2) {","lastModifiedDate":"2024-08-27","isFullCredit":false},{"lineNumber":77,"author":{"gitId":"jinnsuke"},"content":"                    throw new ShoAIException(\"The event description or start date cannot be empty.\");","lastModifiedDate":"2024-08-28","isFullCredit":false},{"lineNumber":78,"author":{"gitId":"jinnsuke"},"content":"                }","lastModifiedDate":"2024-08-27","isFullCredit":false},{"lineNumber":79,"author":{"gitId":"jinnsuke"},"content":"                String[] timeParts \u003d eventParts[1].split(\" /to \");","lastModifiedDate":"2024-08-27","isFullCredit":false},{"lineNumber":80,"author":{"gitId":"jinnsuke"},"content":"                if (timeParts.length \u003c 2 || eventParts[0].trim().isEmpty() || timeParts[0].trim().isEmpty() || timeParts[1].trim().isEmpty()) {","lastModifiedDate":"2024-08-27","isFullCredit":false},{"lineNumber":81,"author":{"gitId":"jinnsuke"},"content":"                    throw new ShoAIException(\"The event description, start date, or end date cannot be empty.\");","lastModifiedDate":"2024-08-28","isFullCredit":false},{"lineNumber":82,"author":{"gitId":"jinnsuke"},"content":"                }","lastModifiedDate":"2024-08-27","isFullCredit":false},{"lineNumber":83,"author":{"gitId":"jinnsuke"},"content":"                LocalDate fromDate \u003d LocalDate.parse(timeParts[0].trim(), DATE_FORMAT);","lastModifiedDate":"2024-08-28","isFullCredit":false},{"lineNumber":84,"author":{"gitId":"jinnsuke"},"content":"                LocalDate toDate \u003d LocalDate.parse(timeParts[1].trim(), DATE_FORMAT);","lastModifiedDate":"2024-08-28","isFullCredit":false},{"lineNumber":85,"author":{"gitId":"jinnsuke"},"content":"                Task newEvent \u003d new Event(eventParts[0], fromDate, toDate);","lastModifiedDate":"2024-08-28","isFullCredit":false},{"lineNumber":86,"author":{"gitId":"jinnsuke"},"content":"                tasks.addTask(newEvent);","lastModifiedDate":"2024-08-27","isFullCredit":false},{"lineNumber":87,"author":{"gitId":"jinnsuke"},"content":"                ui.showTaskAdded(newEvent, tasks.size());","lastModifiedDate":"2024-08-27","isFullCredit":false},{"lineNumber":88,"author":{"gitId":"jinnsuke"},"content":"                storage.saveTasks(tasks.getAllTasks());","lastModifiedDate":"2024-08-27","isFullCredit":false},{"lineNumber":89,"author":{"gitId":"jinnsuke"},"content":"                break;","lastModifiedDate":"2024-08-27","isFullCredit":false},{"lineNumber":90,"author":{"gitId":"jinnsuke"},"content":"            case \"delete\":","lastModifiedDate":"2024-08-27","isFullCredit":false},{"lineNumber":91,"author":{"gitId":"jinnsuke"},"content":"                if (words.length \u003c 2) {","lastModifiedDate":"2024-08-27","isFullCredit":false},{"lineNumber":92,"author":{"gitId":"jinnsuke"},"content":"                    throw new ShoAIException(\"Please specify the task number to delete.\");","lastModifiedDate":"2024-08-27","isFullCredit":false},{"lineNumber":93,"author":{"gitId":"jinnsuke"},"content":"                }","lastModifiedDate":"2024-08-27","isFullCredit":false},{"lineNumber":94,"author":{"gitId":"jinnsuke"},"content":"                int deleteIndex \u003d Integer.parseInt(words[1]) - 1;","lastModifiedDate":"2024-08-27","isFullCredit":false},{"lineNumber":95,"author":{"gitId":"jinnsuke"},"content":"                Task removedTask \u003d tasks.removeTask(deleteIndex);","lastModifiedDate":"2024-08-27","isFullCredit":false},{"lineNumber":96,"author":{"gitId":"jinnsuke"},"content":"                ui.showTaskDeleted(removedTask, tasks.size());","lastModifiedDate":"2024-08-27","isFullCredit":false},{"lineNumber":97,"author":{"gitId":"jinnsuke"},"content":"                storage.saveTasks(tasks.getAllTasks());","lastModifiedDate":"2024-08-27","isFullCredit":false},{"lineNumber":98,"author":{"gitId":"jinnsuke"},"content":"                break;","lastModifiedDate":"2024-08-27","isFullCredit":false},{"lineNumber":99,"author":{"gitId":"jinnsuke"},"content":"            default:","lastModifiedDate":"2024-08-27","isFullCredit":false},{"lineNumber":100,"author":{"gitId":"jinnsuke"},"content":"                throw new ShoAIException(\"Sorry, I don\u0027t understand that command.\");","lastModifiedDate":"2024-08-27","isFullCredit":false},{"lineNumber":101,"author":{"gitId":"jinnsuke"},"content":"        }","lastModifiedDate":"2024-08-27","isFullCredit":false},{"lineNumber":102,"author":{"gitId":"jinnsuke"},"content":"","lastModifiedDate":"2024-08-27","isFullCredit":false},{"lineNumber":103,"author":{"gitId":"jinnsuke"},"content":"        return false; // Continue the loop for other commands","lastModifiedDate":"2024-08-27","isFullCredit":false},{"lineNumber":104,"author":{"gitId":"jinnsuke"},"content":"    }","lastModifiedDate":"2024-08-27","isFullCredit":false},{"lineNumber":105,"author":{"gitId":"jinnsuke"},"content":"","lastModifiedDate":"2024-08-27","isFullCredit":false},{"lineNumber":106,"author":{"gitId":"jinnsuke"},"content":"    public static String taskToFileString(Task task) {","lastModifiedDate":"2024-08-27","isFullCredit":false},{"lineNumber":107,"author":{"gitId":"jinnsuke"},"content":"        StringBuilder sb \u003d new StringBuilder();","lastModifiedDate":"2024-08-27","isFullCredit":false},{"lineNumber":108,"author":{"gitId":"jinnsuke"},"content":"        if (task instanceof Todo) {","lastModifiedDate":"2024-08-27","isFullCredit":false},{"lineNumber":109,"author":{"gitId":"jinnsuke"},"content":"            sb.append(\"T | \");","lastModifiedDate":"2024-08-27","isFullCredit":false},{"lineNumber":110,"author":{"gitId":"jinnsuke"},"content":"            sb.append(task.isDone() ? \"1\" : \"0\");","lastModifiedDate":"2024-08-27","isFullCredit":false},{"lineNumber":111,"author":{"gitId":"jinnsuke"},"content":"            sb.append(\" | \");","lastModifiedDate":"2024-08-27","isFullCredit":false},{"lineNumber":112,"author":{"gitId":"jinnsuke"},"content":"            sb.append(task.getDescription());","lastModifiedDate":"2024-08-27","isFullCredit":false},{"lineNumber":113,"author":{"gitId":"jinnsuke"},"content":"        } else if (task instanceof Deadline) {","lastModifiedDate":"2024-08-27","isFullCredit":false},{"lineNumber":114,"author":{"gitId":"jinnsuke"},"content":"            sb.append(\"D | \");","lastModifiedDate":"2024-08-27","isFullCredit":false},{"lineNumber":115,"author":{"gitId":"jinnsuke"},"content":"            Deadline deadline \u003d (Deadline) task;","lastModifiedDate":"2024-08-27","isFullCredit":false},{"lineNumber":116,"author":{"gitId":"jinnsuke"},"content":"            sb.append(deadline.isDone() ? \"1\" : \"0\");","lastModifiedDate":"2024-08-27","isFullCredit":false},{"lineNumber":117,"author":{"gitId":"jinnsuke"},"content":"            sb.append(\" | \");","lastModifiedDate":"2024-08-27","isFullCredit":false},{"lineNumber":118,"author":{"gitId":"jinnsuke"},"content":"            sb.append(deadline.getDescription()).append(\" | \").append(deadline.getBy().format(DATE_FORMAT));","lastModifiedDate":"2024-08-28","isFullCredit":false},{"lineNumber":119,"author":{"gitId":"jinnsuke"},"content":"        } else if (task instanceof Event) {","lastModifiedDate":"2024-08-27","isFullCredit":false},{"lineNumber":120,"author":{"gitId":"jinnsuke"},"content":"            sb.append(\"E | \");","lastModifiedDate":"2024-08-27","isFullCredit":false},{"lineNumber":121,"author":{"gitId":"jinnsuke"},"content":"            Event event \u003d (Event) task;","lastModifiedDate":"2024-08-27","isFullCredit":false},{"lineNumber":122,"author":{"gitId":"jinnsuke"},"content":"            sb.append(event.isDone() ? \"1\" : \"0\");","lastModifiedDate":"2024-08-27","isFullCredit":false},{"lineNumber":123,"author":{"gitId":"jinnsuke"},"content":"            sb.append(\" | \");","lastModifiedDate":"2024-08-27","isFullCredit":false},{"lineNumber":124,"author":{"gitId":"jinnsuke"},"content":"            sb.append(event.getDescription()).append(\" | \").append(event.getFrom().format(DATE_FORMAT)).append(\" | \").append(event.getTo().format(DATE_FORMAT));","lastModifiedDate":"2024-08-28","isFullCredit":false},{"lineNumber":125,"author":{"gitId":"jinnsuke"},"content":"        }","lastModifiedDate":"2024-08-27","isFullCredit":false},{"lineNumber":126,"author":{"gitId":"jinnsuke"},"content":"        return sb.toString();","lastModifiedDate":"2024-08-27","isFullCredit":false},{"lineNumber":127,"author":{"gitId":"jinnsuke"},"content":"    }","lastModifiedDate":"2024-08-27","isFullCredit":false},{"lineNumber":128,"author":{"gitId":"jinnsuke"},"content":"","lastModifiedDate":"2024-08-27","isFullCredit":false},{"lineNumber":129,"author":{"gitId":"jinnsuke"},"content":"    public static Task fileStringToTask(String fileString) {","lastModifiedDate":"2024-08-27","isFullCredit":false},{"lineNumber":130,"author":{"gitId":"jinnsuke"},"content":"        String[] parts \u003d fileString.split(\" \\\\| \");","lastModifiedDate":"2024-08-27","isFullCredit":false},{"lineNumber":131,"author":{"gitId":"jinnsuke"},"content":"        Task task \u003d null;","lastModifiedDate":"2024-08-27","isFullCredit":false},{"lineNumber":132,"author":{"gitId":"jinnsuke"},"content":"        switch (parts[0]) {","lastModifiedDate":"2024-08-27","isFullCredit":false},{"lineNumber":133,"author":{"gitId":"jinnsuke"},"content":"            case \"T\":","lastModifiedDate":"2024-08-27","isFullCredit":false},{"lineNumber":134,"author":{"gitId":"jinnsuke"},"content":"                task \u003d new Todo(parts[2]);","lastModifiedDate":"2024-08-27","isFullCredit":false},{"lineNumber":135,"author":{"gitId":"jinnsuke"},"content":"                break;","lastModifiedDate":"2024-08-27","isFullCredit":false},{"lineNumber":136,"author":{"gitId":"jinnsuke"},"content":"            case \"D\":","lastModifiedDate":"2024-08-27","isFullCredit":false},{"lineNumber":137,"author":{"gitId":"jinnsuke"},"content":"                LocalDate deadlineDate \u003d LocalDate.parse(parts[3], DATE_FORMAT);","lastModifiedDate":"2024-08-28","isFullCredit":false},{"lineNumber":138,"author":{"gitId":"jinnsuke"},"content":"                task \u003d new Deadline(parts[2], deadlineDate);","lastModifiedDate":"2024-08-28","isFullCredit":false},{"lineNumber":139,"author":{"gitId":"jinnsuke"},"content":"                break;","lastModifiedDate":"2024-08-27","isFullCredit":false},{"lineNumber":140,"author":{"gitId":"jinnsuke"},"content":"            case \"E\":","lastModifiedDate":"2024-08-27","isFullCredit":false},{"lineNumber":141,"author":{"gitId":"jinnsuke"},"content":"                LocalDate eventFromDate \u003d LocalDate.parse(parts[3], DATE_FORMAT);","lastModifiedDate":"2024-08-28","isFullCredit":false},{"lineNumber":142,"author":{"gitId":"jinnsuke"},"content":"                LocalDate eventToDate \u003d LocalDate.parse(parts[4], DATE_FORMAT);","lastModifiedDate":"2024-08-28","isFullCredit":false},{"lineNumber":143,"author":{"gitId":"jinnsuke"},"content":"                task \u003d new Event(parts[2], eventFromDate, eventToDate);","lastModifiedDate":"2024-08-28","isFullCredit":false},{"lineNumber":144,"author":{"gitId":"jinnsuke"},"content":"                break;","lastModifiedDate":"2024-08-27","isFullCredit":false},{"lineNumber":145,"author":{"gitId":"jinnsuke"},"content":"        }","lastModifiedDate":"2024-08-27","isFullCredit":false},{"lineNumber":146,"author":{"gitId":"jinnsuke"},"content":"        if (task !\u003d null \u0026\u0026 parts[1].equals(\"1\")) {","lastModifiedDate":"2024-08-27","isFullCredit":false},{"lineNumber":147,"author":{"gitId":"jinnsuke"},"content":"            task.markAsDone();","lastModifiedDate":"2024-08-27","isFullCredit":false},{"lineNumber":148,"author":{"gitId":"jinnsuke"},"content":"        }","lastModifiedDate":"2024-08-27","isFullCredit":false},{"lineNumber":149,"author":{"gitId":"jinnsuke"},"content":"        return task;","lastModifiedDate":"2024-08-27","isFullCredit":false},{"lineNumber":150,"author":{"gitId":"jinnsuke"},"content":"    }","lastModifiedDate":"2024-08-27","isFullCredit":false},{"lineNumber":151,"author":{"gitId":"jinnsuke"},"content":"}","lastModifiedDate":"2024-08-27","isFullCredit":false}],"authorContributionMap":{"jinnsuke":151}},{"path":"src/main/java/shoai/ShoAI.java","fileType":"java","lines":[{"lineNumber":1,"author":{"gitId":"jinnsuke"},"content":"package shoai;","lastModifiedDate":"2024-08-27","isFullCredit":false},{"lineNumber":2,"author":{"gitId":"jinnsuke"},"content":"import shoai.TaskList; // Imports the TaskList class to manage tasks","lastModifiedDate":"2024-08-27","isFullCredit":false},{"lineNumber":3,"author":{"gitId":"jinnsuke"},"content":"import shoai.Ui; // Imports the Ui class for user interface interactions","lastModifiedDate":"2024-08-27","isFullCredit":false},{"lineNumber":4,"author":{"gitId":"jinnsuke"},"content":"import shoai.Storage; // Imports the Storage class to handle task storage","lastModifiedDate":"2024-08-27","isFullCredit":false},{"lineNumber":5,"author":{"gitId":"jinnsuke"},"content":"import shoai.Parser; // Imports the Parser class to parse commands","lastModifiedDate":"2024-08-27","isFullCredit":false},{"lineNumber":6,"author":{"gitId":"jinnsuke"},"content":"import shoai.ShoAIException; // Imports the ShoAIException class for handling exceptions","lastModifiedDate":"2024-08-27","isFullCredit":false},{"lineNumber":7,"author":{"gitId":"jinnsuke"},"content":"","lastModifiedDate":"2024-08-27","isFullCredit":false},{"lineNumber":8,"author":{"gitId":"jinnsuke"},"content":"public class ShoAI {","lastModifiedDate":"2024-08-22","isFullCredit":false},{"lineNumber":9,"author":{"gitId":"jinnsuke"},"content":"","lastModifiedDate":"2024-08-27","isFullCredit":false},{"lineNumber":10,"author":{"gitId":"jinnsuke"},"content":"    private Storage storage;","lastModifiedDate":"2024-08-27","isFullCredit":false},{"lineNumber":11,"author":{"gitId":"jinnsuke"},"content":"    private TaskList tasks;","lastModifiedDate":"2024-08-27","isFullCredit":false},{"lineNumber":12,"author":{"gitId":"jinnsuke"},"content":"    private Ui ui;","lastModifiedDate":"2024-08-27","isFullCredit":false},{"lineNumber":13,"author":{"gitId":"jinnsuke"},"content":"","lastModifiedDate":"2024-08-22","isFullCredit":false},{"lineNumber":14,"author":{"gitId":"jinnsuke"},"content":"    public ShoAI(String filePath) {","lastModifiedDate":"2024-08-27","isFullCredit":false},{"lineNumber":15,"author":{"gitId":"jinnsuke"},"content":"        ui \u003d new Ui();","lastModifiedDate":"2024-08-27","isFullCredit":false},{"lineNumber":16,"author":{"gitId":"jinnsuke"},"content":"        storage \u003d new Storage(filePath);","lastModifiedDate":"2024-08-27","isFullCredit":false},{"lineNumber":17,"author":{"gitId":"jinnsuke"},"content":"        try {","lastModifiedDate":"2024-08-23","isFullCredit":false},{"lineNumber":18,"author":{"gitId":"jinnsuke"},"content":"            tasks \u003d new TaskList(storage.loadTasks());","lastModifiedDate":"2024-08-27","isFullCredit":false},{"lineNumber":19,"author":{"gitId":"jinnsuke"},"content":"        } catch (ShoAIException e) {","lastModifiedDate":"2024-08-23","isFullCredit":false},{"lineNumber":20,"author":{"gitId":"jinnsuke"},"content":"            ui.showLoadingError();","lastModifiedDate":"2024-08-27","isFullCredit":false},{"lineNumber":21,"author":{"gitId":"jinnsuke"},"content":"            tasks \u003d new TaskList();","lastModifiedDate":"2024-08-27","isFullCredit":false},{"lineNumber":22,"author":{"gitId":"jinnsuke"},"content":"        }","lastModifiedDate":"2024-08-23","isFullCredit":false},{"lineNumber":23,"author":{"gitId":"jinnsuke"},"content":"    }","lastModifiedDate":"2024-08-22","isFullCredit":false},{"lineNumber":24,"author":{"gitId":"jinnsuke"},"content":"","lastModifiedDate":"2024-08-27","isFullCredit":false},{"lineNumber":25,"author":{"gitId":"jinnsuke"},"content":"    public void run() {","lastModifiedDate":"2024-08-27","isFullCredit":false},{"lineNumber":26,"author":{"gitId":"jinnsuke"},"content":"        ui.showWelcome();","lastModifiedDate":"2024-08-27","isFullCredit":false},{"lineNumber":27,"author":{"gitId":"jinnsuke"},"content":"        boolean isExit \u003d false;","lastModifiedDate":"2024-08-27","isFullCredit":false},{"lineNumber":28,"author":{"gitId":"jinnsuke"},"content":"        while (!isExit) {","lastModifiedDate":"2024-08-27","isFullCredit":false},{"lineNumber":29,"author":{"gitId":"jinnsuke"},"content":"            try {","lastModifiedDate":"2024-08-27","isFullCredit":false},{"lineNumber":30,"author":{"gitId":"jinnsuke"},"content":"                String fullCommand \u003d ui.readCommand();","lastModifiedDate":"2024-08-27","isFullCredit":false},{"lineNumber":31,"author":{"gitId":"jinnsuke"},"content":"                ui.showLine(); // show the divider line","lastModifiedDate":"2024-08-27","isFullCredit":false},{"lineNumber":32,"author":{"gitId":"jinnsuke"},"content":"                isExit \u003d new Parser().parse(fullCommand, tasks, ui, storage);","lastModifiedDate":"2024-08-27","isFullCredit":false},{"lineNumber":33,"author":{"gitId":"jinnsuke"},"content":"            } catch (ShoAIException e) {","lastModifiedDate":"2024-08-27","isFullCredit":false},{"lineNumber":34,"author":{"gitId":"jinnsuke"},"content":"                ui.showError(e.getMessage());","lastModifiedDate":"2024-08-27","isFullCredit":false},{"lineNumber":35,"author":{"gitId":"jinnsuke"},"content":"            } finally {","lastModifiedDate":"2024-08-27","isFullCredit":false},{"lineNumber":36,"author":{"gitId":"jinnsuke"},"content":"                ui.showLine();","lastModifiedDate":"2024-08-27","isFullCredit":false},{"lineNumber":37,"author":{"gitId":"jinnsuke"},"content":"            }","lastModifiedDate":"2024-08-27","isFullCredit":false},{"lineNumber":38,"author":{"gitId":"jinnsuke"},"content":"        }","lastModifiedDate":"2024-08-27","isFullCredit":false},{"lineNumber":39,"author":{"gitId":"jinnsuke"},"content":"    }","lastModifiedDate":"2024-08-27","isFullCredit":false},{"lineNumber":40,"author":{"gitId":"jinnsuke"},"content":"","lastModifiedDate":"2024-08-27","isFullCredit":false},{"lineNumber":41,"author":{"gitId":"jinnsuke"},"content":"    public static void main(String[] args) {","lastModifiedDate":"2024-08-27","isFullCredit":false},{"lineNumber":42,"author":{"gitId":"jinnsuke"},"content":"        new ShoAI(\"src/main/data/ShoAI.txt\").run();","lastModifiedDate":"2024-08-27","isFullCredit":false},{"lineNumber":43,"author":{"gitId":"jinnsuke"},"content":"    }","lastModifiedDate":"2024-08-27","isFullCredit":false},{"lineNumber":44,"author":{"gitId":"jinnsuke"},"content":"}","lastModifiedDate":"2024-08-22","isFullCredit":false}],"authorContributionMap":{"jinnsuke":44}},{"path":"src/main/java/shoai/ShoAIException.java","fileType":"java","lines":[{"lineNumber":1,"author":{"gitId":"jinnsuke"},"content":"package shoai;","lastModifiedDate":"2024-08-27","isFullCredit":false},{"lineNumber":2,"author":{"gitId":"jinnsuke"},"content":"","lastModifiedDate":"2024-08-27","isFullCredit":false},{"lineNumber":3,"author":{"gitId":"jinnsuke"},"content":"public class ShoAIException extends Exception {","lastModifiedDate":"2024-08-23","isFullCredit":false},{"lineNumber":4,"author":{"gitId":"jinnsuke"},"content":"    public ShoAIException(String message) {","lastModifiedDate":"2024-08-23","isFullCredit":false},{"lineNumber":5,"author":{"gitId":"jinnsuke"},"content":"        super(message);","lastModifiedDate":"2024-08-23","isFullCredit":false},{"lineNumber":6,"author":{"gitId":"jinnsuke"},"content":"    }","lastModifiedDate":"2024-08-23","isFullCredit":false},{"lineNumber":7,"author":{"gitId":"jinnsuke"},"content":"}","lastModifiedDate":"2024-08-23","isFullCredit":false}],"authorContributionMap":{"jinnsuke":7}},{"path":"src/main/java/shoai/Storage.java","fileType":"java","lines":[{"lineNumber":1,"author":{"gitId":"jinnsuke"},"content":"package shoai;","lastModifiedDate":"2024-08-27","isFullCredit":false},{"lineNumber":2,"author":{"gitId":"jinnsuke"},"content":"import shoai.Task; // Imports the Task class for task handling","lastModifiedDate":"2024-08-27","isFullCredit":false},{"lineNumber":3,"author":{"gitId":"jinnsuke"},"content":"import shoai.Parser; // Imports the Parser class for converting tasks to and from file strings","lastModifiedDate":"2024-08-27","isFullCredit":false},{"lineNumber":4,"author":{"gitId":"jinnsuke"},"content":"import shoai.ShoAIException; // Imports the ShoAIException class for handling exceptions","lastModifiedDate":"2024-08-27","isFullCredit":false},{"lineNumber":5,"author":{"gitId":"jinnsuke"},"content":"import java.io.*; // Imports classes for file handling (BufferedReader, BufferedWriter, File, FileReader, FileWriter, IOException)","lastModifiedDate":"2024-08-27","isFullCredit":false},{"lineNumber":6,"author":{"gitId":"jinnsuke"},"content":"import java.util.ArrayList; // Imports ArrayList to store and manipulate the task list","lastModifiedDate":"2024-08-27","isFullCredit":false},{"lineNumber":7,"author":{"gitId":"jinnsuke"},"content":"","lastModifiedDate":"2024-08-27","isFullCredit":false},{"lineNumber":8,"author":{"gitId":"jinnsuke"},"content":"public class Storage {","lastModifiedDate":"2024-08-27","isFullCredit":false},{"lineNumber":9,"author":{"gitId":"jinnsuke"},"content":"    private String filePath;","lastModifiedDate":"2024-08-27","isFullCredit":false},{"lineNumber":10,"author":{"gitId":"jinnsuke"},"content":"","lastModifiedDate":"2024-08-27","isFullCredit":false},{"lineNumber":11,"author":{"gitId":"jinnsuke"},"content":"    public Storage(String filePath) {","lastModifiedDate":"2024-08-27","isFullCredit":false},{"lineNumber":12,"author":{"gitId":"jinnsuke"},"content":"        this.filePath \u003d filePath;","lastModifiedDate":"2024-08-27","isFullCredit":false},{"lineNumber":13,"author":{"gitId":"jinnsuke"},"content":"    }","lastModifiedDate":"2024-08-27","isFullCredit":false},{"lineNumber":14,"author":{"gitId":"jinnsuke"},"content":"","lastModifiedDate":"2024-08-27","isFullCredit":false},{"lineNumber":15,"author":{"gitId":"jinnsuke"},"content":"    public ArrayList\u003cTask\u003e loadTasks() throws ShoAIException {","lastModifiedDate":"2024-08-27","isFullCredit":false},{"lineNumber":16,"author":{"gitId":"jinnsuke"},"content":"        ArrayList\u003cTask\u003e tasks \u003d new ArrayList\u003c\u003e();","lastModifiedDate":"2024-08-27","isFullCredit":false},{"lineNumber":17,"author":{"gitId":"jinnsuke"},"content":"        File file \u003d new File(filePath);","lastModifiedDate":"2024-08-27","isFullCredit":false},{"lineNumber":18,"author":{"gitId":"jinnsuke"},"content":"        if (!file.exists()) {","lastModifiedDate":"2024-08-27","isFullCredit":false},{"lineNumber":19,"author":{"gitId":"jinnsuke"},"content":"            return tasks; // No file to load, return empty list","lastModifiedDate":"2024-08-27","isFullCredit":false},{"lineNumber":20,"author":{"gitId":"jinnsuke"},"content":"        }","lastModifiedDate":"2024-08-27","isFullCredit":false},{"lineNumber":21,"author":{"gitId":"jinnsuke"},"content":"","lastModifiedDate":"2024-08-27","isFullCredit":false},{"lineNumber":22,"author":{"gitId":"jinnsuke"},"content":"        try (BufferedReader reader \u003d new BufferedReader(new FileReader(file))) {","lastModifiedDate":"2024-08-27","isFullCredit":false},{"lineNumber":23,"author":{"gitId":"jinnsuke"},"content":"            String line;","lastModifiedDate":"2024-08-27","isFullCredit":false},{"lineNumber":24,"author":{"gitId":"jinnsuke"},"content":"            while ((line \u003d reader.readLine()) !\u003d null) {","lastModifiedDate":"2024-08-27","isFullCredit":false},{"lineNumber":25,"author":{"gitId":"jinnsuke"},"content":"                tasks.add(Parser.fileStringToTask(line));","lastModifiedDate":"2024-08-27","isFullCredit":false},{"lineNumber":26,"author":{"gitId":"jinnsuke"},"content":"            }","lastModifiedDate":"2024-08-27","isFullCredit":false},{"lineNumber":27,"author":{"gitId":"jinnsuke"},"content":"        } catch (IOException e) {","lastModifiedDate":"2024-08-27","isFullCredit":false},{"lineNumber":28,"author":{"gitId":"jinnsuke"},"content":"            throw new ShoAIException(\"Error reading from file: \" + e.getMessage());","lastModifiedDate":"2024-08-27","isFullCredit":false},{"lineNumber":29,"author":{"gitId":"jinnsuke"},"content":"        }","lastModifiedDate":"2024-08-27","isFullCredit":false},{"lineNumber":30,"author":{"gitId":"jinnsuke"},"content":"        return tasks;","lastModifiedDate":"2024-08-27","isFullCredit":false},{"lineNumber":31,"author":{"gitId":"jinnsuke"},"content":"    }","lastModifiedDate":"2024-08-27","isFullCredit":false},{"lineNumber":32,"author":{"gitId":"jinnsuke"},"content":"","lastModifiedDate":"2024-08-27","isFullCredit":false},{"lineNumber":33,"author":{"gitId":"jinnsuke"},"content":"    public void saveTasks(ArrayList\u003cTask\u003e tasks) {","lastModifiedDate":"2024-08-27","isFullCredit":false},{"lineNumber":34,"author":{"gitId":"jinnsuke"},"content":"        File file \u003d new File(filePath);","lastModifiedDate":"2024-08-27","isFullCredit":false},{"lineNumber":35,"author":{"gitId":"jinnsuke"},"content":"        file.getParentFile().mkdirs(); // Create the directory if it doesn\u0027t exist","lastModifiedDate":"2024-08-27","isFullCredit":false},{"lineNumber":36,"author":{"gitId":"jinnsuke"},"content":"","lastModifiedDate":"2024-08-27","isFullCredit":false},{"lineNumber":37,"author":{"gitId":"jinnsuke"},"content":"        try (BufferedWriter writer \u003d new BufferedWriter(new FileWriter(file, false))) {","lastModifiedDate":"2024-08-27","isFullCredit":false},{"lineNumber":38,"author":{"gitId":"jinnsuke"},"content":"            for (Task task : tasks) {","lastModifiedDate":"2024-08-27","isFullCredit":false},{"lineNumber":39,"author":{"gitId":"jinnsuke"},"content":"                writer.write(Parser.taskToFileString(task));","lastModifiedDate":"2024-08-27","isFullCredit":false},{"lineNumber":40,"author":{"gitId":"jinnsuke"},"content":"                writer.newLine();","lastModifiedDate":"2024-08-27","isFullCredit":false},{"lineNumber":41,"author":{"gitId":"jinnsuke"},"content":"            }","lastModifiedDate":"2024-08-27","isFullCredit":false},{"lineNumber":42,"author":{"gitId":"jinnsuke"},"content":"        } catch (IOException e) {","lastModifiedDate":"2024-08-27","isFullCredit":false},{"lineNumber":43,"author":{"gitId":"jinnsuke"},"content":"            System.out.println(\"Error writing to file: \" + e.getMessage());","lastModifiedDate":"2024-08-27","isFullCredit":false},{"lineNumber":44,"author":{"gitId":"jinnsuke"},"content":"        }","lastModifiedDate":"2024-08-27","isFullCredit":false},{"lineNumber":45,"author":{"gitId":"jinnsuke"},"content":"    }","lastModifiedDate":"2024-08-27","isFullCredit":false},{"lineNumber":46,"author":{"gitId":"jinnsuke"},"content":"}","lastModifiedDate":"2024-08-27","isFullCredit":false}],"authorContributionMap":{"jinnsuke":46}},{"path":"src/main/java/shoai/Task.java","fileType":"java","lines":[{"lineNumber":1,"author":{"gitId":"jinnsuke"},"content":"package shoai;","lastModifiedDate":"2024-08-27","isFullCredit":false},{"lineNumber":2,"author":{"gitId":"jinnsuke"},"content":"","lastModifiedDate":"2024-08-27","isFullCredit":false},{"lineNumber":3,"author":{"gitId":"jinnsuke"},"content":"public abstract class Task {","lastModifiedDate":"2024-08-27","isFullCredit":false},{"lineNumber":4,"author":{"gitId":"jinnsuke"},"content":"    protected String description;","lastModifiedDate":"2024-08-22","isFullCredit":false},{"lineNumber":5,"author":{"gitId":"jinnsuke"},"content":"    protected boolean isDone;","lastModifiedDate":"2024-08-22","isFullCredit":false},{"lineNumber":6,"author":{"gitId":"jinnsuke"},"content":"","lastModifiedDate":"2024-08-22","isFullCredit":false},{"lineNumber":7,"author":{"gitId":"jinnsuke"},"content":"    public Task(String description) {","lastModifiedDate":"2024-08-22","isFullCredit":false},{"lineNumber":8,"author":{"gitId":"jinnsuke"},"content":"        this.description \u003d description;","lastModifiedDate":"2024-08-22","isFullCredit":false},{"lineNumber":9,"author":{"gitId":"jinnsuke"},"content":"        this.isDone \u003d false;","lastModifiedDate":"2024-08-22","isFullCredit":false},{"lineNumber":10,"author":{"gitId":"jinnsuke"},"content":"    }","lastModifiedDate":"2024-08-22","isFullCredit":false},{"lineNumber":11,"author":{"gitId":"jinnsuke"},"content":"","lastModifiedDate":"2024-08-22","isFullCredit":false},{"lineNumber":12,"author":{"gitId":"jinnsuke"},"content":"    public String getDescription() {","lastModifiedDate":"2024-08-27","isFullCredit":false},{"lineNumber":13,"author":{"gitId":"jinnsuke"},"content":"        return description;","lastModifiedDate":"2024-08-27","isFullCredit":false},{"lineNumber":14,"author":{"gitId":"jinnsuke"},"content":"    }","lastModifiedDate":"2024-08-27","isFullCredit":false},{"lineNumber":15,"author":{"gitId":"jinnsuke"},"content":"","lastModifiedDate":"2024-08-27","isFullCredit":false},{"lineNumber":16,"author":{"gitId":"jinnsuke"},"content":"    public boolean isDone() {","lastModifiedDate":"2024-08-27","isFullCredit":false},{"lineNumber":17,"author":{"gitId":"jinnsuke"},"content":"        return isDone;","lastModifiedDate":"2024-08-27","isFullCredit":false},{"lineNumber":18,"author":{"gitId":"jinnsuke"},"content":"    }","lastModifiedDate":"2024-08-22","isFullCredit":false},{"lineNumber":19,"author":{"gitId":"jinnsuke"},"content":"","lastModifiedDate":"2024-08-22","isFullCredit":false},{"lineNumber":20,"author":{"gitId":"jinnsuke"},"content":"    public void markAsDone() {","lastModifiedDate":"2024-08-22","isFullCredit":false},{"lineNumber":21,"author":{"gitId":"jinnsuke"},"content":"        isDone \u003d true;","lastModifiedDate":"2024-08-27","isFullCredit":false},{"lineNumber":22,"author":{"gitId":"jinnsuke"},"content":"    }","lastModifiedDate":"2024-08-22","isFullCredit":false},{"lineNumber":23,"author":{"gitId":"jinnsuke"},"content":"","lastModifiedDate":"2024-08-22","isFullCredit":false},{"lineNumber":24,"author":{"gitId":"jinnsuke"},"content":"    public void markAsNotDone() {","lastModifiedDate":"2024-08-22","isFullCredit":false},{"lineNumber":25,"author":{"gitId":"jinnsuke"},"content":"        isDone \u003d false;","lastModifiedDate":"2024-08-27","isFullCredit":false},{"lineNumber":26,"author":{"gitId":"jinnsuke"},"content":"    }","lastModifiedDate":"2024-08-22","isFullCredit":false},{"lineNumber":27,"author":{"gitId":"jinnsuke"},"content":"","lastModifiedDate":"2024-08-22","isFullCredit":false},{"lineNumber":28,"author":{"gitId":"jinnsuke"},"content":"    @Override","lastModifiedDate":"2024-08-22","isFullCredit":false},{"lineNumber":29,"author":{"gitId":"jinnsuke"},"content":"    public String toString() {","lastModifiedDate":"2024-08-22","isFullCredit":false},{"lineNumber":30,"author":{"gitId":"jinnsuke"},"content":"        return (isDone ? \"[X] \" : \"[ ] \") + description;","lastModifiedDate":"2024-08-27","isFullCredit":false},{"lineNumber":31,"author":{"gitId":"jinnsuke"},"content":"    }","lastModifiedDate":"2024-08-22","isFullCredit":false},{"lineNumber":32,"author":{"gitId":"jinnsuke"},"content":"}","lastModifiedDate":"2024-08-22","isFullCredit":false}],"authorContributionMap":{"jinnsuke":32}},{"path":"src/main/java/shoai/TaskList.java","fileType":"java","lines":[{"lineNumber":1,"author":{"gitId":"jinnsuke"},"content":"package shoai;","lastModifiedDate":"2024-08-27","isFullCredit":false},{"lineNumber":2,"author":{"gitId":"jinnsuke"},"content":"import shoai.Task; // Imports the Task class for task management","lastModifiedDate":"2024-08-27","isFullCredit":false},{"lineNumber":3,"author":{"gitId":"jinnsuke"},"content":"import shoai.ShoAIException; // Imports the ShoAIException class for handling exceptions","lastModifiedDate":"2024-08-27","isFullCredit":false},{"lineNumber":4,"author":{"gitId":"jinnsuke"},"content":"import java.util.ArrayList; // Imports ArrayList for task storage","lastModifiedDate":"2024-08-27","isFullCredit":false},{"lineNumber":5,"author":{"gitId":"jinnsuke"},"content":"","lastModifiedDate":"2024-08-27","isFullCredit":false},{"lineNumber":6,"author":{"gitId":"jinnsuke"},"content":"public class TaskList {","lastModifiedDate":"2024-08-27","isFullCredit":false},{"lineNumber":7,"author":{"gitId":"jinnsuke"},"content":"    private ArrayList\u003cTask\u003e tasks;","lastModifiedDate":"2024-08-27","isFullCredit":false},{"lineNumber":8,"author":{"gitId":"jinnsuke"},"content":"","lastModifiedDate":"2024-08-27","isFullCredit":false},{"lineNumber":9,"author":{"gitId":"jinnsuke"},"content":"    public TaskList() {","lastModifiedDate":"2024-08-27","isFullCredit":false},{"lineNumber":10,"author":{"gitId":"jinnsuke"},"content":"        this.tasks \u003d new ArrayList\u003c\u003e();","lastModifiedDate":"2024-08-27","isFullCredit":false},{"lineNumber":11,"author":{"gitId":"jinnsuke"},"content":"    }","lastModifiedDate":"2024-08-27","isFullCredit":false},{"lineNumber":12,"author":{"gitId":"jinnsuke"},"content":"","lastModifiedDate":"2024-08-27","isFullCredit":false},{"lineNumber":13,"author":{"gitId":"jinnsuke"},"content":"    public TaskList(ArrayList\u003cTask\u003e tasks) {","lastModifiedDate":"2024-08-27","isFullCredit":false},{"lineNumber":14,"author":{"gitId":"jinnsuke"},"content":"        this.tasks \u003d tasks;","lastModifiedDate":"2024-08-27","isFullCredit":false},{"lineNumber":15,"author":{"gitId":"jinnsuke"},"content":"    }","lastModifiedDate":"2024-08-27","isFullCredit":false},{"lineNumber":16,"author":{"gitId":"jinnsuke"},"content":"","lastModifiedDate":"2024-08-27","isFullCredit":false},{"lineNumber":17,"author":{"gitId":"jinnsuke"},"content":"    public ArrayList\u003cTask\u003e getAllTasks() {","lastModifiedDate":"2024-08-27","isFullCredit":false},{"lineNumber":18,"author":{"gitId":"jinnsuke"},"content":"        return tasks;","lastModifiedDate":"2024-08-27","isFullCredit":false},{"lineNumber":19,"author":{"gitId":"jinnsuke"},"content":"    }","lastModifiedDate":"2024-08-27","isFullCredit":false},{"lineNumber":20,"author":{"gitId":"jinnsuke"},"content":"","lastModifiedDate":"2024-08-27","isFullCredit":false},{"lineNumber":21,"author":{"gitId":"jinnsuke"},"content":"    public int size() {","lastModifiedDate":"2024-08-27","isFullCredit":false},{"lineNumber":22,"author":{"gitId":"jinnsuke"},"content":"        return tasks.size();","lastModifiedDate":"2024-08-27","isFullCredit":false},{"lineNumber":23,"author":{"gitId":"jinnsuke"},"content":"    }","lastModifiedDate":"2024-08-27","isFullCredit":false},{"lineNumber":24,"author":{"gitId":"jinnsuke"},"content":"","lastModifiedDate":"2024-08-27","isFullCredit":false},{"lineNumber":25,"author":{"gitId":"jinnsuke"},"content":"    public void addTask(Task task) {","lastModifiedDate":"2024-08-27","isFullCredit":false},{"lineNumber":26,"author":{"gitId":"jinnsuke"},"content":"        tasks.add(task);","lastModifiedDate":"2024-08-27","isFullCredit":false},{"lineNumber":27,"author":{"gitId":"jinnsuke"},"content":"    }","lastModifiedDate":"2024-08-27","isFullCredit":false},{"lineNumber":28,"author":{"gitId":"jinnsuke"},"content":"","lastModifiedDate":"2024-08-27","isFullCredit":false},{"lineNumber":29,"author":{"gitId":"jinnsuke"},"content":"    public Task getTask(int index) throws ShoAIException {","lastModifiedDate":"2024-08-27","isFullCredit":false},{"lineNumber":30,"author":{"gitId":"jinnsuke"},"content":"        if (index \u003c 0 || index \u003e\u003d tasks.size()) {","lastModifiedDate":"2024-08-27","isFullCredit":false},{"lineNumber":31,"author":{"gitId":"jinnsuke"},"content":"            throw new ShoAIException(\"Task number out of range.\");","lastModifiedDate":"2024-08-27","isFullCredit":false},{"lineNumber":32,"author":{"gitId":"jinnsuke"},"content":"        }","lastModifiedDate":"2024-08-27","isFullCredit":false},{"lineNumber":33,"author":{"gitId":"jinnsuke"},"content":"        return tasks.get(index);","lastModifiedDate":"2024-08-27","isFullCredit":false},{"lineNumber":34,"author":{"gitId":"jinnsuke"},"content":"    }","lastModifiedDate":"2024-08-27","isFullCredit":false},{"lineNumber":35,"author":{"gitId":"jinnsuke"},"content":"","lastModifiedDate":"2024-08-27","isFullCredit":false},{"lineNumber":36,"author":{"gitId":"jinnsuke"},"content":"    public Task removeTask(int index) throws ShoAIException {","lastModifiedDate":"2024-08-27","isFullCredit":false},{"lineNumber":37,"author":{"gitId":"jinnsuke"},"content":"        if (index \u003c 0 || index \u003e\u003d tasks.size()) {","lastModifiedDate":"2024-08-27","isFullCredit":false},{"lineNumber":38,"author":{"gitId":"jinnsuke"},"content":"            throw new ShoAIException(\"Task number out of range.\");","lastModifiedDate":"2024-08-27","isFullCredit":false},{"lineNumber":39,"author":{"gitId":"jinnsuke"},"content":"        }","lastModifiedDate":"2024-08-27","isFullCredit":false},{"lineNumber":40,"author":{"gitId":"jinnsuke"},"content":"        return tasks.remove(index);","lastModifiedDate":"2024-08-27","isFullCredit":false},{"lineNumber":41,"author":{"gitId":"jinnsuke"},"content":"    }","lastModifiedDate":"2024-08-27","isFullCredit":false},{"lineNumber":42,"author":{"gitId":"jinnsuke"},"content":"","lastModifiedDate":"2024-08-27","isFullCredit":false},{"lineNumber":43,"author":{"gitId":"jinnsuke"},"content":"    public Task get(int index) {","lastModifiedDate":"2024-08-27","isFullCredit":false},{"lineNumber":44,"author":{"gitId":"jinnsuke"},"content":"        return tasks.get(index);","lastModifiedDate":"2024-08-27","isFullCredit":false},{"lineNumber":45,"author":{"gitId":"jinnsuke"},"content":"    }","lastModifiedDate":"2024-08-27","isFullCredit":false},{"lineNumber":46,"author":{"gitId":"jinnsuke"},"content":"}","lastModifiedDate":"2024-08-27","isFullCredit":false}],"authorContributionMap":{"jinnsuke":46}},{"path":"src/main/java/shoai/Todo.java","fileType":"java","lines":[{"lineNumber":1,"author":{"gitId":"jinnsuke"},"content":"package shoai;","lastModifiedDate":"2024-08-27","isFullCredit":false},{"lineNumber":2,"author":{"gitId":"jinnsuke"},"content":"import shoai.Task; // Imports the Task class since Todo extends Task","lastModifiedDate":"2024-08-27","isFullCredit":false},{"lineNumber":3,"author":{"gitId":"jinnsuke"},"content":"","lastModifiedDate":"2024-08-27","isFullCredit":false},{"lineNumber":4,"author":{"gitId":"jinnsuke"},"content":"public class Todo extends Task {","lastModifiedDate":"2024-08-22","isFullCredit":false},{"lineNumber":5,"author":{"gitId":"jinnsuke"},"content":"    public Todo(String description) {","lastModifiedDate":"2024-08-22","isFullCredit":false},{"lineNumber":6,"author":{"gitId":"jinnsuke"},"content":"        super(description);","lastModifiedDate":"2024-08-22","isFullCredit":false},{"lineNumber":7,"author":{"gitId":"jinnsuke"},"content":"    }","lastModifiedDate":"2024-08-22","isFullCredit":false},{"lineNumber":8,"author":{"gitId":"jinnsuke"},"content":"","lastModifiedDate":"2024-08-22","isFullCredit":false},{"lineNumber":9,"author":{"gitId":"jinnsuke"},"content":"    @Override","lastModifiedDate":"2024-08-22","isFullCredit":false},{"lineNumber":10,"author":{"gitId":"jinnsuke"},"content":"    public String toString() {","lastModifiedDate":"2024-08-22","isFullCredit":false},{"lineNumber":11,"author":{"gitId":"jinnsuke"},"content":"        return \"[T]\" + super.toString();","lastModifiedDate":"2024-08-22","isFullCredit":false},{"lineNumber":12,"author":{"gitId":"jinnsuke"},"content":"    }","lastModifiedDate":"2024-08-22","isFullCredit":false},{"lineNumber":13,"author":{"gitId":"jinnsuke"},"content":"}","lastModifiedDate":"2024-08-22","isFullCredit":false}],"authorContributionMap":{"jinnsuke":13}},{"path":"src/main/java/shoai/Ui.java","fileType":"java","lines":[{"lineNumber":1,"author":{"gitId":"jinnsuke"},"content":"package shoai;","lastModifiedDate":"2024-08-27","isFullCredit":false},{"lineNumber":2,"author":{"gitId":"jinnsuke"},"content":"import shoai.TaskList; // Imports TaskList for managing and displaying tasks","lastModifiedDate":"2024-08-27","isFullCredit":false},{"lineNumber":3,"author":{"gitId":"jinnsuke"},"content":"import shoai.Task; // Imports Task for displaying task information","lastModifiedDate":"2024-08-27","isFullCredit":false},{"lineNumber":4,"author":{"gitId":"jinnsuke"},"content":"import java.util.Scanner; // Imports Scanner for reading user input","lastModifiedDate":"2024-08-27","isFullCredit":false},{"lineNumber":5,"author":{"gitId":"jinnsuke"},"content":"","lastModifiedDate":"2024-08-27","isFullCredit":false},{"lineNumber":6,"author":{"gitId":"jinnsuke"},"content":"","lastModifiedDate":"2024-08-27","isFullCredit":false},{"lineNumber":7,"author":{"gitId":"jinnsuke"},"content":"public class Ui {","lastModifiedDate":"2024-08-27","isFullCredit":false},{"lineNumber":8,"author":{"gitId":"jinnsuke"},"content":"    private Scanner scanner;","lastModifiedDate":"2024-08-27","isFullCredit":false},{"lineNumber":9,"author":{"gitId":"jinnsuke"},"content":"","lastModifiedDate":"2024-08-27","isFullCredit":false},{"lineNumber":10,"author":{"gitId":"jinnsuke"},"content":"    public Ui() {","lastModifiedDate":"2024-08-27","isFullCredit":false},{"lineNumber":11,"author":{"gitId":"jinnsuke"},"content":"        this.scanner \u003d new Scanner(System.in);","lastModifiedDate":"2024-08-27","isFullCredit":false},{"lineNumber":12,"author":{"gitId":"jinnsuke"},"content":"    }","lastModifiedDate":"2024-08-27","isFullCredit":false},{"lineNumber":13,"author":{"gitId":"jinnsuke"},"content":"","lastModifiedDate":"2024-08-27","isFullCredit":false},{"lineNumber":14,"author":{"gitId":"jinnsuke"},"content":"    public void showWelcome() {","lastModifiedDate":"2024-08-27","isFullCredit":false},{"lineNumber":15,"author":{"gitId":"jinnsuke"},"content":"        System.out.println(\"____________________________________________________________\");","lastModifiedDate":"2024-08-27","isFullCredit":false},{"lineNumber":16,"author":{"gitId":"jinnsuke"},"content":"        System.out.println(\"Hello! I\u0027m ShoAI\");","lastModifiedDate":"2024-08-27","isFullCredit":false},{"lineNumber":17,"author":{"gitId":"jinnsuke"},"content":"        System.out.println(\"What can I do for you?\");","lastModifiedDate":"2024-08-27","isFullCredit":false},{"lineNumber":18,"author":{"gitId":"jinnsuke"},"content":"        System.out.println(\"____________________________________________________________\");","lastModifiedDate":"2024-08-27","isFullCredit":false},{"lineNumber":19,"author":{"gitId":"jinnsuke"},"content":"    }","lastModifiedDate":"2024-08-27","isFullCredit":false},{"lineNumber":20,"author":{"gitId":"jinnsuke"},"content":"","lastModifiedDate":"2024-08-27","isFullCredit":false},{"lineNumber":21,"author":{"gitId":"jinnsuke"},"content":"    public String readCommand() {","lastModifiedDate":"2024-08-27","isFullCredit":false},{"lineNumber":22,"author":{"gitId":"jinnsuke"},"content":"        return scanner.nextLine();","lastModifiedDate":"2024-08-27","isFullCredit":false},{"lineNumber":23,"author":{"gitId":"jinnsuke"},"content":"    }","lastModifiedDate":"2024-08-27","isFullCredit":false},{"lineNumber":24,"author":{"gitId":"jinnsuke"},"content":"","lastModifiedDate":"2024-08-27","isFullCredit":false},{"lineNumber":25,"author":{"gitId":"jinnsuke"},"content":"    public void showLine() {","lastModifiedDate":"2024-08-27","isFullCredit":false},{"lineNumber":26,"author":{"gitId":"jinnsuke"},"content":"        System.out.println(\"____________________________________________________________\");","lastModifiedDate":"2024-08-27","isFullCredit":false},{"lineNumber":27,"author":{"gitId":"jinnsuke"},"content":"    }","lastModifiedDate":"2024-08-27","isFullCredit":false},{"lineNumber":28,"author":{"gitId":"jinnsuke"},"content":"","lastModifiedDate":"2024-08-27","isFullCredit":false},{"lineNumber":29,"author":{"gitId":"jinnsuke"},"content":"    public void showLoadingError() {","lastModifiedDate":"2024-08-27","isFullCredit":false},{"lineNumber":30,"author":{"gitId":"jinnsuke"},"content":"        System.out.println(\"Error loading tasks from file. Starting with an empty task list.\");","lastModifiedDate":"2024-08-27","isFullCredit":false},{"lineNumber":31,"author":{"gitId":"jinnsuke"},"content":"    }","lastModifiedDate":"2024-08-27","isFullCredit":false},{"lineNumber":32,"author":{"gitId":"jinnsuke"},"content":"","lastModifiedDate":"2024-08-27","isFullCredit":false},{"lineNumber":33,"author":{"gitId":"jinnsuke"},"content":"    public void showError(String message) {","lastModifiedDate":"2024-08-27","isFullCredit":false},{"lineNumber":34,"author":{"gitId":"jinnsuke"},"content":"        System.out.println(message);","lastModifiedDate":"2024-08-27","isFullCredit":false},{"lineNumber":35,"author":{"gitId":"jinnsuke"},"content":"    }","lastModifiedDate":"2024-08-27","isFullCredit":false},{"lineNumber":36,"author":{"gitId":"jinnsuke"},"content":"","lastModifiedDate":"2024-08-27","isFullCredit":false},{"lineNumber":37,"author":{"gitId":"jinnsuke"},"content":"    public void showExitMessage() {","lastModifiedDate":"2024-08-27","isFullCredit":false},{"lineNumber":38,"author":{"gitId":"jinnsuke"},"content":"        System.out.println(\"Bye. Hope to see you again soon!\");","lastModifiedDate":"2024-08-27","isFullCredit":false},{"lineNumber":39,"author":{"gitId":"jinnsuke"},"content":"    }","lastModifiedDate":"2024-08-27","isFullCredit":false},{"lineNumber":40,"author":{"gitId":"jinnsuke"},"content":"","lastModifiedDate":"2024-08-27","isFullCredit":false},{"lineNumber":41,"author":{"gitId":"jinnsuke"},"content":"    public void showTaskList(TaskList tasks) {","lastModifiedDate":"2024-08-27","isFullCredit":false},{"lineNumber":42,"author":{"gitId":"jinnsuke"},"content":"        System.out.println(\"Here are the tasks in your list:\");","lastModifiedDate":"2024-08-27","isFullCredit":false},{"lineNumber":43,"author":{"gitId":"jinnsuke"},"content":"        for (int i \u003d 0; i \u003c tasks.size(); i++) {","lastModifiedDate":"2024-08-27","isFullCredit":false},{"lineNumber":44,"author":{"gitId":"jinnsuke"},"content":"            System.out.println((i + 1) + \".\" + tasks.get(i));","lastModifiedDate":"2024-08-27","isFullCredit":false},{"lineNumber":45,"author":{"gitId":"jinnsuke"},"content":"        }","lastModifiedDate":"2024-08-27","isFullCredit":false},{"lineNumber":46,"author":{"gitId":"jinnsuke"},"content":"    }","lastModifiedDate":"2024-08-27","isFullCredit":false},{"lineNumber":47,"author":{"gitId":"jinnsuke"},"content":"","lastModifiedDate":"2024-08-27","isFullCredit":false},{"lineNumber":48,"author":{"gitId":"jinnsuke"},"content":"    public void showTaskAdded(Task task, int taskCount) {","lastModifiedDate":"2024-08-27","isFullCredit":false},{"lineNumber":49,"author":{"gitId":"jinnsuke"},"content":"        System.out.println(\"Got it. I\u0027ve added this task:\");","lastModifiedDate":"2024-08-27","isFullCredit":false},{"lineNumber":50,"author":{"gitId":"jinnsuke"},"content":"        System.out.println(task);","lastModifiedDate":"2024-08-27","isFullCredit":false},{"lineNumber":51,"author":{"gitId":"jinnsuke"},"content":"        System.out.println(\"Now you have \" + taskCount + \" task\" + (taskCount \u003e 1 ? \"s\" : \"\") + \" in the list.\");","lastModifiedDate":"2024-08-27","isFullCredit":false},{"lineNumber":52,"author":{"gitId":"jinnsuke"},"content":"    }","lastModifiedDate":"2024-08-27","isFullCredit":false},{"lineNumber":53,"author":{"gitId":"jinnsuke"},"content":"","lastModifiedDate":"2024-08-27","isFullCredit":false},{"lineNumber":54,"author":{"gitId":"jinnsuke"},"content":"    public void showTaskDeleted(Task task, int taskCount) {","lastModifiedDate":"2024-08-27","isFullCredit":false},{"lineNumber":55,"author":{"gitId":"jinnsuke"},"content":"        System.out.println(\"Noted. I\u0027ve removed this task:\");","lastModifiedDate":"2024-08-27","isFullCredit":false},{"lineNumber":56,"author":{"gitId":"jinnsuke"},"content":"        System.out.println(\"  \" + task);","lastModifiedDate":"2024-08-27","isFullCredit":false},{"lineNumber":57,"author":{"gitId":"jinnsuke"},"content":"        System.out.println(\"Now you have \" + taskCount + \" task\" + (taskCount \u003e 1 ? \"s\" : \"\") + \" in the list.\");","lastModifiedDate":"2024-08-27","isFullCredit":false},{"lineNumber":58,"author":{"gitId":"jinnsuke"},"content":"    }","lastModifiedDate":"2024-08-27","isFullCredit":false},{"lineNumber":59,"author":{"gitId":"jinnsuke"},"content":"","lastModifiedDate":"2024-08-27","isFullCredit":false},{"lineNumber":60,"author":{"gitId":"jinnsuke"},"content":"    public void showTaskMarked(Task task) {","lastModifiedDate":"2024-08-27","isFullCredit":false},{"lineNumber":61,"author":{"gitId":"jinnsuke"},"content":"        System.out.println(\"Nice! I\u0027ve marked this task as done:\");","lastModifiedDate":"2024-08-27","isFullCredit":false},{"lineNumber":62,"author":{"gitId":"jinnsuke"},"content":"        System.out.println(task);","lastModifiedDate":"2024-08-27","isFullCredit":false},{"lineNumber":63,"author":{"gitId":"jinnsuke"},"content":"    }","lastModifiedDate":"2024-08-27","isFullCredit":false},{"lineNumber":64,"author":{"gitId":"jinnsuke"},"content":"","lastModifiedDate":"2024-08-27","isFullCredit":false},{"lineNumber":65,"author":{"gitId":"jinnsuke"},"content":"    public void showTaskUnmarked(Task task) {","lastModifiedDate":"2024-08-27","isFullCredit":false},{"lineNumber":66,"author":{"gitId":"jinnsuke"},"content":"        System.out.println(\"OK, I\u0027ve marked this task as not done yet:\");","lastModifiedDate":"2024-08-27","isFullCredit":false},{"lineNumber":67,"author":{"gitId":"jinnsuke"},"content":"        System.out.println(task);","lastModifiedDate":"2024-08-27","isFullCredit":false},{"lineNumber":68,"author":{"gitId":"jinnsuke"},"content":"    }","lastModifiedDate":"2024-08-27","isFullCredit":false},{"lineNumber":69,"author":{"gitId":"jinnsuke"},"content":"}","lastModifiedDate":"2024-08-27","isFullCredit":false}],"authorContributionMap":{"jinnsuke":69}},{"path":"src/test/java/shoai/DeadlineTest.java","fileType":"java","lines":[{"lineNumber":1,"author":{"gitId":"jinnsuke"},"content":"package shoai;","lastModifiedDate":"2024-08-28","isFullCredit":false},{"lineNumber":2,"author":{"gitId":"jinnsuke"},"content":"","lastModifiedDate":"2024-08-28","isFullCredit":false},{"lineNumber":3,"author":{"gitId":"jinnsuke"},"content":"import org.junit.jupiter.api.Test;","lastModifiedDate":"2024-08-28","isFullCredit":false},{"lineNumber":4,"author":{"gitId":"jinnsuke"},"content":"import static org.junit.jupiter.api.Assertions.assertEquals;","lastModifiedDate":"2024-08-28","isFullCredit":false},{"lineNumber":5,"author":{"gitId":"jinnsuke"},"content":"import static org.junit.jupiter.api.Assertions.assertNotNull;","lastModifiedDate":"2024-08-28","isFullCredit":false},{"lineNumber":6,"author":{"gitId":"jinnsuke"},"content":"","lastModifiedDate":"2024-08-28","isFullCredit":false},{"lineNumber":7,"author":{"gitId":"jinnsuke"},"content":"public class DeadlineTest {","lastModifiedDate":"2024-08-28","isFullCredit":false},{"lineNumber":8,"author":{"gitId":"jinnsuke"},"content":"","lastModifiedDate":"2024-08-28","isFullCredit":false},{"lineNumber":9,"author":{"gitId":"jinnsuke"},"content":"    @Test","lastModifiedDate":"2024-08-28","isFullCredit":false},{"lineNumber":10,"author":{"gitId":"jinnsuke"},"content":"    public void testDeadlineConstructor() {","lastModifiedDate":"2024-08-28","isFullCredit":false},{"lineNumber":11,"author":{"gitId":"jinnsuke"},"content":"        Deadline deadline \u003d new Deadline(\"Submit report\", \"2024-09-01\");","lastModifiedDate":"2024-08-28","isFullCredit":false},{"lineNumber":12,"author":{"gitId":"jinnsuke"},"content":"        assertNotNull(deadline);","lastModifiedDate":"2024-08-28","isFullCredit":false},{"lineNumber":13,"author":{"gitId":"jinnsuke"},"content":"        assertEquals(\"Submit report\", deadline.getDescription());","lastModifiedDate":"2024-08-28","isFullCredit":false},{"lineNumber":14,"author":{"gitId":"jinnsuke"},"content":"        assertEquals(\"2024-09-01\", deadline.getBy());","lastModifiedDate":"2024-08-28","isFullCredit":false},{"lineNumber":15,"author":{"gitId":"jinnsuke"},"content":"    }","lastModifiedDate":"2024-08-28","isFullCredit":false},{"lineNumber":16,"author":{"gitId":"jinnsuke"},"content":"","lastModifiedDate":"2024-08-28","isFullCredit":false},{"lineNumber":17,"author":{"gitId":"jinnsuke"},"content":"    @Test","lastModifiedDate":"2024-08-28","isFullCredit":false},{"lineNumber":18,"author":{"gitId":"jinnsuke"},"content":"    public void testToString() {","lastModifiedDate":"2024-08-28","isFullCredit":false},{"lineNumber":19,"author":{"gitId":"jinnsuke"},"content":"        Deadline deadline \u003d new Deadline(\"Submit report\", \"2024-09-01\");","lastModifiedDate":"2024-08-28","isFullCredit":false},{"lineNumber":20,"author":{"gitId":"jinnsuke"},"content":"        String expectedString \u003d \"[D][ ] Submit report (by: 2024-09-01)\";","lastModifiedDate":"2024-08-28","isFullCredit":false},{"lineNumber":21,"author":{"gitId":"jinnsuke"},"content":"        assertEquals(expectedString, deadline.toString());","lastModifiedDate":"2024-08-28","isFullCredit":false},{"lineNumber":22,"author":{"gitId":"jinnsuke"},"content":"    }","lastModifiedDate":"2024-08-28","isFullCredit":false},{"lineNumber":23,"author":{"gitId":"jinnsuke"},"content":"}","lastModifiedDate":"2024-08-28","isFullCredit":false}],"authorContributionMap":{"jinnsuke":23}},{"path":"src/test/java/shoai/EventTest.java","fileType":"java","lines":[{"lineNumber":1,"author":{"gitId":"jinnsuke"},"content":"package shoai;","lastModifiedDate":"2024-08-28","isFullCredit":false},{"lineNumber":2,"author":{"gitId":"jinnsuke"},"content":"","lastModifiedDate":"2024-08-28","isFullCredit":false},{"lineNumber":3,"author":{"gitId":"jinnsuke"},"content":"import org.junit.jupiter.api.Test;","lastModifiedDate":"2024-08-28","isFullCredit":false},{"lineNumber":4,"author":{"gitId":"jinnsuke"},"content":"import static org.junit.jupiter.api.Assertions.assertEquals;","lastModifiedDate":"2024-08-28","isFullCredit":false},{"lineNumber":5,"author":{"gitId":"jinnsuke"},"content":"import static org.junit.jupiter.api.Assertions.assertNotNull;","lastModifiedDate":"2024-08-28","isFullCredit":false},{"lineNumber":6,"author":{"gitId":"jinnsuke"},"content":"","lastModifiedDate":"2024-08-28","isFullCredit":false},{"lineNumber":7,"author":{"gitId":"jinnsuke"},"content":"public class EventTest {","lastModifiedDate":"2024-08-28","isFullCredit":false},{"lineNumber":8,"author":{"gitId":"jinnsuke"},"content":"","lastModifiedDate":"2024-08-28","isFullCredit":false},{"lineNumber":9,"author":{"gitId":"jinnsuke"},"content":"    @Test","lastModifiedDate":"2024-08-28","isFullCredit":false},{"lineNumber":10,"author":{"gitId":"jinnsuke"},"content":"    public void testEventConstructor() {","lastModifiedDate":"2024-08-28","isFullCredit":false},{"lineNumber":11,"author":{"gitId":"jinnsuke"},"content":"        Event event \u003d new Event(\"Project meeting\", \"2024-08-30\", \"2024-08-31\");","lastModifiedDate":"2024-08-28","isFullCredit":false},{"lineNumber":12,"author":{"gitId":"jinnsuke"},"content":"        assertNotNull(event);","lastModifiedDate":"2024-08-28","isFullCredit":false},{"lineNumber":13,"author":{"gitId":"jinnsuke"},"content":"        assertEquals(\"Project meeting\", event.getDescription());","lastModifiedDate":"2024-08-28","isFullCredit":false},{"lineNumber":14,"author":{"gitId":"jinnsuke"},"content":"        assertEquals(\"2024-08-30\", event.getFrom());","lastModifiedDate":"2024-08-28","isFullCredit":false},{"lineNumber":15,"author":{"gitId":"jinnsuke"},"content":"        assertEquals(\"2024-08-31\", event.getTo());","lastModifiedDate":"2024-08-28","isFullCredit":false},{"lineNumber":16,"author":{"gitId":"jinnsuke"},"content":"    }","lastModifiedDate":"2024-08-28","isFullCredit":false},{"lineNumber":17,"author":{"gitId":"jinnsuke"},"content":"","lastModifiedDate":"2024-08-28","isFullCredit":false},{"lineNumber":18,"author":{"gitId":"jinnsuke"},"content":"    @Test","lastModifiedDate":"2024-08-28","isFullCredit":false},{"lineNumber":19,"author":{"gitId":"jinnsuke"},"content":"    public void testToString() {","lastModifiedDate":"2024-08-28","isFullCredit":false},{"lineNumber":20,"author":{"gitId":"jinnsuke"},"content":"        Event event \u003d new Event(\"Project meeting\", \"2024-08-30\", \"2024-08-31\");","lastModifiedDate":"2024-08-28","isFullCredit":false},{"lineNumber":21,"author":{"gitId":"jinnsuke"},"content":"        String expectedString \u003d \"[E][ ] Project meeting (from: 2024-08-30 to: 2024-08-31)\";","lastModifiedDate":"2024-08-28","isFullCredit":false},{"lineNumber":22,"author":{"gitId":"jinnsuke"},"content":"        assertEquals(expectedString, event.toString());","lastModifiedDate":"2024-08-28","isFullCredit":false},{"lineNumber":23,"author":{"gitId":"jinnsuke"},"content":"    }","lastModifiedDate":"2024-08-28","isFullCredit":false},{"lineNumber":24,"author":{"gitId":"jinnsuke"},"content":"}","lastModifiedDate":"2024-08-28","isFullCredit":false}],"authorContributionMap":{"jinnsuke":24}},{"path":"text-ui-test/input.txt","fileType":"txt","lines":[{"lineNumber":1,"author":{"gitId":"jinnsuke"},"content":"todo read book","lastModifiedDate":"2024-08-23","isFullCredit":false},{"lineNumber":2,"author":{"gitId":"jinnsuke"},"content":"list","lastModifiedDate":"2024-08-23","isFullCredit":false},{"lineNumber":3,"author":{"gitId":"jinnsuke"},"content":"mark 1","lastModifiedDate":"2024-08-23","isFullCredit":false},{"lineNumber":4,"author":{"gitId":"jinnsuke"},"content":"list","lastModifiedDate":"2024-08-23","isFullCredit":false},{"lineNumber":5,"author":{"gitId":"jinnsuke"},"content":"bye","lastModifiedDate":"2024-08-23","isFullCredit":false}],"authorContributionMap":{"jinnsuke":5}},{"path":"text-ui-test/runtest.sh","fileType":"sh","lines":[{"lineNumber":1,"author":{"gitId":"-"},"content":"#!/usr/bin/env bash","lastModifiedDate":"2020-05-25","isFullCredit":false},{"lineNumber":2,"author":{"gitId":"-"},"content":"","lastModifiedDate":"2020-05-25","isFullCredit":false},{"lineNumber":3,"author":{"gitId":"-"},"content":"# create bin directory if it doesn\u0027t exist","lastModifiedDate":"2020-05-25","isFullCredit":false},{"lineNumber":4,"author":{"gitId":"-"},"content":"if [ ! -d \"../bin\" ]","lastModifiedDate":"2020-05-25","isFullCredit":false},{"lineNumber":5,"author":{"gitId":"-"},"content":"then","lastModifiedDate":"2020-05-25","isFullCredit":false},{"lineNumber":6,"author":{"gitId":"-"},"content":"    mkdir ../bin","lastModifiedDate":"2020-05-25","isFullCredit":false},{"lineNumber":7,"author":{"gitId":"-"},"content":"fi","lastModifiedDate":"2020-05-25","isFullCredit":false},{"lineNumber":8,"author":{"gitId":"-"},"content":"","lastModifiedDate":"2020-05-25","isFullCredit":false},{"lineNumber":9,"author":{"gitId":"-"},"content":"# delete output from previous run","lastModifiedDate":"2020-05-25","isFullCredit":false},{"lineNumber":10,"author":{"gitId":"-"},"content":"if [ -e \"./ACTUAL.TXT\" ]","lastModifiedDate":"2020-05-25","isFullCredit":false},{"lineNumber":11,"author":{"gitId":"-"},"content":"then","lastModifiedDate":"2020-05-25","isFullCredit":false},{"lineNumber":12,"author":{"gitId":"-"},"content":"    rm ACTUAL.TXT","lastModifiedDate":"2020-05-25","isFullCredit":false},{"lineNumber":13,"author":{"gitId":"-"},"content":"fi","lastModifiedDate":"2020-05-25","isFullCredit":false},{"lineNumber":14,"author":{"gitId":"-"},"content":"","lastModifiedDate":"2020-05-25","isFullCredit":false},{"lineNumber":15,"author":{"gitId":"-"},"content":"# compile the code into the bin folder, terminates if error occurred","lastModifiedDate":"2020-05-25","isFullCredit":false},{"lineNumber":16,"author":{"gitId":"jinnsuke"},"content":"if ! javac -cp ../src/main/java -Xlint:none -d ../bin ../src/main/java/ShoAI.java","lastModifiedDate":"2024-08-23","isFullCredit":false},{"lineNumber":17,"author":{"gitId":"-"},"content":"then","lastModifiedDate":"2020-05-25","isFullCredit":false},{"lineNumber":18,"author":{"gitId":"-"},"content":"    echo \"********** BUILD FAILURE **********\"","lastModifiedDate":"2020-05-25","isFullCredit":false},{"lineNumber":19,"author":{"gitId":"-"},"content":"    exit 1","lastModifiedDate":"2020-05-25","isFullCredit":false},{"lineNumber":20,"author":{"gitId":"-"},"content":"fi","lastModifiedDate":"2020-05-25","isFullCredit":false},{"lineNumber":21,"author":{"gitId":"-"},"content":"","lastModifiedDate":"2020-05-25","isFullCredit":false},{"lineNumber":22,"author":{"gitId":"-"},"content":"# run the program, feed commands from input.txt file and redirect the output to the ACTUAL.TXT","lastModifiedDate":"2020-05-25","isFullCredit":false},{"lineNumber":23,"author":{"gitId":"jinnsuke"},"content":"java -classpath ../bin ShoAI \u003c input.txt \u003e ACTUAL.TXT","lastModifiedDate":"2024-08-23","isFullCredit":false},{"lineNumber":24,"author":{"gitId":"-"},"content":"","lastModifiedDate":"2020-05-25","isFullCredit":false},{"lineNumber":25,"author":{"gitId":"-"},"content":"# convert to UNIX format","lastModifiedDate":"2020-05-25","isFullCredit":false},{"lineNumber":26,"author":{"gitId":"-"},"content":"cp EXPECTED.TXT EXPECTED-UNIX.TXT","lastModifiedDate":"2020-05-25","isFullCredit":false},{"lineNumber":27,"author":{"gitId":"-"},"content":"dos2unix ACTUAL.TXT EXPECTED-UNIX.TXT","lastModifiedDate":"2020-05-25","isFullCredit":false},{"lineNumber":28,"author":{"gitId":"-"},"content":"","lastModifiedDate":"2020-05-25","isFullCredit":false},{"lineNumber":29,"author":{"gitId":"-"},"content":"# compare the output to the expected output","lastModifiedDate":"2020-05-25","isFullCredit":false},{"lineNumber":30,"author":{"gitId":"-"},"content":"diff ACTUAL.TXT EXPECTED-UNIX.TXT","lastModifiedDate":"2020-05-25","isFullCredit":false},{"lineNumber":31,"author":{"gitId":"-"},"content":"if [ $? -eq 0 ]","lastModifiedDate":"2020-05-25","isFullCredit":false},{"lineNumber":32,"author":{"gitId":"-"},"content":"then","lastModifiedDate":"2020-05-25","isFullCredit":false},{"lineNumber":33,"author":{"gitId":"-"},"content":"    echo \"Test result: PASSED\"","lastModifiedDate":"2020-05-25","isFullCredit":false},{"lineNumber":34,"author":{"gitId":"-"},"content":"    exit 0","lastModifiedDate":"2020-05-25","isFullCredit":false},{"lineNumber":35,"author":{"gitId":"-"},"content":"else","lastModifiedDate":"2020-05-25","isFullCredit":false},{"lineNumber":36,"author":{"gitId":"-"},"content":"    echo \"Test result: FAILED\"","lastModifiedDate":"2020-05-25","isFullCredit":false},{"lineNumber":37,"author":{"gitId":"-"},"content":"    exit 1","lastModifiedDate":"2020-05-25","isFullCredit":false},{"lineNumber":38,"author":{"gitId":"-"},"content":"fi","lastModifiedDate":"2020-05-25","isFullCredit":false}],"authorContributionMap":{"-":36,"jinnsuke":2}}]
