{"authorDailyContributionsMap":{"jinnsuke":[{"date":"2024-08-22","commitResults":[{"hash":"8230ea1ae4fecba5c8c4390024aa8ade291c577f","isMergeCommit":false,"messageTitle":"Rename, Greet, Exit","messageBody":"","tags":["Level-0"],"fileTypesAndContributionMap":{"java":{"insertions":14,"deletions":10}}},{"hash":"7fb0435ba035a52f06202a3d04eb205a5f113c57","isMergeCommit":false,"messageTitle":"Echo","messageBody":"","tags":["Level-1"],"fileTypesAndContributionMap":{"java":{"insertions":27,"deletions":4}}},{"hash":"fce99d6732b323f983606d0df82fa36c7b6392a6","isMergeCommit":false,"messageTitle":"Add, List","messageBody":"","tags":["Level-2"],"fileTypesAndContributionMap":{"java":{"insertions":37,"deletions":6}}},{"hash":"3a1b13d33d4af7f11c8d23c451a61fca6e7d080f","isMergeCommit":false,"messageTitle":"Mark as Done","messageBody":"","tags":["Level-3"],"fileTypesAndContributionMap":{"java":{"insertions":77,"deletions":19}}},{"hash":"1a3b82ba351684b1f76a6cdd68e5c3c839d8d4f7","isMergeCommit":false,"messageTitle":"ToDo, Event, Deadline","messageBody":"","tags":["Level-4"],"fileTypesAndContributionMap":{"java":{"insertions":100,"deletions":79}}},{"hash":"671075826535efe58371b545ebdb276275ab19d5","isMergeCommit":false,"messageTitle":"A-TextUiTesting \u0026 Removed Indentations","messageBody":"","fileTypesAndContributionMap":{"txt":{"insertions":5,"deletions":0},"java":{"insertions":8,"deletions":8},"sh":{"insertions":3,"deletions":3}}},{"hash":"c442918d1266ddbd3f02c13dede3d2e1b73ebf13","isMergeCommit":false,"messageTitle":"Revert \"A-TextUiTesting \u0026 Removed Indentations\"","messageBody":"This reverts commit 671075826535efe58371b545ebdb276275ab19d5.\n","fileTypesAndContributionMap":{"txt":{"insertions":0,"deletions":5},"java":{"insertions":8,"deletions":8},"sh":{"insertions":3,"deletions":3}}}]},{"date":"2024-08-23","commitResults":[{"hash":"fe588bf4d69d2363c92e088768fc4918b51626dd","isMergeCommit":false,"messageTitle":"Revert \"Revert \"A-TextUiTesting \u0026 Removed Indentations\"\"","messageBody":"This reverts commit c442918d1266ddbd3f02c13dede3d2e1b73ebf13.\n","tags":["A-TextUiTesting"],"fileTypesAndContributionMap":{"txt":{"insertions":5,"deletions":0},"java":{"insertions":8,"deletions":8},"sh":{"insertions":3,"deletions":3}}},{"hash":"9e50d999adbfe12139eb5d98c53659822c8bdfe3","isMergeCommit":false,"messageTitle":"Handle Errors","messageBody":"","tags":["Level-5"],"fileTypesAndContributionMap":{"java":{"insertions":82,"deletions":29}}},{"hash":"09402adbcf6c0548669c3d65d4b60e6e8d2a8589","isMergeCommit":false,"messageTitle":"Delete","messageBody":"","tags":["Level-6"],"fileTypesAndContributionMap":{"java":{"insertions":34,"deletions":22}}}]},{"date":"2024-08-27","commitResults":[{"hash":"1af82352d01f61390811fa901cddbca1ad5119aa","isMergeCommit":false,"messageTitle":"Save","messageBody":"","fileTypesAndContributionMap":{"java":{"insertions":105,"deletions":0}}},{"hash":"9a1b018931c1e06559d5854925118a3869b0008e","isMergeCommit":true,"messageTitle":"Merge branch \u0027branch-Level-7\u0027","messageBody":"","tags":["Level-7"],"fileTypesAndContributionMap":{}},{"hash":"be22ae2e9df2aedbc39f0619b19d9f90bf6c494c","isMergeCommit":false,"messageTitle":"Use More OOP","messageBody":"","tags":["A-MoreOOP"],"fileTypesAndContributionMap":{"java":{"insertions":329,"deletions":243}}},{"hash":"4bd6b8071b1feec4464e1c1d716f8f63b7696d05","isMergeCommit":true,"messageTitle":"Merge tag \u0027A-MoreOOP\u0027","messageBody":"","fileTypesAndContributionMap":{}},{"hash":"eb33988cf4f092b42ba3f609a7009198064eae0e","isMergeCommit":false,"messageTitle":"Organise into Packages","messageBody":"","tags":["A-Packages"],"fileTypesAndContributionMap":{"java":{"insertions":46,"deletions":4}}},{"hash":"5cff33a6bc5056bf4eeeaac43da45c339f30f2c3","isMergeCommit":true,"messageTitle":"Merge tag \u0027A-Packages\u0027","messageBody":"","fileTypesAndContributionMap":{}}]},{"date":"2024-08-28","commitResults":[{"hash":"c3180f91139bc5bcd4ff8869ca07b270fa1de29f","isMergeCommit":true,"messageTitle":"Merge remote-tracking branch \u0027upstream/add-gradle-support\u0027 Use Gradle","messageBody":"","tags":["A-Gradle"],"fileTypesAndContributionMap":{}},{"hash":"7aa8889f45b223ea2c7a60ac0cbf3e7ef2d02863","isMergeCommit":false,"messageTitle":"Add JUnit Tests","messageBody":"","fileTypesAndContributionMap":{"gradle":{"insertions":2,"deletions":2},"java":{"insertions":47,"deletions":0}}},{"hash":"0c367e8984f549df53ddc1be723e4ea335182ac7","isMergeCommit":true,"messageTitle":"Merge branch \u0027A-JUnit\u0027","messageBody":"","fileTypesAndContributionMap":{}},{"hash":"c16862f8ed020c7d0cf9fea02d632351c7d1ffc9","isMergeCommit":false,"messageTitle":"Dates and Times","messageBody":"","tags":["Level-8"],"fileTypesAndContributionMap":{"java":{"insertions":41,"deletions":30}}},{"hash":"c8bb48c83e30ff9d67a86c4f939214352cd84aa2","isMergeCommit":true,"messageTitle":"Merge tag \u0027Level-8\u0027","messageBody":"","fileTypesAndContributionMap":{}}]}]},"authorFileTypeContributionMap":{"jinnsuke":{"java":503,"md":0,"fxml":0,"sh":2,"bat":0,"gradle":2,"txt":5}},"authorContributionVariance":{"jinnsuke":45934.996},"authorDisplayNameMap":{"jinnsuke":"SUGI..UJIN"}}
