[{"path":"data/blacknut.txt","fileType":"txt","lines":[{"lineNumber":1,"author":{"gitId":"choiwab"},"content":"D | D | 0 | return book | 2/12/2019 1800","lastModifiedDate":"2024-09-01","isFullCredit":false}],"authorContributionMap":{"choiwab":1}},{"path":"src/main/java/blacknut/ui/Blacknut.java","fileType":"java","lines":[{"lineNumber":1,"author":{"gitId":"choiwab"},"content":"package blacknut.ui;","lastModifiedDate":"2024-09-03","isFullCredit":false},{"lineNumber":2,"author":{"gitId":"choiwab"},"content":"","lastModifiedDate":"2024-08-24","isFullCredit":false},{"lineNumber":3,"author":{"gitId":"choiwab"},"content":"import java.io.*;","lastModifiedDate":"2024-08-31","isFullCredit":false},{"lineNumber":4,"author":{"gitId":"choiwab"},"content":"import java.util.ArrayList;","lastModifiedDate":"2024-08-24","isFullCredit":false},{"lineNumber":5,"author":{"gitId":"choiwab"},"content":"import java.util.Scanner;","lastModifiedDate":"2024-08-24","isFullCredit":false},{"lineNumber":6,"author":{"gitId":"choiwab"},"content":"import blacknut.ui.BlacknutExceptions.InvalidCommandException;","lastModifiedDate":"2024-09-03","isFullCredit":false},{"lineNumber":7,"author":{"gitId":"choiwab"},"content":"import blacknut.ui.BlacknutExceptions.EmptyDescriptionException;","lastModifiedDate":"2024-09-03","isFullCredit":false},{"lineNumber":8,"author":{"gitId":"choiwab"},"content":"import blacknut.ui.BlacknutExceptions.InvalidTaskNumberException;","lastModifiedDate":"2024-09-03","isFullCredit":false},{"lineNumber":9,"author":{"gitId":"choiwab"},"content":"import blacknut.ui.BlacknutExceptions.IncorrectFormatException;","lastModifiedDate":"2024-09-03","isFullCredit":false},{"lineNumber":10,"author":{"gitId":"choiwab"},"content":"import java.io.File;","lastModifiedDate":"2024-08-31","isFullCredit":false},{"lineNumber":11,"author":{"gitId":"choiwab"},"content":"","lastModifiedDate":"2024-08-24","isFullCredit":false},{"lineNumber":12,"author":{"gitId":"choiwab"},"content":"public class Blacknut {","lastModifiedDate":"2024-08-24","isFullCredit":false},{"lineNumber":13,"author":{"gitId":"choiwab"},"content":"    private static final String FILE_PATH \u003d \"data\" + File.separator + \"blacknut.txt\";","lastModifiedDate":"2024-08-31","isFullCredit":false},{"lineNumber":14,"author":{"gitId":"choiwab"},"content":"","lastModifiedDate":"2024-08-24","isFullCredit":false},{"lineNumber":15,"author":{"gitId":"-"},"content":"    public static void main(String[] args) {","lastModifiedDate":"2019-07-29","isFullCredit":false},{"lineNumber":16,"author":{"gitId":"choiwab"},"content":"        String logo \u003d \" ____  _            _                _   \\n\"","lastModifiedDate":"2024-08-24","isFullCredit":false},{"lineNumber":17,"author":{"gitId":"choiwab"},"content":"                + \"|  _ \\\\| |          | |              | |  \\n\"","lastModifiedDate":"2024-08-24","isFullCredit":false},{"lineNumber":18,"author":{"gitId":"choiwab"},"content":"                + \"| |_) | | __ _  ___| | ___ __  _   _| |_ \\n\"","lastModifiedDate":"2024-08-24","isFullCredit":false},{"lineNumber":19,"author":{"gitId":"choiwab"},"content":"                + \"|  _ \u003c| |/ _` |/ __| |/ / \u0027_ \\\\| | | | __|\\n\"","lastModifiedDate":"2024-08-24","isFullCredit":false},{"lineNumber":20,"author":{"gitId":"choiwab"},"content":"                + \"| |_) | | (_| | (__|   \u003c| | | | |_| | |_ \\n\"","lastModifiedDate":"2024-08-24","isFullCredit":false},{"lineNumber":21,"author":{"gitId":"choiwab"},"content":"                + \"|____/|_|\\\\__,_|\\\\___|_|\\\\_\\\\_| |_|\\\\__,_|\\\\__|\\n\";","lastModifiedDate":"2024-08-24","isFullCredit":false},{"lineNumber":22,"author":{"gitId":"choiwab"},"content":"","lastModifiedDate":"2024-08-24","isFullCredit":false},{"lineNumber":23,"author":{"gitId":"-"},"content":"        System.out.println(\"Hello from\\n\" + logo);","lastModifiedDate":"2019-07-29","isFullCredit":false},{"lineNumber":24,"author":{"gitId":"choiwab"},"content":"","lastModifiedDate":"2024-08-24","isFullCredit":false},{"lineNumber":25,"author":{"gitId":"choiwab"},"content":"        System.out.println(\"____________________________________________________________\");","lastModifiedDate":"2024-08-24","isFullCredit":false},{"lineNumber":26,"author":{"gitId":"choiwab"},"content":"        System.out.println(\" Hello! I\u0027m Blacknut\");","lastModifiedDate":"2024-08-24","isFullCredit":false},{"lineNumber":27,"author":{"gitId":"choiwab"},"content":"        System.out.println(\" What can I do for you?\");","lastModifiedDate":"2024-08-24","isFullCredit":false},{"lineNumber":28,"author":{"gitId":"choiwab"},"content":"        System.out.println(\"____________________________________________________________\");","lastModifiedDate":"2024-08-24","isFullCredit":false},{"lineNumber":29,"author":{"gitId":"choiwab"},"content":"","lastModifiedDate":"2024-08-24","isFullCredit":false},{"lineNumber":30,"author":{"gitId":"choiwab"},"content":"        ArrayList\u003cTask\u003e tasks \u003d new ArrayList\u003c\u003e();","lastModifiedDate":"2024-08-24","isFullCredit":false},{"lineNumber":31,"author":{"gitId":"choiwab"},"content":"        loadTasksFromFile(tasks);","lastModifiedDate":"2024-08-31","isFullCredit":false},{"lineNumber":32,"author":{"gitId":"choiwab"},"content":"        Scanner scanner \u003d new Scanner(System.in);","lastModifiedDate":"2024-08-31","isFullCredit":false},{"lineNumber":33,"author":{"gitId":"choiwab"},"content":"        //ArrayList\u003cTask\u003e tasks \u003d new ArrayList\u003c\u003e();","lastModifiedDate":"2024-08-31","isFullCredit":false},{"lineNumber":34,"author":{"gitId":"choiwab"},"content":"","lastModifiedDate":"2024-08-24","isFullCredit":false},{"lineNumber":35,"author":{"gitId":"choiwab"},"content":"        while (true) {","lastModifiedDate":"2024-08-24","isFullCredit":false},{"lineNumber":36,"author":{"gitId":"choiwab"},"content":"            String input \u003d scanner.nextLine().trim();","lastModifiedDate":"2024-08-24","isFullCredit":false},{"lineNumber":37,"author":{"gitId":"choiwab"},"content":"","lastModifiedDate":"2024-08-24","isFullCredit":false},{"lineNumber":38,"author":{"gitId":"choiwab"},"content":"            System.out.println(\"____________________________________________________________\");","lastModifiedDate":"2024-08-24","isFullCredit":false},{"lineNumber":39,"author":{"gitId":"choiwab"},"content":"","lastModifiedDate":"2024-08-24","isFullCredit":false},{"lineNumber":40,"author":{"gitId":"choiwab"},"content":"            try {","lastModifiedDate":"2024-08-24","isFullCredit":false},{"lineNumber":41,"author":{"gitId":"choiwab"},"content":"                if (input.equalsIgnoreCase(\"bye\")) {","lastModifiedDate":"2024-08-24","isFullCredit":false},{"lineNumber":42,"author":{"gitId":"choiwab"},"content":"                    System.out.println(\" Bye. Hope to see you again soon!\");","lastModifiedDate":"2024-08-24","isFullCredit":false},{"lineNumber":43,"author":{"gitId":"choiwab"},"content":"                    break;","lastModifiedDate":"2024-08-24","isFullCredit":false},{"lineNumber":44,"author":{"gitId":"choiwab"},"content":"                } else if (input.equalsIgnoreCase(\"list\")) {","lastModifiedDate":"2024-08-24","isFullCredit":false},{"lineNumber":45,"author":{"gitId":"choiwab"},"content":"                    listTasks(tasks);","lastModifiedDate":"2024-08-24","isFullCredit":false},{"lineNumber":46,"author":{"gitId":"choiwab"},"content":"                } else if (input.startsWith(\"mark \")) {","lastModifiedDate":"2024-08-24","isFullCredit":false},{"lineNumber":47,"author":{"gitId":"choiwab"},"content":"                    markTask(tasks, input, true);","lastModifiedDate":"2024-08-24","isFullCredit":false},{"lineNumber":48,"author":{"gitId":"choiwab"},"content":"                } else if (input.startsWith(\"unmark \")) {","lastModifiedDate":"2024-08-24","isFullCredit":false},{"lineNumber":49,"author":{"gitId":"choiwab"},"content":"                    markTask(tasks, input, false);","lastModifiedDate":"2024-08-24","isFullCredit":false},{"lineNumber":50,"author":{"gitId":"choiwab"},"content":"                } else if (input.startsWith(\"todo \")) {","lastModifiedDate":"2024-08-24","isFullCredit":false},{"lineNumber":51,"author":{"gitId":"choiwab"},"content":"                    addTodo(tasks, input);","lastModifiedDate":"2024-08-24","isFullCredit":false},{"lineNumber":52,"author":{"gitId":"choiwab"},"content":"                } else if (input.startsWith(\"deadline \")) {","lastModifiedDate":"2024-08-24","isFullCredit":false},{"lineNumber":53,"author":{"gitId":"choiwab"},"content":"                    addDeadline(tasks, input);","lastModifiedDate":"2024-08-24","isFullCredit":false},{"lineNumber":54,"author":{"gitId":"choiwab"},"content":"                } else if (input.startsWith(\"event \")) {","lastModifiedDate":"2024-08-24","isFullCredit":false},{"lineNumber":55,"author":{"gitId":"choiwab"},"content":"                    addEvent(tasks, input);","lastModifiedDate":"2024-08-24","isFullCredit":false},{"lineNumber":56,"author":{"gitId":"choiwab"},"content":"                } else if (input.startsWith(\"delete \")) {","lastModifiedDate":"2024-08-24","isFullCredit":false},{"lineNumber":57,"author":{"gitId":"choiwab"},"content":"                    deleteTask(tasks, input);","lastModifiedDate":"2024-08-24","isFullCredit":false},{"lineNumber":58,"author":{"gitId":"choiwab"},"content":"                } else if (input.startsWith(\"find \")) {","lastModifiedDate":"2024-09-01","isFullCredit":false},{"lineNumber":59,"author":{"gitId":"choiwab"},"content":"                    String keyword \u003d input.substring(5).trim();","lastModifiedDate":"2024-09-01","isFullCredit":false},{"lineNumber":60,"author":{"gitId":"choiwab"},"content":"                    findTask(tasks, keyword);","lastModifiedDate":"2024-09-01","isFullCredit":false},{"lineNumber":61,"author":{"gitId":"choiwab"},"content":"                }","lastModifiedDate":"2024-09-01","isFullCredit":false},{"lineNumber":62,"author":{"gitId":"choiwab"},"content":"                else {","lastModifiedDate":"2024-09-01","isFullCredit":false},{"lineNumber":63,"author":{"gitId":"choiwab"},"content":"                    throw new InvalidCommandException(\"I don\u0027t know what that means. Please enter a valid command.\");","lastModifiedDate":"2024-08-24","isFullCredit":false},{"lineNumber":64,"author":{"gitId":"choiwab"},"content":"                }","lastModifiedDate":"2024-08-24","isFullCredit":false},{"lineNumber":65,"author":{"gitId":"choiwab"},"content":"            } catch (InvalidCommandException | EmptyDescriptionException | InvalidTaskNumberException | IncorrectFormatException e) {","lastModifiedDate":"2024-08-24","isFullCredit":false},{"lineNumber":66,"author":{"gitId":"choiwab"},"content":"                System.out.println(\" ☹ OOPS!!! \" + e.getMessage());","lastModifiedDate":"2024-08-24","isFullCredit":false},{"lineNumber":67,"author":{"gitId":"choiwab"},"content":"            }","lastModifiedDate":"2024-08-24","isFullCredit":false},{"lineNumber":68,"author":{"gitId":"choiwab"},"content":"","lastModifiedDate":"2024-08-24","isFullCredit":false},{"lineNumber":69,"author":{"gitId":"choiwab"},"content":"            System.out.println(\"____________________________________________________________\");","lastModifiedDate":"2024-08-24","isFullCredit":false},{"lineNumber":70,"author":{"gitId":"choiwab"},"content":"        }","lastModifiedDate":"2024-08-24","isFullCredit":false},{"lineNumber":71,"author":{"gitId":"choiwab"},"content":"","lastModifiedDate":"2024-08-24","isFullCredit":false},{"lineNumber":72,"author":{"gitId":"choiwab"},"content":"        scanner.close();","lastModifiedDate":"2024-08-24","isFullCredit":false},{"lineNumber":73,"author":{"gitId":"choiwab"},"content":"    }","lastModifiedDate":"2024-08-24","isFullCredit":false},{"lineNumber":74,"author":{"gitId":"choiwab"},"content":"","lastModifiedDate":"2024-08-24","isFullCredit":false},{"lineNumber":75,"author":{"gitId":"choiwab"},"content":"    private static void findTask(ArrayList\u003cTask\u003e tasks, String keyword) {","lastModifiedDate":"2024-09-01","isFullCredit":false},{"lineNumber":76,"author":{"gitId":"choiwab"},"content":"        ArrayList\u003cTask\u003e matchingTasks \u003d new ArrayList\u003c\u003e();","lastModifiedDate":"2024-09-01","isFullCredit":false},{"lineNumber":77,"author":{"gitId":"choiwab"},"content":"        for (int i \u003d 0; i \u003c tasks.size(); i++) {","lastModifiedDate":"2024-09-01","isFullCredit":false},{"lineNumber":78,"author":{"gitId":"choiwab"},"content":"            if (tasks.get(i).description.contains(keyword)) {","lastModifiedDate":"2024-09-01","isFullCredit":false},{"lineNumber":79,"author":{"gitId":"choiwab"},"content":"                matchingTasks.add(tasks.get(i));","lastModifiedDate":"2024-09-01","isFullCredit":false},{"lineNumber":80,"author":{"gitId":"choiwab"},"content":"            }","lastModifiedDate":"2024-09-01","isFullCredit":false},{"lineNumber":81,"author":{"gitId":"choiwab"},"content":"        }","lastModifiedDate":"2024-09-01","isFullCredit":false},{"lineNumber":82,"author":{"gitId":"choiwab"},"content":"","lastModifiedDate":"2024-09-01","isFullCredit":false},{"lineNumber":83,"author":{"gitId":"choiwab"},"content":"        if (matchingTasks.isEmpty()) {","lastModifiedDate":"2024-09-01","isFullCredit":false},{"lineNumber":84,"author":{"gitId":"choiwab"},"content":"            System.out.println(\" No tasks match your search.\");","lastModifiedDate":"2024-09-01","isFullCredit":false},{"lineNumber":85,"author":{"gitId":"choiwab"},"content":"        } else {","lastModifiedDate":"2024-09-01","isFullCredit":false},{"lineNumber":86,"author":{"gitId":"choiwab"},"content":"            System.out.println(\" Here are the matching tasks in your list:\");","lastModifiedDate":"2024-09-01","isFullCredit":false},{"lineNumber":87,"author":{"gitId":"choiwab"},"content":"            for (int i \u003d 0; i \u003c matchingTasks.size(); i++) {","lastModifiedDate":"2024-09-01","isFullCredit":false},{"lineNumber":88,"author":{"gitId":"choiwab"},"content":"                System.out.println(\" \" + (i + 1) + \".\" + matchingTasks.get(i));","lastModifiedDate":"2024-09-01","isFullCredit":false},{"lineNumber":89,"author":{"gitId":"choiwab"},"content":"            }","lastModifiedDate":"2024-09-01","isFullCredit":false},{"lineNumber":90,"author":{"gitId":"choiwab"},"content":"        }","lastModifiedDate":"2024-09-01","isFullCredit":false},{"lineNumber":91,"author":{"gitId":"choiwab"},"content":"    }","lastModifiedDate":"2024-09-01","isFullCredit":false},{"lineNumber":92,"author":{"gitId":"choiwab"},"content":"","lastModifiedDate":"2024-09-01","isFullCredit":false},{"lineNumber":93,"author":{"gitId":"choiwab"},"content":"    private static void saveTasksToFile(ArrayList\u003cTask\u003e tasks) {","lastModifiedDate":"2024-08-31","isFullCredit":false},{"lineNumber":94,"author":{"gitId":"choiwab"},"content":"        try {","lastModifiedDate":"2024-08-31","isFullCredit":false},{"lineNumber":95,"author":{"gitId":"choiwab"},"content":"            // Ensure the directory exists","lastModifiedDate":"2024-08-31","isFullCredit":false},{"lineNumber":96,"author":{"gitId":"choiwab"},"content":"            File directory \u003d new File(\"data\");","lastModifiedDate":"2024-08-31","isFullCredit":false},{"lineNumber":97,"author":{"gitId":"choiwab"},"content":"            if (!directory.exists()) {","lastModifiedDate":"2024-08-31","isFullCredit":false},{"lineNumber":98,"author":{"gitId":"choiwab"},"content":"                directory.mkdir();","lastModifiedDate":"2024-08-31","isFullCredit":false},{"lineNumber":99,"author":{"gitId":"choiwab"},"content":"            }","lastModifiedDate":"2024-08-31","isFullCredit":false},{"lineNumber":100,"author":{"gitId":"choiwab"},"content":"","lastModifiedDate":"2024-08-31","isFullCredit":false},{"lineNumber":101,"author":{"gitId":"choiwab"},"content":"            // Proceed to write tasks to the file","lastModifiedDate":"2024-08-31","isFullCredit":false},{"lineNumber":102,"author":{"gitId":"choiwab"},"content":"            BufferedWriter writer \u003d new BufferedWriter(new FileWriter(FILE_PATH));","lastModifiedDate":"2024-08-31","isFullCredit":false},{"lineNumber":103,"author":{"gitId":"choiwab"},"content":"            for (Task task : tasks) {","lastModifiedDate":"2024-08-31","isFullCredit":false},{"lineNumber":104,"author":{"gitId":"choiwab"},"content":"                writer.write(task.toFileFormat());","lastModifiedDate":"2024-08-31","isFullCredit":false},{"lineNumber":105,"author":{"gitId":"choiwab"},"content":"                writer.newLine();","lastModifiedDate":"2024-08-31","isFullCredit":false},{"lineNumber":106,"author":{"gitId":"choiwab"},"content":"            }","lastModifiedDate":"2024-08-31","isFullCredit":false},{"lineNumber":107,"author":{"gitId":"choiwab"},"content":"            writer.close();","lastModifiedDate":"2024-08-31","isFullCredit":false},{"lineNumber":108,"author":{"gitId":"choiwab"},"content":"        } catch (IOException e) {","lastModifiedDate":"2024-08-31","isFullCredit":false},{"lineNumber":109,"author":{"gitId":"choiwab"},"content":"            System.out.println(\"Error saving tasks to file: \" + e.getMessage());","lastModifiedDate":"2024-08-31","isFullCredit":false},{"lineNumber":110,"author":{"gitId":"choiwab"},"content":"        }","lastModifiedDate":"2024-08-31","isFullCredit":false},{"lineNumber":111,"author":{"gitId":"choiwab"},"content":"    }","lastModifiedDate":"2024-08-31","isFullCredit":false},{"lineNumber":112,"author":{"gitId":"choiwab"},"content":"","lastModifiedDate":"2024-08-31","isFullCredit":false},{"lineNumber":113,"author":{"gitId":"choiwab"},"content":"","lastModifiedDate":"2024-08-31","isFullCredit":false},{"lineNumber":114,"author":{"gitId":"choiwab"},"content":"    private static void loadTasksFromFile(ArrayList\u003cTask\u003e tasks) {","lastModifiedDate":"2024-08-31","isFullCredit":false},{"lineNumber":115,"author":{"gitId":"choiwab"},"content":"        File file \u003d new File(FILE_PATH);","lastModifiedDate":"2024-08-31","isFullCredit":false},{"lineNumber":116,"author":{"gitId":"choiwab"},"content":"        if (!file.exists()) {","lastModifiedDate":"2024-08-31","isFullCredit":false},{"lineNumber":117,"author":{"gitId":"choiwab"},"content":"            return; // If the file doesn\u0027t exist, there\u0027s nothing to load","lastModifiedDate":"2024-08-31","isFullCredit":false},{"lineNumber":118,"author":{"gitId":"choiwab"},"content":"        }","lastModifiedDate":"2024-08-31","isFullCredit":false},{"lineNumber":119,"author":{"gitId":"choiwab"},"content":"","lastModifiedDate":"2024-08-31","isFullCredit":false},{"lineNumber":120,"author":{"gitId":"choiwab"},"content":"        try {","lastModifiedDate":"2024-08-31","isFullCredit":false},{"lineNumber":121,"author":{"gitId":"choiwab"},"content":"            BufferedReader reader \u003d new BufferedReader(new FileReader(FILE_PATH));","lastModifiedDate":"2024-08-31","isFullCredit":false},{"lineNumber":122,"author":{"gitId":"choiwab"},"content":"            String line;","lastModifiedDate":"2024-08-31","isFullCredit":false},{"lineNumber":123,"author":{"gitId":"choiwab"},"content":"            while ((line \u003d reader.readLine()) !\u003d null) {","lastModifiedDate":"2024-08-31","isFullCredit":false},{"lineNumber":124,"author":{"gitId":"choiwab"},"content":"                Task task \u003d Task.fromFileFormat(line);","lastModifiedDate":"2024-08-31","isFullCredit":false},{"lineNumber":125,"author":{"gitId":"choiwab"},"content":"                tasks.add(task);","lastModifiedDate":"2024-08-31","isFullCredit":false},{"lineNumber":126,"author":{"gitId":"choiwab"},"content":"            }","lastModifiedDate":"2024-08-31","isFullCredit":false},{"lineNumber":127,"author":{"gitId":"choiwab"},"content":"            reader.close();","lastModifiedDate":"2024-08-31","isFullCredit":false},{"lineNumber":128,"author":{"gitId":"choiwab"},"content":"        } catch (IOException | IncorrectFormatException e) {","lastModifiedDate":"2024-08-31","isFullCredit":false},{"lineNumber":129,"author":{"gitId":"choiwab"},"content":"            System.out.println(\"Error loading tasks from file: \" + e.getMessage());","lastModifiedDate":"2024-08-31","isFullCredit":false},{"lineNumber":130,"author":{"gitId":"choiwab"},"content":"        }","lastModifiedDate":"2024-08-31","isFullCredit":false},{"lineNumber":131,"author":{"gitId":"choiwab"},"content":"    }","lastModifiedDate":"2024-08-31","isFullCredit":false},{"lineNumber":132,"author":{"gitId":"choiwab"},"content":"","lastModifiedDate":"2024-08-31","isFullCredit":false},{"lineNumber":133,"author":{"gitId":"choiwab"},"content":"    private static void listTasks(ArrayList\u003cTask\u003e tasks) {","lastModifiedDate":"2024-08-24","isFullCredit":false},{"lineNumber":134,"author":{"gitId":"choiwab"},"content":"        if (tasks.isEmpty()) {","lastModifiedDate":"2024-08-24","isFullCredit":false},{"lineNumber":135,"author":{"gitId":"choiwab"},"content":"            System.out.println(\" The list is empty.\");","lastModifiedDate":"2024-08-24","isFullCredit":false},{"lineNumber":136,"author":{"gitId":"choiwab"},"content":"        } else {","lastModifiedDate":"2024-08-24","isFullCredit":false},{"lineNumber":137,"author":{"gitId":"choiwab"},"content":"            System.out.println(\" Here are the tasks in your list:\");","lastModifiedDate":"2024-08-24","isFullCredit":false},{"lineNumber":138,"author":{"gitId":"choiwab"},"content":"            for (int i \u003d 0; i \u003c tasks.size(); i++) {","lastModifiedDate":"2024-08-24","isFullCredit":false},{"lineNumber":139,"author":{"gitId":"choiwab"},"content":"                System.out.println(\" \" + (i + 1) + \".\" + tasks.get(i));","lastModifiedDate":"2024-08-24","isFullCredit":false},{"lineNumber":140,"author":{"gitId":"choiwab"},"content":"            }","lastModifiedDate":"2024-08-24","isFullCredit":false},{"lineNumber":141,"author":{"gitId":"choiwab"},"content":"        }","lastModifiedDate":"2024-08-24","isFullCredit":false},{"lineNumber":142,"author":{"gitId":"choiwab"},"content":"    }","lastModifiedDate":"2024-08-24","isFullCredit":false},{"lineNumber":143,"author":{"gitId":"choiwab"},"content":"","lastModifiedDate":"2024-08-24","isFullCredit":false},{"lineNumber":144,"author":{"gitId":"choiwab"},"content":"    private static void markTask(ArrayList\u003cTask\u003e tasks, String input, boolean markAsDone) throws InvalidTaskNumberException {","lastModifiedDate":"2024-08-24","isFullCredit":false},{"lineNumber":145,"author":{"gitId":"choiwab"},"content":"        try {","lastModifiedDate":"2024-08-24","isFullCredit":false},{"lineNumber":146,"author":{"gitId":"choiwab"},"content":"            int index \u003d Integer.parseInt(input.split(\" \")[1]) - 1;","lastModifiedDate":"2024-08-24","isFullCredit":false},{"lineNumber":147,"author":{"gitId":"choiwab"},"content":"            if (index \u003e\u003d 0 \u0026\u0026 index \u003c tasks.size()) {","lastModifiedDate":"2024-08-24","isFullCredit":false},{"lineNumber":148,"author":{"gitId":"choiwab"},"content":"                Task task \u003d tasks.get(index);","lastModifiedDate":"2024-08-24","isFullCredit":false},{"lineNumber":149,"author":{"gitId":"choiwab"},"content":"                if (markAsDone) {","lastModifiedDate":"2024-08-24","isFullCredit":false},{"lineNumber":150,"author":{"gitId":"choiwab"},"content":"                    task.markAsDone();","lastModifiedDate":"2024-08-24","isFullCredit":false},{"lineNumber":151,"author":{"gitId":"choiwab"},"content":"                    System.out.println(\" Nice! I\u0027ve marked this task as done:\");","lastModifiedDate":"2024-08-24","isFullCredit":false},{"lineNumber":152,"author":{"gitId":"choiwab"},"content":"                } else {","lastModifiedDate":"2024-08-24","isFullCredit":false},{"lineNumber":153,"author":{"gitId":"choiwab"},"content":"                    task.markAsNotDone();","lastModifiedDate":"2024-08-24","isFullCredit":false},{"lineNumber":154,"author":{"gitId":"choiwab"},"content":"                    System.out.println(\" OK, I\u0027ve marked this task as not done yet:\");","lastModifiedDate":"2024-08-24","isFullCredit":false},{"lineNumber":155,"author":{"gitId":"choiwab"},"content":"                }","lastModifiedDate":"2024-08-24","isFullCredit":false},{"lineNumber":156,"author":{"gitId":"choiwab"},"content":"                System.out.println(\"   \" + task);","lastModifiedDate":"2024-08-24","isFullCredit":false},{"lineNumber":157,"author":{"gitId":"choiwab"},"content":"            } else {","lastModifiedDate":"2024-08-24","isFullCredit":false},{"lineNumber":158,"author":{"gitId":"choiwab"},"content":"                throw new InvalidTaskNumberException(\"Invalid task number. Please provide a valid number from the list.\");","lastModifiedDate":"2024-08-24","isFullCredit":false},{"lineNumber":159,"author":{"gitId":"choiwab"},"content":"            }","lastModifiedDate":"2024-08-24","isFullCredit":false},{"lineNumber":160,"author":{"gitId":"choiwab"},"content":"        } catch (NumberFormatException e) {","lastModifiedDate":"2024-08-24","isFullCredit":false},{"lineNumber":161,"author":{"gitId":"choiwab"},"content":"            throw new InvalidTaskNumberException(\"Invalid command format. Please enter a valid number after \u0027mark\u0027 or \u0027unmark\u0027.\");","lastModifiedDate":"2024-08-24","isFullCredit":false},{"lineNumber":162,"author":{"gitId":"choiwab"},"content":"        } catch (IndexOutOfBoundsException e) {","lastModifiedDate":"2024-08-24","isFullCredit":false},{"lineNumber":163,"author":{"gitId":"choiwab"},"content":"            throw new InvalidTaskNumberException(\"Task number out of range. Please provide a valid number from the list.\");","lastModifiedDate":"2024-08-24","isFullCredit":false},{"lineNumber":164,"author":{"gitId":"choiwab"},"content":"        }","lastModifiedDate":"2024-08-24","isFullCredit":false},{"lineNumber":165,"author":{"gitId":"choiwab"},"content":"    }","lastModifiedDate":"2024-08-24","isFullCredit":false},{"lineNumber":166,"author":{"gitId":"choiwab"},"content":"","lastModifiedDate":"2024-08-24","isFullCredit":false},{"lineNumber":167,"author":{"gitId":"choiwab"},"content":"    private static void addTodo(ArrayList\u003cTask\u003e tasks, String input) throws EmptyDescriptionException {","lastModifiedDate":"2024-08-24","isFullCredit":false},{"lineNumber":168,"author":{"gitId":"choiwab"},"content":"        String description \u003d input.substring(5).trim();","lastModifiedDate":"2024-08-24","isFullCredit":false},{"lineNumber":169,"author":{"gitId":"choiwab"},"content":"        if (description.isEmpty()) {","lastModifiedDate":"2024-08-24","isFullCredit":false},{"lineNumber":170,"author":{"gitId":"choiwab"},"content":"            throw new EmptyDescriptionException(\"The description of a todo cannot be empty.\");","lastModifiedDate":"2024-08-24","isFullCredit":false},{"lineNumber":171,"author":{"gitId":"choiwab"},"content":"        }","lastModifiedDate":"2024-08-24","isFullCredit":false},{"lineNumber":172,"author":{"gitId":"choiwab"},"content":"        Task newTask \u003d new Todo(description);","lastModifiedDate":"2024-08-24","isFullCredit":false},{"lineNumber":173,"author":{"gitId":"choiwab"},"content":"        tasks.add(newTask);","lastModifiedDate":"2024-08-24","isFullCredit":false},{"lineNumber":174,"author":{"gitId":"choiwab"},"content":"        saveTasksToFile(tasks);","lastModifiedDate":"2024-08-31","isFullCredit":false},{"lineNumber":175,"author":{"gitId":"choiwab"},"content":"        System.out.println(\" Got it. I\u0027ve added this task:\");","lastModifiedDate":"2024-08-24","isFullCredit":false},{"lineNumber":176,"author":{"gitId":"choiwab"},"content":"        System.out.println(\"   \" + newTask);","lastModifiedDate":"2024-08-24","isFullCredit":false},{"lineNumber":177,"author":{"gitId":"choiwab"},"content":"        System.out.println(\" Now you have \" + tasks.size() + \" tasks in the list.\");","lastModifiedDate":"2024-08-24","isFullCredit":false},{"lineNumber":178,"author":{"gitId":"choiwab"},"content":"    }","lastModifiedDate":"2024-08-24","isFullCredit":false},{"lineNumber":179,"author":{"gitId":"choiwab"},"content":"","lastModifiedDate":"2024-08-24","isFullCredit":false},{"lineNumber":180,"author":{"gitId":"choiwab"},"content":"    private static void addDeadline(ArrayList\u003cTask\u003e tasks, String input) throws IncorrectFormatException {","lastModifiedDate":"2024-08-24","isFullCredit":false},{"lineNumber":181,"author":{"gitId":"choiwab"},"content":"        String[] parts \u003d input.substring(9).split(\" /by \");","lastModifiedDate":"2024-08-24","isFullCredit":false},{"lineNumber":182,"author":{"gitId":"choiwab"},"content":"        if (parts.length !\u003d 2 || parts[0].trim().isEmpty() || parts[1].trim().isEmpty()) {","lastModifiedDate":"2024-08-24","isFullCredit":false},{"lineNumber":183,"author":{"gitId":"choiwab"},"content":"            throw new IncorrectFormatException(\"The format for a deadline should be: deadline \u003cdescription\u003e /by \u003cd/M/yyyy HHmm\u003e\");","lastModifiedDate":"2024-09-01","isFullCredit":false},{"lineNumber":184,"author":{"gitId":"choiwab"},"content":"        }","lastModifiedDate":"2024-08-24","isFullCredit":false},{"lineNumber":185,"author":{"gitId":"choiwab"},"content":"        Task newTask \u003d new Deadline(parts[0].trim(), parts[1].trim());","lastModifiedDate":"2024-08-24","isFullCredit":false},{"lineNumber":186,"author":{"gitId":"choiwab"},"content":"        tasks.add(newTask);","lastModifiedDate":"2024-08-24","isFullCredit":false},{"lineNumber":187,"author":{"gitId":"choiwab"},"content":"        saveTasksToFile(tasks);","lastModifiedDate":"2024-08-31","isFullCredit":false},{"lineNumber":188,"author":{"gitId":"choiwab"},"content":"        System.out.println(\" Got it. I\u0027ve added this task:\");","lastModifiedDate":"2024-08-24","isFullCredit":false},{"lineNumber":189,"author":{"gitId":"choiwab"},"content":"        System.out.println(\"   \" + newTask);","lastModifiedDate":"2024-08-24","isFullCredit":false},{"lineNumber":190,"author":{"gitId":"choiwab"},"content":"        System.out.println(\" Now you have \" + tasks.size() + \" tasks in the list.\");","lastModifiedDate":"2024-08-24","isFullCredit":false},{"lineNumber":191,"author":{"gitId":"choiwab"},"content":"    }","lastModifiedDate":"2024-08-24","isFullCredit":false},{"lineNumber":192,"author":{"gitId":"choiwab"},"content":"","lastModifiedDate":"2024-08-24","isFullCredit":false},{"lineNumber":193,"author":{"gitId":"choiwab"},"content":"","lastModifiedDate":"2024-09-01","isFullCredit":false},{"lineNumber":194,"author":{"gitId":"choiwab"},"content":"    private static void addEvent(ArrayList\u003cTask\u003e tasks, String input) throws IncorrectFormatException {","lastModifiedDate":"2024-08-24","isFullCredit":false},{"lineNumber":195,"author":{"gitId":"choiwab"},"content":"        String[] parts \u003d input.substring(6).split(\" /from | /to \");","lastModifiedDate":"2024-08-24","isFullCredit":false},{"lineNumber":196,"author":{"gitId":"choiwab"},"content":"        if (parts.length !\u003d 3 || parts[0].trim().isEmpty() || parts[1].trim().isEmpty() || parts[2].trim().isEmpty()) {","lastModifiedDate":"2024-08-24","isFullCredit":false},{"lineNumber":197,"author":{"gitId":"choiwab"},"content":"            throw new IncorrectFormatException(\"The format for an event should be: event \u003cdescription\u003e /from \u003cyyyy-mm-dd\u003e /to \u003cyyyy-mm-dd\u003e\");","lastModifiedDate":"2024-09-01","isFullCredit":false},{"lineNumber":198,"author":{"gitId":"choiwab"},"content":"        }","lastModifiedDate":"2024-08-24","isFullCredit":false},{"lineNumber":199,"author":{"gitId":"choiwab"},"content":"        Task newTask \u003d new Event(parts[0].trim(), parts[1].trim(), parts[2].trim());","lastModifiedDate":"2024-08-24","isFullCredit":false},{"lineNumber":200,"author":{"gitId":"choiwab"},"content":"        tasks.add(newTask);","lastModifiedDate":"2024-08-24","isFullCredit":false},{"lineNumber":201,"author":{"gitId":"choiwab"},"content":"        saveTasksToFile(tasks);","lastModifiedDate":"2024-08-31","isFullCredit":false},{"lineNumber":202,"author":{"gitId":"choiwab"},"content":"        System.out.println(\" Got it. I\u0027ve added this task:\");","lastModifiedDate":"2024-08-24","isFullCredit":false},{"lineNumber":203,"author":{"gitId":"choiwab"},"content":"        System.out.println(\"   \" + newTask);","lastModifiedDate":"2024-08-24","isFullCredit":false},{"lineNumber":204,"author":{"gitId":"choiwab"},"content":"        System.out.println(\" Now you have \" + tasks.size() + \" tasks in the list.\");","lastModifiedDate":"2024-08-24","isFullCredit":false},{"lineNumber":205,"author":{"gitId":"-"},"content":"    }","lastModifiedDate":"2019-07-29","isFullCredit":false},{"lineNumber":206,"author":{"gitId":"choiwab"},"content":"","lastModifiedDate":"2024-08-24","isFullCredit":false},{"lineNumber":207,"author":{"gitId":"choiwab"},"content":"    // Method to delete a task","lastModifiedDate":"2024-08-24","isFullCredit":false},{"lineNumber":208,"author":{"gitId":"choiwab"},"content":"    private static void deleteTask(ArrayList\u003cTask\u003e tasks, String input) throws InvalidTaskNumberException {","lastModifiedDate":"2024-08-24","isFullCredit":false},{"lineNumber":209,"author":{"gitId":"choiwab"},"content":"        try {","lastModifiedDate":"2024-08-24","isFullCredit":false},{"lineNumber":210,"author":{"gitId":"choiwab"},"content":"            int index \u003d Integer.parseInt(input.split(\" \")[1]) - 1;","lastModifiedDate":"2024-08-24","isFullCredit":false},{"lineNumber":211,"author":{"gitId":"choiwab"},"content":"            if (index \u003e\u003d 0 \u0026\u0026 index \u003c tasks.size()) {","lastModifiedDate":"2024-08-24","isFullCredit":false},{"lineNumber":212,"author":{"gitId":"choiwab"},"content":"                Task removedTask \u003d tasks.remove(index);","lastModifiedDate":"2024-08-24","isFullCredit":false},{"lineNumber":213,"author":{"gitId":"choiwab"},"content":"                saveTasksToFile(tasks);","lastModifiedDate":"2024-08-31","isFullCredit":false},{"lineNumber":214,"author":{"gitId":"choiwab"},"content":"                System.out.println(\" Noted. I\u0027ve removed this task:\");","lastModifiedDate":"2024-08-24","isFullCredit":false},{"lineNumber":215,"author":{"gitId":"choiwab"},"content":"                System.out.println(\"   \" + removedTask);","lastModifiedDate":"2024-08-24","isFullCredit":false},{"lineNumber":216,"author":{"gitId":"choiwab"},"content":"                System.out.println(\" Now you have \" + tasks.size() + \" tasks in the list.\");","lastModifiedDate":"2024-08-24","isFullCredit":false},{"lineNumber":217,"author":{"gitId":"choiwab"},"content":"            } else {","lastModifiedDate":"2024-08-24","isFullCredit":false},{"lineNumber":218,"author":{"gitId":"choiwab"},"content":"                throw new InvalidTaskNumberException(\"Invalid task number. Please provide a valid number from the list.\");","lastModifiedDate":"2024-08-24","isFullCredit":false},{"lineNumber":219,"author":{"gitId":"choiwab"},"content":"            }","lastModifiedDate":"2024-08-24","isFullCredit":false},{"lineNumber":220,"author":{"gitId":"choiwab"},"content":"        } catch (NumberFormatException e) {","lastModifiedDate":"2024-08-24","isFullCredit":false},{"lineNumber":221,"author":{"gitId":"choiwab"},"content":"            throw new InvalidTaskNumberException(\"Invalid command format. Please enter a valid number after \u0027delete\u0027.\");","lastModifiedDate":"2024-08-24","isFullCredit":false},{"lineNumber":222,"author":{"gitId":"choiwab"},"content":"        } catch (IndexOutOfBoundsException e) {","lastModifiedDate":"2024-08-24","isFullCredit":false},{"lineNumber":223,"author":{"gitId":"choiwab"},"content":"            throw new InvalidTaskNumberException(\"Task number out of range. Please provide a valid number from the list.\");","lastModifiedDate":"2024-08-24","isFullCredit":false},{"lineNumber":224,"author":{"gitId":"choiwab"},"content":"        }","lastModifiedDate":"2024-08-24","isFullCredit":false},{"lineNumber":225,"author":{"gitId":"choiwab"},"content":"    }","lastModifiedDate":"2024-08-24","isFullCredit":false},{"lineNumber":226,"author":{"gitId":"-"},"content":"}","lastModifiedDate":"2019-07-29","isFullCredit":false}],"authorContributionMap":{"choiwab":222,"-":4}},{"path":"src/main/java/blacknut/ui/BlacknutExceptions.java","fileType":"java","lines":[{"lineNumber":1,"author":{"gitId":"choiwab"},"content":"package blacknut.ui;","lastModifiedDate":"2024-09-03","isFullCredit":false},{"lineNumber":2,"author":{"gitId":"choiwab"},"content":"public class BlacknutExceptions {","lastModifiedDate":"2024-08-24","isFullCredit":false},{"lineNumber":3,"author":{"gitId":"choiwab"},"content":"","lastModifiedDate":"2024-08-24","isFullCredit":false},{"lineNumber":4,"author":{"gitId":"choiwab"},"content":"    public static class InvalidCommandException extends Exception {","lastModifiedDate":"2024-08-24","isFullCredit":false},{"lineNumber":5,"author":{"gitId":"choiwab"},"content":"        public InvalidCommandException(String message) {","lastModifiedDate":"2024-08-24","isFullCredit":false},{"lineNumber":6,"author":{"gitId":"choiwab"},"content":"            super(message);","lastModifiedDate":"2024-08-24","isFullCredit":false},{"lineNumber":7,"author":{"gitId":"choiwab"},"content":"        }","lastModifiedDate":"2024-08-24","isFullCredit":false},{"lineNumber":8,"author":{"gitId":"choiwab"},"content":"    }","lastModifiedDate":"2024-08-24","isFullCredit":false},{"lineNumber":9,"author":{"gitId":"choiwab"},"content":"","lastModifiedDate":"2024-08-24","isFullCredit":false},{"lineNumber":10,"author":{"gitId":"choiwab"},"content":"    public static class EmptyDescriptionException extends Exception {","lastModifiedDate":"2024-08-24","isFullCredit":false},{"lineNumber":11,"author":{"gitId":"choiwab"},"content":"        public EmptyDescriptionException(String message) {","lastModifiedDate":"2024-08-24","isFullCredit":false},{"lineNumber":12,"author":{"gitId":"choiwab"},"content":"            super(message);","lastModifiedDate":"2024-08-24","isFullCredit":false},{"lineNumber":13,"author":{"gitId":"choiwab"},"content":"        }","lastModifiedDate":"2024-08-24","isFullCredit":false},{"lineNumber":14,"author":{"gitId":"choiwab"},"content":"    }","lastModifiedDate":"2024-08-24","isFullCredit":false},{"lineNumber":15,"author":{"gitId":"choiwab"},"content":"","lastModifiedDate":"2024-08-24","isFullCredit":false},{"lineNumber":16,"author":{"gitId":"choiwab"},"content":"    public static class InvalidTaskNumberException extends Exception {","lastModifiedDate":"2024-08-24","isFullCredit":false},{"lineNumber":17,"author":{"gitId":"choiwab"},"content":"        public InvalidTaskNumberException(String message) {","lastModifiedDate":"2024-08-24","isFullCredit":false},{"lineNumber":18,"author":{"gitId":"choiwab"},"content":"            super(message);","lastModifiedDate":"2024-08-24","isFullCredit":false},{"lineNumber":19,"author":{"gitId":"choiwab"},"content":"        }","lastModifiedDate":"2024-08-24","isFullCredit":false},{"lineNumber":20,"author":{"gitId":"choiwab"},"content":"    }","lastModifiedDate":"2024-08-24","isFullCredit":false},{"lineNumber":21,"author":{"gitId":"choiwab"},"content":"","lastModifiedDate":"2024-08-24","isFullCredit":false},{"lineNumber":22,"author":{"gitId":"choiwab"},"content":"    public static class IncorrectFormatException extends Exception {","lastModifiedDate":"2024-08-24","isFullCredit":false},{"lineNumber":23,"author":{"gitId":"choiwab"},"content":"        public IncorrectFormatException(String message) {","lastModifiedDate":"2024-08-24","isFullCredit":false},{"lineNumber":24,"author":{"gitId":"choiwab"},"content":"            super(message);","lastModifiedDate":"2024-08-24","isFullCredit":false},{"lineNumber":25,"author":{"gitId":"choiwab"},"content":"        }","lastModifiedDate":"2024-08-24","isFullCredit":false},{"lineNumber":26,"author":{"gitId":"choiwab"},"content":"    }","lastModifiedDate":"2024-08-24","isFullCredit":false},{"lineNumber":27,"author":{"gitId":"choiwab"},"content":"}","lastModifiedDate":"2024-08-24","isFullCredit":false}],"authorContributionMap":{"choiwab":27}},{"path":"src/main/java/blacknut/ui/Deadline.java","fileType":"java","lines":[{"lineNumber":1,"author":{"gitId":"choiwab"},"content":"package blacknut.ui;","lastModifiedDate":"2024-09-03","isFullCredit":false},{"lineNumber":2,"author":{"gitId":"choiwab"},"content":"import java.time.LocalDate;","lastModifiedDate":"2024-09-01","isFullCredit":false},{"lineNumber":3,"author":{"gitId":"choiwab"},"content":"import java.time.format.DateTimeFormatter;","lastModifiedDate":"2024-09-01","isFullCredit":false},{"lineNumber":4,"author":{"gitId":"choiwab"},"content":"import java.time.format.DateTimeParseException;","lastModifiedDate":"2024-09-01","isFullCredit":false},{"lineNumber":5,"author":{"gitId":"choiwab"},"content":"import java.time.LocalDateTime;","lastModifiedDate":"2024-09-01","isFullCredit":false},{"lineNumber":6,"author":{"gitId":"choiwab"},"content":"import java.time.format.DateTimeFormatter;","lastModifiedDate":"2024-09-01","isFullCredit":false},{"lineNumber":7,"author":{"gitId":"choiwab"},"content":"","lastModifiedDate":"2024-08-24","isFullCredit":false},{"lineNumber":8,"author":{"gitId":"choiwab"},"content":"public class Deadline extends Task {","lastModifiedDate":"2024-08-24","isFullCredit":false},{"lineNumber":9,"author":{"gitId":"choiwab"},"content":"    protected LocalDateTime by;","lastModifiedDate":"2024-09-01","isFullCredit":false},{"lineNumber":10,"author":{"gitId":"choiwab"},"content":"","lastModifiedDate":"2024-08-24","isFullCredit":false},{"lineNumber":11,"author":{"gitId":"choiwab"},"content":"    public Deadline(String description, String by) {","lastModifiedDate":"2024-08-24","isFullCredit":false},{"lineNumber":12,"author":{"gitId":"choiwab"},"content":"        super(description);","lastModifiedDate":"2024-08-24","isFullCredit":false},{"lineNumber":13,"author":{"gitId":"choiwab"},"content":"        DateTimeFormatter formatter \u003d DateTimeFormatter.ofPattern(\"d/M/yyyy HHmm\");","lastModifiedDate":"2024-09-01","isFullCredit":false},{"lineNumber":14,"author":{"gitId":"choiwab"},"content":"        this.by \u003d LocalDateTime.parse(by, formatter);","lastModifiedDate":"2024-09-01","isFullCredit":false},{"lineNumber":15,"author":{"gitId":"choiwab"},"content":"    }","lastModifiedDate":"2024-08-24","isFullCredit":false},{"lineNumber":16,"author":{"gitId":"choiwab"},"content":"","lastModifiedDate":"2024-08-24","isFullCredit":false},{"lineNumber":17,"author":{"gitId":"choiwab"},"content":"    @Override","lastModifiedDate":"2024-08-31","isFullCredit":false},{"lineNumber":18,"author":{"gitId":"choiwab"},"content":"    public String toFileFormat() {","lastModifiedDate":"2024-08-31","isFullCredit":false},{"lineNumber":19,"author":{"gitId":"choiwab"},"content":"        DateTimeFormatter formatter \u003d DateTimeFormatter.ofPattern(\"d/M/yyyy HHmm\");","lastModifiedDate":"2024-09-01","isFullCredit":false},{"lineNumber":20,"author":{"gitId":"choiwab"},"content":"        return \"D | \" + super.toFileFormat() + \" | \" + by.format(formatter);","lastModifiedDate":"2024-09-01","isFullCredit":false},{"lineNumber":21,"author":{"gitId":"choiwab"},"content":"        //return \"D | \" + (isDone ? \"1\" : \"0\") + \" | \" + description + \" | \" + by;","lastModifiedDate":"2024-09-01","isFullCredit":false},{"lineNumber":22,"author":{"gitId":"choiwab"},"content":"    }","lastModifiedDate":"2024-08-31","isFullCredit":false},{"lineNumber":23,"author":{"gitId":"choiwab"},"content":"","lastModifiedDate":"2024-08-31","isFullCredit":false},{"lineNumber":24,"author":{"gitId":"choiwab"},"content":"    @Override","lastModifiedDate":"2024-08-24","isFullCredit":false},{"lineNumber":25,"author":{"gitId":"choiwab"},"content":"    public String toString() {","lastModifiedDate":"2024-08-24","isFullCredit":false},{"lineNumber":26,"author":{"gitId":"choiwab"},"content":"        DateTimeFormatter formatter \u003d DateTimeFormatter.ofPattern(\"MMM dd yyyy, HH:mm\");","lastModifiedDate":"2024-09-01","isFullCredit":false},{"lineNumber":27,"author":{"gitId":"choiwab"},"content":"        return \"[D]\" + super.toString() + \" (by: \" + by.format(formatter) + \")\";","lastModifiedDate":"2024-09-01","isFullCredit":false},{"lineNumber":28,"author":{"gitId":"choiwab"},"content":"        //return \"[D]\" + super.toString() + \" (by: \" + by.format(DateTimeFormatter.ofPattern(\"MMM dd yyyy\")) + \")\";","lastModifiedDate":"2024-09-01","isFullCredit":false},{"lineNumber":29,"author":{"gitId":"choiwab"},"content":"    }","lastModifiedDate":"2024-08-24","isFullCredit":false},{"lineNumber":30,"author":{"gitId":"choiwab"},"content":"}","lastModifiedDate":"2024-08-24","isFullCredit":false}],"authorContributionMap":{"choiwab":30}},{"path":"src/main/java/blacknut/ui/Event.java","fileType":"java","lines":[{"lineNumber":1,"author":{"gitId":"choiwab"},"content":"package blacknut.ui;","lastModifiedDate":"2024-09-03","isFullCredit":false},{"lineNumber":2,"author":{"gitId":"choiwab"},"content":"import java.time.LocalDate;","lastModifiedDate":"2024-09-01","isFullCredit":false},{"lineNumber":3,"author":{"gitId":"choiwab"},"content":"import java.time.format.DateTimeFormatter;","lastModifiedDate":"2024-09-01","isFullCredit":false},{"lineNumber":4,"author":{"gitId":"choiwab"},"content":"import java.time.LocalDateTime;","lastModifiedDate":"2024-09-01","isFullCredit":false},{"lineNumber":5,"author":{"gitId":"choiwab"},"content":"import java.time.format.DateTimeParseException;","lastModifiedDate":"2024-09-01","isFullCredit":false},{"lineNumber":6,"author":{"gitId":"choiwab"},"content":"","lastModifiedDate":"2024-09-01","isFullCredit":false},{"lineNumber":7,"author":{"gitId":"choiwab"},"content":"public class Event extends Task {","lastModifiedDate":"2024-08-24","isFullCredit":false},{"lineNumber":8,"author":{"gitId":"choiwab"},"content":"    protected LocalDate from;","lastModifiedDate":"2024-09-01","isFullCredit":false},{"lineNumber":9,"author":{"gitId":"choiwab"},"content":"    protected LocalDate to;","lastModifiedDate":"2024-09-01","isFullCredit":false},{"lineNumber":10,"author":{"gitId":"choiwab"},"content":"","lastModifiedDate":"2024-08-24","isFullCredit":false},{"lineNumber":11,"author":{"gitId":"choiwab"},"content":"    public Event(String description, String from, String to) {","lastModifiedDate":"2024-08-24","isFullCredit":false},{"lineNumber":12,"author":{"gitId":"choiwab"},"content":"        super(description);","lastModifiedDate":"2024-08-24","isFullCredit":false},{"lineNumber":13,"author":{"gitId":"choiwab"},"content":"        this.from \u003d LocalDate.parse(from);","lastModifiedDate":"2024-09-01","isFullCredit":false},{"lineNumber":14,"author":{"gitId":"choiwab"},"content":"        this.to \u003d LocalDate.parse(to);","lastModifiedDate":"2024-09-01","isFullCredit":false},{"lineNumber":15,"author":{"gitId":"choiwab"},"content":"    }","lastModifiedDate":"2024-08-24","isFullCredit":false},{"lineNumber":16,"author":{"gitId":"choiwab"},"content":"","lastModifiedDate":"2024-08-24","isFullCredit":false},{"lineNumber":17,"author":{"gitId":"choiwab"},"content":"    @Override","lastModifiedDate":"2024-08-31","isFullCredit":false},{"lineNumber":18,"author":{"gitId":"choiwab"},"content":"    public String toFileFormat() {","lastModifiedDate":"2024-08-31","isFullCredit":false},{"lineNumber":19,"author":{"gitId":"choiwab"},"content":"        return \"E | \" + (isDone ? \"1\" : \"0\") + \" | \" + description + \" | \" + from + \" | \" + to;","lastModifiedDate":"2024-08-31","isFullCredit":false},{"lineNumber":20,"author":{"gitId":"choiwab"},"content":"    }","lastModifiedDate":"2024-08-31","isFullCredit":false},{"lineNumber":21,"author":{"gitId":"choiwab"},"content":"","lastModifiedDate":"2024-08-31","isFullCredit":false},{"lineNumber":22,"author":{"gitId":"choiwab"},"content":"    @Override","lastModifiedDate":"2024-08-24","isFullCredit":false},{"lineNumber":23,"author":{"gitId":"choiwab"},"content":"    public String toString() {","lastModifiedDate":"2024-08-24","isFullCredit":false},{"lineNumber":24,"author":{"gitId":"choiwab"},"content":"        return \"[E]\" + super.toString() + \" (from: \" + from.format(DateTimeFormatter.ofPattern(\"MMM dd yyyy\")) + \" to: \" + to.format(DateTimeFormatter.ofPattern(\"MMM dd yyyy\")) + \")\";","lastModifiedDate":"2024-09-01","isFullCredit":false},{"lineNumber":25,"author":{"gitId":"choiwab"},"content":"    }","lastModifiedDate":"2024-08-24","isFullCredit":false},{"lineNumber":26,"author":{"gitId":"choiwab"},"content":"}","lastModifiedDate":"2024-08-24","isFullCredit":false}],"authorContributionMap":{"choiwab":26}},{"path":"src/main/java/blacknut/ui/Task.java","fileType":"java","lines":[{"lineNumber":1,"author":{"gitId":"choiwab"},"content":"package blacknut.ui;","lastModifiedDate":"2024-09-03","isFullCredit":false},{"lineNumber":2,"author":{"gitId":"choiwab"},"content":"import blacknut.ui.BlacknutExceptions.IncorrectFormatException;","lastModifiedDate":"2024-09-03","isFullCredit":false},{"lineNumber":3,"author":{"gitId":"choiwab"},"content":"import java.time.LocalDate;","lastModifiedDate":"2024-09-01","isFullCredit":false},{"lineNumber":4,"author":{"gitId":"choiwab"},"content":"import java.time.format.DateTimeFormatter;","lastModifiedDate":"2024-09-01","isFullCredit":false},{"lineNumber":5,"author":{"gitId":"choiwab"},"content":"import java.time.format.DateTimeParseException;","lastModifiedDate":"2024-09-01","isFullCredit":false},{"lineNumber":6,"author":{"gitId":"choiwab"},"content":"import java.time.LocalDateTime;","lastModifiedDate":"2024-09-01","isFullCredit":false},{"lineNumber":7,"author":{"gitId":"choiwab"},"content":"","lastModifiedDate":"2024-09-01","isFullCredit":false},{"lineNumber":8,"author":{"gitId":"choiwab"},"content":"","lastModifiedDate":"2024-08-31","isFullCredit":false},{"lineNumber":9,"author":{"gitId":"choiwab"},"content":"public class Task {","lastModifiedDate":"2024-08-24","isFullCredit":false},{"lineNumber":10,"author":{"gitId":"choiwab"},"content":"    protected String description;","lastModifiedDate":"2024-08-24","isFullCredit":false},{"lineNumber":11,"author":{"gitId":"choiwab"},"content":"    protected boolean isDone;","lastModifiedDate":"2024-08-24","isFullCredit":false},{"lineNumber":12,"author":{"gitId":"choiwab"},"content":"","lastModifiedDate":"2024-08-24","isFullCredit":false},{"lineNumber":13,"author":{"gitId":"choiwab"},"content":"    public Task(String description) {","lastModifiedDate":"2024-08-24","isFullCredit":false},{"lineNumber":14,"author":{"gitId":"choiwab"},"content":"        this.description \u003d description;","lastModifiedDate":"2024-08-24","isFullCredit":false},{"lineNumber":15,"author":{"gitId":"choiwab"},"content":"        this.isDone \u003d false;","lastModifiedDate":"2024-08-24","isFullCredit":false},{"lineNumber":16,"author":{"gitId":"choiwab"},"content":"    }","lastModifiedDate":"2024-08-24","isFullCredit":false},{"lineNumber":17,"author":{"gitId":"choiwab"},"content":"","lastModifiedDate":"2024-08-24","isFullCredit":false},{"lineNumber":18,"author":{"gitId":"choiwab"},"content":"    public String getStatusIcon() {","lastModifiedDate":"2024-08-24","isFullCredit":false},{"lineNumber":19,"author":{"gitId":"choiwab"},"content":"        return (isDone ? \"X\" : \" \");","lastModifiedDate":"2024-08-24","isFullCredit":false},{"lineNumber":20,"author":{"gitId":"choiwab"},"content":"    }","lastModifiedDate":"2024-08-24","isFullCredit":false},{"lineNumber":21,"author":{"gitId":"choiwab"},"content":"","lastModifiedDate":"2024-08-24","isFullCredit":false},{"lineNumber":22,"author":{"gitId":"choiwab"},"content":"    public void markAsDone() {","lastModifiedDate":"2024-08-24","isFullCredit":false},{"lineNumber":23,"author":{"gitId":"choiwab"},"content":"        isDone \u003d true;","lastModifiedDate":"2024-08-24","isFullCredit":false},{"lineNumber":24,"author":{"gitId":"choiwab"},"content":"    }","lastModifiedDate":"2024-08-24","isFullCredit":false},{"lineNumber":25,"author":{"gitId":"choiwab"},"content":"","lastModifiedDate":"2024-08-24","isFullCredit":false},{"lineNumber":26,"author":{"gitId":"choiwab"},"content":"    public void markAsNotDone() {","lastModifiedDate":"2024-08-24","isFullCredit":false},{"lineNumber":27,"author":{"gitId":"choiwab"},"content":"        isDone \u003d false;","lastModifiedDate":"2024-08-24","isFullCredit":false},{"lineNumber":28,"author":{"gitId":"choiwab"},"content":"    }","lastModifiedDate":"2024-08-24","isFullCredit":false},{"lineNumber":29,"author":{"gitId":"choiwab"},"content":"","lastModifiedDate":"2024-08-24","isFullCredit":false},{"lineNumber":30,"author":{"gitId":"choiwab"},"content":"","lastModifiedDate":"2024-08-31","isFullCredit":false},{"lineNumber":31,"author":{"gitId":"choiwab"},"content":"    public static Task fromFileFormat(String line) throws IncorrectFormatException {","lastModifiedDate":"2024-08-31","isFullCredit":false},{"lineNumber":32,"author":{"gitId":"choiwab"},"content":"        // Parse the line and create a Task object based on the type (Todo, Deadline, Event)","lastModifiedDate":"2024-08-31","isFullCredit":false},{"lineNumber":33,"author":{"gitId":"choiwab"},"content":"        String[] parts \u003d line.split(\" \\\\| \");","lastModifiedDate":"2024-08-31","isFullCredit":false},{"lineNumber":34,"author":{"gitId":"choiwab"},"content":"        if (parts.length \u003c 3) {","lastModifiedDate":"2024-08-31","isFullCredit":false},{"lineNumber":35,"author":{"gitId":"choiwab"},"content":"            throw new IncorrectFormatException(\"File format incorrect: \" + line);","lastModifiedDate":"2024-08-31","isFullCredit":false},{"lineNumber":36,"author":{"gitId":"choiwab"},"content":"        }","lastModifiedDate":"2024-08-31","isFullCredit":false},{"lineNumber":37,"author":{"gitId":"choiwab"},"content":"        String type \u003d parts[0];","lastModifiedDate":"2024-08-31","isFullCredit":false},{"lineNumber":38,"author":{"gitId":"choiwab"},"content":"        boolean isDone \u003d parts[1].equals(\"1\");","lastModifiedDate":"2024-08-31","isFullCredit":false},{"lineNumber":39,"author":{"gitId":"choiwab"},"content":"        String description \u003d parts[2];","lastModifiedDate":"2024-08-31","isFullCredit":false},{"lineNumber":40,"author":{"gitId":"choiwab"},"content":"","lastModifiedDate":"2024-08-31","isFullCredit":false},{"lineNumber":41,"author":{"gitId":"choiwab"},"content":"        Task task;","lastModifiedDate":"2024-08-31","isFullCredit":false},{"lineNumber":42,"author":{"gitId":"choiwab"},"content":"        switch (type) {","lastModifiedDate":"2024-08-31","isFullCredit":false},{"lineNumber":43,"author":{"gitId":"choiwab"},"content":"            case \"T\":","lastModifiedDate":"2024-08-31","isFullCredit":false},{"lineNumber":44,"author":{"gitId":"choiwab"},"content":"                task \u003d new Todo(description);","lastModifiedDate":"2024-08-31","isFullCredit":false},{"lineNumber":45,"author":{"gitId":"choiwab"},"content":"                break;","lastModifiedDate":"2024-08-31","isFullCredit":false},{"lineNumber":46,"author":{"gitId":"choiwab"},"content":"            case \"D\":","lastModifiedDate":"2024-08-31","isFullCredit":false},{"lineNumber":47,"author":{"gitId":"choiwab"},"content":"                if (parts.length !\u003d 4) throw new IncorrectFormatException(\"File format incorrect: \" + line);","lastModifiedDate":"2024-08-31","isFullCredit":false},{"lineNumber":48,"author":{"gitId":"choiwab"},"content":"                DateTimeFormatter formatter \u003d DateTimeFormatter.ofPattern(\"d/M/yyyy HHmm\");","lastModifiedDate":"2024-09-01","isFullCredit":false},{"lineNumber":49,"author":{"gitId":"choiwab"},"content":"                LocalDateTime by \u003d LocalDateTime.parse(parts[3], formatter);","lastModifiedDate":"2024-09-01","isFullCredit":false},{"lineNumber":50,"author":{"gitId":"choiwab"},"content":"                task \u003d new Deadline(description, by.format(formatter));","lastModifiedDate":"2024-09-01","isFullCredit":false},{"lineNumber":51,"author":{"gitId":"choiwab"},"content":"                break;","lastModifiedDate":"2024-08-31","isFullCredit":false},{"lineNumber":52,"author":{"gitId":"choiwab"},"content":"            case \"E\":","lastModifiedDate":"2024-08-31","isFullCredit":false},{"lineNumber":53,"author":{"gitId":"choiwab"},"content":"                if (parts.length !\u003d 5) throw new IncorrectFormatException(\"File format incorrect: \" + line);","lastModifiedDate":"2024-08-31","isFullCredit":false},{"lineNumber":54,"author":{"gitId":"choiwab"},"content":"                task \u003d new Event(description, parts[3], parts[4]);","lastModifiedDate":"2024-08-31","isFullCredit":false},{"lineNumber":55,"author":{"gitId":"choiwab"},"content":"                break;","lastModifiedDate":"2024-08-31","isFullCredit":false},{"lineNumber":56,"author":{"gitId":"choiwab"},"content":"            default:","lastModifiedDate":"2024-08-31","isFullCredit":false},{"lineNumber":57,"author":{"gitId":"choiwab"},"content":"                throw new IncorrectFormatException(\"Unknown task type: \" + type);","lastModifiedDate":"2024-08-31","isFullCredit":false},{"lineNumber":58,"author":{"gitId":"choiwab"},"content":"        }","lastModifiedDate":"2024-08-31","isFullCredit":false},{"lineNumber":59,"author":{"gitId":"choiwab"},"content":"","lastModifiedDate":"2024-08-31","isFullCredit":false},{"lineNumber":60,"author":{"gitId":"choiwab"},"content":"        if (isDone) {","lastModifiedDate":"2024-08-31","isFullCredit":false},{"lineNumber":61,"author":{"gitId":"choiwab"},"content":"            task.markAsDone();","lastModifiedDate":"2024-08-31","isFullCredit":false},{"lineNumber":62,"author":{"gitId":"choiwab"},"content":"        }","lastModifiedDate":"2024-08-31","isFullCredit":false},{"lineNumber":63,"author":{"gitId":"choiwab"},"content":"","lastModifiedDate":"2024-08-31","isFullCredit":false},{"lineNumber":64,"author":{"gitId":"choiwab"},"content":"        return task;","lastModifiedDate":"2024-08-31","isFullCredit":false},{"lineNumber":65,"author":{"gitId":"choiwab"},"content":"    }","lastModifiedDate":"2024-08-31","isFullCredit":false},{"lineNumber":66,"author":{"gitId":"choiwab"},"content":"","lastModifiedDate":"2024-08-31","isFullCredit":false},{"lineNumber":67,"author":{"gitId":"choiwab"},"content":"    public String toFileFormat() {","lastModifiedDate":"2024-08-31","isFullCredit":false},{"lineNumber":68,"author":{"gitId":"choiwab"},"content":"        return this.getClass().getSimpleName().substring(0, 1) + \" | \" + (isDone ? \"1\" : \"0\") + \" | \" + description;","lastModifiedDate":"2024-08-31","isFullCredit":false},{"lineNumber":69,"author":{"gitId":"choiwab"},"content":"    }","lastModifiedDate":"2024-08-31","isFullCredit":false},{"lineNumber":70,"author":{"gitId":"choiwab"},"content":"","lastModifiedDate":"2024-08-31","isFullCredit":false},{"lineNumber":71,"author":{"gitId":"choiwab"},"content":"","lastModifiedDate":"2024-08-31","isFullCredit":false},{"lineNumber":72,"author":{"gitId":"choiwab"},"content":"    @Override","lastModifiedDate":"2024-08-24","isFullCredit":false},{"lineNumber":73,"author":{"gitId":"choiwab"},"content":"    public String toString() {","lastModifiedDate":"2024-08-24","isFullCredit":false},{"lineNumber":74,"author":{"gitId":"choiwab"},"content":"        return \"[\" + getStatusIcon() + \"] \" + description;","lastModifiedDate":"2024-08-24","isFullCredit":false},{"lineNumber":75,"author":{"gitId":"choiwab"},"content":"    }","lastModifiedDate":"2024-08-24","isFullCredit":false},{"lineNumber":76,"author":{"gitId":"choiwab"},"content":"}","lastModifiedDate":"2024-08-24","isFullCredit":false}],"authorContributionMap":{"choiwab":76}},{"path":"src/main/java/blacknut/ui/Todo.java","fileType":"java","lines":[{"lineNumber":1,"author":{"gitId":"choiwab"},"content":"package blacknut.ui;","lastModifiedDate":"2024-09-03","isFullCredit":false},{"lineNumber":2,"author":{"gitId":"choiwab"},"content":"import java.time.LocalDate;","lastModifiedDate":"2024-09-01","isFullCredit":false},{"lineNumber":3,"author":{"gitId":"choiwab"},"content":"import java.time.format.DateTimeFormatter;","lastModifiedDate":"2024-09-01","isFullCredit":false},{"lineNumber":4,"author":{"gitId":"choiwab"},"content":"import java.time.format.DateTimeParseException;","lastModifiedDate":"2024-09-01","isFullCredit":false},{"lineNumber":5,"author":{"gitId":"choiwab"},"content":"","lastModifiedDate":"2024-09-01","isFullCredit":false},{"lineNumber":6,"author":{"gitId":"choiwab"},"content":"public class Todo extends Task {","lastModifiedDate":"2024-08-24","isFullCredit":false},{"lineNumber":7,"author":{"gitId":"choiwab"},"content":"    public Todo(String description) {","lastModifiedDate":"2024-08-24","isFullCredit":false},{"lineNumber":8,"author":{"gitId":"choiwab"},"content":"        super(description);","lastModifiedDate":"2024-08-24","isFullCredit":false},{"lineNumber":9,"author":{"gitId":"choiwab"},"content":"    }","lastModifiedDate":"2024-08-24","isFullCredit":false},{"lineNumber":10,"author":{"gitId":"choiwab"},"content":"","lastModifiedDate":"2024-08-24","isFullCredit":false},{"lineNumber":11,"author":{"gitId":"choiwab"},"content":"    @Override","lastModifiedDate":"2024-08-31","isFullCredit":false},{"lineNumber":12,"author":{"gitId":"choiwab"},"content":"    public String toFileFormat() {","lastModifiedDate":"2024-08-31","isFullCredit":false},{"lineNumber":13,"author":{"gitId":"choiwab"},"content":"        return \"T | \" + (isDone ? \"1\" : \"0\") + \" | \" + description;","lastModifiedDate":"2024-08-31","isFullCredit":false},{"lineNumber":14,"author":{"gitId":"choiwab"},"content":"    }","lastModifiedDate":"2024-08-31","isFullCredit":false},{"lineNumber":15,"author":{"gitId":"choiwab"},"content":"","lastModifiedDate":"2024-08-31","isFullCredit":false},{"lineNumber":16,"author":{"gitId":"choiwab"},"content":"","lastModifiedDate":"2024-08-31","isFullCredit":false},{"lineNumber":17,"author":{"gitId":"choiwab"},"content":"    @Override","lastModifiedDate":"2024-08-24","isFullCredit":false},{"lineNumber":18,"author":{"gitId":"choiwab"},"content":"    public String toString() {","lastModifiedDate":"2024-08-24","isFullCredit":false},{"lineNumber":19,"author":{"gitId":"choiwab"},"content":"        return \"[T]\" + super.toString();","lastModifiedDate":"2024-08-24","isFullCredit":false},{"lineNumber":20,"author":{"gitId":"choiwab"},"content":"    }","lastModifiedDate":"2024-08-24","isFullCredit":false},{"lineNumber":21,"author":{"gitId":"choiwab"},"content":"}","lastModifiedDate":"2024-08-24","isFullCredit":false}],"authorContributionMap":{"choiwab":21}},{"path":"text-ui-test/input.txt","fileType":"txt","lines":[{"lineNumber":1,"author":{"gitId":"choiwab"},"content":"event project meeting /from Mon 2pm /to 4pm","lastModifiedDate":"2024-08-24","isFullCredit":false},{"lineNumber":2,"author":{"gitId":"choiwab"},"content":"deadline do homework /by no idea :-p","lastModifiedDate":"2024-08-24","isFullCredit":false}],"authorContributionMap":{"choiwab":2}}]
