{"authorDailyContributionsMap":{"jloh02":[{"date":"2024-08-22","commitResults":[{"hash":"b7ab8db79485d63e2163b99700a87a87022791a3","isMergeCommit":false,"messageTitle":"rename bot, greet and exit","messageBody":"","tags":["Level-0"],"fileTypesAndContributionMap":{"java":{"insertions":9,"deletions":10}}},{"hash":"e2c9ce39a9936742d0452a599015fcdb07548199","isMergeCommit":false,"messageTitle":"add echo function","messageBody":"","tags":["Level-1"],"fileTypesAndContributionMap":{"java":{"insertions":18,"deletions":0}}},{"hash":"5be6f6bf717879f7fd7f6edc44971773f22a61ee","isMergeCommit":false,"messageTitle":"add functionality to add to list and display list","messageBody":"","tags":["Level-2"],"fileTypesAndContributionMap":{"java":{"insertions":22,"deletions":1}}},{"hash":"2626480be88d9a3c76b0145cef3269983e31fc9f","isMergeCommit":false,"messageTitle":"add Task.java","messageBody":"","fileTypesAndContributionMap":{"java":{"insertions":25,"deletions":0}}},{"hash":"aa195d3ff86039174670e76e66499ae1e48fe048","isMergeCommit":false,"messageTitle":"use Task class for handling task status","messageBody":"","fileTypesAndContributionMap":{"java":{"insertions":36,"deletions":11}}},{"hash":"a6223c062d0c185df375de5386bbd89246ad8030","isMergeCommit":false,"messageTitle":"use success status for marking and unmarking","messageBody":"","tags":["Level-3"],"fileTypesAndContributionMap":{"java":{"insertions":14,"deletions":9}}}]},{"date":"2024-08-23","commitResults":[{"hash":"c490832b81832fd15f617441ff0d86ee2b57476e","isMergeCommit":false,"messageTitle":"Refactor into switch case","messageBody":"","fileTypesAndContributionMap":{"java":{"insertions":48,"deletions":39}}},{"hash":"84f3e68a6eee764627bd1558733b585c377f3099","isMergeCommit":false,"messageTitle":"Handle invalid task numbers","messageBody":"","fileTypesAndContributionMap":{"java":{"insertions":30,"deletions":12}}},{"hash":"002c9db8f34a1164322df335c490dda3817b317b","isMergeCommit":false,"messageTitle":"Use TodoTask","messageBody":"","fileTypesAndContributionMap":{"java":{"insertions":25,"deletions":10}}},{"hash":"bdca4a22757cc38ed7d606027ad7f68af7ae07de","isMergeCommit":false,"messageTitle":"Add event and deadline tasks","messageBody":"","fileTypesAndContributionMap":{"java":{"insertions":83,"deletions":2}}},{"hash":"cae26694c99e171056f815f0aff031cabc41828b","isMergeCommit":false,"messageTitle":"Print message to error stream","messageBody":"","fileTypesAndContributionMap":{"java":{"insertions":11,"deletions":11}}},{"hash":"cfaf2931bea9a7099069b4d5372b835f55b61e58","isMergeCommit":false,"messageTitle":"Use TaskList class to abstract add task messages","messageBody":"","tags":["Level-4"],"fileTypesAndContributionMap":{"java":{"insertions":63,"deletions":46}}},{"hash":"5bfc0b44b711434b7a4797ede6463c9edaf47647","isMergeCommit":false,"messageTitle":"Only print to stdout","messageBody":"","fileTypesAndContributionMap":{"java":{"insertions":6,"deletions":6}}},{"hash":"79f5446803547633d44f0eb4094f0165b77b6ebf","isMergeCommit":false,"messageTitle":"Add text test case","messageBody":"","tags":["A-TextUiTesting"],"fileTypesAndContributionMap":{"txt":{"insertions":20,"deletions":0},"bat":{"insertions":1,"deletions":1}}},{"hash":"dfa26c91123a36ef56e86050a7c99911ac906255","isMergeCommit":false,"messageTitle":"Update tests","messageBody":"","fileTypesAndContributionMap":{"txt":{"insertions":2,"deletions":0}}},{"hash":"0df7b5062cd14dabde0a6c2ec64535e18576a61d","isMergeCommit":false,"messageTitle":"Use exceptions for errors","messageBody":"","tags":["Level-5"],"fileTypesAndContributionMap":{"java":{"insertions":109,"deletions":73}}},{"hash":"659c4b0a128db46616e121ae098f0ad47815f3d2","isMergeCommit":false,"messageTitle":"Use TaskListException superclass","messageBody":"","fileTypesAndContributionMap":{"java":{"insertions":10,"deletions":10}}},{"hash":"30f8f73d89419b647fdb35b6027875e09353f937","isMergeCommit":false,"messageTitle":"Add delete function","messageBody":"","fileTypesAndContributionMap":{"java":{"insertions":40,"deletions":2}}},{"hash":"80a20e56b41625802a6cb4bdc7cc8998be31f566","isMergeCommit":false,"messageTitle":"Rename NoTaskParametersFoundException for clarity","messageBody":"","fileTypesAndContributionMap":{"java":{"insertions":10,"deletions":10}}},{"hash":"f511e76cac0e0bff1834143f620afe749f77ed4b","isMergeCommit":false,"messageTitle":"Refactor to use ArrayList instead of static array","messageBody":"","fileTypesAndContributionMap":{"java":{"insertions":33,"deletions":31}}},{"hash":"5498e9898a74e5dde8f236451f8cdc7cd6142feb","isMergeCommit":false,"messageTitle":"Handle missing event in description","messageBody":"","fileTypesAndContributionMap":{"java":{"insertions":4,"deletions":0}}},{"hash":"b8e88c129b8049ef596d51a7ba8b71236c9a7e97","isMergeCommit":false,"messageTitle":"Fix index issues","messageBody":"","fileTypesAndContributionMap":{"java":{"insertions":1,"deletions":1}}},{"hash":"cbf09f6528fd5eae62e226b6c6c34b9298baa8de","isMergeCommit":false,"messageTitle":"Update tests","messageBody":"","tags":["Level-6"],"fileTypesAndContributionMap":{"txt":{"insertions":1,"deletions":0}}},{"hash":"897550dc97505792b77ab18938932da0d38e4977","isMergeCommit":false,"messageTitle":"Use enum for TaskType","messageBody":"","tags":["A-Enums"],"fileTypesAndContributionMap":{"java":{"insertions":30,"deletions":7}}},{"hash":"9677d17543f64dd44c1b4e863373d97a6986e59e","isMergeCommit":false,"messageTitle":"Create command parser","messageBody":"","fileTypesAndContributionMap":{"java":{"insertions":185,"deletions":70}}},{"hash":"0f57aa142becd3774ed356ef7d1a267b9a25299e","isMergeCommit":false,"messageTitle":"Handle integer parsing in parser","messageBody":"","fileTypesAndContributionMap":{"java":{"insertions":48,"deletions":44}}},{"hash":"5f555f43e84a4b25bb832b86b83aa53862b8c3bd","isMergeCommit":false,"messageTitle":"Refactor exceptions","messageBody":"","fileTypesAndContributionMap":{"java":{"insertions":44,"deletions":38}}},{"hash":"c32619f5d6c4cd8b559060117bb0b5da9613761b","isMergeCommit":false,"messageTitle":"Use enum for command type","messageBody":"","fileTypesAndContributionMap":{"java":{"insertions":72,"deletions":26}}}]},{"date":"2024-08-26","commitResults":[{"hash":"5a7dad1c3b974c4b9a3eb2db2e8a9180c2a4957e","isMergeCommit":false,"messageTitle":"Refactor into TaskListUI","messageBody":"","fileTypesAndContributionMap":{"java":{"insertions":171,"deletions":131}}},{"hash":"afc69780dcf6da60da3e121a0a7713974dc58854","isMergeCommit":false,"messageTitle":"Create task store to store data as txt","messageBody":"","fileTypesAndContributionMap":{"java":{"insertions":121,"deletions":5}}},{"hash":"f8436abb2e4a93e98d6aa4823183948d4943f051","isMergeCommit":false,"messageTitle":"Fix tests for storage data","messageBody":"","tags":["Level-7"],"fileTypesAndContributionMap":{"bat":{"insertions":6,"deletions":0},"sh":{"insertions":30,"deletions":18}}},{"hash":"6bcc5bd4ca08e6aef1c647f5698572a39932f114","isMergeCommit":false,"messageTitle":"Add generic parsers","messageBody":"","fileTypesAndContributionMap":{"java":{"insertions":74,"deletions":31}}},{"hash":"7096134c779c232b1cd1ce5e6206f07eb6fc2efc","isMergeCommit":false,"messageTitle":"Refactor to pass functions and dates","messageBody":"","tags":["level-8","Level-8"],"fileTypesAndContributionMap":{"txt":{"insertions":4,"deletions":2},"java":{"insertions":19,"deletions":28}}},{"hash":"b97016ae1f79c5adccdf970d33d92ad3d0859ec7","isMergeCommit":false,"messageTitle":"Use command abstract class","messageBody":"","fileTypesAndContributionMap":{"java":{"insertions":116,"deletions":126}}},{"hash":"a9f308f0ac3e2fa7b2dff97f54a103749f0d4edf","isMergeCommit":false,"messageTitle":"Update naming","messageBody":"","tags":["A-MoreOOP"],"fileTypesAndContributionMap":{"java":{"insertions":13,"deletions":9}}},{"hash":"c587cd42a48f9abe0f13abbff05f801780f2bf23","isMergeCommit":false,"messageTitle":"Organize into packages","messageBody":"","fileTypesAndContributionMap":{"java":{"insertions":172,"deletions":58}}},{"hash":"275ac65400b34c3b76173fc76da8cf5e139d3718","isMergeCommit":false,"messageTitle":"Update tests","messageBody":"","fileTypesAndContributionMap":{"bat":{"insertions":1,"deletions":1},"sh":{"insertions":1,"deletions":1}}},{"hash":"3bec1e8550cc1b94fbdf70c4ce7c728f8a0777d3","isMergeCommit":false,"messageTitle":"Fix DeleteCommand","messageBody":"","tags":["A-Packages"],"fileTypesAndContributionMap":{"java":{"insertions":2,"deletions":8}}}]},{"date":"2024-08-27","commitResults":[{"hash":"e3383853f7bd8e05777717a8d650fdf6380e7691","isMergeCommit":true,"messageTitle":"Merge branch \u0027add-gradle-support\u0027 into branch-A-Gradle","messageBody":"","fileTypesAndContributionMap":{}},{"hash":"49e173a857c3abb28ad2b682ffcd3a70f14d44fa","isMergeCommit":false,"messageTitle":"Update gradle build class name","messageBody":"","tags":["A-Gradle"],"fileTypesAndContributionMap":{"gradle":{"insertions":2,"deletions":2}}},{"hash":"83e12a7cc0c9b70720bb6b52bf7cb3d0955dca87","isMergeCommit":false,"messageTitle":"Fix Task serialization and deserialization","messageBody":"","fileTypesAndContributionMap":{"java":{"insertions":138,"deletions":28}}},{"hash":"b9138cc33489a883adf4086a03852c641a154d13","isMergeCommit":false,"messageTitle":"Add unit tests for command package * Since command package testing involves all components including the parsers, all cases can be captured * Unit tests do not cover the TaskListUI which have to use integration testing","messageBody":"","tags":["A-JUnit"],"fileTypesAndContributionMap":{"gradle":{"insertions":1,"deletions":1},"java":{"insertions":248,"deletions":0}}},{"hash":"8cf4a47c9556cd4e26c45ee87bc17e61e23991ef","isMergeCommit":false,"messageTitle":"Add JavaDocs for command package","messageBody":"","fileTypesAndContributionMap":{"java":{"insertions":127,"deletions":0}}},{"hash":"ee0b30787925bb45f0a55b32a2896f94699dd3ff","isMergeCommit":false,"messageTitle":"Update jar archive base name","messageBody":"","tags":["A-Jar"],"fileTypesAndContributionMap":{"gradle":{"insertions":1,"deletions":1},"java":{"insertions":47,"deletions":2}}},{"hash":"47408ea8921da0e5df150f4a372468c790470741","isMergeCommit":false,"messageTitle":"Add remaining javadocs","messageBody":"","fileTypesAndContributionMap":{"java":{"insertions":350,"deletions":16},"md":{"insertions":7,"deletions":3}}},{"hash":"cc702962aeff364a966d9cfa669f1f201aa2871f","isMergeCommit":true,"messageTitle":"Merge branch \u0027branch-A-JavaDoc\u0027","messageBody":"","tags":["A-JavaDoc"],"fileTypesAndContributionMap":{}},{"hash":"04282e6693de3ad5c98f17b3bc9974bd3c4490eb","isMergeCommit":false,"messageTitle":"Update boolean names","messageBody":"","fileTypesAndContributionMap":{"java":{"insertions":11,"deletions":11}}},{"hash":"c123356f6bc23cf18eeaa934450091a0cc5ee34f","isMergeCommit":false,"messageTitle":"Fix coding style","messageBody":"","fileTypesAndContributionMap":{"java":{"insertions":828,"deletions":819}}},{"hash":"2ea4b053e6c01cb23bc2bc79040361c0b79f29d7","isMergeCommit":true,"messageTitle":"Merge branch \u0027branch-A-CodingStandard\u0027","messageBody":"","tags":["A-CodingStandard"],"fileTypesAndContributionMap":{}},{"hash":"5cfbb53cc91106c26c48a208309054ece1999f7d","isMergeCommit":false,"messageTitle":"Add find feature","messageBody":"","tags":["Level-9"],"fileTypesAndContributionMap":{"java":{"insertions":62,"deletions":7}}},{"hash":"c09373c39f5aab9b733b30310a7035f3a788d22a","isMergeCommit":false,"messageTitle":"Fix tests","messageBody":"","fileTypesAndContributionMap":{"java":{"insertions":104,"deletions":21}}}]},{"date":"2024-09-02","commitResults":[{"hash":"c64bfa7be27c8384918db880476d85e1dfa98f22","isMergeCommit":false,"messageTitle":"Fx import orders","messageBody":"","fileTypesAndContributionMap":{"java":{"insertions":4,"deletions":4}}}]},{"date":"2024-09-05","commitResults":[{"hash":"6d8bd6c53674e2ba75fe6ae819a57551aebb63b7","isMergeCommit":false,"messageTitle":"Add checkstyle config and fix styles","messageBody":"","fileTypesAndContributionMap":{"gradle":{"insertions":5,"deletions":0},"java":{"insertions":194,"deletions":130}}},{"hash":"2cbf0dabe04b766ec6365ab37c2646cc0497e2d1","isMergeCommit":true,"messageTitle":"Merge branch \u0027branch-A-CheckStyle\u0027","messageBody":"","tags":["A-CheckStyle"],"fileTypesAndContributionMap":{}}]}]},"authorFileTypeContributionMap":{"jloh02":{"java":1824,"md":5,"fxml":0,"sh":22,"bat":8,"gradle":7,"txt":25}},"authorContributionVariance":{"jloh02":458597.1},"authorDisplayNameMap":{"jloh02":"CS2103T-T13-3 JONA..NHAO"}}
