{"authorDailyContributionsMap":{"tingxuanp":[{"date":"2024-08-20","commitResults":[{"hash":"7cd80a6ad5a0e149f7b0e196864149ca3be62e8d","isMergeCommit":false,"messageTitle":"Rename chatbot and main file","messageBody":"","fileTypesAndContributionMap":{"java":{"insertions":1,"deletions":1}}},{"hash":"d41f55d735ed77dfe571d23e27008f564ee7d3c3","isMergeCommit":false,"messageTitle":"Implemented skeletal version of chatbot","messageBody":"","tags":["Level-0"],"fileTypesAndContributionMap":{"java":{"insertions":7,"deletions":6}}},{"hash":"f7a8ec67c5a2ea4d1253f800ed95da3480cad1f1","isMergeCommit":false,"messageTitle":"Implemented chatbot echo","messageBody":"","tags":["Level-1"],"fileTypesAndContributionMap":{"java":{"insertions":22,"deletions":2}}},{"hash":"294c811acd2e9585456fe067962e9c13c186c300","isMergeCommit":false,"messageTitle":"Implemented ability to store and display text entered by user","messageBody":"","tags":["Level-2"],"fileTypesAndContributionMap":{"java":{"insertions":13,"deletions":1}}},{"hash":"5a1d6fa2851eb54ff95dafaef63362170f555e6d","isMergeCommit":false,"messageTitle":"Created Task class and added task formatting","messageBody":"","fileTypesAndContributionMap":{"java":{"insertions":32,"deletions":3}}},{"hash":"1b620e7bf2c6b98640f2a96b486ce904d7c42ba8","isMergeCommit":false,"messageTitle":"Implemented ability to mark tasks as done and undone","messageBody":"","tags":["Level-3"],"fileTypesAndContributionMap":{"java":{"insertions":29,"deletions":2}}}]},{"date":"2024-08-21","commitResults":[{"hash":"9abedbd2a643dba960da8326670220093601011c","isMergeCommit":false,"messageTitle":"Added Todo, Deadline and Event classes, added support for tracking 3 task types","messageBody":"","tags":["Level-4"],"fileTypesAndContributionMap":{"java":{"insertions":80,"deletions":12}}},{"hash":"6f3bcf0eb51ce26b9fd1ce44574f139c36358e29","isMergeCommit":false,"messageTitle":"Added some simple automated Text UI tests","messageBody":"","fileTypesAndContributionMap":{"txt":{"insertions":7,"deletions":0},"bat":{"insertions":1,"deletions":1},"sh":{"insertions":1,"deletions":1}}},{"hash":"a4877ada4f238806397eae93385dc3b1492e5935","isMergeCommit":false,"messageTitle":"Corrected expected output","messageBody":"","fileTypesAndContributionMap":{"txt":{"insertions":1,"deletions":0}}},{"hash":"a0090b152fc1f21e0d480f6f7f08fd01fa9eee4c","isMergeCommit":false,"messageTitle":"Added more automated Text UI tests","messageBody":"","tags":["A-TextUiTesting"],"fileTypesAndContributionMap":{"txt":{"insertions":2,"deletions":0},"java":{"insertions":1,"deletions":1}}},{"hash":"3311c0bb39611db37ce43f2112b57b049feba335","isMergeCommit":false,"messageTitle":"Added some error handling","messageBody":"","tags":["Level-5"],"fileTypesAndContributionMap":{"java":{"insertions":52,"deletions":28}}},{"hash":"a22bb1c5698de3a7b141fac72c11ab116c0cb80e","isMergeCommit":false,"messageTitle":"Add support for deleting tasks from the list","messageBody":"","tags":["Level-6"],"fileTypesAndContributionMap":{"java":{"insertions":6,"deletions":0}}}]}]},"authorFileTypeContributionMap":{"tingxuanp":{"java":194,"md":0,"fxml":0,"sh":1,"bat":1,"gradle":0,"txt":10}},"authorContributionVariance":{"tingxuanp":5911.472},"authorDisplayNameMap":{"tingxuanp":"PEH ..XUAN"}}
