{"authorDailyContributionsMap":{"weiseng18":[{"date":"2024-08-22","commitResults":[{"hash":"67b14e7bfb0e31cea709320fffd4d4a1bc9d6757","isMergeCommit":false,"messageTitle":"rename chatbot to Panorama","messageBody":"","fileTypesAndContributionMap":{"java":{"insertions":1,"deletions":1}}},{"hash":"e8a8113a12c93348031ad8f0574df8297a08bc6a","isMergeCommit":false,"messageTitle":"initial skeletal version","messageBody":"","tags":["Level-0"],"fileTypesAndContributionMap":{"java":{"insertions":8,"deletions":6}}},{"hash":"f073563004612efe14c315a607be51752f253bb7","isMergeCommit":false,"messageTitle":"implement echo and exit","messageBody":"","tags":["Level-1"],"fileTypesAndContributionMap":{"java":{"insertions":27,"deletions":5}}},{"hash":"70da70ac1954ac5151b841f647fceb0aab138200","isMergeCommit":false,"messageTitle":"refactor: move constant strings out","messageBody":"","fileTypesAndContributionMap":{"java":{"insertions":5,"deletions":3}}},{"hash":"224efcb2ea064499774800fa1fdd52dbffb95f87","isMergeCommit":false,"messageTitle":"refactor: put code into functions","messageBody":"","fileTypesAndContributionMap":{"java":{"insertions":18,"deletions":7}}},{"hash":"11c19e1b0b5a6c66377d17b9962d276b294d476c","isMergeCommit":false,"messageTitle":"create list","messageBody":"","fileTypesAndContributionMap":{"java":{"insertions":17,"deletions":8}}},{"hash":"bb7df85449de552f431a53426e64d24cc344b4e1","isMergeCommit":false,"messageTitle":"implement level 2","messageBody":"","tags":["Level-2"],"fileTypesAndContributionMap":{"java":{"insertions":29,"deletions":14}}},{"hash":"d860445f487c1d53c2c2a0f61e08505bebe64d32","isMergeCommit":false,"messageTitle":"create build script","messageBody":"","fileTypesAndContributionMap":{"sh":{"insertions":2,"deletions":0}}},{"hash":"8b89c01b2c2cd6752772acc8451e870ea51bfdeb","isMergeCommit":false,"messageTitle":"add Task class with done status","messageBody":"","fileTypesAndContributionMap":{"java":{"insertions":13,"deletions":4}}},{"hash":"4d7180e67ca65e1ca44c74dcb9ea99e96423ccef","isMergeCommit":false,"messageTitle":"display done status","messageBody":"","fileTypesAndContributionMap":{"java":{"insertions":9,"deletions":1}}}]},{"date":"2024-08-23","commitResults":[{"hash":"fd36d130c17837de0c92a750fe07fcd2477e481d","isMergeCommit":false,"messageTitle":"can mark/unmark tasks","messageBody":"","fileTypesAndContributionMap":{"java":{"insertions":30,"deletions":10}}},{"hash":"7f8056dbcdd134004d130d34700b28f5c1910ae8","isMergeCommit":false,"messageTitle":"add output to indicate marking/unmarking of tasks","messageBody":"","tags":["Level-3"],"fileTypesAndContributionMap":{"java":{"insertions":14,"deletions":0}}},{"hash":"e9cb33cf080c99cfe1bb48152c4c5a5bf341841c","isMergeCommit":false,"messageTitle":"refactor to create abstract class Task","messageBody":"","fileTypesAndContributionMap":{"java":{"insertions":12,"deletions":3}}},{"hash":"268a030990f431fd8fd560b0fc06cd6b779ba0c3","isMergeCommit":false,"messageTitle":"handle deadline command","messageBody":"","fileTypesAndContributionMap":{"java":{"insertions":66,"deletions":22}}},{"hash":"81537c7502ebc39a2958d7187872ad384aec59fc","isMergeCommit":false,"messageTitle":"handle event command","messageBody":"","tags":["Level-4"],"fileTypesAndContributionMap":{"java":{"insertions":42,"deletions":15}}},{"hash":"c28a6cd3f77ee3f99f8384419038d1bdb4679bc4","isMergeCommit":false,"messageTitle":"stadndardize indent for output of adding task","messageBody":"","fileTypesAndContributionMap":{"java":{"insertions":3,"deletions":3}}},{"hash":"7f494105eecf7774525be3d4f964360fa2e07199","isMergeCommit":false,"messageTitle":"basic automated testing","messageBody":"","tags":["A-TextUiTesting"],"fileTypesAndContributionMap":{"txt":{"insertions":7,"deletions":0},"java":{"insertions":1,"deletions":1},"sh":{"insertions":3,"deletions":3}}},{"hash":"016bb624deea95c5638d55a01044e13003d0665f","isMergeCommit":false,"messageTitle":"handle empty todo description and unknown command exceptions","messageBody":"","tags":["Level-5"],"fileTypesAndContributionMap":{"java":{"insertions":73,"deletions":48}}},{"hash":"5c830f3bb53fbc785a30822e143e1e9a7cfc4ca9","isMergeCommit":false,"messageTitle":"basic delete command","messageBody":"","tags":["Level-6"],"fileTypesAndContributionMap":{"java":{"insertions":19,"deletions":0}}}]},{"date":"2024-08-31","commitResults":[{"hash":"56a221e6e0792015907c226daef508c177321c03","isMergeCommit":false,"messageTitle":"throw empty description exception for deadline and todo","messageBody":"","fileTypesAndContributionMap":{"java":{"insertions":8,"deletions":0}}},{"hash":"96f11708a70a82c40997fcd193a39339bdd03d35","isMergeCommit":false,"messageTitle":"display command help","messageBody":"","fileTypesAndContributionMap":{"java":{"insertions":19,"deletions":0}}},{"hash":"c841e192a09615cdd72d7660de50b908dbb018fb","isMergeCommit":false,"messageTitle":"add final keyword to constants","messageBody":"","fileTypesAndContributionMap":{"java":{"insertions":2,"deletions":2}}},{"hash":"13ea4d0e21c6424e6a93b136750efc50180c4447","isMergeCommit":false,"messageTitle":"implement basic load/save","messageBody":"","fileTypesAndContributionMap":{"java":{"insertions":83,"deletions":0}}},{"hash":"540bbb9081b6c74ee7bc599e8ada64285ae33147","isMergeCommit":false,"messageTitle":"add sample data.txt","messageBody":"","fileTypesAndContributionMap":{"txt":{"insertions":6,"deletions":0}}},{"hash":"f5126631b1ba1acccd7a1b196e26f1affe08a9aa","isMergeCommit":true,"messageTitle":"Merge branch \u0027branch-Level-7\u0027","messageBody":"","tags":["Level-7"],"fileTypesAndContributionMap":{}},{"hash":"0138237904d892702c9385bdd94de71fc1d04d92","isMergeCommit":false,"messageTitle":"Use defined constant instead of hardcoded string","messageBody":"","fileTypesAndContributionMap":{"java":{"insertions":1,"deletions":1}}},{"hash":"febce4854c78805a537cf068c365712fb5a5f6f3","isMergeCommit":false,"messageTitle":"Refactor into packages","messageBody":"","fileTypesAndContributionMap":{"java":{"insertions":29,"deletions":3},"sh":{"insertions":7,"deletions":1}}},{"hash":"1e56140ed602dffbe44fa1d8a5a46549aaae0a21","isMergeCommit":false,"messageTitle":"Capitalize separator and indent since they are constants","messageBody":"","fileTypesAndContributionMap":{"java":{"insertions":51,"deletions":51}}},{"hash":"9d8f23fa7a518c04d898b391ad591fae038c99bf","isMergeCommit":false,"messageTitle":"Refactor task handling into TaskManager class","messageBody":"","fileTypesAndContributionMap":{"java":{"insertions":157,"deletions":175}}},{"hash":"b79f27349dd64393dff5898d0a33f76cee1b4d20","isMergeCommit":false,"messageTitle":"Use Command enum","messageBody":"","fileTypesAndContributionMap":{"java":{"insertions":38,"deletions":10}}},{"hash":"67beb310d714f91b908ab070b6e2cecbdd4c2a0f","isMergeCommit":false,"messageTitle":"Fix Java String comparison issue","messageBody":"","fileTypesAndContributionMap":{"java":{"insertions":1,"deletions":1}}},{"hash":"98c86b456de54b0ddebcd00997b8f844d6156116","isMergeCommit":true,"messageTitle":"Merge branch \u0027refactor-after-level-7\u0027","messageBody":"","fileTypesAndContributionMap":{}},{"hash":"4b93fa87fae1358909929ced484a63ae7d3576dc","isMergeCommit":false,"messageTitle":"Implement basic date handling","messageBody":"","fileTypesAndContributionMap":{"txt":{"insertions":4,"deletions":4},"java":{"insertions":85,"deletions":13}}},{"hash":"b12a9d68644336e4f5d4b066360132fc084450c3","isMergeCommit":true,"messageTitle":"Merge branch \u0027branch-Level-8\u0027","messageBody":"","tags":["Level-8"],"fileTypesAndContributionMap":{}},{"hash":"b027f2e824c4e22fc6d5a36cf7d2605be4f81fb5","isMergeCommit":false,"messageTitle":"Rename TaskManager -\u003e TaskList","messageBody":"","fileTypesAndContributionMap":{"java":{"insertions":13,"deletions":13}}},{"hash":"3f6acfdc041f3957cf9cdd75ee90134dabcab195","isMergeCommit":false,"messageTitle":"Extract Storage from TaskList","messageBody":"","fileTypesAndContributionMap":{"java":{"insertions":88,"deletions":54}}},{"hash":"298d06b65ffc8c39bb1bade9ce4d7845b42940a0","isMergeCommit":false,"messageTitle":"Extract Ui functionality into own class","messageBody":"","fileTypesAndContributionMap":{"java":{"insertions":140,"deletions":100}}},{"hash":"1452c7a59042a4200c4ae357883efac5b876da3b","isMergeCommit":false,"messageTitle":"Move Task input parsing to Parser","messageBody":"","fileTypesAndContributionMap":{"java":{"insertions":51,"deletions":23}}},{"hash":"489a5f3736bf2dad6751ed7459406b5d2215f1eb","isMergeCommit":true,"messageTitle":"Merge branch \u0027A-MoreOOP\u0027","messageBody":"","tags":["A-MoreOOP"],"fileTypesAndContributionMap":{}}]},{"date":"2024-09-01","commitResults":[{"hash":"592ed1aad6ecf7ca18a57e46079973c566d5c7c3","isMergeCommit":false,"messageTitle":"Made duke package","messageBody":"","fileTypesAndContributionMap":{"java":{"insertions":37,"deletions":33},"sh":{"insertions":2,"deletions":2}}},{"hash":"70336dbd3464732c59f85b9b0196c82ae69ff239","isMergeCommit":true,"messageTitle":"Merge branch \u0027A-Packages\u0027","messageBody":"","tags":["A-Packages"],"fileTypesAndContributionMap":{}},{"hash":"565055c3fe0b83769305ee4e9247576a92c89674","isMergeCommit":true,"messageTitle":"Merge branch \u0027add-gradle-support\u0027","messageBody":"","fileTypesAndContributionMap":{}},{"hash":"4d98aa24f18b1a078248c26226084f09bbf93302","isMergeCommit":false,"messageTitle":"Update build.gradle to match my setup","messageBody":"","fileTypesAndContributionMap":{"gradle":{"insertions":2,"deletions":2}}},{"hash":"60b9ff424675670c90232562f3255ae34c4a7eb7","isMergeCommit":false,"messageTitle":"Move data.txt to root","messageBody":"","fileTypesAndContributionMap":{"txt":{"insertions":0,"deletions":0}}},{"hash":"e7635c022eebc6559cb0964a8fd4e62fd94c1b03","isMergeCommit":false,"messageTitle":"Remove unneeded run.sh","messageBody":"","fileTypesAndContributionMap":{"sh":{"insertions":0,"deletions":8}}},{"hash":"6523210f0d9477b86e1ab272c8629633e2d8181c","isMergeCommit":true,"messageTitle":"Merge branch \u0027A-Gradle\u0027","messageBody":"","tags":["A-Gradle"],"fileTypesAndContributionMap":{}},{"hash":"0e92ef77d840fef55a50cd93b48664f42dc8700f","isMergeCommit":false,"messageTitle":"Add test for Task subclasses","messageBody":"","fileTypesAndContributionMap":{"java":{"insertions":99,"deletions":0}}},{"hash":"eb819fd2bb4d227ea1973e359c1cffc3c4369f69","isMergeCommit":false,"messageTitle":"Add test for DateParser.parse","messageBody":"","fileTypesAndContributionMap":{"java":{"insertions":35,"deletions":0}}},{"hash":"3259546c42de21b39bdbc81836fadf031c2641b5","isMergeCommit":false,"messageTitle":"Add test for Parser.parseTodoInput","messageBody":"","fileTypesAndContributionMap":{"java":{"insertions":36,"deletions":0}}},{"hash":"0783ef888557592ebb7d1e8764cd791b40f567e5","isMergeCommit":true,"messageTitle":"Merge branch \u0027A-JUnit\u0027","messageBody":"","tags":["A-JUnit"],"fileTypesAndContributionMap":{}}]}]},"authorFileTypeContributionMap":{"weiseng18":{"java":738,"md":0,"fxml":0,"sh":2,"bat":0,"gradle":2,"txt":13}},"authorContributionVariance":{"weiseng18":89122.375},"authorDisplayNameMap":{"weiseng18":"CS2103T-F12-1 TAN ..SENG"}}
