{"authorDailyContributionsMap":{"LOLIPOP-INTELLIGENCE":[{"date":"2024-08-22","commitResults":[{"hash":"37fbac6bdd2437cadfa773971af029ff904e8831","isMergeCommit":false,"messageTitle":"Adds initial welcome message and changes bot name","messageBody":"","tags":["Level-0"],"fileTypesAndContributionMap":{"java":{"insertions":17,"deletions":10},"bat":{"insertions":1,"deletions":1},"sh":{"insertions":1,"deletions":1},"md":{"insertions":10,"deletions":9}}},{"hash":"f0bc9a70fe41b842751b524131b87a65022ce30c","isMergeCommit":false,"messageTitle":"adds echo messages","messageBody":"","tags":["Level-1"],"fileTypesAndContributionMap":{"java":{"insertions":42,"deletions":3}}}]},{"date":"2024-08-23","commitResults":[{"hash":"8915d81bd963e6527bd4eff9b3a3a9d9e4dfade2","isMergeCommit":false,"messageTitle":"completes level 2 requirements","messageBody":"","tags":["Level-2"],"fileTypesAndContributionMap":{"java":{"insertions":32,"deletions":5}}},{"hash":"8bcda88ddc0b72a90c6ad6c0647e346c16628861","isMergeCommit":false,"messageTitle":"adds level-3 requirements","messageBody":"","tags":["Level-3"],"fileTypesAndContributionMap":{"java":{"insertions":112,"deletions":35}}},{"hash":"2fca7068676a542adfd7e879c1f54111e12ee970","isMergeCommit":false,"messageTitle":"adds level 4 requirements","messageBody":"","tags":["Level-4"],"fileTypesAndContributionMap":{"java":{"insertions":142,"deletions":69}}},{"hash":"f843955a69209a9b173cb752277332a73499bae1","isMergeCommit":false,"messageTitle":"adds initial test","messageBody":"","tags":["A-TextUiTesting"],"fileTypesAndContributionMap":{"txt":{"insertions":19,"deletions":0},"java":{"insertions":2,"deletions":14}}},{"hash":"50b26a740e3957dc6e93dd6b7bff714d4e35ef9c","isMergeCommit":false,"messageTitle":"adds primitive exception handling","messageBody":"","tags":["Level-5"],"fileTypesAndContributionMap":{"java":{"insertions":69,"deletions":54}}},{"hash":"6b8fc8594e04fd9d66c727610234458b0fc6a052","isMergeCommit":false,"messageTitle":"adds delete functionality","messageBody":"","tags":["Level-6"],"fileTypesAndContributionMap":{"java":{"insertions":31,"deletions":0}}},{"hash":"a2fbfc8c470332298bd3eabca4cf1503988c0ff0","isMergeCommit":false,"messageTitle":"adds enums for tasks and commands","messageBody":"","tags":["A-Enums"],"fileTypesAndContributionMap":{"java":{"insertions":79,"deletions":31}}}]}]},"authorFileTypeContributionMap":{"LOLIPOP-INTELLIGENCE":{"java":315,"md":10,"fxml":0,"sh":1,"bat":1,"gradle":0,"txt":19}},"authorContributionVariance":{"LOLIPOP-INTELLIGENCE":51605.734},"authorDisplayNameMap":{"LOLIPOP-INTELLIGENCE":"CS2103T-T17-4 MANA.. BAM"}}
