{"authorDailyContributionsMap":{"liauzhanyi":[{"date":"2024-08-17","commitResults":[{"hash":"e5a913f75b38764d61e37f51424239c192704deb","isMergeCommit":false,"messageTitle":"Replace Duke class with ZBot class","messageBody":"The Duke class has been replaced with the ZBot class to match the new chatbot name and all traces of Duke are removed.\n","tags":["Level-0"],"fileTypesAndContributionMap":{"java":{"insertions":7,"deletions":10}}},{"hash":"a42eaafc6b64ca07d302411a18580dd7060ff754","isMergeCommit":false,"messageTitle":"Refactor ZBot class to improve code structure and readability","messageBody":"","fileTypesAndContributionMap":{"java":{"insertions":8,"deletions":0}}},{"hash":"50736b75dd687be88877192fc836d7a8b52609e0","isMergeCommit":false,"messageTitle":"feat: Add user input handling to ZBot","messageBody":"The program now echos commands entered by the user, and exits when the user types the command \u0027bye\u0027.\n","tags":["Level-1"],"fileTypesAndContributionMap":{"java":{"insertions":15,"deletions":0}}},{"hash":"75b50630987fe0a33f5a51da6e3a0bae2f960a3e","isMergeCommit":false,"messageTitle":"feat: Add list command","messageBody":"Add the ability to store whatever text entered by the user and display them back to the user when requested by issuing the \u0027list\u0027 command.\n","tags":["Level-2"],"fileTypesAndContributionMap":{"java":{"insertions":22,"deletions":3}}}]},{"date":"2024-08-18","commitResults":[{"hash":"8bbfc65084b685ea46e904483f0ccec67c6a23d7","isMergeCommit":false,"messageTitle":"chore: Refactor ZBot class and add Task class","messageBody":"Refactor the ZBot class to improve code structure and readability. Additionally, add a new Task class to handle storing and displaying tasks entered by the user.\n","fileTypesAndContributionMap":{"java":{"insertions":31,"deletions":12}}},{"hash":"f0d0fa978e659a4f56c926542b22e27f3cba90ce","isMergeCommit":false,"messageTitle":"feat: Improve task display format","messageBody":"Refactor the `toString()` method in the `Task` class to display tasks in a more informative format.\n","tags":["A-Classes"],"fileTypesAndContributionMap":{"java":{"insertions":3,"deletions":2}}},{"hash":"c699af89af5400b36618f1d5420c6419bee9fe0b","isMergeCommit":false,"messageTitle":"feat: Add mark task as done/undone functionality","messageBody":"","fileTypesAndContributionMap":{"java":{"insertions":28,"deletions":0}}},{"hash":"6a80c58995711a7af218b9ef251ce6dfff1b6776","isMergeCommit":false,"messageTitle":"chore: Add exceptions handling in mark task functionality","messageBody":"Handle exceptions that arises when user issue mark/unmark command without a task number or invalid task number.\n","tags":["Level-3"],"fileTypesAndContributionMap":{"java":{"insertions":16,"deletions":4}}},{"hash":"f9a9e0af8d866ef0cd97f9bc2985a8d837368387","isMergeCommit":false,"messageTitle":"feat: Add ToDo class","messageBody":"This commit adds a new `ToDo` class that extends the `Task` class. The `ToDo` class is responsible for storing and displaying tasks entered by the user. It overrides the `toString()` method to display tasks in a specific format.\n","fileTypesAndContributionMap":{"java":{"insertions":16,"deletions":2}}},{"hash":"c724353c143ae69ec11f4a263cb67bb46f54f7cb","isMergeCommit":false,"messageTitle":"chore: Update ZBot\u0027s addTask method to improve task display format","messageBody":"","fileTypesAndContributionMap":{"java":{"insertions":4,"deletions":1}}},{"hash":"2736fb1cfe9fb178e196ce7845a9919a9c2158c6","isMergeCommit":false,"messageTitle":"feat: Add Deadline class","messageBody":"This commit adds a new `Deadline` class that extends the `Task` class. The `Deadline` class is responsible for storing and displaying tasks with a deadline entered by the user. It overrides the `toString()` method to display tasks in a specific format.\n","fileTypesAndContributionMap":{"java":{"insertions":29,"deletions":3}}},{"hash":"5461b2a924802c68c8f84d7b5abf07b46aa909fa","isMergeCommit":false,"messageTitle":"feat: Add Event class","messageBody":"This commit adds a new `Event` class that extends the `Task` class. The `Event` class is responsible for storing and displaying tasks with a specific event period entered by the user. It overrides the `toString()` method to display tasks in a specific format.\n","tags":["Level-4","A-Inheritance"],"fileTypesAndContributionMap":{"java":{"insertions":28,"deletions":1}}}]},{"date":"2024-08-19","commitResults":[{"hash":"608ebaa4cfc29753ee3b34d05ae1d6c5aa1fe61e","isMergeCommit":false,"messageTitle":"chore: Add semi-automated test","messageBody":"","fileTypesAndContributionMap":{"txt":{"insertions":5,"deletions":0},"sh":{"insertions":1,"deletions":1}}}]},{"date":"2024-08-20","commitResults":[{"hash":"f3e417caa6925c9e315acd3572acb7383711dcbd","isMergeCommit":false,"messageTitle":"Update test","messageBody":"Include more lines to input.txt to make test more comprehensive.\n","tags":["A-TextUiTesting"],"fileTypesAndContributionMap":{"txt":{"insertions":4,"deletions":0}}},{"hash":"962ac7a6ad81a7be4116a5522502e35e00ca48f9","isMergeCommit":false,"messageTitle":"fix: ArrayIndexOutOfBoundsException caused by todo","messageBody":"Catch possible error due to user input todo command without description.\n","tags":["Level-5"],"fileTypesAndContributionMap":{"java":{"insertions":8,"deletions":1}}},{"hash":"50300d2c3b71f2b559294ad386066b6d38128307","isMergeCommit":false,"messageTitle":"refactor: Update ZBot\u0027s addTask method to use ArrayList for tasks","messageBody":"The ZBot class previously used an array to store tasks, but it has been refactored to use an ArrayList instead. This change improves the task display format and allows for dynamic resizing of the task list. The addTask method has been updated to use the add() method of ArrayList to add tasks, and the taskIndex variable has been removed.\n","tags":["A-Collections"],"fileTypesAndContributionMap":{"java":{"insertions":11,"deletions":12}}}]},{"date":"2024-08-21","commitResults":[{"hash":"7c2b3227881fd849ce64d1a869df932c884d2ff3","isMergeCommit":false,"messageTitle":"feat: Add delete functionality for tasks","messageBody":"This commit adds the ability to delete tasks in the ZBot application. The delete functionality allows the user to remove a specific task from the task list by providing the task number as input. If the task number is valid, the task is removed from the list and the updated task count is displayed. If the task number is invalid or not provided, appropriate error messages are shown to the user.\n","tags":["Level-6"],"fileTypesAndContributionMap":{"java":{"insertions":12,"deletions":0}}}]},{"date":"2024-08-25","commitResults":[{"hash":"6bf6e8241b3066ce5a3ae3cd226eb142bae5f04f","isMergeCommit":false,"messageTitle":"chore: Refactor ZBot\u0027s main method","messageBody":"This commit refactors the `main` method in the `ZBot` class to improve the handling of user commands. The method now uses `processInput` method to determine the appropriate action based on the user\u0027s input. This change simplifies the code and enhances readability.\n","fileTypesAndContributionMap":{"java":{"insertions":65,"deletions":79}}},{"hash":"c00124907aee07ffa64cc7b2b71637cdb4b37937","isMergeCommit":false,"messageTitle":"feat: Add Storage class for file handling","messageBody":"This commit adds a new `Storage` class that handles file operations in the ZBot application. The `Storage` class is responsible for creating a file if it does not exist, using the provided file path. This change improves the application\u0027s ability to store and retrieve data from files.\n","fileTypesAndContributionMap":{"java":{"insertions":20,"deletions":1}}},{"hash":"28afe4cffea65c848d4329a18830bee157cc73fd","isMergeCommit":false,"messageTitle":"bug fix: Create tasks.txt file, not folder","messageBody":"This commit fix the `Storage` class to improve file handling in the ZBot application. The `createFileIfNotExists` method previously creates a tasks.txt/ folder instead of tasks.txt file.\n","fileTypesAndContributionMap":{"java":{"insertions":14,"deletions":3}}},{"hash":"b744da783e55645fcd1d5228a67b351c56578a89","isMergeCommit":false,"messageTitle":"feat: Save tasks to file","messageBody":"Current program is one-time use and all data is lost upon exit.\n\nThis commit adds the feature to save exisiting tasks and their respective details to text file.\n","fileTypesAndContributionMap":{"java":{"insertions":42,"deletions":4}}},{"hash":"807df54797dd22e9fd9fa8adf1e02a6ba8c33ab4","isMergeCommit":false,"messageTitle":"chore: Move saveTasks method to Storage","messageBody":"The `saveTasks` method a member of Storage class instead of ZBot class. It has been updated to save tasks using an ArrayList.\n","fileTypesAndContributionMap":{"java":{"insertions":23,"deletions":23}}},{"hash":"6f4e121dcb11c8d1ddef2bfc7a2ab92cad41b0e6","isMergeCommit":false,"messageTitle":"feat: Add loadTasks method","messageBody":"The `loadTasks` method has been added to the Storage class to handle file operations in the ZBot application.\nThe method load tasks from a file using a comma as a delimiter. This improves the application\u0027s ability to save and retrieve tasks from a file.\n","fileTypesAndContributionMap":{"java":{"insertions":30,"deletions":0}}},{"hash":"7c551181a582bf11a435fed119e9d8b546efe1ae","isMergeCommit":true,"messageTitle":"Merge branch \u0027branch-level-7\u0027","messageBody":"","tags":["Level-7"],"fileTypesAndContributionMap":{}},{"hash":"c6a7120869fd309218c0657dfc01a868d494676d","isMergeCommit":false,"messageTitle":"chore: Move Storage instance to main method","messageBody":"Initially a static instance under ZBot class due to static method `saveTasks`.\n\nNo longer necessary once the `saveTasks` method has been moved to Storage class upon refactoring.\n","fileTypesAndContributionMap":{"java":{"insertions":1,"deletions":1}}},{"hash":"a9b985258a1c6b8640c2d6b8e4ffdd8aeab43188","isMergeCommit":false,"messageTitle":"refactor: Update Deadline and Event classes to use LocalDateTime","messageBody":"The Deadline and Event classes have been updated to use the LocalDateTime class from the java.time package instead of String for representing dates and times. This change improves the consistency and reliability of date and time handling in the application.\n","fileTypesAndContributionMap":{"java":{"insertions":65,"deletions":17}}},{"hash":"979351b60730bec8b92eedbad584c28b5af7dd13","isMergeCommit":true,"messageTitle":"Merge branch \u0027branch-Level-8\u0027","messageBody":"","tags":["Level-8"],"fileTypesAndContributionMap":{}}]},{"date":"2024-08-27","commitResults":[{"hash":"34465d782aaf661b53695ba07a6c265cfaac7687","isMergeCommit":false,"messageTitle":"feat: Update ZBot to use TaskList instead of ArrayList","messageBody":"The ZBot class `tasks` attribute has been modified to a `TaskList` object instead of an `ArrayList\u003cTask\u003e`. This change improves the code\u0027s OOP design and improves maintainability.\n","fileTypesAndContributionMap":{"java":{"insertions":43,"deletions":4}}},{"hash":"b49fe73cae358ff148cb6aa5b6c5c74f3ffe4b43","isMergeCommit":false,"messageTitle":"refactor: Move main logic to `run()`","messageBody":"","fileTypesAndContributionMap":{"java":{"insertions":19,"deletions":11}}},{"hash":"6e55b1c5da8c06e05090f9b19a96d29202486b03","isMergeCommit":false,"messageTitle":"refactor: Add Ui class","messageBody":"A new Ui class has been implemented to handle features pertaining to interactions with the user. This change improves the code\u0027s OOP design and improves maintainability.\n","fileTypesAndContributionMap":{"java":{"insertions":15,"deletions":11}}},{"hash":"4eff16c557b13f793cae54ced17f0aa7571c354e","isMergeCommit":false,"messageTitle":"feat: Add print methods to Ui class","messageBody":"The Ui class has been updated with new print methods to display messages for adding, deleting, marking, and unmarking tasks. This improves the user experience by providing clear feedback on task operations.\n","fileTypesAndContributionMap":{"java":{"insertions":39,"deletions":26}}},{"hash":"757efb08ea64899ea85dd508689b83422eb7f269","isMergeCommit":false,"messageTitle":"refactor: Rename methods in Storage class","messageBody":"The methods `saveTasks` and `loadTasks` in the Storage class have been renamed to `save` and `load` respectively. This change improves the clarity and consistency of method names in the codebase.\n","fileTypesAndContributionMap":{"java":{"insertions":4,"deletions":4}}},{"hash":"93c85b48aaecf265f474867b16fbeca5363eb40a","isMergeCommit":false,"messageTitle":"refactor: Update Storage.load() to throw ZBotException","messageBody":"The `load()` method in the Storage class has been updated to throw a `ZBotException` when the file is not found. This improves error handling and provides more meaningful feedback to the user.\n","fileTypesAndContributionMap":{"java":{"insertions":12,"deletions":4}}},{"hash":"c8e7e5c65530626478ca1bbd28d95cc8faff3347","isMergeCommit":false,"messageTitle":"feat: Add printLoadingError() method to Ui class","messageBody":"","fileTypesAndContributionMap":{"java":{"insertions":5,"deletions":0}}},{"hash":"33c6cbfed30cb40aedb592e5bf8c80a1aa6c8aaa","isMergeCommit":true,"messageTitle":"Merge branch \u0027a-moreOOP\u0027","messageBody":"","tags":["A-MoreOOP"],"fileTypesAndContributionMap":{}}]},{"date":"2024-08-28","commitResults":[{"hash":"a379b37b31c2287308fd699fa024fdaad789ee14","isMergeCommit":false,"messageTitle":"refactor: Move input reading to Ui class","messageBody":"The reading of user input is now handled by the Ui class. The Scanner object in the Ui class is now closed after the outro message is printed. This ensures proper resource management and prevents resource leaks.\n","fileTypesAndContributionMap":{"java":{"insertions":10,"deletions":5}}},{"hash":"c2861bc3460a98ff176bd63eb4e639ff09e52940","isMergeCommit":false,"messageTitle":"refactor: Update processInput() method to include Storage parameter","messageBody":"This commit changes the way tasks are saved to file. Previously, tasks are only saved to file on exit. Now, tasks are saved to file on every modification command. This ensures that data can be retrieved even when the program is terminated in an unexpected way.\n","fileTypesAndContributionMap":{"java":{"insertions":6,"deletions":3}}},{"hash":"ef148de69dc35ed9f077f63a452170a7837e20e0","isMergeCommit":true,"messageTitle":"Merge branch \u0027refactor\u0027","messageBody":"","fileTypesAndContributionMap":{}},{"hash":"cfca2caafe5d78333383cef5953b72d742e147fe","isMergeCommit":false,"messageTitle":"refactor: Add zbot and zbot.task package","messageBody":"This commit moves the Parser, Storage, TaskList, Ui, and ZBot classes to the zbot package and Task, ToDo, Deadline, Event classes to the zbot.task package. This improves the organization and structure of the codebase by grouping related classes together in a dedicated package.\n","tags":["A-Packages"],"fileTypesAndContributionMap":{"java":{"insertions":52,"deletions":4}}},{"hash":"9e1465ee7e6e7bd99e8e10b43bf8a93b3ed7957a","isMergeCommit":true,"messageTitle":"Merge branch \u0027add-gradle-support\u0027","messageBody":"","fileTypesAndContributionMap":{}},{"hash":"7e1f652b4f07e3f78910bd2e451a292f883d5f5c","isMergeCommit":false,"messageTitle":"refactor: Update mainClass to \"zbot.ZBot\" in build.gradle","messageBody":"Update the mainClass property in the build.gradle file to \"zbot.ZBot\" to reflect the recent package and class restructuring. This ensures that the correct main class is used when running the application.\n","tags":["A-Gradle"],"fileTypesAndContributionMap":{"gradle":{"insertions":1,"deletions":1},"java":{"insertions":1,"deletions":1}}}]},{"date":"2024-08-29","commitResults":[{"hash":"b1f719a4ec701f69272fc9c4232bb7a7a9247bd6","isMergeCommit":false,"messageTitle":"refactor: Add TaskTest class for unit testing","messageBody":"","fileTypesAndContributionMap":{"java":{"insertions":35,"deletions":0}}}]},{"date":"2024-08-30","commitResults":[{"hash":"0ce0fa9aa8662c868534289e3e26f562189fa483","isMergeCommit":false,"messageTitle":"refactor: Add ParserTest class for unit testing","messageBody":"","fileTypesAndContributionMap":{"java":{"insertions":28,"deletions":0}}},{"hash":"b8594702d98590dfa87b1e02e06dfda01d0dad5b","isMergeCommit":false,"messageTitle":"refactor: Add StorageTest class for unit testing","messageBody":"","tags":["A-Junit"],"fileTypesAndContributionMap":{"java":{"insertions":119,"deletions":0}}},{"hash":"fe5eb270bc47b89323ff6d3573f61b94d0d0d7fb","isMergeCommit":false,"messageTitle":"chore: Update archiveBaseName and archiveFileName in build.gradle","messageBody":"Update the archiveBaseName property in the build.gradle file to \"zbot\" and the archiveFileName property to \"zbot.jar\". This ensures that the generated JAR file has the correct name and reflects the recent project renaming.\n","tags":["A-Jar"],"fileTypesAndContributionMap":{"gradle":{"insertions":2,"deletions":1}}}]}]},"authorFileTypeContributionMap":{"liauzhanyi":{"java":644,"md":0,"fxml":0,"sh":1,"bat":0,"gradle":3,"txt":9}},"authorContributionVariance":{"liauzhanyi":11297.795},"authorDisplayNameMap":{"liauzhanyi":"CS2103-F10-2 LIAU..N YI"}}
