{"authorDailyContributionsMap":{"vinceg4":[{"date":"2024-08-21","commitResults":[{"hash":"615807f7a9fa4101898a4dff6bfa4d9f01c309b8","isMergeCommit":false,"messageTitle":"Rename main file","messageBody":"","fileTypesAndContributionMap":{"java":{"insertions":1,"deletions":1}}},{"hash":"b315d6e422ad4aa3c53b27199a4a320ebc8b2e32","isMergeCommit":false,"messageTitle":"Add horizontalLine method","messageBody":"","fileTypesAndContributionMap":{"java":{"insertions":8,"deletions":6}}},{"hash":"f536731a090f909a8ae557ebeffde96916786370","isMergeCommit":false,"messageTitle":"Add greeting","messageBody":"","tags":["Level-0"],"fileTypesAndContributionMap":{"java":{"insertions":8,"deletions":1}}},{"hash":"79d20e17ce52b2436809e9e065128b71295679a5","isMergeCommit":false,"messageTitle":"Add bye() method","messageBody":"","fileTypesAndContributionMap":{"java":{"insertions":8,"deletions":4}}},{"hash":"1813f78fc828162493adc5d2305157d64c6df743","isMergeCommit":false,"messageTitle":"Add greet() method","messageBody":"","fileTypesAndContributionMap":{"java":{"insertions":8,"deletions":4}}},{"hash":"1de0a6f46f8ed3aeb42e26cc7338dd8d4ee1c953","isMergeCommit":false,"messageTitle":"Add repeat method","messageBody":"","fileTypesAndContributionMap":{"java":{"insertions":7,"deletions":0}}},{"hash":"db0ba0fd0c70e25ce1d0f2c7a8feb6e6c5a64d50","isMergeCommit":false,"messageTitle":"Import Scanner util","messageBody":"","fileTypesAndContributionMap":{"java":{"insertions":4,"deletions":1}}},{"hash":"3cd60fbbd06f8acb10193b6ca8e93083d5a9537f","isMergeCommit":false,"messageTitle":"Add support for echo","messageBody":"","tags":["Level-1"],"fileTypesAndContributionMap":{"java":{"insertions":11,"deletions":0}}},{"hash":"144ec2dbff6fa52daf82cf97bfcd9804c3fa71b1","isMergeCommit":false,"messageTitle":"Add storing feature","messageBody":"","fileTypesAndContributionMap":{"java":{"insertions":7,"deletions":0}}},{"hash":"2e9117054b7a33e8485b1fe9f48f7cc395f92d84","isMergeCommit":false,"messageTitle":"Add reply feature after adding task","messageBody":"","fileTypesAndContributionMap":{"java":{"insertions":3,"deletions":0}}},{"hash":"8aed050f73cc9bd1f6ab75c5f2e86fc097da897e","isMergeCommit":false,"messageTitle":"Add support for listing out tasks","messageBody":"","tags":["Level-2"],"fileTypesAndContributionMap":{"java":{"insertions":20,"deletions":1}}},{"hash":"18ab5e500732d12600fdfa6371bb9ccc987f4394","isMergeCommit":false,"messageTitle":"Add Task class","messageBody":"","fileTypesAndContributionMap":{"java":{"insertions":18,"deletions":0}}},{"hash":"d6f3e4064f6e8c9dbda50b958ef35537baedf291","isMergeCommit":false,"messageTitle":"Implement Task class in Bobby class","messageBody":"","fileTypesAndContributionMap":{"java":{"insertions":6,"deletions":5}}},{"hash":"bab0c3c0cc35bb656e26b08b582cd83ed413f3f9","isMergeCommit":false,"messageTitle":"Add ability to mark task as done or undone","messageBody":"","tags":["Level-3"],"fileTypesAndContributionMap":{"java":{"insertions":50,"deletions":5}}}]},{"date":"2024-08-22","commitResults":[{"hash":"0e23d9814caaf9b3bd3b0c8757b1d7e505ba0b10","isMergeCommit":false,"messageTitle":"Modify Bobby to ignore case of inputs","messageBody":"","fileTypesAndContributionMap":{"java":{"insertions":4,"deletions":4}}},{"hash":"0fcff1168a41ba5ecbfd7242505fcba7e912404a","isMergeCommit":false,"messageTitle":"Add Todo, Deadline and Event class","messageBody":"","fileTypesAndContributionMap":{"java":{"insertions":35,"deletions":0}}},{"hash":"126dfd24d3defba255f270cce26080d5ae7e9975","isMergeCommit":false,"messageTitle":"Modify if-else statements to switch","messageBody":"","fileTypesAndContributionMap":{"java":{"insertions":12,"deletions":13}}},{"hash":"85c8d186ad23207929bc28b37add657c346822c7","isMergeCommit":false,"messageTitle":"Modify toString() methods and Event class","messageBody":"","fileTypesAndContributionMap":{"java":{"insertions":11,"deletions":8}}},{"hash":"158d56b38c344ef7207bbcc3397b3e17994c7b3a","isMergeCommit":false,"messageTitle":"Modify toString() methods","messageBody":"","fileTypesAndContributionMap":{"java":{"insertions":3,"deletions":3}}},{"hash":"49695e9a90164c2dbb2c24fb1dc911b958ccabd2","isMergeCommit":false,"messageTitle":"Add support for Todo, Deadline and Event","messageBody":"","fileTypesAndContributionMap":{"java":{"insertions":25,"deletions":3}}},{"hash":"105c8addefe83e106af6b8cb805157d60495ff23","isMergeCommit":false,"messageTitle":"Modify reply after task is added","messageBody":"","tags":["Level-4"],"fileTypesAndContributionMap":{"java":{"insertions":1,"deletions":0}}},{"hash":"4470f09e725f7c783e886d2a04916ded3c0d4d5d","isMergeCommit":false,"messageTitle":"Pass A-TextUiTesting","messageBody":"","tags":["A-TextUiTesting"],"fileTypesAndContributionMap":{"txt":{"insertions":9,"deletions":0},"bat":{"insertions":1,"deletions":1}}},{"hash":"35dfe93a68dad3500af03b2d58c8a7f6cc1acba3","isMergeCommit":false,"messageTitle":"Add Exception classes for Bobby","messageBody":"","fileTypesAndContributionMap":{"java":{"insertions":10,"deletions":0}}},{"hash":"c4352dd21d38305b8deadfec8f45a39a82c1c612","isMergeCommit":false,"messageTitle":"Move creating task functionality from Bobby to the respective Task types classes and implement exception handling.","messageBody":"","tags":["Level-5"],"fileTypesAndContributionMap":{"java":{"insertions":78,"deletions":19}}}]}]},"authorFileTypeContributionMap":{"vinceg4":{"java":267,"md":0,"fxml":0,"sh":0,"bat":1,"gradle":0,"txt":9}},"authorContributionVariance":{"vinceg4":9503.143},"authorDisplayNameMap":{"vinceg4":"VINC.. JIE"}}
