{"authorDailyContributionsMap":{"kellywsq03":[{"date":"2024-08-17","commitResults":[{"hash":"371be23190ab3c898ac0d57fbd7cbd7cdb9a2764","isMergeCommit":false,"messageTitle":"Modified chatbot\u0027s name to Echo. Modified welcome message.","messageBody":"","tags":["Level-0"],"fileTypesAndContributionMap":{"java":{"insertions":12,"deletions":10}}},{"hash":"2287036755273a731ebadbe53e8ba976fd643a8d","isMergeCommit":false,"messageTitle":"Chatbot echos user input. Chatbot exits when user inputs bye.","messageBody":"","fileTypesAndContributionMap":{"java":{"insertions":30,"deletions":2}}},{"hash":"b93089ae0be26a621f5c3deb7f9ec3f9d106d92f","isMergeCommit":false,"messageTitle":"User can add tasks. User can list tasks","messageBody":"","tags":["Level-2"],"fileTypesAndContributionMap":{"java":{"insertions":24,"deletions":3}}},{"hash":"8ffccdbd83ff2932a288ed024d4e3c3ea9913430","isMergeCommit":false,"messageTitle":"Added Tasks class. Mark and unmark behaviours added","messageBody":"","tags":["Level-3"],"fileTypesAndContributionMap":{"java":{"insertions":109,"deletions":35}}},{"hash":"829719845c4b2702b20075bbffc1bdaf91764200","isMergeCommit":false,"messageTitle":"Added error handling. Differentiates Todos, Events, Deadlines.","messageBody":"","tags":["Level-5","Level-4"],"fileTypesAndContributionMap":{"java":{"insertions":147,"deletions":13}}},{"hash":"4a83058a30a8f700221ab347dfe6dcf6b4e5da97","isMergeCommit":false,"messageTitle":"Tested todo, deadline and events functions","messageBody":"","tags":["A-TextUiTesting"],"fileTypesAndContributionMap":{"txt":{"insertions":5,"deletions":0},"java":{"insertions":23,"deletions":18},"sh":{"insertions":1,"deletions":1}}},{"hash":"4fec6993f1dbb501af035d023519da38b0422176","isMergeCommit":false,"messageTitle":"Implemented deletion","messageBody":"","tags":["Level-6"],"fileTypesAndContributionMap":{"java":{"insertions":65,"deletions":3}}}]},{"date":"2024-08-18","commitResults":[{"hash":"d38be9c02ceff247f11673ebb86530c68a8f6d8a","isMergeCommit":false,"messageTitle":"Used Enums","messageBody":"","tags":["A-Enums"],"fileTypesAndContributionMap":{"java":{"insertions":217,"deletions":147}}}]},{"date":"2024-08-25","commitResults":[{"hash":"9e5570e426d47abe054e4b835fe6912b0653cf73","isMergeCommit":false,"messageTitle":"Save tasks to file. Load tasks from file","messageBody":"","tags":["Level-7"],"fileTypesAndContributionMap":{"java":{"insertions":176,"deletions":28}}},{"hash":"e482e7f78712c9d611a426c54f4102707c9144ef","isMergeCommit":true,"messageTitle":"Merge branch \u0027branch-Level-7\u0027","messageBody":"","fileTypesAndContributionMap":{}},{"hash":"3827d097e70ac6f010ebb3322861d281d7e77712","isMergeCommit":false,"messageTitle":"Save deadline as DateTime","messageBody":"","tags":["Level-8"],"fileTypesAndContributionMap":{"java":{"insertions":64,"deletions":44}}},{"hash":"2c56814df6178995de5149ec369d260c1e5cbf1b","isMergeCommit":true,"messageTitle":"Merge branch \u0027branch-Level-8\u0027","messageBody":"","fileTypesAndContributionMap":{}}]},{"date":"2024-08-29","commitResults":[{"hash":"620fdb4da45935c57bc79f38052e3d4850a2c25d","isMergeCommit":false,"messageTitle":"Make the code more OOP","messageBody":"","tags":["A-MoreOOP"],"fileTypesAndContributionMap":{"java":{"insertions":495,"deletions":436}}},{"hash":"12c5ca8e4a50850b2cd41e5d9d67c2740e837377","isMergeCommit":true,"messageTitle":"Merge branch \u0027branch-A-MoreOOP\u0027","messageBody":"","fileTypesAndContributionMap":{}},{"hash":"cbec5741bc05b199943c575c4c7a45b0ad63782a","isMergeCommit":false,"messageTitle":"Move classes into packages","messageBody":"","tags":["A-Packages"],"fileTypesAndContributionMap":{"java":{"insertions":28,"deletions":12}}},{"hash":"6b9181c3f6137967f6d28c1883a255a4d8e595ef","isMergeCommit":true,"messageTitle":"Merge branch \u0027branch-A-Packages\u0027","messageBody":"","fileTypesAndContributionMap":{}},{"hash":"4f8c34160665a7483d44f8ebd8f6b406db260e76","isMergeCommit":true,"messageTitle":"Merge branch \u0027add-gradle-support\u0027","messageBody":"","tags":["A-Gradle"],"fileTypesAndContributionMap":{}},{"hash":"e75baa49a66718d999f4788223cc5ab4e8b14e0a","isMergeCommit":false,"messageTitle":"Configure build.gradle","messageBody":"","fileTypesAndContributionMap":{"gradle":{"insertions":7,"deletions":1},"java":{"insertions":1,"deletions":1}}}]}]},"authorFileTypeContributionMap":{"kellywsq03":{"java":649,"md":0,"fxml":0,"sh":1,"bat":0,"gradle":7,"txt":5}},"authorContributionVariance":{"kellywsq03":79325.85},"authorDisplayNameMap":{"kellywsq03":"CS2103T-T13-1 KELL..QING"}}
