{"authorDailyContributionsMap":{"bbryant824":[{"date":"2024-08-22","commitResults":[{"hash":"fc551fe295f6e28f6607f24cdf052c670ede151d","isMergeCommit":false,"messageTitle":"lvl 0","messageBody":"","tags":["level-0"],"fileTypesAndContributionMap":{"java":{"insertions":4,"deletions":1}}},{"hash":"353c60cba9d035c0d6356c000279ed4735cfc630","isMergeCommit":false,"messageTitle":"lv 2","messageBody":"","fileTypesAndContributionMap":{"java":{"insertions":27,"deletions":3}}},{"hash":"5fff44e968002bad9c9d9c7a111036a44a511941","isMergeCommit":false,"messageTitle":"lv 2 update 1","messageBody":"","fileTypesAndContributionMap":{"java":{"insertions":7,"deletions":7}}},{"hash":"2860dc27d9c8b7b13e00797ebab652df999f8edb","isMergeCommit":false,"messageTitle":"lv 1 updated","messageBody":"","fileTypesAndContributionMap":{"java":{"insertions":2,"deletions":2}}},{"hash":"b1bd6a4ff79b422930ad244fbab6421b43e40d0b","isMergeCommit":false,"messageTitle":"lv 1 updates","messageBody":"","fileTypesAndContributionMap":{"java":{"insertions":1,"deletions":1}}},{"hash":"0b971d39d0afbd85ae51d13954b937a15337f392","isMergeCommit":false,"messageTitle":"lv 1 updates","messageBody":"","tags":["level-1"],"fileTypesAndContributionMap":{"java":{"insertions":19,"deletions":4}}},{"hash":"20747247137baf5e54f4f24eb9f1672e36a8d1d8","isMergeCommit":false,"messageTitle":"level-2","messageBody":"","fileTypesAndContributionMap":{"java":{"insertions":0,"deletions":2}}},{"hash":"c0dada12c34a02cc7e016dbe09b751f2ed82e578","isMergeCommit":false,"messageTitle":"level-2 updates","messageBody":"","tags":["level-2"],"fileTypesAndContributionMap":{"java":{"insertions":13,"deletions":19}}},{"hash":"c4c2fe2cf9a952e8071851bc3e154c871b1961f6","isMergeCommit":false,"messageTitle":"level-3","messageBody":"","tags":["level-3"],"fileTypesAndContributionMap":{"java":{"insertions":43,"deletions":7}}},{"hash":"43a3c1ab3d06b22fb0bbeeae7459080aafb2895d","isMergeCommit":false,"messageTitle":"level-4","messageBody":"","tags":["level-4"],"fileTypesAndContributionMap":{"java":{"insertions":64,"deletions":2}}},{"hash":"b70e524ed96f2107f495f12175712d625a4559fb","isMergeCommit":false,"messageTitle":"level-5","messageBody":"","tags":["level-5"],"fileTypesAndContributionMap":{"java":{"insertions":58,"deletions":30}}},{"hash":"1f787ff4d1bfa73710bde678913fc5c6754c4fb4","isMergeCommit":false,"messageTitle":"level-6","messageBody":"","fileTypesAndContributionMap":{"java":{"insertions":17,"deletions":3}}}]},{"date":"2024-08-24","commitResults":[{"hash":"b51da2ca396c48b6160ef5c8bb66722d39567fbd","isMergeCommit":false,"messageTitle":"level-6","messageBody":"","tags":["level-6"],"fileTypesAndContributionMap":{"java":{"insertions":1,"deletions":1}}}]},{"date":"2024-08-25","commitResults":[{"hash":"57715db0bda5a88d9e377bf4e93de119c0aab8b6","isMergeCommit":false,"messageTitle":"level-6 updated","messageBody":"","tags":["A-TextUiTesting"],"fileTypesAndContributionMap":{"txt":{"insertions":12,"deletions":0},"java":{"insertions":7,"deletions":0},"bat":{"insertions":1,"deletions":1},"sh":{"insertions":1,"deletions":1}}}]},{"date":"2024-08-29","commitResults":[{"hash":"081211525912bf386a0609705889793c5e321749","isMergeCommit":false,"messageTitle":"level-7 p1","messageBody":"","tags":["Level-7"],"fileTypesAndContributionMap":{"txt":{"insertions":2,"deletions":0},"java":{"insertions":107,"deletions":9}}},{"hash":"fa92f6908a1e8268525d46b22222b19a50e65f10","isMergeCommit":true,"messageTitle":"Merge pull request #1 from bbryant824/branch-Level-7","messageBody":"level-7 ","fileTypesAndContributionMap":{}},{"hash":"fbd948a08ddfd1218ed4e8cbb7945cc483903038","isMergeCommit":false,"messageTitle":"level-8 p1","messageBody":"","tags":["Level-8"],"fileTypesAndContributionMap":{"txt":{"insertions":1,"deletions":0},"java":{"insertions":68,"deletions":35}}}]},{"date":"2024-08-30","commitResults":[{"hash":"7052282a5fbbe124fc13920de1f2c10acf0822c2","isMergeCommit":true,"messageTitle":"Merge pull request #2 from bbryant824/branch-Level-8","messageBody":"level-8 p1","fileTypesAndContributionMap":{}},{"hash":"0311f04b346002b71805fd3489576853476a2c77","isMergeCommit":false,"messageTitle":"level-8 p2, more oop","messageBody":"","fileTypesAndContributionMap":{"txt":{"insertions":1,"deletions":1},"java":{"insertions":342,"deletions":141}}},{"hash":"057ba9716bd10883541c69b224eac8577c3ddeb0","isMergeCommit":true,"messageTitle":"Merge pull request #3 from bbryant824/branch-A-MoreOOP","messageBody":"level-8 p2, more oop","fileTypesAndContributionMap":{}},{"hash":"8c181da4287b2eebd57a3c78b29a4e7496740a44","isMergeCommit":false,"messageTitle":"level-8 p2, more oop","messageBody":"","tags":["A-MoreOOP"],"fileTypesAndContributionMap":{"java":{"insertions":1,"deletions":1}}},{"hash":"f6d1968e7e1ff87a21b41adfb1c0f298c680983c","isMergeCommit":false,"messageTitle":"level-8 p3, A-Packages","messageBody":"","tags":["A-Packages"],"fileTypesAndContributionMap":{"java":{"insertions":94,"deletions":81},"bat":{"insertions":1,"deletions":1}}},{"hash":"56c977b86a5463c72f00c3d0bcbd786d85ecb68d","isMergeCommit":true,"messageTitle":"Merge pull request #4 from bbryant824/add-gradle-support","messageBody":"Add gradle support","fileTypesAndContributionMap":{}},{"hash":"50824e28929602e70c6b240bb51a66a78d14e22a","isMergeCommit":false,"messageTitle":"gradle updated","messageBody":"","tags":["A-Gradle"],"fileTypesAndContributionMap":{"java":{"insertions":1,"deletions":1}}},{"hash":"3fdffe4b5133f04de9cb6a8a261607b7d923f3cf","isMergeCommit":false,"messageTitle":"A-JUnit updated","messageBody":"","tags":["A-JUnit"],"fileTypesAndContributionMap":{"java":{"insertions":44,"deletions":0}}},{"hash":"c68c764d54e7317804fcb8d3ff43da7f2450f3a5","isMergeCommit":false,"messageTitle":"A-Jar updated","messageBody":"","tags":["A-Jar"],"fileTypesAndContributionMap":{"gradle":{"insertions":17,"deletions":2}}},{"hash":"0286c35d264d4a4a9249b2d085cb35e944629d3e","isMergeCommit":false,"messageTitle":"A-JavaDoc v1","messageBody":"","tags":["branch-A-JavaDoc"],"fileTypesAndContributionMap":{"java":{"insertions":370,"deletions":20}}},{"hash":"20b77d0d4aca9e0309ec5b6eb99c0b188fff3d30","isMergeCommit":false,"messageTitle":"A-CodingStandard v1","messageBody":"","tags":["branch-A-CodingStandard"],"fileTypesAndContributionMap":{"java":{"insertions":1,"deletions":1}}},{"hash":"94e435371e3e21aa71beb11b4162da5f8615524c","isMergeCommit":false,"messageTitle":"Level-9, FindCommand added","messageBody":"","tags":["branch-Level-9"],"fileTypesAndContributionMap":{"java":{"insertions":41,"deletions":0}}}]},{"date":"2024-09-04","commitResults":[{"hash":"ed6f7a31221748f4d24249333afa4d8a68bc1668","isMergeCommit":true,"messageTitle":"Merge pull request #5 from bbryant824/branch-A-JavaDoc","messageBody":"A-JavaDoc v1","tags":["Level-9","A-JavaDoc","A-CodingStandard"],"fileTypesAndContributionMap":{}},{"hash":"093db6f93d1235ffa1ad479aa0273c6e0666fc13","isMergeCommit":true,"messageTitle":"Merge pull request #6 from bbryant824/A-CodingStandard","messageBody":"A-CodingStandard v1","fileTypesAndContributionMap":{}},{"hash":"9640396223292a893503946a8061656225742554","isMergeCommit":true,"messageTitle":"Merge pull request #7 from bbryant824/branch-Level-9","messageBody":"Level-9, FindCommand added","fileTypesAndContributionMap":{}},{"hash":"e81053b3ccfa4ddc27f8dad05e7f79aaaf577d02","isMergeCommit":false,"messageTitle":"A-CheckStyle added","messageBody":"","fileTypesAndContributionMap":{"gradle":{"insertions":6,"deletions":0},"txt":{"insertions":2,"deletions":1}}}]},{"date":"2024-09-05","commitResults":[{"hash":"8a2d393cb83518aae04ee27da9878c306c65103f","isMergeCommit":true,"messageTitle":"Merge pull request #8 from bbryant824/branch-A-CheckStyle","messageBody":"A-CheckStyle added","fileTypesAndContributionMap":{}}]},{"date":"2024-09-08","commitResults":[{"hash":"ac1040a05105acf470b9f4043f521460f4d1668b","isMergeCommit":false,"messageTitle":"Level-10 v1","messageBody":"","fileTypesAndContributionMap":{"gradle":{"insertions":16,"deletions":2},"txt":{"insertions":8,"deletions":4},"fxml":{"insertions":13,"deletions":0},"java":{"insertions":300,"deletions":43}}},{"hash":"470e6ced3cb72e514200b19ae1bc3090bdcdcfcf","isMergeCommit":true,"messageTitle":"Merge pull request #9 from bbryant824/branch-Level-10","messageBody":"Level-10 v1","tags":["Level-10"],"fileTypesAndContributionMap":{}},{"hash":"1fb35f0b520776465e69ba61e9227a527ed093e2","isMergeCommit":false,"messageTitle":"A-Varargs with UI and javadocs added","messageBody":"","fileTypesAndContributionMap":{"txt":{"insertions":1,"deletions":7},"java":{"insertions":92,"deletions":63}}},{"hash":"c84bc00cb9efd3deae780959b56690402ae2edc2","isMergeCommit":true,"messageTitle":"Merge pull request #10 from bbryant824/branch-A-Varargs","messageBody":"A-Varargs with UI and javadocs added","tags":["A-Varargs"],"fileTypesAndContributionMap":{}}]},{"date":"2024-09-10","commitResults":[{"hash":"c9d8f846f1986ac242f94a14f44a230b4ec7ee0a","isMergeCommit":false,"messageTitle":"updates: modifications and packaging, fixing bugs","messageBody":"","fileTypesAndContributionMap":{"txt":{"insertions":6,"deletions":2},"java":{"insertions":46,"deletions":105}}}]},{"date":"2024-09-12","commitResults":[{"hash":"0f23b4ea8d25d683f9b79db4c576d7183a1daa02","isMergeCommit":false,"messageTitle":"Subject: Configure Gradle build to generate JAR file with JavaFX bundled","messageBody":"Body:\n\nPreviously, the JAR file created did not include JavaFX dependencies, causing the application to fail on systems without JavaFX installed.\n\nThis commit configures the Gradle build to generate a fat JAR file, bundling the necessary JavaFX libraries within it. This ensures that the application can run on any system, regardless of whether JavaFX is installed.\n","tags":["A-FullCommitMessage"],"fileTypesAndContributionMap":{"gradle":{"insertions":2,"deletions":2}}},{"hash":"154daeccf8d99d461ce414e4485f9941a5ed0baa","isMergeCommit":false,"messageTitle":"Subject: Refactor TaskList#addTask to use varargs","messageBody":"Body:\n\nThe TaskList#addTask method previously accepted only a single task at a time, which required multiple calls to add multiple tasks.\n\nTo improve usability, we refactor the method to use Java\u0027s varargs feature, allowing multiple tasks to be added in a single method call.\n","fileTypesAndContributionMap":{"java":{"insertions":2,"deletions":2}}},{"hash":"e04804fe34fd29bedd13577ca2dd7b210eeaedd4","isMergeCommit":false,"messageTitle":"Add assertions to Storage and AddCommand classes","messageBody":"The Storage and AddCommand classes lack validation checks to ensure\ncritical assumptions hold true during runtime.\n\nCurrently, the Storage class does not validate the presence of tasks or\ncheck the existence of files before performing file operations.\nSimilarly, the AddCommand class does not validate the user input\nsufficiently before adding tasks.\n\nTo improve reliability, let\u0027s add assertions to these classes:\n* Ensure tasks are non-null before saving/loading\n* Ensure valid task descriptions are provided in AddCommand\n* Verify that task file exists before attempting to load it\n\nThese assertions will help catch potential logic errors during the\nexecution of the application.\n","fileTypesAndContributionMap":{"java":{"insertions":40,"deletions":1}}},{"hash":"020cccb2e54fa995734ab2e13027a5e5fb7aeb50","isMergeCommit":false,"messageTitle":"refactor: Improve UI structure and add assertions in Main class","messageBody":"- Refactored `Main` class to improve code readability by modularizing layout and UI setup.\n- Extracted magic numbers into constants for window dimensions and layout spacing.\n- Added assertions to ensure user input is non-null and not empty before processing.\n- Introduced helper method `addDialog()` to avoid code duplication when adding dialogs.\n- Improved layout structure and event handler setup.\n\nThese changes enhance code quality, readability, and ensure key assumptions hold during execution.\n","fileTypesAndContributionMap":{"java":{"insertions":47,"deletions":38}}},{"hash":"e3da37df4b3bbe3cf243852dec1b1c30ca76e346","isMergeCommit":false,"messageTitle":"refactor: Utilize Java Streams","messageBody":"- Refactored TaskList to use Java Streams for generating task list output.\n","fileTypesAndContributionMap":{"txt":{"insertions":1,"deletions":0},"java":{"insertions":6,"deletions":6}}},{"hash":"6b7ec5145a80b75fbc4874d291e938e2c82dcd34","isMergeCommit":true,"messageTitle":"Merge pull request #11 from bbryant824/branch-A-Assertion","messageBody":"Add assertions to Storage and AddCommand classes","fileTypesAndContributionMap":{}},{"hash":"4c09c6dd5a363ad2688f2061f53fb98c6ea77f6b","isMergeCommit":true,"messageTitle":"Merge pull request #12 from bbryant824/branch-A-CodeQuality","messageBody":"refactor: Improve UI structure and add assertions in Main class","fileTypesAndContributionMap":{}},{"hash":"a0d9e45c5a060592184ed8f2f30fbae05e27daae","isMergeCommit":true,"messageTitle":"Merge pull request #13 from bbryant824/branch-A-Streams","messageBody":"refactor: Utilize Java Streams","tags":["A-Streams","A-CodeQuality","A-Assertions"],"fileTypesAndContributionMap":{}},{"hash":"414e01c2b44ceb1a995996640d93706610ffd9ff","isMergeCommit":false,"messageTitle":"Improved the overall user experience in the chatbot UI:","messageBody":"- Added the ability to close the application gracefully with a short delay after the \u0027bye\u0027 command.\n- Centralized dialog management in addDialog() to handle both user and chatbot messages consistently.\n- Applied responsive scrolling behavior to ensure the latest messages are always visible.\n- Refactored the welcome message display for consistency and modularity.\n- Ensured smoother transitions between commands and improved the UI layout for better user interaction.\n\nThis refactor improves the UI interaction flow and simplifies application exit behavior.\n","fileTypesAndContributionMap":{"txt":{"insertions":0,"deletions":4},"java":{"insertions":90,"deletions":82}}}]},{"date":"2024-09-13","commitResults":[{"hash":"d67dc23c1265f5a7d5d6e9783cd622548ffdde93","isMergeCommit":false,"messageTitle":"extension: tagging","messageBody":"","tags":["BCD-Extension"],"fileTypesAndContributionMap":{"txt":{"insertions":6,"deletions":3},"java":{"insertions":106,"deletions":110}}}]},{"date":"2024-09-19","commitResults":[{"hash":"77beee2c8910b3cf13f08bd16a4143cc9d6bb6d1","isMergeCommit":false,"messageTitle":"update UI, README updates","messageBody":"","tags":["A-UserGuide"],"fileTypesAndContributionMap":{"txt":{"insertions":4,"deletions":6},"java":{"insertions":10,"deletions":1},"md":{"insertions":78,"deletions":16}}}]}]},"authorFileTypeContributionMap":{"bbryant824":{"java":1257,"md":78,"fxml":13,"sh":1,"bat":1,"gradle":37,"txt":16}},"authorContributionVariance":{"bbryant824":49396.63},"authorDisplayNameMap":{"bbryant824":"CS2103T-T11-1 QIAO..OWEN"}}
