[{"path":"data/duke.txt","fileType":"txt","lines":[{"lineNumber":1,"author":{"gitId":"junyi73"},"content":"T |  dsadsa  | 0","lastModifiedDate":"2024-09-01","isFullCredit":false},{"lineNumber":2,"author":{"gitId":"junyi73"},"content":"T | dsadsa | 0","lastModifiedDate":"2024-09-01","isFullCredit":false},{"lineNumber":3,"author":{"gitId":"junyi73"},"content":"T | dsadas | 0","lastModifiedDate":"2024-09-01","isFullCredit":false}],"authorContributionMap":{"junyi73":3}},{"path":"src/main/java/Noisy/Deadline.java","fileType":"java","lines":[{"lineNumber":1,"author":{"gitId":"junyi73"},"content":"package Noisy;","lastModifiedDate":"2024-09-01","isFullCredit":false},{"lineNumber":2,"author":{"gitId":"junyi73"},"content":"","lastModifiedDate":"2024-09-01","isFullCredit":false},{"lineNumber":3,"author":{"gitId":"junyi73"},"content":"import java.time.LocalDate;","lastModifiedDate":"2024-08-31","isFullCredit":false},{"lineNumber":4,"author":{"gitId":"junyi73"},"content":"import java.time.format.DateTimeFormatter;","lastModifiedDate":"2024-08-31","isFullCredit":false},{"lineNumber":5,"author":{"gitId":"junyi73"},"content":"public class Deadline extends Task {","lastModifiedDate":"2024-08-24","isFullCredit":false},{"lineNumber":6,"author":{"gitId":"junyi73"},"content":"","lastModifiedDate":"2024-08-24","isFullCredit":false},{"lineNumber":7,"author":{"gitId":"junyi73"},"content":"    private LocalDate deadline;","lastModifiedDate":"2024-08-31","isFullCredit":false},{"lineNumber":8,"author":{"gitId":"junyi73"},"content":"","lastModifiedDate":"2024-08-24","isFullCredit":false},{"lineNumber":9,"author":{"gitId":"junyi73"},"content":"    public Deadline(String description, boolean isDone, LocalDate deadline) {","lastModifiedDate":"2024-08-31","isFullCredit":false},{"lineNumber":10,"author":{"gitId":"junyi73"},"content":"        super(description, isDone);","lastModifiedDate":"2024-08-30","isFullCredit":false},{"lineNumber":11,"author":{"gitId":"junyi73"},"content":"        this.deadline \u003d deadline;","lastModifiedDate":"2024-08-24","isFullCredit":false},{"lineNumber":12,"author":{"gitId":"junyi73"},"content":"    }","lastModifiedDate":"2024-08-24","isFullCredit":false},{"lineNumber":13,"author":{"gitId":"junyi73"},"content":"","lastModifiedDate":"2024-08-24","isFullCredit":false},{"lineNumber":14,"author":{"gitId":"junyi73"},"content":"    @Override","lastModifiedDate":"2024-08-30","isFullCredit":false},{"lineNumber":15,"author":{"gitId":"junyi73"},"content":"    public String formatTask() {","lastModifiedDate":"2024-08-30","isFullCredit":false},{"lineNumber":16,"author":{"gitId":"junyi73"},"content":"        String status \u003d isDone? \"1\" : \"0\";","lastModifiedDate":"2024-08-30","isFullCredit":false},{"lineNumber":17,"author":{"gitId":"junyi73"},"content":"        return \"D | \" + this.description + \" | \" + status + \" | \" + this.description + \" | \" + this.deadline;","lastModifiedDate":"2024-08-30","isFullCredit":false},{"lineNumber":18,"author":{"gitId":"junyi73"},"content":"    }","lastModifiedDate":"2024-08-30","isFullCredit":false},{"lineNumber":19,"author":{"gitId":"junyi73"},"content":"","lastModifiedDate":"2024-08-30","isFullCredit":false},{"lineNumber":20,"author":{"gitId":"junyi73"},"content":"    @Override","lastModifiedDate":"2024-08-24","isFullCredit":false},{"lineNumber":21,"author":{"gitId":"junyi73"},"content":"    public String toString() {","lastModifiedDate":"2024-08-24","isFullCredit":false},{"lineNumber":22,"author":{"gitId":"junyi73"},"content":"        return \"[D]\" + super.toString() + \" (by: \" + this.deadline.format(DateTimeFormatter.ofPattern(\"MMM d yyyy\")) + \")\";","lastModifiedDate":"2024-08-31","isFullCredit":false},{"lineNumber":23,"author":{"gitId":"junyi73"},"content":"    }","lastModifiedDate":"2024-08-24","isFullCredit":false},{"lineNumber":24,"author":{"gitId":"junyi73"},"content":"}","lastModifiedDate":"2024-08-24","isFullCredit":false}],"authorContributionMap":{"junyi73":24}},{"path":"src/main/java/Noisy/Event.java","fileType":"java","lines":[{"lineNumber":1,"author":{"gitId":"junyi73"},"content":"package Noisy;","lastModifiedDate":"2024-09-01","isFullCredit":false},{"lineNumber":2,"author":{"gitId":"junyi73"},"content":"","lastModifiedDate":"2024-09-01","isFullCredit":false},{"lineNumber":3,"author":{"gitId":"junyi73"},"content":"import java.time.LocalDate;","lastModifiedDate":"2024-08-31","isFullCredit":false},{"lineNumber":4,"author":{"gitId":"junyi73"},"content":"import java.time.format.DateTimeFormatter;","lastModifiedDate":"2024-08-31","isFullCredit":false},{"lineNumber":5,"author":{"gitId":"junyi73"},"content":"","lastModifiedDate":"2024-08-31","isFullCredit":false},{"lineNumber":6,"author":{"gitId":"junyi73"},"content":"public class Event extends Task {","lastModifiedDate":"2024-08-24","isFullCredit":false},{"lineNumber":7,"author":{"gitId":"junyi73"},"content":"","lastModifiedDate":"2024-08-24","isFullCredit":false},{"lineNumber":8,"author":{"gitId":"junyi73"},"content":"    private LocalDate startDate;","lastModifiedDate":"2024-08-31","isFullCredit":false},{"lineNumber":9,"author":{"gitId":"junyi73"},"content":"    private LocalDate endDate;","lastModifiedDate":"2024-08-31","isFullCredit":false},{"lineNumber":10,"author":{"gitId":"junyi73"},"content":"","lastModifiedDate":"2024-08-24","isFullCredit":false},{"lineNumber":11,"author":{"gitId":"junyi73"},"content":"    public Event(String description, boolean isDone, LocalDate startDate, LocalDate endDate) {","lastModifiedDate":"2024-08-31","isFullCredit":false},{"lineNumber":12,"author":{"gitId":"junyi73"},"content":"        super(description, isDone);","lastModifiedDate":"2024-08-30","isFullCredit":false},{"lineNumber":13,"author":{"gitId":"junyi73"},"content":"        this.startDate \u003d startDate;","lastModifiedDate":"2024-08-24","isFullCredit":false},{"lineNumber":14,"author":{"gitId":"junyi73"},"content":"        this.endDate \u003d endDate;","lastModifiedDate":"2024-08-24","isFullCredit":false},{"lineNumber":15,"author":{"gitId":"junyi73"},"content":"    }","lastModifiedDate":"2024-08-24","isFullCredit":false},{"lineNumber":16,"author":{"gitId":"junyi73"},"content":"","lastModifiedDate":"2024-08-24","isFullCredit":false},{"lineNumber":17,"author":{"gitId":"junyi73"},"content":"    @Override","lastModifiedDate":"2024-08-30","isFullCredit":false},{"lineNumber":18,"author":{"gitId":"junyi73"},"content":"    public String formatTask() {","lastModifiedDate":"2024-08-30","isFullCredit":false},{"lineNumber":19,"author":{"gitId":"junyi73"},"content":"        String status \u003d isDone? \"1\" : \"0\";","lastModifiedDate":"2024-08-30","isFullCredit":false},{"lineNumber":20,"author":{"gitId":"junyi73"},"content":"        return \"E | \" + this.description + \" | \" + status + \" | \" + this.startDate + \" | \" + this.endDate;","lastModifiedDate":"2024-08-30","isFullCredit":false},{"lineNumber":21,"author":{"gitId":"junyi73"},"content":"    }","lastModifiedDate":"2024-08-30","isFullCredit":false},{"lineNumber":22,"author":{"gitId":"junyi73"},"content":"","lastModifiedDate":"2024-08-30","isFullCredit":false},{"lineNumber":23,"author":{"gitId":"junyi73"},"content":"    @Override","lastModifiedDate":"2024-08-24","isFullCredit":false},{"lineNumber":24,"author":{"gitId":"junyi73"},"content":"    public String toString() {","lastModifiedDate":"2024-08-24","isFullCredit":false},{"lineNumber":25,"author":{"gitId":"junyi73"},"content":"        return \"[E]\" + super.toString() + \" (from: \" + this.startDate.format(DateTimeFormatter.ofPattern(\"MMM d yyyy\")) + \" to: \" + this.endDate.format(DateTimeFormatter.ofPattern(\"MMM d yyyy\")) + \")\";","lastModifiedDate":"2024-08-31","isFullCredit":false},{"lineNumber":26,"author":{"gitId":"junyi73"},"content":"    }","lastModifiedDate":"2024-08-24","isFullCredit":false},{"lineNumber":27,"author":{"gitId":"junyi73"},"content":"}","lastModifiedDate":"2024-08-24","isFullCredit":false}],"authorContributionMap":{"junyi73":27}},{"path":"src/main/java/Noisy/Noisy.java","fileType":"java","lines":[{"lineNumber":1,"author":{"gitId":"junyi73"},"content":"package Noisy;","lastModifiedDate":"2024-09-01","isFullCredit":false},{"lineNumber":2,"author":{"gitId":"junyi73"},"content":"","lastModifiedDate":"2024-09-01","isFullCredit":false},{"lineNumber":3,"author":{"gitId":"junyi73"},"content":"import java.util.Scanner;","lastModifiedDate":"2024-08-23","isFullCredit":false},{"lineNumber":4,"author":{"gitId":"junyi73"},"content":"","lastModifiedDate":"2024-08-23","isFullCredit":false},{"lineNumber":5,"author":{"gitId":"junyi73"},"content":"public class Noisy {","lastModifiedDate":"2024-08-23","isFullCredit":false},{"lineNumber":6,"author":{"gitId":"junyi73"},"content":"","lastModifiedDate":"2024-08-23","isFullCredit":false},{"lineNumber":7,"author":{"gitId":"junyi73"},"content":"","lastModifiedDate":"2024-08-23","isFullCredit":false},{"lineNumber":8,"author":{"gitId":"junyi73"},"content":"    public static void main(String[] args) {","lastModifiedDate":"2024-08-23","isFullCredit":false},{"lineNumber":9,"author":{"gitId":"junyi73"},"content":"        Parser parser \u003d new Parser();","lastModifiedDate":"2024-08-31","isFullCredit":false},{"lineNumber":10,"author":{"gitId":"junyi73"},"content":"        Storage storage \u003d new Storage();","lastModifiedDate":"2024-08-30","isFullCredit":false},{"lineNumber":11,"author":{"gitId":"junyi73"},"content":"        Ui ui \u003d new Ui();","lastModifiedDate":"2024-09-01","isFullCredit":false},{"lineNumber":12,"author":{"gitId":"junyi73"},"content":"        TaskList taskList \u003d new TaskList(storage.loadTasks());","lastModifiedDate":"2024-08-30","isFullCredit":false},{"lineNumber":13,"author":{"gitId":"junyi73"},"content":"        Task task \u003d null;","lastModifiedDate":"2024-08-25","isFullCredit":false},{"lineNumber":14,"author":{"gitId":"junyi73"},"content":"        ui.printWelcome();","lastModifiedDate":"2024-09-01","isFullCredit":false},{"lineNumber":15,"author":{"gitId":"junyi73"},"content":"        Scanner scanner \u003d new Scanner(System.in);","lastModifiedDate":"2024-08-23","isFullCredit":false},{"lineNumber":16,"author":{"gitId":"junyi73"},"content":"        while (true) {","lastModifiedDate":"2024-08-23","isFullCredit":false},{"lineNumber":17,"author":{"gitId":"junyi73"},"content":"            String input \u003d scanner.nextLine();","lastModifiedDate":"2024-08-23","isFullCredit":false},{"lineNumber":18,"author":{"gitId":"junyi73"},"content":"            if (input.equals(\"bye\")) {","lastModifiedDate":"2024-08-23","isFullCredit":false},{"lineNumber":19,"author":{"gitId":"junyi73"},"content":"                ui.printGoodbye();","lastModifiedDate":"2024-09-01","isFullCredit":false},{"lineNumber":20,"author":{"gitId":"junyi73"},"content":"                scanner.close();","lastModifiedDate":"2024-08-23","isFullCredit":false},{"lineNumber":21,"author":{"gitId":"junyi73"},"content":"                break;","lastModifiedDate":"2024-08-23","isFullCredit":false},{"lineNumber":22,"author":{"gitId":"junyi73"},"content":"            }","lastModifiedDate":"2024-08-23","isFullCredit":false},{"lineNumber":23,"author":{"gitId":"junyi73"},"content":"            if (input.equals(\"list\")) {","lastModifiedDate":"2024-08-23","isFullCredit":false},{"lineNumber":24,"author":{"gitId":"junyi73"},"content":"                ui.printList(taskList);","lastModifiedDate":"2024-09-01","isFullCredit":false},{"lineNumber":25,"author":{"gitId":"junyi73"},"content":"                continue;","lastModifiedDate":"2024-08-23","isFullCredit":false},{"lineNumber":26,"author":{"gitId":"junyi73"},"content":"            }","lastModifiedDate":"2024-08-23","isFullCredit":false},{"lineNumber":27,"author":{"gitId":"junyi73"},"content":"            if (input.startsWith(\"mark \")) {","lastModifiedDate":"2024-08-24","isFullCredit":false},{"lineNumber":28,"author":{"gitId":"junyi73"},"content":"                String[] string \u003d input.split(\" \");","lastModifiedDate":"2024-08-24","isFullCredit":false},{"lineNumber":29,"author":{"gitId":"junyi73"},"content":"                Integer index \u003d Integer.parseInt(string[1]);","lastModifiedDate":"2024-08-24","isFullCredit":false},{"lineNumber":30,"author":{"gitId":"junyi73"},"content":"                taskList.markDoneFromList(index - 1);","lastModifiedDate":"2024-08-30","isFullCredit":false},{"lineNumber":31,"author":{"gitId":"junyi73"},"content":"                ui.printMark(index, taskList);","lastModifiedDate":"2024-09-01","isFullCredit":false},{"lineNumber":32,"author":{"gitId":"junyi73"},"content":"                continue;","lastModifiedDate":"2024-08-24","isFullCredit":false},{"lineNumber":33,"author":{"gitId":"junyi73"},"content":"            }","lastModifiedDate":"2024-08-24","isFullCredit":false},{"lineNumber":34,"author":{"gitId":"junyi73"},"content":"","lastModifiedDate":"2024-08-24","isFullCredit":false},{"lineNumber":35,"author":{"gitId":"junyi73"},"content":"            task \u003d null;","lastModifiedDate":"2024-08-30","isFullCredit":false},{"lineNumber":36,"author":{"gitId":"junyi73"},"content":"            try {","lastModifiedDate":"2024-08-25","isFullCredit":false},{"lineNumber":37,"author":{"gitId":"junyi73"},"content":"                switch (input.split(\" \")[0]) {","lastModifiedDate":"2024-08-24","isFullCredit":false},{"lineNumber":38,"author":{"gitId":"junyi73"},"content":"                    case \"todo\":","lastModifiedDate":"2024-08-24","isFullCredit":false},{"lineNumber":39,"author":{"gitId":"junyi73"},"content":"                        if (input.split(\" \", 2).length \u003c 2) {","lastModifiedDate":"2024-08-25","isFullCredit":false},{"lineNumber":40,"author":{"gitId":"junyi73"},"content":"                            throw new NoisyException(\"OOPS!!! The description of a todo cannot be empty.\");","lastModifiedDate":"2024-08-25","isFullCredit":false},{"lineNumber":41,"author":{"gitId":"junyi73"},"content":"                        }","lastModifiedDate":"2024-08-25","isFullCredit":false},{"lineNumber":42,"author":{"gitId":"junyi73"},"content":"                        task \u003d new Todo(input.split(\" \", 2)[1], false);","lastModifiedDate":"2024-08-30","isFullCredit":false},{"lineNumber":43,"author":{"gitId":"junyi73"},"content":"                        break;","lastModifiedDate":"2024-08-24","isFullCredit":false},{"lineNumber":44,"author":{"gitId":"junyi73"},"content":"                    case \"Noisy.Deadline\":","lastModifiedDate":"2024-09-01","isFullCredit":false},{"lineNumber":45,"author":{"gitId":"junyi73"},"content":"                        String[] string \u003d input.split(\" \", 3);","lastModifiedDate":"2024-08-24","isFullCredit":false},{"lineNumber":46,"author":{"gitId":"junyi73"},"content":"                        task \u003d new Deadline(string[1], false, parser.parseDate(string[2]));","lastModifiedDate":"2024-08-31","isFullCredit":false},{"lineNumber":47,"author":{"gitId":"junyi73"},"content":"                        break;","lastModifiedDate":"2024-08-24","isFullCredit":false},{"lineNumber":48,"author":{"gitId":"junyi73"},"content":"                    case \"Noisy.Event\":","lastModifiedDate":"2024-09-01","isFullCredit":false},{"lineNumber":49,"author":{"gitId":"junyi73"},"content":"                        String[] eventString \u003d input.split(\" \", 4);","lastModifiedDate":"2024-08-24","isFullCredit":false},{"lineNumber":50,"author":{"gitId":"junyi73"},"content":"                        task \u003d new Event(eventString[1], false, parser.parseDate(eventString[2]), parser.parseDate(eventString[3]));","lastModifiedDate":"2024-08-31","isFullCredit":false},{"lineNumber":51,"author":{"gitId":"junyi73"},"content":"                        break;","lastModifiedDate":"2024-08-30","isFullCredit":false},{"lineNumber":52,"author":{"gitId":"junyi73"},"content":"                    case \"delete\":","lastModifiedDate":"2024-08-26","isFullCredit":false},{"lineNumber":53,"author":{"gitId":"junyi73"},"content":"                        String[] deleteString \u003d input.split(\" \");","lastModifiedDate":"2024-08-26","isFullCredit":false},{"lineNumber":54,"author":{"gitId":"junyi73"},"content":"                        Integer index \u003d Integer.parseInt(deleteString[1]);","lastModifiedDate":"2024-08-26","isFullCredit":false},{"lineNumber":55,"author":{"gitId":"junyi73"},"content":"                        Task deletedTask \u003d taskList.getTask(index - 1);","lastModifiedDate":"2024-08-30","isFullCredit":false},{"lineNumber":56,"author":{"gitId":"junyi73"},"content":"                        taskList.deleteFromList(index - 1);","lastModifiedDate":"2024-08-30","isFullCredit":false},{"lineNumber":57,"author":{"gitId":"junyi73"},"content":"                        ui.printDelete(index - 1, taskList);","lastModifiedDate":"2024-09-01","isFullCredit":false},{"lineNumber":58,"author":{"gitId":"junyi73"},"content":"                        continue;","lastModifiedDate":"2024-08-26","isFullCredit":false},{"lineNumber":59,"author":{"gitId":"junyi73"},"content":"                    default:","lastModifiedDate":"2024-08-25","isFullCredit":false},{"lineNumber":60,"author":{"gitId":"junyi73"},"content":"                        throw new NoisyException(\"OOPS!!! I\u0027m sorry, but I don\u0027t know what that means :-(\");","lastModifiedDate":"2024-08-25","isFullCredit":false},{"lineNumber":61,"author":{"gitId":"junyi73"},"content":"                }","lastModifiedDate":"2024-08-25","isFullCredit":false},{"lineNumber":62,"author":{"gitId":"junyi73"},"content":"            } catch (NoisyException e) {","lastModifiedDate":"2024-08-25","isFullCredit":false},{"lineNumber":63,"author":{"gitId":"junyi73"},"content":"                System.out.println(e);","lastModifiedDate":"2024-08-25","isFullCredit":false},{"lineNumber":64,"author":{"gitId":"junyi73"},"content":"                continue;","lastModifiedDate":"2024-08-26","isFullCredit":false},{"lineNumber":65,"author":{"gitId":"junyi73"},"content":"            }","lastModifiedDate":"2024-08-25","isFullCredit":false},{"lineNumber":66,"author":{"gitId":"junyi73"},"content":"","lastModifiedDate":"2024-08-26","isFullCredit":false},{"lineNumber":67,"author":{"gitId":"junyi73"},"content":"","lastModifiedDate":"2024-08-24","isFullCredit":false},{"lineNumber":68,"author":{"gitId":"junyi73"},"content":"            taskList.addToList(task);","lastModifiedDate":"2024-08-30","isFullCredit":false},{"lineNumber":69,"author":{"gitId":"junyi73"},"content":"            storage.saveTasks(taskList.getTasks());","lastModifiedDate":"2024-08-30","isFullCredit":false},{"lineNumber":70,"author":{"gitId":"junyi73"},"content":"            ui.printAdd(task, taskList);","lastModifiedDate":"2024-09-01","isFullCredit":false},{"lineNumber":71,"author":{"gitId":"junyi73"},"content":"        }","lastModifiedDate":"2024-08-23","isFullCredit":false},{"lineNumber":72,"author":{"gitId":"junyi73"},"content":"    }","lastModifiedDate":"2024-08-23","isFullCredit":false},{"lineNumber":73,"author":{"gitId":"junyi73"},"content":"}","lastModifiedDate":"2024-08-26","isFullCredit":false},{"lineNumber":74,"author":{"gitId":"junyi73"},"content":"","lastModifiedDate":"2024-08-25","isFullCredit":false}],"authorContributionMap":{"junyi73":74}},{"path":"src/main/java/Noisy/NoisyException.java","fileType":"java","lines":[{"lineNumber":1,"author":{"gitId":"junyi73"},"content":"package Noisy;","lastModifiedDate":"2024-09-01","isFullCredit":false},{"lineNumber":2,"author":{"gitId":"junyi73"},"content":"","lastModifiedDate":"2024-09-01","isFullCredit":false},{"lineNumber":3,"author":{"gitId":"junyi73"},"content":"public class NoisyException extends Exception {","lastModifiedDate":"2024-08-25","isFullCredit":false},{"lineNumber":4,"author":{"gitId":"junyi73"},"content":"    public NoisyException(String message) {","lastModifiedDate":"2024-08-25","isFullCredit":false},{"lineNumber":5,"author":{"gitId":"junyi73"},"content":"        super(message);","lastModifiedDate":"2024-08-25","isFullCredit":false},{"lineNumber":6,"author":{"gitId":"junyi73"},"content":"    }","lastModifiedDate":"2024-08-25","isFullCredit":false},{"lineNumber":7,"author":{"gitId":"junyi73"},"content":"}","lastModifiedDate":"2024-08-25","isFullCredit":false}],"authorContributionMap":{"junyi73":7}},{"path":"src/main/java/Noisy/Parser.java","fileType":"java","lines":[{"lineNumber":1,"author":{"gitId":"junyi73"},"content":"package Noisy;","lastModifiedDate":"2024-09-01","isFullCredit":false},{"lineNumber":2,"author":{"gitId":"junyi73"},"content":"","lastModifiedDate":"2024-09-01","isFullCredit":false},{"lineNumber":3,"author":{"gitId":"junyi73"},"content":"import java.time.LocalDate;","lastModifiedDate":"2024-08-31","isFullCredit":false},{"lineNumber":4,"author":{"gitId":"junyi73"},"content":"","lastModifiedDate":"2024-08-31","isFullCredit":false},{"lineNumber":5,"author":{"gitId":"junyi73"},"content":"public class Parser {","lastModifiedDate":"2024-08-30","isFullCredit":false},{"lineNumber":6,"author":{"gitId":"junyi73"},"content":"","lastModifiedDate":"2024-08-31","isFullCredit":false},{"lineNumber":7,"author":{"gitId":"junyi73"},"content":"    public LocalDate parseDate(String date) {","lastModifiedDate":"2024-08-31","isFullCredit":false},{"lineNumber":8,"author":{"gitId":"junyi73"},"content":"        return LocalDate.parse(date);","lastModifiedDate":"2024-08-31","isFullCredit":false},{"lineNumber":9,"author":{"gitId":"junyi73"},"content":"    }","lastModifiedDate":"2024-08-31","isFullCredit":false},{"lineNumber":10,"author":{"gitId":"junyi73"},"content":"","lastModifiedDate":"2024-08-31","isFullCredit":false},{"lineNumber":11,"author":{"gitId":"junyi73"},"content":"    public int parseInput(String input, TaskList taskList) {","lastModifiedDate":"2024-09-01","isFullCredit":false},{"lineNumber":12,"author":{"gitId":"junyi73"},"content":"        if (input.equals(\"bye\")) {","lastModifiedDate":"2024-09-01","isFullCredit":false},{"lineNumber":13,"author":{"gitId":"junyi73"},"content":"            return 0;","lastModifiedDate":"2024-09-01","isFullCredit":false},{"lineNumber":14,"author":{"gitId":"junyi73"},"content":"        }","lastModifiedDate":"2024-09-01","isFullCredit":false},{"lineNumber":15,"author":{"gitId":"junyi73"},"content":"","lastModifiedDate":"2024-09-01","isFullCredit":false},{"lineNumber":16,"author":{"gitId":"junyi73"},"content":"        if (input.equals(\"list\")) {","lastModifiedDate":"2024-09-01","isFullCredit":false},{"lineNumber":17,"author":{"gitId":"junyi73"},"content":"            return 1;","lastModifiedDate":"2024-09-01","isFullCredit":false},{"lineNumber":18,"author":{"gitId":"junyi73"},"content":"        }","lastModifiedDate":"2024-09-01","isFullCredit":false},{"lineNumber":19,"author":{"gitId":"junyi73"},"content":"","lastModifiedDate":"2024-09-01","isFullCredit":false},{"lineNumber":20,"author":{"gitId":"junyi73"},"content":"        if (input.startsWith(\"mark\")) {","lastModifiedDate":"2024-09-01","isFullCredit":false},{"lineNumber":21,"author":{"gitId":"junyi73"},"content":"            return 2;","lastModifiedDate":"2024-09-01","isFullCredit":false},{"lineNumber":22,"author":{"gitId":"junyi73"},"content":"        }","lastModifiedDate":"2024-09-01","isFullCredit":false},{"lineNumber":23,"author":{"gitId":"junyi73"},"content":"","lastModifiedDate":"2024-09-01","isFullCredit":false},{"lineNumber":24,"author":{"gitId":"junyi73"},"content":"","lastModifiedDate":"2024-09-01","isFullCredit":false},{"lineNumber":25,"author":{"gitId":"junyi73"},"content":"        Task task \u003d null;","lastModifiedDate":"2024-09-01","isFullCredit":false},{"lineNumber":26,"author":{"gitId":"junyi73"},"content":"        try {","lastModifiedDate":"2024-09-01","isFullCredit":false},{"lineNumber":27,"author":{"gitId":"junyi73"},"content":"            switch (input.split(\" \")[0]) {","lastModifiedDate":"2024-09-01","isFullCredit":false},{"lineNumber":28,"author":{"gitId":"junyi73"},"content":"                case \"todo\":","lastModifiedDate":"2024-09-01","isFullCredit":false},{"lineNumber":29,"author":{"gitId":"junyi73"},"content":"                    if (input.split(\" \", 2).length \u003c 2) {","lastModifiedDate":"2024-09-01","isFullCredit":false},{"lineNumber":30,"author":{"gitId":"junyi73"},"content":"                        throw new NoisyException(\"OOPS!!! The description of a todo cannot be empty.\");","lastModifiedDate":"2024-09-01","isFullCredit":false},{"lineNumber":31,"author":{"gitId":"junyi73"},"content":"                    }","lastModifiedDate":"2024-09-01","isFullCredit":false},{"lineNumber":32,"author":{"gitId":"junyi73"},"content":"                    return 3;","lastModifiedDate":"2024-09-01","isFullCredit":false},{"lineNumber":33,"author":{"gitId":"junyi73"},"content":"                case \"Noisy.Deadline\":","lastModifiedDate":"2024-09-01","isFullCredit":false},{"lineNumber":34,"author":{"gitId":"junyi73"},"content":"                    return 4;","lastModifiedDate":"2024-09-01","isFullCredit":false},{"lineNumber":35,"author":{"gitId":"junyi73"},"content":"                case \"Noisy.Event\":","lastModifiedDate":"2024-09-01","isFullCredit":false},{"lineNumber":36,"author":{"gitId":"junyi73"},"content":"                    return 5;","lastModifiedDate":"2024-09-01","isFullCredit":false},{"lineNumber":37,"author":{"gitId":"junyi73"},"content":"                case \"delete\":","lastModifiedDate":"2024-09-01","isFullCredit":false},{"lineNumber":38,"author":{"gitId":"junyi73"},"content":"                    return 6;","lastModifiedDate":"2024-09-01","isFullCredit":false},{"lineNumber":39,"author":{"gitId":"junyi73"},"content":"                default:","lastModifiedDate":"2024-09-01","isFullCredit":false},{"lineNumber":40,"author":{"gitId":"junyi73"},"content":"                    throw new NoisyException(\"OOPS!!! I\u0027m sorry, but I don\u0027t know what that means :-(\");","lastModifiedDate":"2024-09-01","isFullCredit":false},{"lineNumber":41,"author":{"gitId":"junyi73"},"content":"            }","lastModifiedDate":"2024-09-01","isFullCredit":false},{"lineNumber":42,"author":{"gitId":"junyi73"},"content":"        } catch (NoisyException e) {","lastModifiedDate":"2024-09-01","isFullCredit":false},{"lineNumber":43,"author":{"gitId":"junyi73"},"content":"            System.out.println(e);","lastModifiedDate":"2024-09-01","isFullCredit":false},{"lineNumber":44,"author":{"gitId":"junyi73"},"content":"        }","lastModifiedDate":"2024-09-01","isFullCredit":false},{"lineNumber":45,"author":{"gitId":"junyi73"},"content":"        return 7;","lastModifiedDate":"2024-09-01","isFullCredit":false},{"lineNumber":46,"author":{"gitId":"junyi73"},"content":"    }","lastModifiedDate":"2024-09-01","isFullCredit":false},{"lineNumber":47,"author":{"gitId":"junyi73"},"content":"}","lastModifiedDate":"2024-08-30","isFullCredit":false}],"authorContributionMap":{"junyi73":47}},{"path":"src/main/java/Noisy/Storage.java","fileType":"java","lines":[{"lineNumber":1,"author":{"gitId":"junyi73"},"content":"package Noisy;","lastModifiedDate":"2024-09-01","isFullCredit":false},{"lineNumber":2,"author":{"gitId":"junyi73"},"content":"","lastModifiedDate":"2024-09-01","isFullCredit":false},{"lineNumber":3,"author":{"gitId":"junyi73"},"content":"import java.io.File;","lastModifiedDate":"2024-08-30","isFullCredit":false},{"lineNumber":4,"author":{"gitId":"junyi73"},"content":"import java.io.IOException;","lastModifiedDate":"2024-08-30","isFullCredit":false},{"lineNumber":5,"author":{"gitId":"junyi73"},"content":"import java.util.ArrayList;","lastModifiedDate":"2024-08-30","isFullCredit":false},{"lineNumber":6,"author":{"gitId":"junyi73"},"content":"import java.util.Scanner;","lastModifiedDate":"2024-08-30","isFullCredit":false},{"lineNumber":7,"author":{"gitId":"junyi73"},"content":"import java.io.FileWriter;","lastModifiedDate":"2024-08-30","isFullCredit":false},{"lineNumber":8,"author":{"gitId":"junyi73"},"content":"import java.io.BufferedWriter;","lastModifiedDate":"2024-08-30","isFullCredit":false},{"lineNumber":9,"author":{"gitId":"junyi73"},"content":"","lastModifiedDate":"2024-08-30","isFullCredit":false},{"lineNumber":10,"author":{"gitId":"junyi73"},"content":"public class Storage {","lastModifiedDate":"2024-08-30","isFullCredit":false},{"lineNumber":11,"author":{"gitId":"junyi73"},"content":"    Parser parser \u003d new Parser();","lastModifiedDate":"2024-08-31","isFullCredit":false},{"lineNumber":12,"author":{"gitId":"junyi73"},"content":"    File file \u003d new File(\"./data/duke.txt\");","lastModifiedDate":"2024-08-30","isFullCredit":false},{"lineNumber":13,"author":{"gitId":"junyi73"},"content":"    public ArrayList\u003cTask\u003e loadTasks() {","lastModifiedDate":"2024-08-30","isFullCredit":false},{"lineNumber":14,"author":{"gitId":"junyi73"},"content":"        ArrayList\u003cTask\u003e tasks \u003d new ArrayList\u003c\u003e();","lastModifiedDate":"2024-08-30","isFullCredit":false},{"lineNumber":15,"author":{"gitId":"junyi73"},"content":"        try ( Scanner scanner \u003d new Scanner(file); ) {","lastModifiedDate":"2024-08-30","isFullCredit":false},{"lineNumber":16,"author":{"gitId":"junyi73"},"content":"","lastModifiedDate":"2024-08-30","isFullCredit":false},{"lineNumber":17,"author":{"gitId":"junyi73"},"content":"            if (!file.exists()) {","lastModifiedDate":"2024-08-30","isFullCredit":false},{"lineNumber":18,"author":{"gitId":"junyi73"},"content":"                return tasks;","lastModifiedDate":"2024-08-30","isFullCredit":false},{"lineNumber":19,"author":{"gitId":"junyi73"},"content":"","lastModifiedDate":"2024-08-30","isFullCredit":false},{"lineNumber":20,"author":{"gitId":"junyi73"},"content":"            }","lastModifiedDate":"2024-08-30","isFullCredit":false},{"lineNumber":21,"author":{"gitId":"junyi73"},"content":"            while (scanner.hasNextLine()) {","lastModifiedDate":"2024-08-30","isFullCredit":false},{"lineNumber":22,"author":{"gitId":"junyi73"},"content":"                String line \u003d scanner.nextLine();","lastModifiedDate":"2024-08-30","isFullCredit":false},{"lineNumber":23,"author":{"gitId":"junyi73"},"content":"                String[] splitString \u003d line.split(\"\\\\|\");","lastModifiedDate":"2024-08-30","isFullCredit":false},{"lineNumber":24,"author":{"gitId":"junyi73"},"content":"                String taskType \u003d splitString[0].trim();","lastModifiedDate":"2024-08-30","isFullCredit":false},{"lineNumber":25,"author":{"gitId":"junyi73"},"content":"                switch (taskType) {","lastModifiedDate":"2024-08-30","isFullCredit":false},{"lineNumber":26,"author":{"gitId":"junyi73"},"content":"                    case \"T\":","lastModifiedDate":"2024-08-30","isFullCredit":false},{"lineNumber":27,"author":{"gitId":"junyi73"},"content":"                        System.out.println(\"Adding task\" + new Todo(splitString[1], Boolean.parseBoolean(splitString[2])));","lastModifiedDate":"2024-08-30","isFullCredit":false},{"lineNumber":28,"author":{"gitId":"junyi73"},"content":"                        tasks.add(new Todo(splitString[1], Boolean.parseBoolean(splitString[2])));","lastModifiedDate":"2024-08-30","isFullCredit":false},{"lineNumber":29,"author":{"gitId":"junyi73"},"content":"                        break;","lastModifiedDate":"2024-08-30","isFullCredit":false},{"lineNumber":30,"author":{"gitId":"junyi73"},"content":"                    case \"D\":","lastModifiedDate":"2024-08-30","isFullCredit":false},{"lineNumber":31,"author":{"gitId":"junyi73"},"content":"                        System.out.println(\"Adding task\" + new Deadline(splitString[1], Boolean.parseBoolean(splitString[2]), parser.parseDate(splitString[3])));","lastModifiedDate":"2024-08-31","isFullCredit":false},{"lineNumber":32,"author":{"gitId":"junyi73"},"content":"                        tasks.add(new Deadline(splitString[1], Boolean.parseBoolean(splitString[2]), parser.parseDate(splitString[3])));","lastModifiedDate":"2024-08-31","isFullCredit":false},{"lineNumber":33,"author":{"gitId":"junyi73"},"content":"                        break;","lastModifiedDate":"2024-08-30","isFullCredit":false},{"lineNumber":34,"author":{"gitId":"junyi73"},"content":"                    case \"E\":","lastModifiedDate":"2024-08-30","isFullCredit":false},{"lineNumber":35,"author":{"gitId":"junyi73"},"content":"                        tasks.add(new Event(splitString[1], Boolean.parseBoolean(splitString[2]), parser.parseDate(splitString[3]), parser.parseDate(splitString[4])));","lastModifiedDate":"2024-08-31","isFullCredit":false},{"lineNumber":36,"author":{"gitId":"junyi73"},"content":"                        break;","lastModifiedDate":"2024-08-30","isFullCredit":false},{"lineNumber":37,"author":{"gitId":"junyi73"},"content":"                }","lastModifiedDate":"2024-08-30","isFullCredit":false},{"lineNumber":38,"author":{"gitId":"junyi73"},"content":"            }","lastModifiedDate":"2024-08-30","isFullCredit":false},{"lineNumber":39,"author":{"gitId":"junyi73"},"content":"        } catch (IOException e) {","lastModifiedDate":"2024-08-30","isFullCredit":false},{"lineNumber":40,"author":{"gitId":"junyi73"},"content":"            e.printStackTrace();","lastModifiedDate":"2024-08-30","isFullCredit":false},{"lineNumber":41,"author":{"gitId":"junyi73"},"content":"        }","lastModifiedDate":"2024-08-30","isFullCredit":false},{"lineNumber":42,"author":{"gitId":"junyi73"},"content":"        System.out.println(tasks);","lastModifiedDate":"2024-08-30","isFullCredit":false},{"lineNumber":43,"author":{"gitId":"junyi73"},"content":"        return tasks;","lastModifiedDate":"2024-08-30","isFullCredit":false},{"lineNumber":44,"author":{"gitId":"junyi73"},"content":"    }","lastModifiedDate":"2024-08-30","isFullCredit":false},{"lineNumber":45,"author":{"gitId":"junyi73"},"content":"","lastModifiedDate":"2024-08-30","isFullCredit":false},{"lineNumber":46,"author":{"gitId":"junyi73"},"content":"    public void saveTasks(ArrayList\u003cTask\u003e taskList) {","lastModifiedDate":"2024-08-30","isFullCredit":false},{"lineNumber":47,"author":{"gitId":"junyi73"},"content":"        try {","lastModifiedDate":"2024-08-30","isFullCredit":false},{"lineNumber":48,"author":{"gitId":"junyi73"},"content":"            if (!file.exists()) {","lastModifiedDate":"2024-08-30","isFullCredit":false},{"lineNumber":49,"author":{"gitId":"junyi73"},"content":"                file.getParentFile().mkdirs();","lastModifiedDate":"2024-08-30","isFullCredit":false},{"lineNumber":50,"author":{"gitId":"junyi73"},"content":"                file.createNewFile();","lastModifiedDate":"2024-08-30","isFullCredit":false},{"lineNumber":51,"author":{"gitId":"junyi73"},"content":"            }","lastModifiedDate":"2024-08-30","isFullCredit":false},{"lineNumber":52,"author":{"gitId":"junyi73"},"content":"        } catch (IOException e) {","lastModifiedDate":"2024-08-30","isFullCredit":false},{"lineNumber":53,"author":{"gitId":"junyi73"},"content":"            e.printStackTrace();","lastModifiedDate":"2024-08-30","isFullCredit":false},{"lineNumber":54,"author":{"gitId":"junyi73"},"content":"        }","lastModifiedDate":"2024-08-30","isFullCredit":false},{"lineNumber":55,"author":{"gitId":"junyi73"},"content":"","lastModifiedDate":"2024-08-30","isFullCredit":false},{"lineNumber":56,"author":{"gitId":"junyi73"},"content":"        try (BufferedWriter writer \u003d new BufferedWriter(new FileWriter(file, false))) {","lastModifiedDate":"2024-08-30","isFullCredit":false},{"lineNumber":57,"author":{"gitId":"junyi73"},"content":"            for (Task task : taskList) {","lastModifiedDate":"2024-08-30","isFullCredit":false},{"lineNumber":58,"author":{"gitId":"junyi73"},"content":"                writer.write(task.formatTask()); // Write each task in the desired format","lastModifiedDate":"2024-08-30","isFullCredit":false},{"lineNumber":59,"author":{"gitId":"junyi73"},"content":"                writer.newLine();","lastModifiedDate":"2024-08-30","isFullCredit":false},{"lineNumber":60,"author":{"gitId":"junyi73"},"content":"                System.out.println(task.formatTask());","lastModifiedDate":"2024-08-30","isFullCredit":false},{"lineNumber":61,"author":{"gitId":"junyi73"},"content":"            }","lastModifiedDate":"2024-08-30","isFullCredit":false},{"lineNumber":62,"author":{"gitId":"junyi73"},"content":"        } catch (IOException e) {","lastModifiedDate":"2024-08-30","isFullCredit":false},{"lineNumber":63,"author":{"gitId":"junyi73"},"content":"            e.printStackTrace();","lastModifiedDate":"2024-08-30","isFullCredit":false},{"lineNumber":64,"author":{"gitId":"junyi73"},"content":"        }","lastModifiedDate":"2024-08-30","isFullCredit":false},{"lineNumber":65,"author":{"gitId":"junyi73"},"content":"    }","lastModifiedDate":"2024-08-30","isFullCredit":false},{"lineNumber":66,"author":{"gitId":"junyi73"},"content":"}","lastModifiedDate":"2024-08-30","isFullCredit":false}],"authorContributionMap":{"junyi73":66}},{"path":"src/main/java/Noisy/Task.java","fileType":"java","lines":[{"lineNumber":1,"author":{"gitId":"junyi73"},"content":"package Noisy;","lastModifiedDate":"2024-09-01","isFullCredit":false},{"lineNumber":2,"author":{"gitId":"junyi73"},"content":"","lastModifiedDate":"2024-09-01","isFullCredit":false},{"lineNumber":3,"author":{"gitId":"junyi73"},"content":"public abstract class Task {","lastModifiedDate":"2024-08-30","isFullCredit":false},{"lineNumber":4,"author":{"gitId":"junyi73"},"content":"    protected String description;","lastModifiedDate":"2024-08-24","isFullCredit":false},{"lineNumber":5,"author":{"gitId":"junyi73"},"content":"    protected boolean isDone;","lastModifiedDate":"2024-08-24","isFullCredit":false},{"lineNumber":6,"author":{"gitId":"junyi73"},"content":"","lastModifiedDate":"2024-08-24","isFullCredit":false},{"lineNumber":7,"author":{"gitId":"junyi73"},"content":"    public Task(String description, boolean isDone) {","lastModifiedDate":"2024-08-30","isFullCredit":false},{"lineNumber":8,"author":{"gitId":"junyi73"},"content":"        this.description \u003d description;","lastModifiedDate":"2024-08-24","isFullCredit":false},{"lineNumber":9,"author":{"gitId":"junyi73"},"content":"        this.isDone \u003d isDone;","lastModifiedDate":"2024-08-30","isFullCredit":false},{"lineNumber":10,"author":{"gitId":"junyi73"},"content":"    }","lastModifiedDate":"2024-08-24","isFullCredit":false},{"lineNumber":11,"author":{"gitId":"junyi73"},"content":"","lastModifiedDate":"2024-08-24","isFullCredit":false},{"lineNumber":12,"author":{"gitId":"junyi73"},"content":"     public abstract String formatTask();","lastModifiedDate":"2024-08-30","isFullCredit":false},{"lineNumber":13,"author":{"gitId":"junyi73"},"content":"","lastModifiedDate":"2024-08-30","isFullCredit":false},{"lineNumber":14,"author":{"gitId":"junyi73"},"content":"    public void markDone() {","lastModifiedDate":"2024-08-24","isFullCredit":false},{"lineNumber":15,"author":{"gitId":"junyi73"},"content":"        this.isDone \u003d true;","lastModifiedDate":"2024-08-24","isFullCredit":false},{"lineNumber":16,"author":{"gitId":"junyi73"},"content":"    }","lastModifiedDate":"2024-08-24","isFullCredit":false},{"lineNumber":17,"author":{"gitId":"junyi73"},"content":"","lastModifiedDate":"2024-08-24","isFullCredit":false},{"lineNumber":18,"author":{"gitId":"junyi73"},"content":"    public void markUndone() {","lastModifiedDate":"2024-08-24","isFullCredit":false},{"lineNumber":19,"author":{"gitId":"junyi73"},"content":"        this.isDone \u003d false;","lastModifiedDate":"2024-08-24","isFullCredit":false},{"lineNumber":20,"author":{"gitId":"junyi73"},"content":"    }","lastModifiedDate":"2024-08-24","isFullCredit":false},{"lineNumber":21,"author":{"gitId":"junyi73"},"content":"    public String getStatusIcon() {","lastModifiedDate":"2024-08-24","isFullCredit":false},{"lineNumber":22,"author":{"gitId":"junyi73"},"content":"        return (isDone ? \"X\" : \" \"); // mark done task with X","lastModifiedDate":"2024-08-24","isFullCredit":false},{"lineNumber":23,"author":{"gitId":"junyi73"},"content":"    }","lastModifiedDate":"2024-08-24","isFullCredit":false},{"lineNumber":24,"author":{"gitId":"junyi73"},"content":"","lastModifiedDate":"2024-08-24","isFullCredit":false},{"lineNumber":25,"author":{"gitId":"junyi73"},"content":"    @Override","lastModifiedDate":"2024-08-24","isFullCredit":false},{"lineNumber":26,"author":{"gitId":"junyi73"},"content":"    public String toString() {","lastModifiedDate":"2024-08-24","isFullCredit":false},{"lineNumber":27,"author":{"gitId":"junyi73"},"content":"        return \"[\" + this.getStatusIcon() + \"] \" + this.description;","lastModifiedDate":"2024-08-24","isFullCredit":false},{"lineNumber":28,"author":{"gitId":"junyi73"},"content":"    }","lastModifiedDate":"2024-08-24","isFullCredit":false},{"lineNumber":29,"author":{"gitId":"junyi73"},"content":"}","lastModifiedDate":"2024-08-24","isFullCredit":false}],"authorContributionMap":{"junyi73":29}},{"path":"src/main/java/Noisy/TaskList.java","fileType":"java","lines":[{"lineNumber":1,"author":{"gitId":"junyi73"},"content":"package Noisy;","lastModifiedDate":"2024-09-01","isFullCredit":false},{"lineNumber":2,"author":{"gitId":"junyi73"},"content":"","lastModifiedDate":"2024-09-01","isFullCredit":false},{"lineNumber":3,"author":{"gitId":"junyi73"},"content":"import java.util.ArrayList;","lastModifiedDate":"2024-08-30","isFullCredit":false},{"lineNumber":4,"author":{"gitId":"junyi73"},"content":"public class TaskList {","lastModifiedDate":"2024-08-30","isFullCredit":false},{"lineNumber":5,"author":{"gitId":"junyi73"},"content":"    private ArrayList\u003cTask\u003e tasks;","lastModifiedDate":"2024-08-30","isFullCredit":false},{"lineNumber":6,"author":{"gitId":"junyi73"},"content":"","lastModifiedDate":"2024-08-30","isFullCredit":false},{"lineNumber":7,"author":{"gitId":"junyi73"},"content":"    public TaskList() {","lastModifiedDate":"2024-08-30","isFullCredit":false},{"lineNumber":8,"author":{"gitId":"junyi73"},"content":"        this.tasks \u003d new ArrayList\u003c\u003e();","lastModifiedDate":"2024-08-30","isFullCredit":false},{"lineNumber":9,"author":{"gitId":"junyi73"},"content":"    }","lastModifiedDate":"2024-08-30","isFullCredit":false},{"lineNumber":10,"author":{"gitId":"junyi73"},"content":"","lastModifiedDate":"2024-08-30","isFullCredit":false},{"lineNumber":11,"author":{"gitId":"junyi73"},"content":"    public TaskList(ArrayList\u003cTask\u003e tasks) {","lastModifiedDate":"2024-08-30","isFullCredit":false},{"lineNumber":12,"author":{"gitId":"junyi73"},"content":"        this.tasks \u003d tasks;","lastModifiedDate":"2024-08-30","isFullCredit":false},{"lineNumber":13,"author":{"gitId":"junyi73"},"content":"    }","lastModifiedDate":"2024-08-30","isFullCredit":false},{"lineNumber":14,"author":{"gitId":"junyi73"},"content":"","lastModifiedDate":"2024-08-30","isFullCredit":false},{"lineNumber":15,"author":{"gitId":"junyi73"},"content":"    public void addToList(Task task) {","lastModifiedDate":"2024-08-30","isFullCredit":false},{"lineNumber":16,"author":{"gitId":"junyi73"},"content":"        this.tasks.add(task);","lastModifiedDate":"2024-08-30","isFullCredit":false},{"lineNumber":17,"author":{"gitId":"junyi73"},"content":"    }","lastModifiedDate":"2024-08-30","isFullCredit":false},{"lineNumber":18,"author":{"gitId":"junyi73"},"content":"","lastModifiedDate":"2024-08-30","isFullCredit":false},{"lineNumber":19,"author":{"gitId":"junyi73"},"content":"    public void deleteFromList(int i) {","lastModifiedDate":"2024-08-30","isFullCredit":false},{"lineNumber":20,"author":{"gitId":"junyi73"},"content":"        this.tasks.remove(i);","lastModifiedDate":"2024-08-30","isFullCredit":false},{"lineNumber":21,"author":{"gitId":"junyi73"},"content":"    }","lastModifiedDate":"2024-08-30","isFullCredit":false},{"lineNumber":22,"author":{"gitId":"junyi73"},"content":"","lastModifiedDate":"2024-08-30","isFullCredit":false},{"lineNumber":23,"author":{"gitId":"junyi73"},"content":"    public int getListSize() {","lastModifiedDate":"2024-08-30","isFullCredit":false},{"lineNumber":24,"author":{"gitId":"junyi73"},"content":"        return this.tasks.size();","lastModifiedDate":"2024-08-30","isFullCredit":false},{"lineNumber":25,"author":{"gitId":"junyi73"},"content":"    }","lastModifiedDate":"2024-08-30","isFullCredit":false},{"lineNumber":26,"author":{"gitId":"junyi73"},"content":"","lastModifiedDate":"2024-08-30","isFullCredit":false},{"lineNumber":27,"author":{"gitId":"junyi73"},"content":"    public Task getTask(int i) {","lastModifiedDate":"2024-08-30","isFullCredit":false},{"lineNumber":28,"author":{"gitId":"junyi73"},"content":"        return this.tasks.get(i);","lastModifiedDate":"2024-08-30","isFullCredit":false},{"lineNumber":29,"author":{"gitId":"junyi73"},"content":"    }","lastModifiedDate":"2024-08-30","isFullCredit":false},{"lineNumber":30,"author":{"gitId":"junyi73"},"content":"","lastModifiedDate":"2024-08-30","isFullCredit":false},{"lineNumber":31,"author":{"gitId":"junyi73"},"content":"    public void markDoneFromList(int i) {","lastModifiedDate":"2024-08-30","isFullCredit":false},{"lineNumber":32,"author":{"gitId":"junyi73"},"content":"        this.tasks.get(i).markDone();","lastModifiedDate":"2024-08-30","isFullCredit":false},{"lineNumber":33,"author":{"gitId":"junyi73"},"content":"    }","lastModifiedDate":"2024-08-30","isFullCredit":false},{"lineNumber":34,"author":{"gitId":"junyi73"},"content":"","lastModifiedDate":"2024-08-30","isFullCredit":false},{"lineNumber":35,"author":{"gitId":"junyi73"},"content":"    public ArrayList\u003cTask\u003e getTasks() {","lastModifiedDate":"2024-08-30","isFullCredit":false},{"lineNumber":36,"author":{"gitId":"junyi73"},"content":"        return this.tasks;","lastModifiedDate":"2024-08-30","isFullCredit":false},{"lineNumber":37,"author":{"gitId":"junyi73"},"content":"    }","lastModifiedDate":"2024-08-30","isFullCredit":false},{"lineNumber":38,"author":{"gitId":"junyi73"},"content":"","lastModifiedDate":"2024-08-30","isFullCredit":false},{"lineNumber":39,"author":{"gitId":"junyi73"},"content":"}","lastModifiedDate":"2024-08-30","isFullCredit":false}],"authorContributionMap":{"junyi73":39}},{"path":"src/main/java/Noisy/Todo.java","fileType":"java","lines":[{"lineNumber":1,"author":{"gitId":"junyi73"},"content":"package Noisy;","lastModifiedDate":"2024-09-01","isFullCredit":false},{"lineNumber":2,"author":{"gitId":"junyi73"},"content":"","lastModifiedDate":"2024-09-01","isFullCredit":false},{"lineNumber":3,"author":{"gitId":"junyi73"},"content":"public class Todo extends Task {","lastModifiedDate":"2024-08-24","isFullCredit":false},{"lineNumber":4,"author":{"gitId":"junyi73"},"content":"    public Todo(String description, boolean isDone) {","lastModifiedDate":"2024-08-30","isFullCredit":false},{"lineNumber":5,"author":{"gitId":"junyi73"},"content":"        super(description, isDone);","lastModifiedDate":"2024-08-30","isFullCredit":false},{"lineNumber":6,"author":{"gitId":"junyi73"},"content":"    }","lastModifiedDate":"2024-08-30","isFullCredit":false},{"lineNumber":7,"author":{"gitId":"junyi73"},"content":"","lastModifiedDate":"2024-08-30","isFullCredit":false},{"lineNumber":8,"author":{"gitId":"junyi73"},"content":"","lastModifiedDate":"2024-08-30","isFullCredit":false},{"lineNumber":9,"author":{"gitId":"junyi73"},"content":"    @Override","lastModifiedDate":"2024-08-30","isFullCredit":false},{"lineNumber":10,"author":{"gitId":"junyi73"},"content":"    public String formatTask() {","lastModifiedDate":"2024-08-30","isFullCredit":false},{"lineNumber":11,"author":{"gitId":"junyi73"},"content":"        String status \u003d isDone? \"1\" : \"0\";","lastModifiedDate":"2024-08-30","isFullCredit":false},{"lineNumber":12,"author":{"gitId":"junyi73"},"content":"        return \"T | \" + this.description + \" | \" + status;","lastModifiedDate":"2024-08-30","isFullCredit":false},{"lineNumber":13,"author":{"gitId":"junyi73"},"content":"    }","lastModifiedDate":"2024-08-24","isFullCredit":false},{"lineNumber":14,"author":{"gitId":"junyi73"},"content":"","lastModifiedDate":"2024-08-24","isFullCredit":false},{"lineNumber":15,"author":{"gitId":"junyi73"},"content":"    @Override","lastModifiedDate":"2024-08-24","isFullCredit":false},{"lineNumber":16,"author":{"gitId":"junyi73"},"content":"    public String toString() {","lastModifiedDate":"2024-08-24","isFullCredit":false},{"lineNumber":17,"author":{"gitId":"junyi73"},"content":"        return \"[T]\" + super.toString();","lastModifiedDate":"2024-08-24","isFullCredit":false},{"lineNumber":18,"author":{"gitId":"junyi73"},"content":"    }","lastModifiedDate":"2024-08-24","isFullCredit":false},{"lineNumber":19,"author":{"gitId":"junyi73"},"content":"}","lastModifiedDate":"2024-08-24","isFullCredit":false}],"authorContributionMap":{"junyi73":19}},{"path":"src/main/java/Noisy/Ui.java","fileType":"java","lines":[{"lineNumber":1,"author":{"gitId":"junyi73"},"content":"package Noisy;","lastModifiedDate":"2024-09-01","isFullCredit":false},{"lineNumber":2,"author":{"gitId":"junyi73"},"content":"","lastModifiedDate":"2024-09-01","isFullCredit":false},{"lineNumber":3,"author":{"gitId":"junyi73"},"content":"public class Ui {","lastModifiedDate":"2024-08-30","isFullCredit":false},{"lineNumber":4,"author":{"gitId":"junyi73"},"content":"","lastModifiedDate":"2024-08-31","isFullCredit":false},{"lineNumber":5,"author":{"gitId":"junyi73"},"content":"    public void printWelcome() {","lastModifiedDate":"2024-08-31","isFullCredit":false},{"lineNumber":6,"author":{"gitId":"junyi73"},"content":"        String welcomeMessage \u003d \"____________________________________________________________\\n\"","lastModifiedDate":"2024-08-31","isFullCredit":false},{"lineNumber":7,"author":{"gitId":"junyi73"},"content":"                + \" Hello! I\u0027m Noisy.Noisy\\n\"","lastModifiedDate":"2024-09-01","isFullCredit":false},{"lineNumber":8,"author":{"gitId":"junyi73"},"content":"                + \" What can I do for you?\\n\"","lastModifiedDate":"2024-08-31","isFullCredit":false},{"lineNumber":9,"author":{"gitId":"junyi73"},"content":"                + \"____________________________________________________________\\n\"","lastModifiedDate":"2024-08-31","isFullCredit":false},{"lineNumber":10,"author":{"gitId":"junyi73"},"content":"                + \" Bye. Hope to see you again soon!\\n\"","lastModifiedDate":"2024-08-31","isFullCredit":false},{"lineNumber":11,"author":{"gitId":"junyi73"},"content":"                + \"____________________________________________________________\";","lastModifiedDate":"2024-08-31","isFullCredit":false},{"lineNumber":12,"author":{"gitId":"junyi73"},"content":"        System.out.println(welcomeMessage);","lastModifiedDate":"2024-08-31","isFullCredit":false},{"lineNumber":13,"author":{"gitId":"junyi73"},"content":"    }","lastModifiedDate":"2024-08-31","isFullCredit":false},{"lineNumber":14,"author":{"gitId":"junyi73"},"content":"","lastModifiedDate":"2024-08-31","isFullCredit":false},{"lineNumber":15,"author":{"gitId":"junyi73"},"content":"    public void printGoodbye() {","lastModifiedDate":"2024-08-31","isFullCredit":false},{"lineNumber":16,"author":{"gitId":"junyi73"},"content":"        String goodbyeMessage \u003d \"____________________________________________________________\\n\"","lastModifiedDate":"2024-08-31","isFullCredit":false},{"lineNumber":17,"author":{"gitId":"junyi73"},"content":"                + \" Bye human :(\\n\"","lastModifiedDate":"2024-08-31","isFullCredit":false},{"lineNumber":18,"author":{"gitId":"junyi73"},"content":"                + \"____________________________________________________________\";","lastModifiedDate":"2024-08-31","isFullCredit":false},{"lineNumber":19,"author":{"gitId":"junyi73"},"content":"        System.out.println(goodbyeMessage);","lastModifiedDate":"2024-08-31","isFullCredit":false},{"lineNumber":20,"author":{"gitId":"junyi73"},"content":"    }","lastModifiedDate":"2024-08-31","isFullCredit":false},{"lineNumber":21,"author":{"gitId":"junyi73"},"content":"","lastModifiedDate":"2024-08-31","isFullCredit":false},{"lineNumber":22,"author":{"gitId":"junyi73"},"content":"    public void printList(TaskList taskList) {","lastModifiedDate":"2024-08-31","isFullCredit":false},{"lineNumber":23,"author":{"gitId":"junyi73"},"content":"        String echoMessage \u003d \"____________________________________________________________\\n\" +","lastModifiedDate":"2024-08-31","isFullCredit":false},{"lineNumber":24,"author":{"gitId":"junyi73"},"content":"                \"Here are the tasks in your list\\n\";","lastModifiedDate":"2024-08-31","isFullCredit":false},{"lineNumber":25,"author":{"gitId":"junyi73"},"content":"        for (int i \u003d 0; i \u003c taskList.getListSize(); i++) {","lastModifiedDate":"2024-08-31","isFullCredit":false},{"lineNumber":26,"author":{"gitId":"junyi73"},"content":"            int taskIndex \u003d i + 1;","lastModifiedDate":"2024-08-31","isFullCredit":false},{"lineNumber":27,"author":{"gitId":"junyi73"},"content":"            echoMessage +\u003d taskIndex + \". \" + taskList.getTask(i) + \"\\n\";","lastModifiedDate":"2024-08-31","isFullCredit":false},{"lineNumber":28,"author":{"gitId":"junyi73"},"content":"        }","lastModifiedDate":"2024-08-31","isFullCredit":false},{"lineNumber":29,"author":{"gitId":"junyi73"},"content":"        System.out.println(echoMessage);","lastModifiedDate":"2024-08-31","isFullCredit":false},{"lineNumber":30,"author":{"gitId":"junyi73"},"content":"    }","lastModifiedDate":"2024-08-31","isFullCredit":false},{"lineNumber":31,"author":{"gitId":"junyi73"},"content":"","lastModifiedDate":"2024-08-31","isFullCredit":false},{"lineNumber":32,"author":{"gitId":"junyi73"},"content":"    public void printMark(int i, TaskList taskList) {","lastModifiedDate":"2024-08-31","isFullCredit":false},{"lineNumber":33,"author":{"gitId":"junyi73"},"content":"        taskList.markDoneFromList(i - 1);","lastModifiedDate":"2024-08-31","isFullCredit":false},{"lineNumber":34,"author":{"gitId":"junyi73"},"content":"        String markString \u003d \"____________________________________________________________\\n\" +","lastModifiedDate":"2024-08-31","isFullCredit":false},{"lineNumber":35,"author":{"gitId":"junyi73"},"content":"                \"Nice! I\u0027ve marked this task as done:\\n\" +","lastModifiedDate":"2024-08-31","isFullCredit":false},{"lineNumber":36,"author":{"gitId":"junyi73"},"content":"                taskList.getTask(i - 1) + \"\\n\" +","lastModifiedDate":"2024-08-31","isFullCredit":false},{"lineNumber":37,"author":{"gitId":"junyi73"},"content":"                \"____________________________________________________________\\n\";","lastModifiedDate":"2024-08-31","isFullCredit":false},{"lineNumber":38,"author":{"gitId":"junyi73"},"content":"        System.out.println(markString);","lastModifiedDate":"2024-08-31","isFullCredit":false},{"lineNumber":39,"author":{"gitId":"junyi73"},"content":"    }","lastModifiedDate":"2024-08-31","isFullCredit":false},{"lineNumber":40,"author":{"gitId":"junyi73"},"content":"","lastModifiedDate":"2024-08-31","isFullCredit":false},{"lineNumber":41,"author":{"gitId":"junyi73"},"content":"    public void printDelete(int i, TaskList taskList) {","lastModifiedDate":"2024-08-31","isFullCredit":false},{"lineNumber":42,"author":{"gitId":"junyi73"},"content":"        Task deletedTask \u003d taskList.getTask(i - 1);","lastModifiedDate":"2024-08-31","isFullCredit":false},{"lineNumber":43,"author":{"gitId":"junyi73"},"content":"        taskList.deleteFromList(i - 1);","lastModifiedDate":"2024-08-31","isFullCredit":false},{"lineNumber":44,"author":{"gitId":"junyi73"},"content":"        String deleteMessage \u003d \"____________________________________________________________\\n\" +","lastModifiedDate":"2024-08-31","isFullCredit":false},{"lineNumber":45,"author":{"gitId":"junyi73"},"content":"                \" Noted. I\u0027ve removed this task:\\n\" +","lastModifiedDate":"2024-08-31","isFullCredit":false},{"lineNumber":46,"author":{"gitId":"junyi73"},"content":"                deletedTask + \"\\n\" +","lastModifiedDate":"2024-08-31","isFullCredit":false},{"lineNumber":47,"author":{"gitId":"junyi73"},"content":"                \"Now you have \" + taskList.getListSize() + \" tasks in the list\\n\" +","lastModifiedDate":"2024-08-31","isFullCredit":false},{"lineNumber":48,"author":{"gitId":"junyi73"},"content":"                \"____________________________________________________________\\n\";","lastModifiedDate":"2024-08-31","isFullCredit":false},{"lineNumber":49,"author":{"gitId":"junyi73"},"content":"    }","lastModifiedDate":"2024-08-31","isFullCredit":false},{"lineNumber":50,"author":{"gitId":"junyi73"},"content":"","lastModifiedDate":"2024-08-31","isFullCredit":false},{"lineNumber":51,"author":{"gitId":"junyi73"},"content":"    public void printAdd(Task task, TaskList taskList) {","lastModifiedDate":"2024-09-01","isFullCredit":false},{"lineNumber":52,"author":{"gitId":"junyi73"},"content":"        String taskAdd \u003d \"____________________________________________________________\\n\" +","lastModifiedDate":"2024-09-01","isFullCredit":false},{"lineNumber":53,"author":{"gitId":"junyi73"},"content":"                \" Got it. I\u0027ve added this task:\\n\" +","lastModifiedDate":"2024-09-01","isFullCredit":false},{"lineNumber":54,"author":{"gitId":"junyi73"},"content":"                task + \"\\n\" +","lastModifiedDate":"2024-09-01","isFullCredit":false},{"lineNumber":55,"author":{"gitId":"junyi73"},"content":"                \"Now you have \" + taskList.getListSize() + \" tasks in the list.\\n\" +","lastModifiedDate":"2024-09-01","isFullCredit":false},{"lineNumber":56,"author":{"gitId":"junyi73"},"content":"                \"____________________________________________________________\";","lastModifiedDate":"2024-09-01","isFullCredit":false},{"lineNumber":57,"author":{"gitId":"junyi73"},"content":"        System.out.println(taskAdd);","lastModifiedDate":"2024-09-01","isFullCredit":false},{"lineNumber":58,"author":{"gitId":"junyi73"},"content":"    }","lastModifiedDate":"2024-08-31","isFullCredit":false},{"lineNumber":59,"author":{"gitId":"junyi73"},"content":"}","lastModifiedDate":"2024-08-30","isFullCredit":false}],"authorContributionMap":{"junyi73":59}},{"path":"text-ui-test/input.txt","fileType":"txt","lines":[{"lineNumber":1,"author":{"gitId":"junyi73"},"content":"todo test","lastModifiedDate":"2024-08-25","isFullCredit":false},{"lineNumber":2,"author":{"gitId":"junyi73"},"content":"Noisy.Deadline test2 saldfsa","lastModifiedDate":"2024-09-01","isFullCredit":false}],"authorContributionMap":{"junyi73":2}}]
