{"authorDailyContributionsMap":{"junyi73":[{"date":"2024-08-23","commitResults":[{"hash":"e76285bc77b9d9cea7e68ba707f4934d7e8ba63f","isMergeCommit":false,"messageTitle":"feat: update chatbot name and welcome message","messageBody":"","tags":["Level-0"],"fileTypesAndContributionMap":{"java":{"insertions":11,"deletions":10}}},{"hash":"d92f8c256869e8af290a36f40c8b336760170e7a","isMergeCommit":false,"messageTitle":"feat: added echo feature and leave feature","messageBody":"","tags":["Level-1"],"fileTypesAndContributionMap":{"java":{"insertions":21,"deletions":2}}},{"hash":"9baaa305f1ff93ba8a95423e3aa735e7a1726770","isMergeCommit":false,"messageTitle":"feat: added list feature","messageBody":"","tags":["Level-2"],"fileTypesAndContributionMap":{"java":{"insertions":11,"deletions":4}}}]},{"date":"2024-08-24","commitResults":[{"hash":"e38cc0cb5064f321797b44724e8d8654af6b9171","isMergeCommit":false,"messageTitle":"feat: added markDone feature","messageBody":"","tags":["Level-3"],"fileTypesAndContributionMap":{"java":{"insertions":44,"deletions":4}}},{"hash":"676a20912f28597d121ed70b0bb376939d5e81a3","isMergeCommit":false,"messageTitle":"feat: added support for tracking of three types of tasks","messageBody":"","tags":["Level-4"],"fileTypesAndContributionMap":{"java":{"insertions":71,"deletions":2}}}]},{"date":"2024-08-25","commitResults":[{"hash":"88c182f9d783fbb302ee91e3ea29b0348addf58d","isMergeCommit":false,"messageTitle":"feat: added automated testing","messageBody":"","tags":["A-TextUiTesting"],"fileTypesAndContributionMap":{"txt":{"insertions":2,"deletions":0}}},{"hash":"ace2e9e5e9b16a72745910a2652e1085b7290f22","isMergeCommit":false,"messageTitle":"feat: added ability to handle errors","messageBody":"","fileTypesAndContributionMap":{"java":{"insertions":41,"deletions":31}}}]},{"date":"2024-08-26","commitResults":[{"hash":"c3af9c203b7b8168c3dd6d65eed8c769c99953c4","isMergeCommit":false,"messageTitle":"fix: fixed bug","messageBody":"","tags":["Level-5"],"fileTypesAndContributionMap":{"java":{"insertions":11,"deletions":10}}},{"hash":"12a70051ddaff67fdc91aa402153b66759dfa6d0","isMergeCommit":false,"messageTitle":"feat: added ability to delete tasks","messageBody":"","tags":["Level-6"],"fileTypesAndContributionMap":{"java":{"insertions":21,"deletions":7}}}]},{"date":"2024-08-30","commitResults":[{"hash":"b37544b64fffb64f5660955b29af9e506887c6a3","isMergeCommit":false,"messageTitle":"Add save feature","messageBody":"","fileTypesAndContributionMap":{"txt":{"insertions":3,"deletions":0},"java":{"insertions":102,"deletions":16}}},{"hash":"0363a5aebf7561a26c40c6ec1fa2e385b922cd5d","isMergeCommit":true,"messageTitle":"Merge branch \u0027branch-Level-7\u0027","messageBody":"","tags":["Level-7"],"fileTypesAndContributionMap":{}},{"hash":"e0c9298f09be05c8e47990a187fbe242ef6b31b5","isMergeCommit":false,"messageTitle":"add TaskList class","messageBody":"","fileTypesAndContributionMap":{"txt":{"insertions":5,"deletions":3},"java":{"insertions":50,"deletions":9}}}]},{"date":"2024-08-31","commitResults":[{"hash":"2febb8baa48f5a27cfa3577baaba80faa04478fd","isMergeCommit":false,"messageTitle":"Add Dates and Times","messageBody":"","tags":["Level-8"],"fileTypesAndContributionMap":{"txt":{"insertions":3,"deletions":5},"java":{"insertions":80,"deletions":12}}}]},{"date":"2024-09-01","commitResults":[{"hash":"89959991f013ead19046f0118ce7a83c392a978e","isMergeCommit":false,"messageTitle":"add additional classes for encapsulation","messageBody":"","tags":["A-MoreOOP"],"fileTypesAndContributionMap":{"txt":{"insertions":3,"deletions":3},"java":{"insertions":50,"deletions":40}}},{"hash":"26538afde6784f3c521b9d9305f30fc612eeae04","isMergeCommit":false,"messageTitle":"move classes under noisy package","messageBody":"","tags":["A-Packages"],"fileTypesAndContributionMap":{"txt":{"insertions":1,"deletions":1},"java":{"insertions":25,"deletions":10}}},{"hash":"e545cde03c3c12a8e5c61d8f8d6e4503a4fe150b","isMergeCommit":true,"messageTitle":"Merge branch \u0027add-gradle-support\u0027","messageBody":"","fileTypesAndContributionMap":{}}]}]},"authorFileTypeContributionMap":{"junyi73":{"java":391,"md":0,"fxml":0,"sh":0,"bat":0,"gradle":0,"txt":5}},"authorContributionVariance":{"junyi73":3423.419},"authorDisplayNameMap":{"junyi73":"CS2103T-W13-3 LER ..N YI"}}
