{"authorDailyContributionsMap":{"mingyang143":[{"date":"2024-08-21","commitResults":[{"hash":"15f4861e3265e5d12066cdf7b738993d354eb18f","isMergeCommit":false,"messageTitle":"added Friday.java","messageBody":"","tags":["Level-0"],"fileTypesAndContributionMap":{"java":{"insertions":11,"deletions":10}}},{"hash":"3f225283a24481c24afd56811984f199dc0d6a9b","isMergeCommit":false,"messageTitle":"updated Friday.java with interactive UI","messageBody":"","tags":["Level-1"],"fileTypesAndContributionMap":{"java":{"insertions":16,"deletions":0}}},{"hash":"31be709406e808dc659371752ab2652a9580986a","isMergeCommit":false,"messageTitle":"Added list for Friday.java","messageBody":"","tags":["Level-2"],"fileTypesAndContributionMap":{"java":{"insertions":18,"deletions":4}}}]}]},"authorFileTypeContributionMap":{"mingyang143":{"java":41,"md":0,"fxml":0,"sh":0,"bat":0,"gradle":0,"txt":0}},"authorContributionVariance":{"mingyang143":483.47226},"authorDisplayNameMap":{"mingyang143":"LI M..YANG"}}
