{"authorDailyContributionsMap":{"Wxy2003-xy":[{"date":"2024-08-24","commitResults":[{"hash":"85bdb73d90e81843565d577c5e3eaf75eb3171d6","isMergeCommit":false,"messageTitle":"Synced from SourceTree","messageBody":"","tags":["Level-0"],"fileTypesAndContributionMap":{"txt":{"insertions":31,"deletions":0},"java":{"insertions":543,"deletions":10},"sh":{"insertions":11,"deletions":5}}},{"hash":"8afae097cbce987f25e32760de776a024f1d7148","isMergeCommit":false,"messageTitle":"Removed .class files","messageBody":"","tags":["Level-6","Level-5","Level-4","Level-3","Level-2","Level-1","A-TextUiTesting"],"fileTypesAndContributionMap":{"java":{"insertions":0,"deletions":3}}},{"hash":"f5a60becbfcb004f73937b62c4f833f9212a3304","isMergeCommit":false,"messageTitle":"ignore all .class files","messageBody":"","fileTypesAndContributionMap":{"java":{"insertions":1,"deletions":0}}},{"hash":"0d3011cb532199475facd976f1ed5cac518b7e97","isMergeCommit":false,"messageTitle":"Update README","messageBody":"","fileTypesAndContributionMap":{"md":{"insertions":10,"deletions":11}}}]},{"date":"2024-08-26","commitResults":[{"hash":"2df078e5106d1a7c75937d9ed2bc56b0129e6a2e","isMergeCommit":false,"messageTitle":"Create Command abstract class","messageBody":"","fileTypesAndContributionMap":{"java":{"insertions":4,"deletions":2},"md":{"insertions":1,"deletions":1}}}]},{"date":"2024-08-29","commitResults":[{"hash":"d6f947c20f284cb22a484e80269ee9f3fc5c2aff","isMergeCommit":false,"messageTitle":"Save","messageBody":"","fileTypesAndContributionMap":{"java":{"insertions":62,"deletions":36}}},{"hash":"0d3c162345e1ae9b8ea83faa36f9317cef99f303","isMergeCommit":true,"messageTitle":"Merge pull request #1 from Wxy2003-xy/branch-Level-7","messageBody":"Merge branch-level-7","fileTypesAndContributionMap":{}},{"hash":"27de2a5db10902da92e1c07fefa8cada134b87ce","isMergeCommit":false,"messageTitle":"Add storage destination","messageBody":"","fileTypesAndContributionMap":{"txt":{"insertions":0,"deletions":0}}},{"hash":"59a9894669c1e3bbf5dd6fe26ea18581f37267be","isMergeCommit":false,"messageTitle":"Save sorting result in file","messageBody":"","tags":["Level-7"],"fileTypesAndContributionMap":{"txt":{"insertions":22,"deletions":0},"java":{"insertions":142,"deletions":114}}},{"hash":"f02f574dc2c64c765f3f99955e8fc493e7f863e4","isMergeCommit":true,"messageTitle":"Merge pull request #2 from Wxy2003-xy/branch-Level-7","messageBody":"Merge branch-level-7 Save sort","fileTypesAndContributionMap":{}},{"hash":"2121e6806615e7083424853a6b8063ca4cb9be31","isMergeCommit":true,"messageTitle":"Merge pull request #3 from Wxy2003-xy/add-gradle-support","messageBody":"Add gradle support","fileTypesAndContributionMap":{}},{"hash":"f3c06169fb20da103acb2087d00921a6d75ddb36","isMergeCommit":false,"messageTitle":"Read and Parse","messageBody":"","fileTypesAndContributionMap":{"txt":{"insertions":9,"deletions":0},"java":{"insertions":114,"deletions":19}}},{"hash":"1ba2afc8ebee0a2c29c4b651fdfe6c2f69952cb8","isMergeCommit":false,"messageTitle":"Read and Parse","messageBody":"","fileTypesAndContributionMap":{"txt":{"insertions":5,"deletions":0},"java":{"insertions":62,"deletions":12}}}]},{"date":"2024-08-30","commitResults":[{"hash":"400080eabe911b8450a4d3e4234c739798d89dc4","isMergeCommit":false,"messageTitle":"Organize file in a more oop manner","messageBody":"","fileTypesAndContributionMap":{"gradle":{"insertions":0,"deletions":0},"txt":{"insertions":0,"deletions":0},"java":{"insertions":312,"deletions":117}}},{"hash":"054da5a81fe07e64b03962e869b0eb8ab6b2a003","isMergeCommit":false,"messageTitle":"Package in a more OOP manner","messageBody":"","tags":["Level-8","A-Packages","A-MoreOOP","A-Gradle"],"fileTypesAndContributionMap":{"gradle":{"insertions":2,"deletions":2},"txt":{"insertions":0,"deletions":36},"java":{"insertions":838,"deletions":588},"md":{"insertions":1,"deletions":1}}},{"hash":"fcc0a5fc0184273c140a373f46c45524b963ae96","isMergeCommit":false,"messageTitle":"Configure Gradle and Add some documentation","messageBody":"","fileTypesAndContributionMap":{"gradle":{"insertions":1,"deletions":1},"java":{"insertions":29,"deletions":3}}},{"hash":"c2e4ee49254ae07dbf44bd9ab5f098dc5725c5d9","isMergeCommit":false,"messageTitle":"Remove unnecessary Ui component usage","messageBody":"","fileTypesAndContributionMap":{"java":{"insertions":101,"deletions":98}}}]},{"date":"2024-08-31","commitResults":[{"hash":"cb9e3b15f17f6c97861a5cf4b4138a702e2fe9cd","isMergeCommit":false,"messageTitle":"Add JavaDoc","messageBody":"","fileTypesAndContributionMap":{"txt":{"insertions":7,"deletions":0},"java":{"insertions":459,"deletions":266}}},{"hash":"117e45e5b4d699a041acdde418a6910498eea61a","isMergeCommit":false,"messageTitle":"Fix unmark logic","messageBody":"","fileTypesAndContributionMap":{"txt":{"insertions":2,"deletions":7},"java":{"insertions":41,"deletions":28}}},{"hash":"f14a3ca8f47f5cc7b5ac0c8a5dccb35f3683a8dd","isMergeCommit":true,"messageTitle":"Merge pull request #4 from Wxy2003-xy/Level-8","messageBody":"Level 8","fileTypesAndContributionMap":{}},{"hash":"7d840ed19f9078466e52b14b16d1c6496c138c73","isMergeCommit":true,"messageTitle":"Merge branch \u0027master\u0027","messageBody":"","fileTypesAndContributionMap":{}},{"hash":"b896c10a2b02de8327487361476e4ec7c7d74c10","isMergeCommit":false,"messageTitle":"Comply with coding standard","messageBody":"","fileTypesAndContributionMap":{"java":{"insertions":0,"deletions":10}}},{"hash":"f047263daf4b1aec08b75488a81e6652d081b268","isMergeCommit":false,"messageTitle":"Add more JavaDoc","messageBody":"","fileTypesAndContributionMap":{"java":{"insertions":224,"deletions":501}}},{"hash":"758c796e60d79712be1f0e8fc2e02cf3591ced5e","isMergeCommit":false,"messageTitle":"Find","messageBody":"","fileTypesAndContributionMap":{"java":{"insertions":30,"deletions":3}}},{"hash":"9a41dd9e44eb62d3510716a941b78b5eaa8e41d0","isMergeCommit":true,"messageTitle":"Merge pull request #5 from Wxy2003-xy/A-JavaDoc","messageBody":"Add more JavaDoc","fileTypesAndContributionMap":{}},{"hash":"beb122d51b907aa6f9598e3a604cb8a207eef0bb","isMergeCommit":true,"messageTitle":"Merge pull request #6 from Wxy2003-xy/A-CodingStandard","messageBody":"Comply with coding standard","fileTypesAndContributionMap":{}},{"hash":"71d1a400a3813fa9f872a42358992df0c769384c","isMergeCommit":true,"messageTitle":"Merge branch \u0027master\u0027 into Level-9","messageBody":"","tags":["Level-9"],"fileTypesAndContributionMap":{}},{"hash":"c4c439e502751b9c573ea6c9358b6d69fc96ea9c","isMergeCommit":true,"messageTitle":"Merge pull request #7 from Wxy2003-xy/Level-9","messageBody":"Find","fileTypesAndContributionMap":{}},{"hash":"393bbf4f5d6e444a8bfcb44e16517a94bae5dbd5","isMergeCommit":false,"messageTitle":"A-JUnit","messageBody":"","tags":["A-Jar","A-JUnit"],"fileTypesAndContributionMap":{"gradle":{"insertions":1,"deletions":0},"java":{"insertions":203,"deletions":0}}},{"hash":"d318332c9a176f2f7f4cdb1bce57a491e88a1744","isMergeCommit":false,"messageTitle":"Add adding item to existing list function.","messageBody":"","fileTypesAndContributionMap":{"gradle":{"insertions":2,"deletions":0},"java":{"insertions":43,"deletions":2}}},{"hash":"ed681d5284376f1c7a8604f15298ba9f96bda9d5","isMergeCommit":false,"messageTitle":"Change file path to save file to relative path.","messageBody":"","fileTypesAndContributionMap":{"java":{"insertions":1,"deletions":1}}},{"hash":"5b6848e5c44486792bd6a7139c4b7ffd04229326","isMergeCommit":false,"messageTitle":"Fix formatting issue when reading from storage.","messageBody":"","tags":["A-JavaDoc","A-CodingStandard"],"fileTypesAndContributionMap":{"txt":{"insertions":3,"deletions":0},"java":{"insertions":34,"deletions":4}}}]},{"date":"2024-09-02","commitResults":[{"hash":"21b98bbc4385aeaf0d19c10257683155fe4b4d52","isMergeCommit":false,"messageTitle":"Change storage file path to work in jar.","messageBody":"","fileTypesAndContributionMap":{"gradle":{"insertions":1,"deletions":2},"java":{"insertions":25,"deletions":2}}},{"hash":"7a8b0bd27b13189e7f258edc01f56675eb626a87","isMergeCommit":true,"messageTitle":"Merge branch \u0027master\u0027 into Level-9.","messageBody":"","fileTypesAndContributionMap":{}},{"hash":"1ee157dfa5e870596f254173c724062f60658239","isMergeCommit":false,"messageTitle":"Remove debugging print statements.","messageBody":"","fileTypesAndContributionMap":{"java":{"insertions":0,"deletions":2}}},{"hash":"31023c2c800a37fa6e89507255b91140c500c753","isMergeCommit":true,"messageTitle":"Merge pull request #8 from Wxy2003-xy/Level-9.","messageBody":"","fileTypesAndContributionMap":{}}]},{"date":"2024-09-03","commitResults":[{"hash":"4b7098c9917c5ac28c346537135c558b52044f74","isMergeCommit":false,"messageTitle":"Remove some unnecessary documentations","messageBody":"","fileTypesAndContributionMap":{"java":{"insertions":0,"deletions":13}}}]},{"date":"2024-09-04","commitResults":[{"hash":"db2cdfd587af1f8248af05be3273d3e1de5861e5","isMergeCommit":false,"messageTitle":"Set up basic GUI framework","messageBody":"","fileTypesAndContributionMap":{"gradle":{"insertions":13,"deletions":0},"java":{"insertions":440,"deletions":315}}},{"hash":"44c7e02d11f292d95692f585a2d6939fa6b58bea","isMergeCommit":false,"messageTitle":"Update documentations for archived methods","messageBody":"","fileTypesAndContributionMap":{"java":{"insertions":3,"deletions":0}}}]},{"date":"2024-09-06","commitResults":[{"hash":"fb9642479724344ea495158d1e57398e2f325c41","isMergeCommit":false,"messageTitle":"Rename class names to follow naming convention","messageBody":"","fileTypesAndContributionMap":{"java":{"insertions":249,"deletions":49}}},{"hash":"9b0775f1b5c563bcb772ed80add50914c154a319","isMergeCommit":false,"messageTitle":"Add documentation to command classes","messageBody":"","fileTypesAndContributionMap":{"java":{"insertions":3,"deletions":0}}},{"hash":"c775fa12b3d2a9f1d5820237ea38e68d6710d8d5","isMergeCommit":true,"messageTitle":"Merge branch \u0027Level-10\u0027","messageBody":"","tags":["Level-10"],"fileTypesAndContributionMap":{}}]},{"date":"2024-09-10","commitResults":[{"hash":"190ed0750eded9c7b55a98ad395986a8dee00145","isMergeCommit":false,"messageTitle":"Improve UI design and overhaul the logic unit","messageBody":"","fileTypesAndContributionMap":{"gradle":{"insertions":4,"deletions":2},"txt":{"insertions":0,"deletions":5},"fxml":{"insertions":27,"deletions":0},"java":{"insertions":659,"deletions":825}}},{"hash":"be91cacd8f54c4569b66313da085d40708763739","isMergeCommit":true,"messageTitle":"Merge branch \u0027A-CodeQuality\u0027","messageBody":"# Conflicts:\n#\tbuild.gradle\n#\tsrc/main/java/sigmabot/Dialogue.java\n#\tsrc/main/java/sigmabot/SigmaBot.java\n#\tsrc/main/java/sigmabot/command/Echo.java\n#\tsrc/main/java/sigmabot/command/Exit.java\n#\tsrc/main/java/sigmabot/command/Joke.java\n#\tsrc/main/java/sigmabot/command/ListOperation.java\n#\tsrc/main/java/task/Deadline.java\n#\tsrc/main/java/task/Event.java\n#\tsrc/main/java/task/Todo.java\n#\tsrc/main/java/util/Reader.java\n#\tsrc/main/java/util/Writer.java\n","fileTypesAndContributionMap":{}},{"hash":"62958f6139a1d0ec4514f7b8e35185793eb0a902","isMergeCommit":false,"messageTitle":"Add assertion to check if temporary task holder contains item","messageBody":"","fileTypesAndContributionMap":{"java":{"insertions":125,"deletions":107}}},{"hash":"c0387faf28e6f8ddbd5096669dd65619af31be21","isMergeCommit":false,"messageTitle":"Assert task list to be not null when in the list eventchain","messageBody":"","tags":["A-Assertions"],"fileTypesAndContributionMap":{"java":{"insertions":3,"deletions":2}}},{"hash":"4f1aa32a3c1fdb2245ab5b45aec4ba6e37f04bbf","isMergeCommit":true,"messageTitle":"Merge pull request #9 from Wxy2003-xy/A-Assertions","messageBody":"Assert task list to be not null when in the list eventchain","tags":["A-FullCommitMessage"],"fileTypesAndContributionMap":{}},{"hash":"b8445e29b1945b54dfe19a410ea148c9746ae765","isMergeCommit":false,"messageTitle":"Update logic method","messageBody":"","fileTypesAndContributionMap":{"gradle":{"insertions":1,"deletions":1},"java":{"insertions":298,"deletions":107}}}]},{"date":"2024-09-12","commitResults":[{"hash":"cf4217cb88bf11ee6e6d57855023485a74f32c81","isMergeCommit":false,"messageTitle":"Add sort extension","messageBody":"","tags":["BCD-Extension","A-Streams"],"fileTypesAndContributionMap":{"java":{"insertions":11,"deletions":3}}}]},{"date":"2024-09-13","commitResults":[{"hash":"0c5f659006eee85d592b18b1b706f4fb6d32f77f","isMergeCommit":false,"messageTitle":"Refactor logic class to split long methods for better readability","messageBody":"","fileTypesAndContributionMap":{"java":{"insertions":392,"deletions":328}}}]},{"date":"2024-09-19","commitResults":[{"hash":"2a41ce9599c394fe2a90fbf49ce018a9c7c9d37c","isMergeCommit":false,"messageTitle":"Update tests of utility methods and add new task type event","messageBody":"","fileTypesAndContributionMap":{"txt":{"insertions":0,"deletions":0},"java":{"insertions":0,"deletions":0}}},{"hash":"a9bec05df99c66f4c8697147c6f3f1ced1176d75","isMergeCommit":false,"messageTitle":"Update event chain logic","messageBody":"","tags":["A-Personality","A-BetterGui"],"fileTypesAndContributionMap":{"java":{"insertions":200,"deletions":27}}},{"hash":"24711904222ab481bb38c65e35424bbea41793a9","isMergeCommit":false,"messageTitle":"Add user guide and product screen shot","messageBody":"","tags":["Ui.png","Published-UG","A-UserGuide"],"fileTypesAndContributionMap":{"txt":{"insertions":0,"deletions":0},"fxml":{"insertions":1,"deletions":1},"java":{"insertions":68,"deletions":5},"md":{"insertions":212,"deletions":14}}},{"hash":"4ad728e857b4cce3d1c083779ac0fc547d97d2de","isMergeCommit":false,"messageTitle":"Update joke bank","messageBody":"","fileTypesAndContributionMap":{"txt":{"insertions":0,"deletions":0},"java":{"insertions":19,"deletions":19}}},{"hash":"ed0a847ae1355eb4ba0c7b1797aef4c6564444db","isMergeCommit":false,"messageTitle":"Finalise styles","messageBody":"","tags":["A-CheckStyle"],"fileTypesAndContributionMap":{"gradle":{"insertions":5,"deletions":0},"fxml":{"insertions":10,"deletions":5},"java":{"insertions":1209,"deletions":1126},"md":{"insertions":228,"deletions":23}}}]},{"date":"2024-09-20","commitResults":[{"hash":"97abba674da03de96038cd7521d9240ed73712e0","isMergeCommit":false,"messageTitle":"Remove check style from production code","messageBody":"","fileTypesAndContributionMap":{"gradle":{"insertions":0,"deletions":5},"java":{"insertions":0,"deletions":1}}}]},{"date":"2024-09-21","commitResults":[{"hash":"3e1ea0eb0aa4309f74ce197e26980e6f727383bb","isMergeCommit":false,"messageTitle":"Fix cross-platform incompatibility issue","messageBody":"","tags":["A-Release"],"fileTypesAndContributionMap":{"gradle":{"insertions":24,"deletions":6},"java":{"insertions":6,"deletions":0}}}]}]},"authorFileTypeContributionMap":{"Wxy2003-xy":{"java":1874,"md":434,"fxml":32,"sh":10,"bat":0,"gradle":24,"txt":31}},"authorContributionVariance":{"Wxy2003-xy":555396.6},"authorDisplayNameMap":{"Wxy2003-xy":"CS2103-F09-2 WANG..XIYU"}}
