{"authorDailyContributionsMap":{"ahmadsyuaib":[{"date":"2024-08-22","commitResults":[{"hash":"1c89e3555b82f8197e9b5de4e4cdc15a13ec30ac","isMergeCommit":false,"messageTitle":"Added greetings","messageBody":"","tags":["Level-0"],"fileTypesAndContributionMap":{"java":{"insertions":12,"deletions":10}}},{"hash":"57f591559cddeeb40949ee81b7150abbb6bf98a6","isMergeCommit":false,"messageTitle":"added Echo","messageBody":"","tags":["level-1","Level-1"],"fileTypesAndContributionMap":{"java":{"insertions":26,"deletions":7}}},{"hash":"cfe8b7fece303c892a540653fba3c3204d64fa63","isMergeCommit":false,"messageTitle":"added AddList","messageBody":"","tags":["level-2"],"fileTypesAndContributionMap":{"java":{"insertions":24,"deletions":1}}},{"hash":"adf69c2da8dc82be3fa15c4cf5d5deceb44b84eb","isMergeCommit":false,"messageTitle":"formatted Code","messageBody":"","tags":["Level-2"],"fileTypesAndContributionMap":{"java":{"insertions":3,"deletions":4}}},{"hash":"5ed45114ffa91607013c963c4b181050fabd3525","isMergeCommit":false,"messageTitle":"added checklists","messageBody":"","tags":["Level-3"],"fileTypesAndContributionMap":{"java":{"insertions":55,"deletions":18}}}]},{"date":"2024-08-23","commitResults":[{"hash":"ef0462a4f4a20c51118576a44997fa62d336a382","isMergeCommit":false,"messageTitle":"created different task types","messageBody":"","tags":["Level-4"],"fileTypesAndContributionMap":{"java":{"insertions":89,"deletions":20}}},{"hash":"24db0584424c38b3e7563b0d2952f5ddd0d52402","isMergeCommit":false,"messageTitle":"Created TextUITesting","messageBody":"","tags":["A-TextUiTesting"],"fileTypesAndContributionMap":{"txt":{"insertions":21,"deletions":0},"java":{"insertions":3,"deletions":2},"bat":{"insertions":1,"deletions":1},"sh":{"insertions":1,"deletions":1}}},{"hash":"e28c368c7d5a3c43f2efee31b9ac00b74fb320e5","isMergeCommit":false,"messageTitle":"Added error exceptions","messageBody":"","tags":["Level-5"],"fileTypesAndContributionMap":{"java":{"insertions":34,"deletions":2}}},{"hash":"a581ec94470a6cfde59f286f6e0415136650bbde","isMergeCommit":false,"messageTitle":"Added delete","messageBody":"","tags":["Level-6"],"fileTypesAndContributionMap":{"java":{"insertions":12,"deletions":0}}},{"hash":"6999d23d3f8218df7b48079e71bc76a151ceb081","isMergeCommit":false,"messageTitle":"cleaned the code a bit","messageBody":"","fileTypesAndContributionMap":{"java":{"insertions":6,"deletions":8}}}]},{"date":"2024-08-27","commitResults":[{"hash":"69e25b70b6744daac0077032344ea5c8005e0804","isMergeCommit":false,"messageTitle":"update constants naming","messageBody":"","fileTypesAndContributionMap":{"java":{"insertions":8,"deletions":9}}},{"hash":"833a4950076b7e7731a3dc3492895dc22f747f53","isMergeCommit":false,"messageTitle":"remove static methods","messageBody":"","fileTypesAndContributionMap":{"java":{"insertions":33,"deletions":15}}}]},{"date":"2024-08-28","commitResults":[{"hash":"006b41f0ad8e33fd87a0a77c68a5803bebc28969","isMergeCommit":false,"messageTitle":"add new file list.txt","messageBody":"","fileTypesAndContributionMap":{"txt":{"insertions":0,"deletions":0}}},{"hash":"3cf46d5d8ebd82014cef668adf77482dbf108b33","isMergeCommit":false,"messageTitle":"Add new file list.txt","messageBody":"","fileTypesAndContributionMap":{"txt":{"insertions":2,"deletions":0},"java":{"insertions":23,"deletions":0}}},{"hash":"16f953277f9037fd0e55fa57b11a202c3f2e809c","isMergeCommit":false,"messageTitle":"Create new file ListSaver.java","messageBody":"","fileTypesAndContributionMap":{"txt":{"insertions":4,"deletions":2},"java":{"insertions":37,"deletions":22}}},{"hash":"46ffb10519dce86234df8558bec611485ff47816","isMergeCommit":false,"messageTitle":"add getList to get saved list of tasks","messageBody":"","fileTypesAndContributionMap":{"txt":{"insertions":2,"deletions":4},"java":{"insertions":36,"deletions":8}}},{"hash":"5a9d7b5b0701d33fb6892a61f240059d30d9172b","isMergeCommit":false,"messageTitle":"add save","messageBody":"","tags":["Level-7"],"fileTypesAndContributionMap":{"txt":{"insertions":6,"deletions":2},"java":{"insertions":65,"deletions":12}}},{"hash":"7f9041f1f2171441006aad10e41adfd261aa556b","isMergeCommit":true,"messageTitle":"Merge branch \u0027branch-Level-7\u0027","messageBody":"","fileTypesAndContributionMap":{}},{"hash":"3ecced05778308a19c385255ee0ccf417385ed96","isMergeCommit":false,"messageTitle":"remove unnecessary print statement","messageBody":"","fileTypesAndContributionMap":{"java":{"insertions":0,"deletions":1}}},{"hash":"50582fa240d3c03e716a33a0ea44f8dfd3921c0e","isMergeCommit":false,"messageTitle":"add new imports","messageBody":"","fileTypesAndContributionMap":{"java":{"insertions":3,"deletions":2}}},{"hash":"20d10a97e0228f943bf1ed41af3727e545ba8cf5","isMergeCommit":false,"messageTitle":"add DateTime feature to tasks","messageBody":"","fileTypesAndContributionMap":{"txt":{"insertions":3,"deletions":6},"java":{"insertions":32,"deletions":25}}},{"hash":"91bf3bc2e008a84a415278aca310ba31de8365e3","isMergeCommit":false,"messageTitle":"add error for start time after end time for events","messageBody":"","fileTypesAndContributionMap":{"java":{"insertions":17,"deletions":2}}},{"hash":"d2452af273d16a7b69d7294eebeb05e201b87e16","isMergeCommit":false,"messageTitle":"add ability to check deadlines and events on certain dates","messageBody":"","fileTypesAndContributionMap":{"java":{"insertions":44,"deletions":0}}},{"hash":"33d284ed7714bc72109f09453f1d5f01aaa69588","isMergeCommit":true,"messageTitle":"Merge branch \u0027branch-Level-8\u0027","messageBody":"","tags":["Level-8"],"fileTypesAndContributionMap":{}},{"hash":"439275a762f01a0924fda23a18d52177d8becac6","isMergeCommit":false,"messageTitle":"rename listSaver to Storage","messageBody":"","fileTypesAndContributionMap":{"java":{"insertions":0,"deletions":0}}},{"hash":"aba70349309efd4a2cfc192497623d4a3cccf55e","isMergeCommit":false,"messageTitle":"rename ListSaver to Storage","messageBody":"","fileTypesAndContributionMap":{"java":{"insertions":5,"deletions":5}}},{"hash":"d8c0225b2b66f6a41a5d76645b762324f1158524","isMergeCommit":true,"messageTitle":"Merge branch \u0027branch-Storage\u0027","messageBody":"","fileTypesAndContributionMap":{}},{"hash":"90cb4f41faf2dbd577317c057db921ab8246ab8b","isMergeCommit":false,"messageTitle":"create Ui file","messageBody":"","fileTypesAndContributionMap":{"java":{"insertions":9,"deletions":0}}},{"hash":"94de5cceff4ad4834630c1b6f314541eb57b0a87","isMergeCommit":false,"messageTitle":"extracted greetings","messageBody":"","fileTypesAndContributionMap":{"java":{"insertions":14,"deletions":10}}},{"hash":"57d63ccca57491b13127c665de1fc2dd20318e47","isMergeCommit":false,"messageTitle":"extract display format into Ui","messageBody":"","fileTypesAndContributionMap":{"java":{"insertions":19,"deletions":21}}},{"hash":"b97322d97d98366c729837f58c89858e0c728590","isMergeCommit":true,"messageTitle":"Merge branch \u0027branch-Ui\u0027","messageBody":"","fileTypesAndContributionMap":{}},{"hash":"3123f81f5e294b458d5d10dc93638dc95d32bed4","isMergeCommit":false,"messageTitle":"extract TaskList","messageBody":"","fileTypesAndContributionMap":{"txt":{"insertions":1,"deletions":2},"java":{"insertions":116,"deletions":98}}},{"hash":"700256eb189ef9651b4eaa8780c6423815444b3f","isMergeCommit":true,"messageTitle":"Merge branch \u0027branch-TaskList\u0027","messageBody":"","fileTypesAndContributionMap":{}},{"hash":"aacbabca20f932c1e2fd6838e9998e96cd25bc85","isMergeCommit":false,"messageTitle":"create Command files for each executable action","messageBody":"","fileTypesAndContributionMap":{"java":{"insertions":252,"deletions":76}}},{"hash":"05c12127708ee07c10dbbe855b2ac44470e512ca","isMergeCommit":false,"messageTitle":"clean unnecessary comments","messageBody":"","tags":["A-MoreOOP"],"fileTypesAndContributionMap":{"java":{"insertions":20,"deletions":32}}},{"hash":"c6534eb5497b4b44e026c7aa958c1c1fac9d3bf1","isMergeCommit":false,"messageTitle":"create package for exceptions","messageBody":"","fileTypesAndContributionMap":{"java":{"insertions":40,"deletions":0}}},{"hash":"6f2bcca424b8b3338b8c7cbcf0761c9035ccbe36","isMergeCommit":false,"messageTitle":"add all classes into one Stobberi package","messageBody":"","tags":["A-Gradle"],"fileTypesAndContributionMap":{"java":{"insertions":66,"deletions":27}}}]},{"date":"2024-08-29","commitResults":[{"hash":"bf9ef7e8c33b5eff4d8ab90458039a2995709d79","isMergeCommit":false,"messageTitle":"arrange files into packages","messageBody":"","fileTypesAndContributionMap":{"java":{"insertions":0,"deletions":0}}},{"hash":"e1e60b71051addfd68088ca4963bee3c48fce7d0","isMergeCommit":false,"messageTitle":"arrange all classs into respective folders","messageBody":"","fileTypesAndContributionMap":{"java":{"insertions":64,"deletions":23}}},{"hash":"62549aff17a997352d83f544830c1e67c7264fb9","isMergeCommit":false,"messageTitle":"add Junit items","messageBody":"","fileTypesAndContributionMap":{"java":{"insertions":13,"deletions":0}}},{"hash":"0bce6ed2a94eb991a7442e4a4afd3f458eea45b9","isMergeCommit":false,"messageTitle":"create Javadoc for TaskList class","messageBody":"","fileTypesAndContributionMap":{"java":{"insertions":50,"deletions":0}}},{"hash":"7b3397e13016612506186410b0dec558011c648f","isMergeCommit":false,"messageTitle":"create Javadoc for Ui","messageBody":"","fileTypesAndContributionMap":{"java":{"insertions":28,"deletions":3}}},{"hash":"6654ccbb205659717444563b1aa4148155f2bf19","isMergeCommit":false,"messageTitle":"create Javadoc for Storage class","messageBody":"","fileTypesAndContributionMap":{"java":{"insertions":28,"deletions":0}}},{"hash":"597eade6392c8bb9a8196f1cf6339b35bfd9194a","isMergeCommit":false,"messageTitle":"improve Javadoc for Ui class","messageBody":"","fileTypesAndContributionMap":{"java":{"insertions":1,"deletions":1}}},{"hash":"1ca7308e3dfe9bddd19f8fb892baf13aec2fd092","isMergeCommit":false,"messageTitle":"Create javadoc for Ui class","messageBody":"","fileTypesAndContributionMap":{"java":{"insertions":23,"deletions":5}}},{"hash":"e9c94178b42e77a90559341229df0145868ec5c2","isMergeCommit":false,"messageTitle":"clean switch case","messageBody":"","fileTypesAndContributionMap":{"java":{"insertions":33,"deletions":33}}},{"hash":"a2d8e3ee47d34db2b7a4deaa9ebcb86e04489f21","isMergeCommit":false,"messageTitle":"create new method that checks if the description has the input word","messageBody":"","fileTypesAndContributionMap":{"java":{"insertions":4,"deletions":0}}},{"hash":"0697b2effeaec12f6dbdca0bc6af4e0e862e8528","isMergeCommit":false,"messageTitle":"create filter by word","messageBody":"","fileTypesAndContributionMap":{"java":{"insertions":12,"deletions":0}}},{"hash":"b7bdef8a8715d36f73a497b85d406112c3613c1b","isMergeCommit":false,"messageTitle":"change hasTrue to hasWord","messageBody":"","fileTypesAndContributionMap":{"java":{"insertions":1,"deletions":1}}},{"hash":"c53b3cb537c015ada97d07d3e110bee60995220b","isMergeCommit":false,"messageTitle":"edit the list interface","messageBody":"","fileTypesAndContributionMap":{"java":{"insertions":26,"deletions":1}}},{"hash":"caa6769a99e74aa94f1ebf7c6ab46ba40a398707","isMergeCommit":false,"messageTitle":"create command for find","messageBody":"","fileTypesAndContributionMap":{"java":{"insertions":5,"deletions":9}}},{"hash":"5328cfc80f9ca8c8d54b81a48cd522c25c3f4134","isMergeCommit":false,"messageTitle":"create option for find to be a command","messageBody":"","fileTypesAndContributionMap":{"java":{"insertions":3,"deletions":0}}},{"hash":"48aacb12ddf7b44d833e9a086aaae8456ea09578","isMergeCommit":false,"messageTitle":"clean code","messageBody":"","fileTypesAndContributionMap":{"java":{"insertions":4,"deletions":4}}},{"hash":"8362b76ad2163c7257db7574b7a8ebe8f1c5a8cb","isMergeCommit":false,"messageTitle":"add javadoc","messageBody":"","fileTypesAndContributionMap":{"java":{"insertions":164,"deletions":6}}},{"hash":"d2eb929f6ae648932d12f6812116f84b3290df9e","isMergeCommit":false,"messageTitle":"add Javadoc","messageBody":"","fileTypesAndContributionMap":{"java":{"insertions":23,"deletions":1}}},{"hash":"84b50058684d1264934b21b81f15d19a79143ea6","isMergeCommit":false,"messageTitle":"add more Javadoc","messageBody":"","fileTypesAndContributionMap":{"java":{"insertions":4,"deletions":0}}},{"hash":"404ea6e8ca38d1198c8dfcf3576859320ccfa7e4","isMergeCommit":false,"messageTitle":"add Javadoc","messageBody":"","fileTypesAndContributionMap":{"java":{"insertions":15,"deletions":3}}},{"hash":"23a78356e5f8cdbde031b69803838a48dcc882ca","isMergeCommit":false,"messageTitle":"create javadoc","messageBody":"","fileTypesAndContributionMap":{"java":{"insertions":213,"deletions":1}}},{"hash":"3e1dee9fbd96522a2dcf3f23bf608778f954029f","isMergeCommit":false,"messageTitle":"Create Javadoc","messageBody":"","fileTypesAndContributionMap":{"java":{"insertions":65,"deletions":10}}},{"hash":"44f76205c551c8a2bb33e31b913293c152d93435","isMergeCommit":true,"messageTitle":"Merge branch \u0027branch-Level-9\u0027","messageBody":"* branch-Level-9:\n  create option for find to be a command\n  create command for find\n  edit the list interface\n  change hasTrue to hasWord\n  create filter by word\n  create new method that checks if the description has the input word\n","fileTypesAndContributionMap":{}},{"hash":"986b49b0c5172dd0c3bf00613dec44236379b6be","isMergeCommit":true,"messageTitle":"Merge branch \u0027branch-A-JavaDoc\u0027","messageBody":"","fileTypesAndContributionMap":{}},{"hash":"cc78b63e85593704137b8e5a9c54baff3b2c7e4a","isMergeCommit":true,"messageTitle":"Merge branch \u0027branch-A-CodingStandard\u0027","messageBody":"","fileTypesAndContributionMap":{}},{"hash":"a375929bc91ea81039befbf9a9efdaea3d502043","isMergeCommit":false,"messageTitle":"Clean code","messageBody":"","fileTypesAndContributionMap":{"java":{"insertions":0,"deletions":5}}},{"hash":"8122532dfbc44db084c6005cf274cc4259072188","isMergeCommit":false,"messageTitle":"Create Javadoc","messageBody":"","fileTypesAndContributionMap":{"java":{"insertions":23,"deletions":1}}},{"hash":"72cec5f82c7eefe780702f44368df404f0d68319","isMergeCommit":false,"messageTitle":"Add more Javadoc","messageBody":"","tags":["Level-9","A-JavaDoc","A-CodingStandard"],"fileTypesAndContributionMap":{"java":{"insertions":13,"deletions":0}}},{"hash":"761f9c1ba213adddf976805159c62f3538691198","isMergeCommit":false,"messageTitle":"rename package to lowercase","messageBody":"","tags":["A-Packages"],"fileTypesAndContributionMap":{"txt":{"insertions":2,"deletions":0},"java":{"insertions":81,"deletions":86}}},{"hash":"3fe0f7d1a181f2a384bf34f4f0829d63ae9bbcc6","isMergeCommit":false,"messageTitle":"add line before displaying String","messageBody":"","fileTypesAndContributionMap":{"java":{"insertions":1,"deletions":0}}}]},{"date":"2024-08-30","commitResults":[{"hash":"270803c1fcfef219528a235c645d382d42d73ca3","isMergeCommit":false,"messageTitle":"Create a new test case","messageBody":"","fileTypesAndContributionMap":{"txt":{"insertions":2,"deletions":2},"java":{"insertions":52,"deletions":0}}},{"hash":"053e6c4d08cd1aa911065dc3b91a2d9442e401fb","isMergeCommit":true,"messageTitle":"Merge branch \u0027branch-JUnit\u0027","messageBody":"* branch-JUnit:\n  Create a new test case\n","tags":["A-Junit","A-Jar"],"fileTypesAndContributionMap":{}},{"hash":"556ab680ba5b6e7faa2937f0667979dbca5e6e01","isMergeCommit":false,"messageTitle":"add A-Jar","messageBody":"","fileTypesAndContributionMap":{"gradle":{"insertions":2,"deletions":2}}}]},{"date":"2024-09-05","commitResults":[{"hash":"6c1d71d68975fd88e4a5b43477f00c420337d5f5","isMergeCommit":false,"messageTitle":"Correct codestyle","messageBody":"","fileTypesAndContributionMap":{"gradle":{"insertions":5,"deletions":0},"txt":{"insertions":1,"deletions":0},"java":{"insertions":120,"deletions":102}}},{"hash":"19e1769728936a67aebe8fbaf0b9077b50d15d98","isMergeCommit":true,"messageTitle":"Merge branch \u0027branch-Checkstyle\u0027","messageBody":"* branch-Checkstyle:\n  Correct codestyle\n","tags":["A-CheckStyle"],"fileTypesAndContributionMap":{}}]},{"date":"2024-09-06","commitResults":[{"hash":"73fbf0f00a67678a8de6ae520a0a6b85c500218d","isMergeCommit":false,"messageTitle":"Add GUI","messageBody":"","fileTypesAndContributionMap":{"gradle":{"insertions":15,"deletions":0},"txt":{"insertions":4,"deletions":3},"fxml":{"insertions":48,"deletions":0},"java":{"insertions":253,"deletions":66}}},{"hash":"20a5df42ef8f85686cf2f2999a3c74ecb713ca1c","isMergeCommit":false,"messageTitle":"Clean code","messageBody":"","fileTypesAndContributionMap":{"java":{"insertions":2,"deletions":54}}},{"hash":"fdb1c5f91b5c9656b4ec6d1eab4051aa9a397331","isMergeCommit":false,"messageTitle":"Make closing smoother","messageBody":"","fileTypesAndContributionMap":{"txt":{"insertions":2,"deletions":0},"java":{"insertions":17,"deletions":5}}},{"hash":"6fe66bac53adeeb7587443e8113e01624e15ce5b","isMergeCommit":false,"messageTitle":"Clean up GUI","messageBody":"","fileTypesAndContributionMap":{"fxml":{"insertions":9,"deletions":9},"java":{"insertions":5,"deletions":0}}},{"hash":"9850e2532a34677b3cad2def8ff7f50c64200587","isMergeCommit":true,"messageTitle":"Merge branch \u0027branch-GUI\u0027","messageBody":"* branch-GUI:\n  Clean up GUI\n  Make closing smoother\n  Clean code\n  Add GUI\n","tags":["Level-10"],"fileTypesAndContributionMap":{}},{"hash":"54e8f10349fbc4fe8f5ceacca0adbe2f200826d6","isMergeCommit":false,"messageTitle":"Fix array out of bounds error","messageBody":"","fileTypesAndContributionMap":{"txt":{"insertions":1,"deletions":0},"java":{"insertions":47,"deletions":6}}},{"hash":"9eebea02aabe560d5265f7c380d614d0c7cea107","isMergeCommit":true,"messageTitle":"Merge branch \u0027branch-Level-10\u0027","messageBody":"* branch-Level-10:\n  Fix array out of bounds error\n","fileTypesAndContributionMap":{}},{"hash":"00d251cbeb867a7d5969f2d995305a445a56ebb9","isMergeCommit":false,"messageTitle":"Update README file","messageBody":"","fileTypesAndContributionMap":{"md":{"insertions":14,"deletions":11}}},{"hash":"553dcafafbc8f9437ff30c12748ac1998e294c9c","isMergeCommit":false,"messageTitle":"Clean code according to proper styling conventions","messageBody":"","fileTypesAndContributionMap":{"fxml":{"insertions":1,"deletions":1},"java":{"insertions":5,"deletions":5}}}]},{"date":"2024-09-11","commitResults":[{"hash":"2b96b0c924e02c557702b9b42b1d081f38465ce5","isMergeCommit":false,"messageTitle":"Add assertion","messageBody":"Stobberi should only run if the variable isExit() method returns false. Otherwise, the programme should have terminated.\n\nLet\u0027s add an assertion to check if the programme should be running at that point of time.\n\nAdding an assertion will ensure that Stobberi only runs when the method returns false, preventing any potential problems in the future.\n","fileTypesAndContributionMap":{"java":{"insertions":1,"deletions":0}}},{"hash":"c3cae72e86022d7c0668066b123055c60ee14750","isMergeCommit":false,"messageTitle":"Add assertion","messageBody":"Command should be a String for the programme to work. Or else, the methods that are going to be called will not work.\n\nLet\u0027s add an assertion to check if variable \"command\" is a String.\n\nAdding an assertion will ensure that the command variable has a String, preventing any potential problems in the future.\n","tags":["A-FullCommitMessage"],"fileTypesAndContributionMap":{"java":{"insertions":1,"deletions":0}}},{"hash":"1fdb1c885e5328a79776caec78ecbee4d5d3ca82","isMergeCommit":false,"messageTitle":"Clean the code to remove if statement","messageBody":"TaskList has a function filterListByDate() which has an if statement that checks if the event is during the date. However, this is not necessary.\n\nLet\u0027s remove this if statement.\n\nBy removing this if statement, we are able to shorten the length of our method and also avoid deep nesting.\n","tags":["A-CodeQuality","A-Assertions"],"fileTypesAndContributionMap":{"java":{"insertions":6,"deletions":10}}},{"hash":"36f7247411ba84ff6ca5a21e97a417407b3ca2da","isMergeCommit":true,"messageTitle":"Merge pull request #1 from ahmadsyuaib/branch-A-Assertions","messageBody":"Branch a assertions","fileTypesAndContributionMap":{}},{"hash":"e09712bfdce31cf84f50803303472f38fbabd0a9","isMergeCommit":true,"messageTitle":"Merge pull request #2 from ahmadsyuaib/branch-A-CodeQuality","messageBody":"Clean the code to remove if statement","fileTypesAndContributionMap":{}},{"hash":"fc810d2700465321f9a8bd83c845ce3d17ee700e","isMergeCommit":false,"messageTitle":"Add isSame method","messageBody":"","fileTypesAndContributionMap":{"java":{"insertions":24,"deletions":0}}},{"hash":"f46652d64062dca3c69955a4d6410213a70f48c6","isMergeCommit":false,"messageTitle":"Add hasTask method","messageBody":"","fileTypesAndContributionMap":{"txt":{"insertions":2,"deletions":1},"java":{"insertions":7,"deletions":0}}},{"hash":"cedaede4078c7705096887e5a98bc49164e56132","isMergeCommit":false,"messageTitle":"Add exception for when task is repeated","messageBody":"","tags":["A-Streams"],"fileTypesAndContributionMap":{"java":{"insertions":14,"deletions":0}}}]},{"date":"2024-09-12","commitResults":[{"hash":"53abf89cf3f568c863327b88ee25602f7229f2c7","isMergeCommit":false,"messageTitle":"Create a new Command that displays Help message","messageBody":"","fileTypesAndContributionMap":{"java":{"insertions":41,"deletions":0}}},{"hash":"b95031cb236c714bfc1a0d37bbbd62315ddd7b9c","isMergeCommit":false,"messageTitle":"Add another case for help","messageBody":"","fileTypesAndContributionMap":{"java":{"insertions":3,"deletions":0}}},{"hash":"861cf6afb8944e076ac47269644903c9a9597d3c","isMergeCommit":false,"messageTitle":"Edit greeting message","messageBody":"","tags":["BCD-Extension"],"fileTypesAndContributionMap":{"java":{"insertions":3,"deletions":1}}}]},{"date":"2024-09-17","commitResults":[{"hash":"3f068e9eec8b623f12d2ad20d34aa1d0b728058e","isMergeCommit":false,"messageTitle":"Edit the error message to give it character","messageBody":"","fileTypesAndContributionMap":{"java":{"insertions":1,"deletions":1}}},{"hash":"78f80b5b2118141399b28eee68f62d75f75b0ee0","isMergeCommit":false,"messageTitle":"Edit the error message to make it more obvious","messageBody":"","fileTypesAndContributionMap":{"java":{"insertions":1,"deletions":1}}}]},{"date":"2024-09-18","commitResults":[{"hash":"4a72da875c63b051ea80a19b5a55eea49856e353","isMergeCommit":true,"messageTitle":"Merge branch \u0027branch-A-BetterGui\u0027","messageBody":"* branch-A-BetterGui:\n  Edit the error message to make it more obvious\n  Edit the error message to give it character\n","tags":["A-BetterGui"],"fileTypesAndContributionMap":{}},{"hash":"44b23a417411e2602b178fcf7c28d8430e41dbcc","isMergeCommit":false,"messageTitle":"Extract error thrown to make the code cleaner","messageBody":"","fileTypesAndContributionMap":{"java":{"insertions":4,"deletions":19}}},{"hash":"5af8ced38a327bfc7e4c81fea907950f5fedc01c","isMergeCommit":false,"messageTitle":"Throw an error","messageBody":"","fileTypesAndContributionMap":{"java":{"insertions":12,"deletions":6}}},{"hash":"732e95c54a418b82165ccf8e616cf79245caa95d","isMergeCommit":false,"messageTitle":"Give personality to the chatbot","messageBody":"","fileTypesAndContributionMap":{"java":{"insertions":9,"deletions":9}}},{"hash":"bb34807df55f161f4b8e841bd51d50ec8aa8c067","isMergeCommit":false,"messageTitle":"Throw an error","messageBody":"","fileTypesAndContributionMap":{"java":{"insertions":28,"deletions":13}}},{"hash":"6ba4588bbd41a70d6de6174dd78e75c5a308faa8","isMergeCommit":false,"messageTitle":"Give obvious personality for errors thrown","messageBody":"","fileTypesAndContributionMap":{"java":{"insertions":1,"deletions":1}}},{"hash":"948191f8af4146b7c792900306fd795cd42fbc4c","isMergeCommit":true,"messageTitle":"Merge branch \u0027branch-A-Personality\u0027","messageBody":"* branch-A-Personality:\n  Give obvious personality for errors thrown\n  Throw an error\n  Give personality to the chatbot\n  Throw an error\n  Extract error thrown to make the code cleaner\n","tags":["A-Personality"],"fileTypesAndContributionMap":{}},{"hash":"fecbfb51b0b652b0a9a2491c15bd81443f765ec8","isMergeCommit":false,"messageTitle":"Add error handling for extra input in command","messageBody":"","fileTypesAndContributionMap":{"java":{"insertions":15,"deletions":3}}},{"hash":"91c04e12c9cda5c97a8d3fa1523ffe3f23bfe681","isMergeCommit":false,"messageTitle":"Add new argument into ExitCommand instance","messageBody":"","fileTypesAndContributionMap":{"java":{"insertions":1,"deletions":1}}},{"hash":"a5865dcbe291de74adfa9e38ff5699f38f0a7edb","isMergeCommit":false,"messageTitle":"Format the parser","messageBody":"","fileTypesAndContributionMap":{"txt":{"insertions":0,"deletions":1},"java":{"insertions":1,"deletions":1}}},{"hash":"f2628eafc4268655688e1bd92e4252e297f492d4","isMergeCommit":false,"messageTitle":"Add error handling to handle more than 1 input","messageBody":"","fileTypesAndContributionMap":{"java":{"insertions":8,"deletions":2}}},{"hash":"1be6d3f00906427947691c040839a5380a20005e","isMergeCommit":false,"messageTitle":"Add error handling for invalid numbers","messageBody":"","fileTypesAndContributionMap":{"java":{"insertions":9,"deletions":4}}},{"hash":"ebb587e8784ce83975c5fafc81088ad2d8806788","isMergeCommit":false,"messageTitle":"Create new class for invalid inputs","messageBody":"","fileTypesAndContributionMap":{"java":{"insertions":20,"deletions":0}}},{"hash":"8f47bba521dd75282d460df873881bc2676f9162","isMergeCommit":false,"messageTitle":"Edit the javadoc","messageBody":"","fileTypesAndContributionMap":{"java":{"insertions":5,"deletions":5}}},{"hash":"59625fef4c097d97123cb08d5e59577779eb3e13","isMergeCommit":false,"messageTitle":"Add error handling for irregular spacing","messageBody":"","fileTypesAndContributionMap":{"java":{"insertions":11,"deletions":0}}},{"hash":"eab2f317c888985d7773b3731135854dfac3e2bb","isMergeCommit":false,"messageTitle":"Update the filer with new methods","messageBody":"","fileTypesAndContributionMap":{"java":{"insertions":2,"deletions":1}}},{"hash":"432d83d798615fc2de81ebbd70453bc71c1580ea","isMergeCommit":false,"messageTitle":"Update javadocs accordingly","messageBody":"","fileTypesAndContributionMap":{"java":{"insertions":3,"deletions":3}}},{"hash":"6976013745a385c8d2955300c8949b963772ae53","isMergeCommit":false,"messageTitle":"Update javadocs of isSame method","messageBody":"","fileTypesAndContributionMap":{"java":{"insertions":5,"deletions":0}}},{"hash":"4dbd106c83e7f8d278fc8d7c993cfca3d0c6f169","isMergeCommit":false,"messageTitle":"Add error handling for multiple inputs","messageBody":"","fileTypesAndContributionMap":{"java":{"insertions":14,"deletions":5}}},{"hash":"4dd0f6f7d9eb12b5a30c3ebb2007e7cffc5133f9","isMergeCommit":false,"messageTitle":"Abstract taskList and restOfCommand to make cleaner code","messageBody":"","fileTypesAndContributionMap":{"txt":{"insertions":1,"deletions":1},"java":{"insertions":179,"deletions":170}}},{"hash":"1f27cf3b2ecbfe52ac4ddc36eae0398190de83b1","isMergeCommit":false,"messageTitle":"Add error handling for extra inputs","messageBody":"","fileTypesAndContributionMap":{"txt":{"insertions":3,"deletions":1},"java":{"insertions":11,"deletions":3}}},{"hash":"b334f9a44968438a8f631563a37ff2ad6349d460","isMergeCommit":false,"messageTitle":"Change greetings","messageBody":"","fileTypesAndContributionMap":{"java":{"insertions":7,"deletions":5}}},{"hash":"30a1cd95e283b569696c3a14a4d98d1d586e1257","isMergeCommit":false,"messageTitle":"Clean code to make it neater","messageBody":"","fileTypesAndContributionMap":{"java":{"insertions":1,"deletions":0}}},{"hash":"e4a954d3df9356d16cd10dd5c4d3714cedc4485e","isMergeCommit":false,"messageTitle":"Add error handling for cases where there is no tasks","messageBody":"","fileTypesAndContributionMap":{"java":{"insertions":26,"deletions":4}}},{"hash":"dd800dd1be596ea0c49e0b32fab38ab7c54106e9","isMergeCommit":true,"messageTitle":"Merge branch \u0027branch-A-MoreErrorHandling\u0027","messageBody":"* branch-A-MoreErrorHandling:\n  Add error handling for cases where there is no tasks\n  Clean code to make it neater\n  Change greetings\n  Add error handling for extra inputs\n  Abstract taskList and restOfCommand to make cleaner code\n  Add error handling for multiple inputs\n  Update javadocs of isSame method\n  Update javadocs accordingly\n  Update the filer with new methods\n  Add error handling for irregular spacing\n  Edit the javadoc\n  Create new class for invalid inputs\n  Add error handling for invalid numbers\n  Add error handling to handle more than 1 input\n  Format the parser\n  Add new argument into ExitCommand instance\n  Add error handling for extra input in command\n","tags":["A-MoreErrorHandling"],"fileTypesAndContributionMap":{}},{"hash":"28d0d534b912be65fc0c2eb0907035a72f796d55","isMergeCommit":false,"messageTitle":"Improve javadocs of all the methods","messageBody":"","fileTypesAndContributionMap":{"java":{"insertions":67,"deletions":76}}},{"hash":"314ea1d42b1c4c30c05137f1baa5db887ed74928","isMergeCommit":false,"messageTitle":"Create new test file for Storage class","messageBody":"","fileTypesAndContributionMap":{"java":{"insertions":2,"deletions":0}}},{"hash":"46903c4133a3e16aa6004d6f4bfb770fe8ceb613","isMergeCommit":false,"messageTitle":"Add comprehensive testing using ChatGPT","messageBody":"","fileTypesAndContributionMap":{"java":{"insertions":139,"deletions":1}}},{"hash":"07d4d3d498b790d6400d94e2963b13acba659bbd","isMergeCommit":false,"messageTitle":"Add comprehensive testing using ChatGPT","messageBody":"","fileTypesAndContributionMap":{"java":{"insertions":278,"deletions":29}}},{"hash":"73b1fe60bd9535c9ac69946781e1de20165c13e3","isMergeCommit":false,"messageTitle":"Create Task as abstract class","messageBody":"","fileTypesAndContributionMap":{"java":{"insertions":1,"deletions":1}}},{"hash":"a8f4f6966b0bbcdc11ebe322f76646ede4e8ab7d","isMergeCommit":true,"messageTitle":"Merge branch \u0027branch-A-AiAssisted\u0027","messageBody":"* branch-A-AiAssisted:\n  Create Task as abstract class\n  Add comprehensive testing using ChatGPT\n  Add comprehensive testing using ChatGPT\n  Create new test file for Storage class\n  Improve javadocs of all the methods\n","tags":["A-AiAssisted"],"fileTypesAndContributionMap":{}},{"hash":"1c391cfddcc1c9216c9e42533081e8a3a349c282","isMergeCommit":false,"messageTitle":"Add comprehensive testing for the different methods","messageBody":"","fileTypesAndContributionMap":{"java":{"insertions":378,"deletions":38}}},{"hash":"faca3a97b7ca03cc19515c321f5cd683d6319153","isMergeCommit":true,"messageTitle":"Merge branch \u0027branch-A-MoreTesting\u0027","messageBody":"* branch-A-MoreTesting:\n  Add comprehensive testing for the different methods\n","tags":["A-MoreTesting"],"fileTypesAndContributionMap":{}},{"hash":"762f840d2fee00e6bd45d19658427425b26dcd16","isMergeCommit":false,"messageTitle":"Add icon and application name onto windows title bar","messageBody":"","fileTypesAndContributionMap":{"java":{"insertions":4,"deletions":0}}},{"hash":"af57d60724be0d839492da85fd69b755d1925367","isMergeCommit":false,"messageTitle":"Change the display time format to show minutes","messageBody":"","fileTypesAndContributionMap":{"txt":{"insertions":5,"deletions":11},"java":{"insertions":3,"deletions":3}}},{"hash":"47ba9bc7e74f9dcd04cdce6b838669e88b8fbd74","isMergeCommit":false,"messageTitle":"Change greeting","messageBody":"","fileTypesAndContributionMap":{"txt":{"insertions":2,"deletions":1},"java":{"insertions":1,"deletions":1}}},{"hash":"f13954f9ab9eb5f5ca1947ddabba5c57836c0531","isMergeCommit":false,"messageTitle":"Clean code according to course style guide","messageBody":"","fileTypesAndContributionMap":{"txt":{"insertions":1,"deletions":1},"java":{"insertions":118,"deletions":99}}}]},{"date":"2024-09-19","commitResults":[{"hash":"e7f3662d64e412dbe762ab3e1b473650cceb199a","isMergeCommit":false,"messageTitle":"Update main class set to correct launcher file","messageBody":"","fileTypesAndContributionMap":{"gradle":{"insertions":2,"deletions":1}}},{"hash":"98a435c30c0ccad6d0c929a3df89b3ca29d53b72","isMergeCommit":false,"messageTitle":"Add a user guide","messageBody":"","fileTypesAndContributionMap":{"md":{"insertions":162,"deletions":16}}},{"hash":"1039e17a24b011e23d13ef9a03f2e20b8cd454f6","isMergeCommit":false,"messageTitle":"Format picture and link to jar file","messageBody":"","tags":["A-UserGuide"],"fileTypesAndContributionMap":{"md":{"insertions":2,"deletions":2}}},{"hash":"b4c6e4d4e187955d8fa5a93de69218ea3ab3f5b5","isMergeCommit":false,"messageTitle":"Update picture formatting","messageBody":"","fileTypesAndContributionMap":{"md":{"insertions":1,"deletions":1}}}]}]},"authorFileTypeContributionMap":{"ahmadsyuaib":{"java":2594,"md":176,"fxml":48,"sh":1,"bat":1,"gradle":23,"txt":27}},"authorContributionVariance":{"ahmadsyuaib":163277.53},"authorDisplayNameMap":{"ahmadsyuaib":"CS2103T-F10-1 AHMA..ALIM"}}
