[{"path":"src/main/java/AddCommand.java","fileType":"java","lines":[{"lineNumber":1,"author":{"gitId":"juliantayyc"},"content":"import java.util.ArrayList;","lastModifiedDate":"2024-08-30","isFullCredit":false},{"lineNumber":2,"author":{"gitId":"juliantayyc"},"content":"","lastModifiedDate":"2024-08-30","isFullCredit":false},{"lineNumber":3,"author":{"gitId":"juliantayyc"},"content":"public abstract class AddCommand implements JBotCommand {","lastModifiedDate":"2024-08-30","isFullCredit":false},{"lineNumber":4,"author":{"gitId":"juliantayyc"},"content":"    @Override","lastModifiedDate":"2024-08-30","isFullCredit":false},{"lineNumber":5,"author":{"gitId":"juliantayyc"},"content":"    public void run(String input, ArrayList\u003cTask\u003e taskList) {","lastModifiedDate":"2024-08-30","isFullCredit":false},{"lineNumber":6,"author":{"gitId":"juliantayyc"},"content":"        int count \u003d taskList.size();","lastModifiedDate":"2024-08-30","isFullCredit":false},{"lineNumber":7,"author":{"gitId":"juliantayyc"},"content":"        System.out.printf(\"Now you have %1$s tasks in the list.\\n\", count);","lastModifiedDate":"2024-08-30","isFullCredit":false},{"lineNumber":8,"author":{"gitId":"juliantayyc"},"content":"    }","lastModifiedDate":"2024-08-30","isFullCredit":false},{"lineNumber":9,"author":{"gitId":"juliantayyc"},"content":"}","lastModifiedDate":"2024-08-30","isFullCredit":false}],"authorContributionMap":{"juliantayyc":9}},{"path":"src/main/java/ByeCommand.java","fileType":"java","lines":[{"lineNumber":1,"author":{"gitId":"juliantayyc"},"content":"import java.util.ArrayList;","lastModifiedDate":"2024-08-30","isFullCredit":false},{"lineNumber":2,"author":{"gitId":"juliantayyc"},"content":"","lastModifiedDate":"2024-08-30","isFullCredit":false},{"lineNumber":3,"author":{"gitId":"juliantayyc"},"content":"public class ByeCommand implements JBotCommand {","lastModifiedDate":"2024-08-30","isFullCredit":false},{"lineNumber":4,"author":{"gitId":"juliantayyc"},"content":"","lastModifiedDate":"2024-08-30","isFullCredit":false},{"lineNumber":5,"author":{"gitId":"juliantayyc"},"content":"    private static final ByeCommand instance \u003d new ByeCommand();","lastModifiedDate":"2024-08-30","isFullCredit":false},{"lineNumber":6,"author":{"gitId":"juliantayyc"},"content":"    private ByeCommand() {","lastModifiedDate":"2024-08-30","isFullCredit":false},{"lineNumber":7,"author":{"gitId":"juliantayyc"},"content":"    };","lastModifiedDate":"2024-08-30","isFullCredit":false},{"lineNumber":8,"author":{"gitId":"juliantayyc"},"content":"    public static ByeCommand getInstance() {","lastModifiedDate":"2024-08-30","isFullCredit":false},{"lineNumber":9,"author":{"gitId":"juliantayyc"},"content":"        return ByeCommand.instance;","lastModifiedDate":"2024-08-30","isFullCredit":false},{"lineNumber":10,"author":{"gitId":"juliantayyc"},"content":"    }","lastModifiedDate":"2024-08-30","isFullCredit":false},{"lineNumber":11,"author":{"gitId":"juliantayyc"},"content":"    @Override","lastModifiedDate":"2024-08-30","isFullCredit":false},{"lineNumber":12,"author":{"gitId":"juliantayyc"},"content":"    public void run(String input, ArrayList\u003cTask\u003e taskList) {","lastModifiedDate":"2024-08-30","isFullCredit":false},{"lineNumber":13,"author":{"gitId":"juliantayyc"},"content":"        System.out.println(\"Bye. Hope to see you again soon!\");","lastModifiedDate":"2024-08-30","isFullCredit":false},{"lineNumber":14,"author":{"gitId":"juliantayyc"},"content":"    }","lastModifiedDate":"2024-08-30","isFullCredit":false},{"lineNumber":15,"author":{"gitId":"juliantayyc"},"content":"}","lastModifiedDate":"2024-08-30","isFullCredit":false}],"authorContributionMap":{"juliantayyc":15}},{"path":"src/main/java/DeadlineCommand.java","fileType":"java","lines":[{"lineNumber":1,"author":{"gitId":"juliantayyc"},"content":"import java.util.ArrayList;","lastModifiedDate":"2024-08-30","isFullCredit":false},{"lineNumber":2,"author":{"gitId":"juliantayyc"},"content":"","lastModifiedDate":"2024-08-30","isFullCredit":false},{"lineNumber":3,"author":{"gitId":"juliantayyc"},"content":"public class DeadlineCommand extends AddCommand {","lastModifiedDate":"2024-08-30","isFullCredit":false},{"lineNumber":4,"author":{"gitId":"juliantayyc"},"content":"    private static final DeadlineCommand instance \u003d new DeadlineCommand();","lastModifiedDate":"2024-08-30","isFullCredit":false},{"lineNumber":5,"author":{"gitId":"juliantayyc"},"content":"    private DeadlineCommand() {","lastModifiedDate":"2024-08-30","isFullCredit":false},{"lineNumber":6,"author":{"gitId":"juliantayyc"},"content":"    };","lastModifiedDate":"2024-08-30","isFullCredit":false},{"lineNumber":7,"author":{"gitId":"juliantayyc"},"content":"    public static DeadlineCommand getInstance() {","lastModifiedDate":"2024-08-30","isFullCredit":false},{"lineNumber":8,"author":{"gitId":"juliantayyc"},"content":"        return DeadlineCommand.instance;","lastModifiedDate":"2024-08-30","isFullCredit":false},{"lineNumber":9,"author":{"gitId":"juliantayyc"},"content":"    }","lastModifiedDate":"2024-08-30","isFullCredit":false},{"lineNumber":10,"author":{"gitId":"juliantayyc"},"content":"    @Override","lastModifiedDate":"2024-08-30","isFullCredit":false},{"lineNumber":11,"author":{"gitId":"juliantayyc"},"content":"    public void run(String input, ArrayList\u003cTask\u003e taskList) {","lastModifiedDate":"2024-08-30","isFullCredit":false},{"lineNumber":12,"author":{"gitId":"juliantayyc"},"content":"        Task task \u003d new DeadlineTask(input);","lastModifiedDate":"2024-08-30","isFullCredit":false},{"lineNumber":13,"author":{"gitId":"juliantayyc"},"content":"        taskList.add(task);","lastModifiedDate":"2024-08-30","isFullCredit":false},{"lineNumber":14,"author":{"gitId":"juliantayyc"},"content":"        System.out.println(\"Got it. I\u0027ve added this task:\");","lastModifiedDate":"2024-08-30","isFullCredit":false},{"lineNumber":15,"author":{"gitId":"juliantayyc"},"content":"        System.out.printf(\"  %1$s\\n\", task);","lastModifiedDate":"2024-08-30","isFullCredit":false},{"lineNumber":16,"author":{"gitId":"juliantayyc"},"content":"        super.run(input, taskList);","lastModifiedDate":"2024-08-30","isFullCredit":false},{"lineNumber":17,"author":{"gitId":"juliantayyc"},"content":"    }","lastModifiedDate":"2024-08-30","isFullCredit":false},{"lineNumber":18,"author":{"gitId":"juliantayyc"},"content":"}","lastModifiedDate":"2024-08-30","isFullCredit":false}],"authorContributionMap":{"juliantayyc":18}},{"path":"src/main/java/DeadlineTask.java","fileType":"java","lines":[{"lineNumber":1,"author":{"gitId":"juliantayyc"},"content":"import java.time.LocalDateTime;","lastModifiedDate":"2024-08-30","isFullCredit":false},{"lineNumber":2,"author":{"gitId":"juliantayyc"},"content":"import java.time.format.DateTimeFormatter;","lastModifiedDate":"2024-08-30","isFullCredit":false},{"lineNumber":3,"author":{"gitId":"juliantayyc"},"content":"import java.time.format.DateTimeParseException;","lastModifiedDate":"2024-08-30","isFullCredit":false},{"lineNumber":4,"author":{"gitId":"juliantayyc"},"content":"","lastModifiedDate":"2024-08-30","isFullCredit":false},{"lineNumber":5,"author":{"gitId":"juliantayyc"},"content":"public class DeadlineTask extends Task {","lastModifiedDate":"2024-08-30","isFullCredit":false},{"lineNumber":6,"author":{"gitId":"juliantayyc"},"content":"","lastModifiedDate":"2024-08-30","isFullCredit":false},{"lineNumber":7,"author":{"gitId":"juliantayyc"},"content":"    LocalDateTime deadline;","lastModifiedDate":"2024-08-30","isFullCredit":false},{"lineNumber":8,"author":{"gitId":"juliantayyc"},"content":"","lastModifiedDate":"2024-08-30","isFullCredit":false},{"lineNumber":9,"author":{"gitId":"juliantayyc"},"content":"    public DeadlineTask(String input) {","lastModifiedDate":"2024-08-30","isFullCredit":false},{"lineNumber":10,"author":{"gitId":"juliantayyc"},"content":"        int byIndex \u003d input.indexOf(\"/by\");","lastModifiedDate":"2024-08-30","isFullCredit":false},{"lineNumber":11,"author":{"gitId":"juliantayyc"},"content":"        this.name \u003d input.substring(9, byIndex).trim();","lastModifiedDate":"2024-08-30","isFullCredit":false},{"lineNumber":12,"author":{"gitId":"juliantayyc"},"content":"        String deadlineString \u003d input.substring(byIndex + 4).trim();","lastModifiedDate":"2024-08-30","isFullCredit":false},{"lineNumber":13,"author":{"gitId":"juliantayyc"},"content":"","lastModifiedDate":"2024-08-30","isFullCredit":false},{"lineNumber":14,"author":{"gitId":"juliantayyc"},"content":"        DateTimeFormatter inputFormatter \u003d DateTimeFormatter.ofPattern(\"d/M/yyyy HHmm\");","lastModifiedDate":"2024-08-30","isFullCredit":false},{"lineNumber":15,"author":{"gitId":"juliantayyc"},"content":"        try {","lastModifiedDate":"2024-08-30","isFullCredit":false},{"lineNumber":16,"author":{"gitId":"juliantayyc"},"content":"            this.deadline \u003d LocalDateTime.parse(deadlineString, inputFormatter);","lastModifiedDate":"2024-08-30","isFullCredit":false},{"lineNumber":17,"author":{"gitId":"juliantayyc"},"content":"        } catch (DateTimeParseException e) {","lastModifiedDate":"2024-08-30","isFullCredit":false},{"lineNumber":18,"author":{"gitId":"juliantayyc"},"content":"            System.out.println(\"Invalid date format! Please use \u0027d/M/yyyy HHmm\u0027.\");","lastModifiedDate":"2024-08-30","isFullCredit":false},{"lineNumber":19,"author":{"gitId":"juliantayyc"},"content":"            e.printStackTrace();","lastModifiedDate":"2024-08-30","isFullCredit":false},{"lineNumber":20,"author":{"gitId":"juliantayyc"},"content":"        }","lastModifiedDate":"2024-08-30","isFullCredit":false},{"lineNumber":21,"author":{"gitId":"juliantayyc"},"content":"","lastModifiedDate":"2024-08-30","isFullCredit":false},{"lineNumber":22,"author":{"gitId":"juliantayyc"},"content":"        this.taskTypeSymbol \u003d \"D\";","lastModifiedDate":"2024-08-30","isFullCredit":false},{"lineNumber":23,"author":{"gitId":"juliantayyc"},"content":"    }","lastModifiedDate":"2024-08-30","isFullCredit":false},{"lineNumber":24,"author":{"gitId":"juliantayyc"},"content":"","lastModifiedDate":"2024-08-30","isFullCredit":false},{"lineNumber":25,"author":{"gitId":"juliantayyc"},"content":"    // Constructor for deserialization","lastModifiedDate":"2024-08-30","isFullCredit":false},{"lineNumber":26,"author":{"gitId":"juliantayyc"},"content":"    public DeadlineTask(String name, String deadlineString) {","lastModifiedDate":"2024-08-30","isFullCredit":false},{"lineNumber":27,"author":{"gitId":"juliantayyc"},"content":"        this.name \u003d name;","lastModifiedDate":"2024-08-30","isFullCredit":false},{"lineNumber":28,"author":{"gitId":"juliantayyc"},"content":"        this.taskTypeSymbol \u003d \"D\";","lastModifiedDate":"2024-08-30","isFullCredit":false},{"lineNumber":29,"author":{"gitId":"juliantayyc"},"content":"        this.deadline \u003d LocalDateTime.parse(deadlineString); // Assuming the deadlineString is in ISO format","lastModifiedDate":"2024-08-30","isFullCredit":false},{"lineNumber":30,"author":{"gitId":"juliantayyc"},"content":"    }","lastModifiedDate":"2024-08-30","isFullCredit":false},{"lineNumber":31,"author":{"gitId":"juliantayyc"},"content":"","lastModifiedDate":"2024-08-30","isFullCredit":false},{"lineNumber":32,"author":{"gitId":"juliantayyc"},"content":"    @Override","lastModifiedDate":"2024-08-30","isFullCredit":false},{"lineNumber":33,"author":{"gitId":"juliantayyc"},"content":"    public String toString() {","lastModifiedDate":"2024-08-30","isFullCredit":false},{"lineNumber":34,"author":{"gitId":"juliantayyc"},"content":"        DateTimeFormatter outputFormatter \u003d DateTimeFormatter.ofPattern(\"MMM dd yyyy, h:mm a\");","lastModifiedDate":"2024-08-30","isFullCredit":false},{"lineNumber":35,"author":{"gitId":"juliantayyc"},"content":"        String formattedDeadline \u003d this.deadline.format(outputFormatter);","lastModifiedDate":"2024-08-30","isFullCredit":false},{"lineNumber":36,"author":{"gitId":"juliantayyc"},"content":"        return String.format(\"%1$s (by: %2$s)\", super.toString(), formattedDeadline);","lastModifiedDate":"2024-08-30","isFullCredit":false},{"lineNumber":37,"author":{"gitId":"juliantayyc"},"content":"    }","lastModifiedDate":"2024-08-30","isFullCredit":false},{"lineNumber":38,"author":{"gitId":"juliantayyc"},"content":"","lastModifiedDate":"2024-08-30","isFullCredit":false},{"lineNumber":39,"author":{"gitId":"juliantayyc"},"content":"    public String getDeadlineAsString() {","lastModifiedDate":"2024-08-30","isFullCredit":false},{"lineNumber":40,"author":{"gitId":"juliantayyc"},"content":"        return this.deadline.toString(); // This returns the ISO-8601 format by default","lastModifiedDate":"2024-08-30","isFullCredit":false},{"lineNumber":41,"author":{"gitId":"juliantayyc"},"content":"    }","lastModifiedDate":"2024-08-30","isFullCredit":false},{"lineNumber":42,"author":{"gitId":"juliantayyc"},"content":"}","lastModifiedDate":"2024-08-30","isFullCredit":false}],"authorContributionMap":{"juliantayyc":42}},{"path":"src/main/java/DeleteCommand.java","fileType":"java","lines":[{"lineNumber":1,"author":{"gitId":"juliantayyc"},"content":"import java.util.ArrayList;","lastModifiedDate":"2024-08-30","isFullCredit":false},{"lineNumber":2,"author":{"gitId":"juliantayyc"},"content":"","lastModifiedDate":"2024-08-30","isFullCredit":false},{"lineNumber":3,"author":{"gitId":"juliantayyc"},"content":"public class DeleteCommand extends AddCommand {","lastModifiedDate":"2024-08-30","isFullCredit":false},{"lineNumber":4,"author":{"gitId":"juliantayyc"},"content":"    private static final DeleteCommand instance \u003d new DeleteCommand();","lastModifiedDate":"2024-08-30","isFullCredit":false},{"lineNumber":5,"author":{"gitId":"juliantayyc"},"content":"    private DeleteCommand() {","lastModifiedDate":"2024-08-30","isFullCredit":false},{"lineNumber":6,"author":{"gitId":"juliantayyc"},"content":"    };","lastModifiedDate":"2024-08-30","isFullCredit":false},{"lineNumber":7,"author":{"gitId":"juliantayyc"},"content":"    public static DeleteCommand getInstance() {","lastModifiedDate":"2024-08-30","isFullCredit":false},{"lineNumber":8,"author":{"gitId":"juliantayyc"},"content":"        return DeleteCommand.instance;","lastModifiedDate":"2024-08-30","isFullCredit":false},{"lineNumber":9,"author":{"gitId":"juliantayyc"},"content":"    }","lastModifiedDate":"2024-08-30","isFullCredit":false},{"lineNumber":10,"author":{"gitId":"juliantayyc"},"content":"    @Override","lastModifiedDate":"2024-08-30","isFullCredit":false},{"lineNumber":11,"author":{"gitId":"juliantayyc"},"content":"    public void run(String input, ArrayList\u003cTask\u003e taskList) {","lastModifiedDate":"2024-08-30","isFullCredit":false},{"lineNumber":12,"author":{"gitId":"juliantayyc"},"content":"        int taskIndex \u003d Integer.parseInt(input.split(\" \")[1]) - 1;","lastModifiedDate":"2024-08-30","isFullCredit":false},{"lineNumber":13,"author":{"gitId":"juliantayyc"},"content":"        Task task \u003d taskList.remove(taskIndex);","lastModifiedDate":"2024-08-30","isFullCredit":false},{"lineNumber":14,"author":{"gitId":"juliantayyc"},"content":"        System.out.println(\"Noted. I\u0027ve removed this task:\");","lastModifiedDate":"2024-08-30","isFullCredit":false},{"lineNumber":15,"author":{"gitId":"juliantayyc"},"content":"        System.out.printf(\"  %1$s\\n\", task);","lastModifiedDate":"2024-08-30","isFullCredit":false},{"lineNumber":16,"author":{"gitId":"juliantayyc"},"content":"        super.run(input, taskList);","lastModifiedDate":"2024-08-30","isFullCredit":false},{"lineNumber":17,"author":{"gitId":"juliantayyc"},"content":"    }","lastModifiedDate":"2024-08-30","isFullCredit":false},{"lineNumber":18,"author":{"gitId":"juliantayyc"},"content":"}","lastModifiedDate":"2024-08-30","isFullCredit":false}],"authorContributionMap":{"juliantayyc":18}},{"path":"src/main/java/EmptyToDoDescriptionException.java","fileType":"java","lines":[{"lineNumber":1,"author":{"gitId":"juliantayyc"},"content":"public class EmptyToDoDescriptionException extends JBotException {","lastModifiedDate":"2024-08-30","isFullCredit":false},{"lineNumber":2,"author":{"gitId":"juliantayyc"},"content":"    public EmptyToDoDescriptionException(String message) {","lastModifiedDate":"2024-08-30","isFullCredit":false},{"lineNumber":3,"author":{"gitId":"juliantayyc"},"content":"        super(message);","lastModifiedDate":"2024-08-30","isFullCredit":false},{"lineNumber":4,"author":{"gitId":"juliantayyc"},"content":"    }","lastModifiedDate":"2024-08-30","isFullCredit":false},{"lineNumber":5,"author":{"gitId":"juliantayyc"},"content":"}","lastModifiedDate":"2024-08-30","isFullCredit":false}],"authorContributionMap":{"juliantayyc":5}},{"path":"src/main/java/EventCommand.java","fileType":"java","lines":[{"lineNumber":1,"author":{"gitId":"juliantayyc"},"content":"import java.util.ArrayList;","lastModifiedDate":"2024-08-30","isFullCredit":false},{"lineNumber":2,"author":{"gitId":"juliantayyc"},"content":"","lastModifiedDate":"2024-08-30","isFullCredit":false},{"lineNumber":3,"author":{"gitId":"juliantayyc"},"content":"public class EventCommand extends AddCommand {","lastModifiedDate":"2024-08-30","isFullCredit":false},{"lineNumber":4,"author":{"gitId":"juliantayyc"},"content":"    private static final EventCommand instance \u003d new EventCommand();","lastModifiedDate":"2024-08-30","isFullCredit":false},{"lineNumber":5,"author":{"gitId":"juliantayyc"},"content":"    private EventCommand() {","lastModifiedDate":"2024-08-30","isFullCredit":false},{"lineNumber":6,"author":{"gitId":"juliantayyc"},"content":"    };","lastModifiedDate":"2024-08-30","isFullCredit":false},{"lineNumber":7,"author":{"gitId":"juliantayyc"},"content":"    public static EventCommand getInstance() {","lastModifiedDate":"2024-08-30","isFullCredit":false},{"lineNumber":8,"author":{"gitId":"juliantayyc"},"content":"        return EventCommand.instance;","lastModifiedDate":"2024-08-30","isFullCredit":false},{"lineNumber":9,"author":{"gitId":"juliantayyc"},"content":"    }","lastModifiedDate":"2024-08-30","isFullCredit":false},{"lineNumber":10,"author":{"gitId":"juliantayyc"},"content":"    @Override","lastModifiedDate":"2024-08-30","isFullCredit":false},{"lineNumber":11,"author":{"gitId":"juliantayyc"},"content":"    public void run(String input, ArrayList\u003cTask\u003e taskList) {","lastModifiedDate":"2024-08-30","isFullCredit":false},{"lineNumber":12,"author":{"gitId":"juliantayyc"},"content":"        Task task \u003d new EventTask(input);","lastModifiedDate":"2024-08-30","isFullCredit":false},{"lineNumber":13,"author":{"gitId":"juliantayyc"},"content":"        taskList.add(task);","lastModifiedDate":"2024-08-30","isFullCredit":false},{"lineNumber":14,"author":{"gitId":"juliantayyc"},"content":"        System.out.println(\"Got it. I\u0027ve added this task:\");","lastModifiedDate":"2024-08-30","isFullCredit":false},{"lineNumber":15,"author":{"gitId":"juliantayyc"},"content":"        System.out.printf(\"  %1$s\\n\", task);","lastModifiedDate":"2024-08-30","isFullCredit":false},{"lineNumber":16,"author":{"gitId":"juliantayyc"},"content":"        super.run(input, taskList);","lastModifiedDate":"2024-08-30","isFullCredit":false},{"lineNumber":17,"author":{"gitId":"juliantayyc"},"content":"    }","lastModifiedDate":"2024-08-30","isFullCredit":false},{"lineNumber":18,"author":{"gitId":"juliantayyc"},"content":"}","lastModifiedDate":"2024-08-30","isFullCredit":false}],"authorContributionMap":{"juliantayyc":18}},{"path":"src/main/java/EventTask.java","fileType":"java","lines":[{"lineNumber":1,"author":{"gitId":"juliantayyc"},"content":"public class EventTask extends Task {","lastModifiedDate":"2024-08-30","isFullCredit":false},{"lineNumber":2,"author":{"gitId":"juliantayyc"},"content":"","lastModifiedDate":"2024-08-30","isFullCredit":false},{"lineNumber":3,"author":{"gitId":"juliantayyc"},"content":"    String from;","lastModifiedDate":"2024-08-30","isFullCredit":false},{"lineNumber":4,"author":{"gitId":"juliantayyc"},"content":"    String to;","lastModifiedDate":"2024-08-30","isFullCredit":false},{"lineNumber":5,"author":{"gitId":"juliantayyc"},"content":"","lastModifiedDate":"2024-08-30","isFullCredit":false},{"lineNumber":6,"author":{"gitId":"juliantayyc"},"content":"    public EventTask(String input) {","lastModifiedDate":"2024-08-30","isFullCredit":false},{"lineNumber":7,"author":{"gitId":"juliantayyc"},"content":"","lastModifiedDate":"2024-08-30","isFullCredit":false},{"lineNumber":8,"author":{"gitId":"juliantayyc"},"content":"        this.taskTypeSymbol \u003d \"E\";","lastModifiedDate":"2024-08-30","isFullCredit":false},{"lineNumber":9,"author":{"gitId":"juliantayyc"},"content":"","lastModifiedDate":"2024-08-30","isFullCredit":false},{"lineNumber":10,"author":{"gitId":"juliantayyc"},"content":"        int fromIndex \u003d input.indexOf(\"/from\");","lastModifiedDate":"2024-08-30","isFullCredit":false},{"lineNumber":11,"author":{"gitId":"juliantayyc"},"content":"        int toIndex \u003d input.indexOf(\"/to\");","lastModifiedDate":"2024-08-30","isFullCredit":false},{"lineNumber":12,"author":{"gitId":"juliantayyc"},"content":"","lastModifiedDate":"2024-08-30","isFullCredit":false},{"lineNumber":13,"author":{"gitId":"juliantayyc"},"content":"        this.name \u003d input.substring(6, fromIndex).trim();","lastModifiedDate":"2024-08-30","isFullCredit":false},{"lineNumber":14,"author":{"gitId":"juliantayyc"},"content":"        this.from \u003d input.substring(fromIndex + 6, toIndex).trim();","lastModifiedDate":"2024-08-30","isFullCredit":false},{"lineNumber":15,"author":{"gitId":"juliantayyc"},"content":"        this.to \u003d input.substring(toIndex + 4).trim();","lastModifiedDate":"2024-08-30","isFullCredit":false},{"lineNumber":16,"author":{"gitId":"juliantayyc"},"content":"    }","lastModifiedDate":"2024-08-30","isFullCredit":false},{"lineNumber":17,"author":{"gitId":"juliantayyc"},"content":"","lastModifiedDate":"2024-08-30","isFullCredit":false},{"lineNumber":18,"author":{"gitId":"juliantayyc"},"content":"    @Override","lastModifiedDate":"2024-08-30","isFullCredit":false},{"lineNumber":19,"author":{"gitId":"juliantayyc"},"content":"    public String toString() {","lastModifiedDate":"2024-08-30","isFullCredit":false},{"lineNumber":20,"author":{"gitId":"juliantayyc"},"content":"        return String.format(\"%1$s (from: %2$s to: %3$s)\", super.toString(), this.from, this.to);","lastModifiedDate":"2024-08-30","isFullCredit":false},{"lineNumber":21,"author":{"gitId":"juliantayyc"},"content":"    }","lastModifiedDate":"2024-08-30","isFullCredit":false},{"lineNumber":22,"author":{"gitId":"juliantayyc"},"content":"}","lastModifiedDate":"2024-08-30","isFullCredit":false}],"authorContributionMap":{"juliantayyc":22}},{"path":"src/main/java/InvalidCommandException.java","fileType":"java","lines":[{"lineNumber":1,"author":{"gitId":"juliantayyc"},"content":"public class InvalidCommandException extends JBotException {","lastModifiedDate":"2024-08-30","isFullCredit":false},{"lineNumber":2,"author":{"gitId":"juliantayyc"},"content":"    public InvalidCommandException(String message) {","lastModifiedDate":"2024-08-30","isFullCredit":false},{"lineNumber":3,"author":{"gitId":"juliantayyc"},"content":"        super(message);","lastModifiedDate":"2024-08-30","isFullCredit":false},{"lineNumber":4,"author":{"gitId":"juliantayyc"},"content":"    }","lastModifiedDate":"2024-08-30","isFullCredit":false},{"lineNumber":5,"author":{"gitId":"juliantayyc"},"content":"}","lastModifiedDate":"2024-08-30","isFullCredit":false}],"authorContributionMap":{"juliantayyc":5}},{"path":"src/main/java/JBot.java","fileType":"java","lines":[{"lineNumber":1,"author":{"gitId":"juliantayyc"},"content":"import java.util.ArrayList;","lastModifiedDate":"2024-08-30","isFullCredit":false},{"lineNumber":2,"author":{"gitId":"juliantayyc"},"content":"import java.util.HashMap;","lastModifiedDate":"2024-08-30","isFullCredit":false},{"lineNumber":3,"author":{"gitId":"juliantayyc"},"content":"import java.util.Map;","lastModifiedDate":"2024-08-30","isFullCredit":false},{"lineNumber":4,"author":{"gitId":"juliantayyc"},"content":"import java.util.Scanner;","lastModifiedDate":"2024-08-30","isFullCredit":false},{"lineNumber":5,"author":{"gitId":"juliantayyc"},"content":"","lastModifiedDate":"2024-08-30","isFullCredit":false},{"lineNumber":6,"author":{"gitId":"juliantayyc"},"content":"","lastModifiedDate":"2024-08-30","isFullCredit":false},{"lineNumber":7,"author":{"gitId":"juliantayyc"},"content":"public class JBot {","lastModifiedDate":"2024-08-30","isFullCredit":false},{"lineNumber":8,"author":{"gitId":"juliantayyc"},"content":"    private static boolean isRunning \u003d true;","lastModifiedDate":"2024-08-30","isFullCredit":false},{"lineNumber":9,"author":{"gitId":"juliantayyc"},"content":"    private static Map\u003cString, JBotCommand\u003e commandMap;","lastModifiedDate":"2024-08-30","isFullCredit":false},{"lineNumber":10,"author":{"gitId":"juliantayyc"},"content":"    private static ArrayList\u003cTask\u003e taskList;","lastModifiedDate":"2024-08-30","isFullCredit":false},{"lineNumber":11,"author":{"gitId":"juliantayyc"},"content":"","lastModifiedDate":"2024-08-30","isFullCredit":false},{"lineNumber":12,"author":{"gitId":"juliantayyc"},"content":"    private static void hLine() {","lastModifiedDate":"2024-08-30","isFullCredit":false},{"lineNumber":13,"author":{"gitId":"juliantayyc"},"content":"        System.out.println(\"________________________________________\");","lastModifiedDate":"2024-08-30","isFullCredit":false},{"lineNumber":14,"author":{"gitId":"juliantayyc"},"content":"    }","lastModifiedDate":"2024-08-30","isFullCredit":false},{"lineNumber":15,"author":{"gitId":"juliantayyc"},"content":"","lastModifiedDate":"2024-08-30","isFullCredit":false},{"lineNumber":16,"author":{"gitId":"juliantayyc"},"content":"    public static void initCommandMap() {","lastModifiedDate":"2024-08-30","isFullCredit":false},{"lineNumber":17,"author":{"gitId":"juliantayyc"},"content":"        commandMap \u003d new HashMap\u003c\u003e();","lastModifiedDate":"2024-08-30","isFullCredit":false},{"lineNumber":18,"author":{"gitId":"juliantayyc"},"content":"        commandMap.put(\"list\", ListCommand.getInstance());","lastModifiedDate":"2024-08-30","isFullCredit":false},{"lineNumber":19,"author":{"gitId":"juliantayyc"},"content":"        commandMap.put(\"bye\", ByeCommand.getInstance());","lastModifiedDate":"2024-08-30","isFullCredit":false},{"lineNumber":20,"author":{"gitId":"juliantayyc"},"content":"        commandMap.put(\"mark\", MarkCommand.getInstance());","lastModifiedDate":"2024-08-30","isFullCredit":false},{"lineNumber":21,"author":{"gitId":"juliantayyc"},"content":"        commandMap.put(\"unmark\", UnmarkCommand.getInstance());","lastModifiedDate":"2024-08-30","isFullCredit":false},{"lineNumber":22,"author":{"gitId":"juliantayyc"},"content":"        commandMap.put(\"todo\", ToDoCommand.getInstance());","lastModifiedDate":"2024-08-30","isFullCredit":false},{"lineNumber":23,"author":{"gitId":"juliantayyc"},"content":"        commandMap.put(\"deadline\", DeadlineCommand.getInstance());","lastModifiedDate":"2024-08-30","isFullCredit":false},{"lineNumber":24,"author":{"gitId":"juliantayyc"},"content":"        commandMap.put(\"event\", EventCommand.getInstance());","lastModifiedDate":"2024-08-30","isFullCredit":false},{"lineNumber":25,"author":{"gitId":"juliantayyc"},"content":"        commandMap.put(\"delete\", DeleteCommand.getInstance());","lastModifiedDate":"2024-08-30","isFullCredit":false},{"lineNumber":26,"author":{"gitId":"juliantayyc"},"content":"    }","lastModifiedDate":"2024-08-30","isFullCredit":false},{"lineNumber":27,"author":{"gitId":"juliantayyc"},"content":"","lastModifiedDate":"2024-08-30","isFullCredit":false},{"lineNumber":28,"author":{"gitId":"juliantayyc"},"content":"    private static void greetUser() {","lastModifiedDate":"2024-08-30","isFullCredit":false},{"lineNumber":29,"author":{"gitId":"juliantayyc"},"content":"        hLine();","lastModifiedDate":"2024-08-30","isFullCredit":false},{"lineNumber":30,"author":{"gitId":"juliantayyc"},"content":"        System.out.println(\"Hello! I\u0027m JBot\");","lastModifiedDate":"2024-08-30","isFullCredit":false},{"lineNumber":31,"author":{"gitId":"juliantayyc"},"content":"        System.out.println(\"What can I do for you?\");","lastModifiedDate":"2024-08-30","isFullCredit":false},{"lineNumber":32,"author":{"gitId":"juliantayyc"},"content":"        hLine();","lastModifiedDate":"2024-08-30","isFullCredit":false},{"lineNumber":33,"author":{"gitId":"juliantayyc"},"content":"    }","lastModifiedDate":"2024-08-30","isFullCredit":false},{"lineNumber":34,"author":{"gitId":"juliantayyc"},"content":"","lastModifiedDate":"2024-08-30","isFullCredit":false},{"lineNumber":35,"author":{"gitId":"juliantayyc"},"content":"    public static void main(String[] args) {","lastModifiedDate":"2024-08-30","isFullCredit":false},{"lineNumber":36,"author":{"gitId":"juliantayyc"},"content":"        Storage storage \u003d new Storage();","lastModifiedDate":"2024-08-30","isFullCredit":false},{"lineNumber":37,"author":{"gitId":"juliantayyc"},"content":"        JBot.taskList \u003d Storage.parseData();","lastModifiedDate":"2024-08-30","isFullCredit":false},{"lineNumber":38,"author":{"gitId":"juliantayyc"},"content":"        initCommandMap();","lastModifiedDate":"2024-08-30","isFullCredit":false},{"lineNumber":39,"author":{"gitId":"juliantayyc"},"content":"        greetUser();","lastModifiedDate":"2024-08-30","isFullCredit":false},{"lineNumber":40,"author":{"gitId":"juliantayyc"},"content":"        Scanner sc \u003d new Scanner(System.in);","lastModifiedDate":"2024-08-30","isFullCredit":false},{"lineNumber":41,"author":{"gitId":"juliantayyc"},"content":"","lastModifiedDate":"2024-08-30","isFullCredit":false},{"lineNumber":42,"author":{"gitId":"juliantayyc"},"content":"        while (JBot.isRunning) {","lastModifiedDate":"2024-08-30","isFullCredit":false},{"lineNumber":43,"author":{"gitId":"juliantayyc"},"content":"            String userInput \u003d sc.nextLine();","lastModifiedDate":"2024-08-30","isFullCredit":false},{"lineNumber":44,"author":{"gitId":"juliantayyc"},"content":"            String inputCommand \u003d userInput.split(\" \")[0];","lastModifiedDate":"2024-08-30","isFullCredit":false},{"lineNumber":45,"author":{"gitId":"juliantayyc"},"content":"            JBotCommand command \u003d commandMap.get(inputCommand);","lastModifiedDate":"2024-08-30","isFullCredit":false},{"lineNumber":46,"author":{"gitId":"juliantayyc"},"content":"","lastModifiedDate":"2024-08-30","isFullCredit":false},{"lineNumber":47,"author":{"gitId":"juliantayyc"},"content":"            try {","lastModifiedDate":"2024-08-30","isFullCredit":false},{"lineNumber":48,"author":{"gitId":"juliantayyc"},"content":"                if (command \u003d\u003d null) {","lastModifiedDate":"2024-08-30","isFullCredit":false},{"lineNumber":49,"author":{"gitId":"juliantayyc"},"content":"                    throw new InvalidCommandException(\"Invalid command: \" + inputCommand);","lastModifiedDate":"2024-08-30","isFullCredit":false},{"lineNumber":50,"author":{"gitId":"juliantayyc"},"content":"                }","lastModifiedDate":"2024-08-30","isFullCredit":false},{"lineNumber":51,"author":{"gitId":"juliantayyc"},"content":"","lastModifiedDate":"2024-08-30","isFullCredit":false},{"lineNumber":52,"author":{"gitId":"juliantayyc"},"content":"                hLine();","lastModifiedDate":"2024-08-30","isFullCredit":false},{"lineNumber":53,"author":{"gitId":"juliantayyc"},"content":"                command.run(userInput, taskList);","lastModifiedDate":"2024-08-30","isFullCredit":false},{"lineNumber":54,"author":{"gitId":"juliantayyc"},"content":"                hLine();","lastModifiedDate":"2024-08-30","isFullCredit":false},{"lineNumber":55,"author":{"gitId":"juliantayyc"},"content":"","lastModifiedDate":"2024-08-30","isFullCredit":false},{"lineNumber":56,"author":{"gitId":"juliantayyc"},"content":"                // Save the task list after each command","lastModifiedDate":"2024-08-30","isFullCredit":false},{"lineNumber":57,"author":{"gitId":"juliantayyc"},"content":"                Storage.updateData(taskList);","lastModifiedDate":"2024-08-30","isFullCredit":false},{"lineNumber":58,"author":{"gitId":"juliantayyc"},"content":"","lastModifiedDate":"2024-08-30","isFullCredit":false},{"lineNumber":59,"author":{"gitId":"juliantayyc"},"content":"                if (command.equals(ByeCommand.getInstance())) {","lastModifiedDate":"2024-08-30","isFullCredit":false},{"lineNumber":60,"author":{"gitId":"juliantayyc"},"content":"                    sc.close();","lastModifiedDate":"2024-08-30","isFullCredit":false},{"lineNumber":61,"author":{"gitId":"juliantayyc"},"content":"                    JBot.isRunning \u003d false;","lastModifiedDate":"2024-08-30","isFullCredit":false},{"lineNumber":62,"author":{"gitId":"juliantayyc"},"content":"                }","lastModifiedDate":"2024-08-30","isFullCredit":false},{"lineNumber":63,"author":{"gitId":"juliantayyc"},"content":"            } catch (InvalidCommandException e) {","lastModifiedDate":"2024-08-30","isFullCredit":false},{"lineNumber":64,"author":{"gitId":"juliantayyc"},"content":"                hLine();","lastModifiedDate":"2024-08-30","isFullCredit":false},{"lineNumber":65,"author":{"gitId":"juliantayyc"},"content":"                System.out.println(e.getMessage());","lastModifiedDate":"2024-08-30","isFullCredit":false},{"lineNumber":66,"author":{"gitId":"juliantayyc"},"content":"                hLine();","lastModifiedDate":"2024-08-30","isFullCredit":false},{"lineNumber":67,"author":{"gitId":"juliantayyc"},"content":"            }","lastModifiedDate":"2024-08-30","isFullCredit":false},{"lineNumber":68,"author":{"gitId":"juliantayyc"},"content":"        }","lastModifiedDate":"2024-08-30","isFullCredit":false},{"lineNumber":69,"author":{"gitId":"juliantayyc"},"content":"    }","lastModifiedDate":"2024-08-30","isFullCredit":false},{"lineNumber":70,"author":{"gitId":"juliantayyc"},"content":"}","lastModifiedDate":"2024-08-30","isFullCredit":false}],"authorContributionMap":{"juliantayyc":70}},{"path":"src/main/java/JBotCommand.java","fileType":"java","lines":[{"lineNumber":1,"author":{"gitId":"juliantayyc"},"content":"import java.util.ArrayList;","lastModifiedDate":"2024-08-30","isFullCredit":false},{"lineNumber":2,"author":{"gitId":"juliantayyc"},"content":"","lastModifiedDate":"2024-08-30","isFullCredit":false},{"lineNumber":3,"author":{"gitId":"juliantayyc"},"content":"public interface JBotCommand {","lastModifiedDate":"2024-08-30","isFullCredit":false},{"lineNumber":4,"author":{"gitId":"juliantayyc"},"content":"    public void run(String input, ArrayList\u003cTask\u003e taskList);","lastModifiedDate":"2024-08-30","isFullCredit":false},{"lineNumber":5,"author":{"gitId":"juliantayyc"},"content":"","lastModifiedDate":"2024-08-30","isFullCredit":false},{"lineNumber":6,"author":{"gitId":"juliantayyc"},"content":"","lastModifiedDate":"2024-08-30","isFullCredit":false},{"lineNumber":7,"author":{"gitId":"juliantayyc"},"content":"}","lastModifiedDate":"2024-08-30","isFullCredit":false}],"authorContributionMap":{"juliantayyc":7}},{"path":"src/main/java/JBotException.java","fileType":"java","lines":[{"lineNumber":1,"author":{"gitId":"juliantayyc"},"content":"public class JBotException extends Exception {","lastModifiedDate":"2024-08-30","isFullCredit":false},{"lineNumber":2,"author":{"gitId":"juliantayyc"},"content":"    public JBotException(String message) {","lastModifiedDate":"2024-08-30","isFullCredit":false},{"lineNumber":3,"author":{"gitId":"juliantayyc"},"content":"        super(message);","lastModifiedDate":"2024-08-30","isFullCredit":false},{"lineNumber":4,"author":{"gitId":"juliantayyc"},"content":"    }","lastModifiedDate":"2024-08-30","isFullCredit":false},{"lineNumber":5,"author":{"gitId":"juliantayyc"},"content":"}","lastModifiedDate":"2024-08-30","isFullCredit":false}],"authorContributionMap":{"juliantayyc":5}},{"path":"src/main/java/ListCommand.java","fileType":"java","lines":[{"lineNumber":1,"author":{"gitId":"juliantayyc"},"content":"import java.util.ArrayList;","lastModifiedDate":"2024-08-30","isFullCredit":false},{"lineNumber":2,"author":{"gitId":"juliantayyc"},"content":"","lastModifiedDate":"2024-08-30","isFullCredit":false},{"lineNumber":3,"author":{"gitId":"juliantayyc"},"content":"public class ListCommand implements JBotCommand {","lastModifiedDate":"2024-08-30","isFullCredit":false},{"lineNumber":4,"author":{"gitId":"juliantayyc"},"content":"","lastModifiedDate":"2024-08-30","isFullCredit":false},{"lineNumber":5,"author":{"gitId":"juliantayyc"},"content":"    private static final ListCommand instance \u003d new ListCommand();","lastModifiedDate":"2024-08-30","isFullCredit":false},{"lineNumber":6,"author":{"gitId":"juliantayyc"},"content":"    private ListCommand() {","lastModifiedDate":"2024-08-30","isFullCredit":false},{"lineNumber":7,"author":{"gitId":"juliantayyc"},"content":"    };","lastModifiedDate":"2024-08-30","isFullCredit":false},{"lineNumber":8,"author":{"gitId":"juliantayyc"},"content":"    public static ListCommand getInstance() {","lastModifiedDate":"2024-08-30","isFullCredit":false},{"lineNumber":9,"author":{"gitId":"juliantayyc"},"content":"        return ListCommand.instance;","lastModifiedDate":"2024-08-30","isFullCredit":false},{"lineNumber":10,"author":{"gitId":"juliantayyc"},"content":"    }","lastModifiedDate":"2024-08-30","isFullCredit":false},{"lineNumber":11,"author":{"gitId":"juliantayyc"},"content":"    @Override","lastModifiedDate":"2024-08-30","isFullCredit":false},{"lineNumber":12,"author":{"gitId":"juliantayyc"},"content":"    public void run(String input, ArrayList\u003cTask\u003e taskList) {","lastModifiedDate":"2024-08-30","isFullCredit":false},{"lineNumber":13,"author":{"gitId":"juliantayyc"},"content":"        int counter \u003d 1;","lastModifiedDate":"2024-08-30","isFullCredit":false},{"lineNumber":14,"author":{"gitId":"juliantayyc"},"content":"","lastModifiedDate":"2024-08-30","isFullCredit":false},{"lineNumber":15,"author":{"gitId":"juliantayyc"},"content":"        System.out.println(\"Here are the tasks in your list:\");","lastModifiedDate":"2024-08-30","isFullCredit":false},{"lineNumber":16,"author":{"gitId":"juliantayyc"},"content":"","lastModifiedDate":"2024-08-30","isFullCredit":false},{"lineNumber":17,"author":{"gitId":"juliantayyc"},"content":"        for (Task task : taskList) {","lastModifiedDate":"2024-08-30","isFullCredit":false},{"lineNumber":18,"author":{"gitId":"juliantayyc"},"content":"            System.out.printf(","lastModifiedDate":"2024-08-30","isFullCredit":false},{"lineNumber":19,"author":{"gitId":"juliantayyc"},"content":"                    \"%1$s. %2$s%n\",","lastModifiedDate":"2024-08-30","isFullCredit":false},{"lineNumber":20,"author":{"gitId":"juliantayyc"},"content":"                    counter,","lastModifiedDate":"2024-08-30","isFullCredit":false},{"lineNumber":21,"author":{"gitId":"juliantayyc"},"content":"                    task","lastModifiedDate":"2024-08-30","isFullCredit":false},{"lineNumber":22,"author":{"gitId":"juliantayyc"},"content":"            );","lastModifiedDate":"2024-08-30","isFullCredit":false},{"lineNumber":23,"author":{"gitId":"juliantayyc"},"content":"            counter++;","lastModifiedDate":"2024-08-30","isFullCredit":false},{"lineNumber":24,"author":{"gitId":"juliantayyc"},"content":"        }","lastModifiedDate":"2024-08-30","isFullCredit":false},{"lineNumber":25,"author":{"gitId":"juliantayyc"},"content":"    }","lastModifiedDate":"2024-08-30","isFullCredit":false},{"lineNumber":26,"author":{"gitId":"juliantayyc"},"content":"}","lastModifiedDate":"2024-08-30","isFullCredit":false}],"authorContributionMap":{"juliantayyc":26}},{"path":"src/main/java/MarkCommand.java","fileType":"java","lines":[{"lineNumber":1,"author":{"gitId":"juliantayyc"},"content":"import java.util.ArrayList;","lastModifiedDate":"2024-08-30","isFullCredit":false},{"lineNumber":2,"author":{"gitId":"juliantayyc"},"content":"","lastModifiedDate":"2024-08-30","isFullCredit":false},{"lineNumber":3,"author":{"gitId":"juliantayyc"},"content":"public class MarkCommand implements JBotCommand {","lastModifiedDate":"2024-08-30","isFullCredit":false},{"lineNumber":4,"author":{"gitId":"juliantayyc"},"content":"    private static final MarkCommand instance \u003d new MarkCommand();","lastModifiedDate":"2024-08-30","isFullCredit":false},{"lineNumber":5,"author":{"gitId":"juliantayyc"},"content":"    private MarkCommand() {","lastModifiedDate":"2024-08-30","isFullCredit":false},{"lineNumber":6,"author":{"gitId":"juliantayyc"},"content":"    };","lastModifiedDate":"2024-08-30","isFullCredit":false},{"lineNumber":7,"author":{"gitId":"juliantayyc"},"content":"    public static MarkCommand getInstance() {","lastModifiedDate":"2024-08-30","isFullCredit":false},{"lineNumber":8,"author":{"gitId":"juliantayyc"},"content":"        return MarkCommand.instance;","lastModifiedDate":"2024-08-30","isFullCredit":false},{"lineNumber":9,"author":{"gitId":"juliantayyc"},"content":"    }","lastModifiedDate":"2024-08-30","isFullCredit":false},{"lineNumber":10,"author":{"gitId":"juliantayyc"},"content":"    @Override","lastModifiedDate":"2024-08-30","isFullCredit":false},{"lineNumber":11,"author":{"gitId":"juliantayyc"},"content":"    public void run(String input, ArrayList\u003cTask\u003e taskList) {","lastModifiedDate":"2024-08-30","isFullCredit":false},{"lineNumber":12,"author":{"gitId":"juliantayyc"},"content":"        int taskIndex \u003d Integer.parseInt(input.split(\" \")[1]) - 1;","lastModifiedDate":"2024-08-30","isFullCredit":false},{"lineNumber":13,"author":{"gitId":"juliantayyc"},"content":"","lastModifiedDate":"2024-08-30","isFullCredit":false},{"lineNumber":14,"author":{"gitId":"juliantayyc"},"content":"        Task task \u003d taskList.get(taskIndex);","lastModifiedDate":"2024-08-30","isFullCredit":false},{"lineNumber":15,"author":{"gitId":"juliantayyc"},"content":"        task.markAsDone();","lastModifiedDate":"2024-08-30","isFullCredit":false},{"lineNumber":16,"author":{"gitId":"juliantayyc"},"content":"","lastModifiedDate":"2024-08-30","isFullCredit":false},{"lineNumber":17,"author":{"gitId":"juliantayyc"},"content":"        System.out.println(\"Nice! I\u0027ve marked this task as done:\");","lastModifiedDate":"2024-08-30","isFullCredit":false},{"lineNumber":18,"author":{"gitId":"juliantayyc"},"content":"        System.out.printf(\"  %1$s\\n\", task);","lastModifiedDate":"2024-08-30","isFullCredit":false},{"lineNumber":19,"author":{"gitId":"juliantayyc"},"content":"    }","lastModifiedDate":"2024-08-30","isFullCredit":false},{"lineNumber":20,"author":{"gitId":"juliantayyc"},"content":"}","lastModifiedDate":"2024-08-30","isFullCredit":false}],"authorContributionMap":{"juliantayyc":20}},{"path":"src/main/java/Storage.java","fileType":"java","lines":[{"lineNumber":1,"author":{"gitId":"juliantayyc"},"content":"import java.io.BufferedReader;","lastModifiedDate":"2024-08-30","isFullCredit":false},{"lineNumber":2,"author":{"gitId":"juliantayyc"},"content":"import java.io.BufferedWriter;","lastModifiedDate":"2024-08-30","isFullCredit":false},{"lineNumber":3,"author":{"gitId":"juliantayyc"},"content":"import java.io.File;","lastModifiedDate":"2024-08-30","isFullCredit":false},{"lineNumber":4,"author":{"gitId":"juliantayyc"},"content":"import java.io.FileReader;","lastModifiedDate":"2024-08-30","isFullCredit":false},{"lineNumber":5,"author":{"gitId":"juliantayyc"},"content":"import java.io.FileWriter;","lastModifiedDate":"2024-08-30","isFullCredit":false},{"lineNumber":6,"author":{"gitId":"juliantayyc"},"content":"import java.io.IOException;","lastModifiedDate":"2024-08-30","isFullCredit":false},{"lineNumber":7,"author":{"gitId":"juliantayyc"},"content":"import java.nio.file.Path;","lastModifiedDate":"2024-08-30","isFullCredit":false},{"lineNumber":8,"author":{"gitId":"juliantayyc"},"content":"import java.nio.file.Paths;","lastModifiedDate":"2024-08-30","isFullCredit":false},{"lineNumber":9,"author":{"gitId":"juliantayyc"},"content":"import java.util.ArrayList;","lastModifiedDate":"2024-08-30","isFullCredit":false},{"lineNumber":10,"author":{"gitId":"juliantayyc"},"content":"","lastModifiedDate":"2024-08-30","isFullCredit":false},{"lineNumber":11,"author":{"gitId":"juliantayyc"},"content":"import org.json.JSONArray;","lastModifiedDate":"2024-08-30","isFullCredit":false},{"lineNumber":12,"author":{"gitId":"juliantayyc"},"content":"import org.json.JSONObject;","lastModifiedDate":"2024-08-30","isFullCredit":false},{"lineNumber":13,"author":{"gitId":"juliantayyc"},"content":"public class Storage {","lastModifiedDate":"2024-08-30","isFullCredit":false},{"lineNumber":14,"author":{"gitId":"juliantayyc"},"content":"    private static File storageFile;","lastModifiedDate":"2024-08-30","isFullCredit":false},{"lineNumber":15,"author":{"gitId":"juliantayyc"},"content":"","lastModifiedDate":"2024-08-30","isFullCredit":false},{"lineNumber":16,"author":{"gitId":"juliantayyc"},"content":"    public Storage() {","lastModifiedDate":"2024-08-30","isFullCredit":false},{"lineNumber":17,"author":{"gitId":"juliantayyc"},"content":"        Storage.storageFile \u003d getStorageFile();","lastModifiedDate":"2024-08-30","isFullCredit":false},{"lineNumber":18,"author":{"gitId":"juliantayyc"},"content":"    }","lastModifiedDate":"2024-08-30","isFullCredit":false},{"lineNumber":19,"author":{"gitId":"juliantayyc"},"content":"","lastModifiedDate":"2024-08-30","isFullCredit":false},{"lineNumber":20,"author":{"gitId":"juliantayyc"},"content":"    public static File getStorageFile() {","lastModifiedDate":"2024-08-30","isFullCredit":false},{"lineNumber":21,"author":{"gitId":"juliantayyc"},"content":"        Path dataFilePath \u003d Paths.get(\"data\", \"JBotStorage.json\");","lastModifiedDate":"2024-08-30","isFullCredit":false},{"lineNumber":22,"author":{"gitId":"juliantayyc"},"content":"        File file \u003d dataFilePath.toFile();","lastModifiedDate":"2024-08-30","isFullCredit":false},{"lineNumber":23,"author":{"gitId":"juliantayyc"},"content":"","lastModifiedDate":"2024-08-30","isFullCredit":false},{"lineNumber":24,"author":{"gitId":"juliantayyc"},"content":"        // Create the file if it doesn\u0027t exist","lastModifiedDate":"2024-08-30","isFullCredit":false},{"lineNumber":25,"author":{"gitId":"juliantayyc"},"content":"        if (!file.exists()) {","lastModifiedDate":"2024-08-30","isFullCredit":false},{"lineNumber":26,"author":{"gitId":"juliantayyc"},"content":"            try {","lastModifiedDate":"2024-08-30","isFullCredit":false},{"lineNumber":27,"author":{"gitId":"juliantayyc"},"content":"                // Ensure the parent directories exist","lastModifiedDate":"2024-08-30","isFullCredit":false},{"lineNumber":28,"author":{"gitId":"juliantayyc"},"content":"                file.getParentFile().mkdirs();","lastModifiedDate":"2024-08-30","isFullCredit":false},{"lineNumber":29,"author":{"gitId":"juliantayyc"},"content":"","lastModifiedDate":"2024-08-30","isFullCredit":false},{"lineNumber":30,"author":{"gitId":"juliantayyc"},"content":"                // Create the file","lastModifiedDate":"2024-08-30","isFullCredit":false},{"lineNumber":31,"author":{"gitId":"juliantayyc"},"content":"                if (file.createNewFile()) {","lastModifiedDate":"2024-08-30","isFullCredit":false},{"lineNumber":32,"author":{"gitId":"juliantayyc"},"content":"                    System.out.println(\"File created: \" + file.getAbsolutePath());","lastModifiedDate":"2024-08-30","isFullCredit":false},{"lineNumber":33,"author":{"gitId":"juliantayyc"},"content":"                } else {","lastModifiedDate":"2024-08-30","isFullCredit":false},{"lineNumber":34,"author":{"gitId":"juliantayyc"},"content":"                    System.out.println(\"Failed to create file: \" + file.getAbsolutePath());","lastModifiedDate":"2024-08-30","isFullCredit":false},{"lineNumber":35,"author":{"gitId":"juliantayyc"},"content":"                }","lastModifiedDate":"2024-08-30","isFullCredit":false},{"lineNumber":36,"author":{"gitId":"juliantayyc"},"content":"            } catch (IOException e) {","lastModifiedDate":"2024-08-30","isFullCredit":false},{"lineNumber":37,"author":{"gitId":"juliantayyc"},"content":"                System.out.println(\"An error occurred while creating the file.\");","lastModifiedDate":"2024-08-30","isFullCredit":false},{"lineNumber":38,"author":{"gitId":"juliantayyc"},"content":"                e.printStackTrace();","lastModifiedDate":"2024-08-30","isFullCredit":false},{"lineNumber":39,"author":{"gitId":"juliantayyc"},"content":"            }","lastModifiedDate":"2024-08-30","isFullCredit":false},{"lineNumber":40,"author":{"gitId":"juliantayyc"},"content":"        } else {","lastModifiedDate":"2024-08-30","isFullCredit":false},{"lineNumber":41,"author":{"gitId":"juliantayyc"},"content":"            System.out.println(\"File already exists: \" + file.getAbsolutePath());","lastModifiedDate":"2024-08-30","isFullCredit":false},{"lineNumber":42,"author":{"gitId":"juliantayyc"},"content":"        }","lastModifiedDate":"2024-08-30","isFullCredit":false},{"lineNumber":43,"author":{"gitId":"juliantayyc"},"content":"","lastModifiedDate":"2024-08-30","isFullCredit":false},{"lineNumber":44,"author":{"gitId":"juliantayyc"},"content":"        return file;","lastModifiedDate":"2024-08-30","isFullCredit":false},{"lineNumber":45,"author":{"gitId":"juliantayyc"},"content":"    }","lastModifiedDate":"2024-08-30","isFullCredit":false},{"lineNumber":46,"author":{"gitId":"juliantayyc"},"content":"","lastModifiedDate":"2024-08-30","isFullCredit":false},{"lineNumber":47,"author":{"gitId":"juliantayyc"},"content":"    public static void updateData(ArrayList\u003cTask\u003e taskList) {","lastModifiedDate":"2024-08-30","isFullCredit":false},{"lineNumber":48,"author":{"gitId":"juliantayyc"},"content":"        try (BufferedWriter writer \u003d new BufferedWriter(new FileWriter(storageFile))) {","lastModifiedDate":"2024-08-30","isFullCredit":false},{"lineNumber":49,"author":{"gitId":"juliantayyc"},"content":"            StringBuilder json \u003d new StringBuilder();","lastModifiedDate":"2024-08-30","isFullCredit":false},{"lineNumber":50,"author":{"gitId":"juliantayyc"},"content":"            json.append(\"[\");","lastModifiedDate":"2024-08-30","isFullCredit":false},{"lineNumber":51,"author":{"gitId":"juliantayyc"},"content":"","lastModifiedDate":"2024-08-30","isFullCredit":false},{"lineNumber":52,"author":{"gitId":"juliantayyc"},"content":"            for (int i \u003d 0; i \u003c taskList.size(); i++) {","lastModifiedDate":"2024-08-30","isFullCredit":false},{"lineNumber":53,"author":{"gitId":"juliantayyc"},"content":"                Task task \u003d taskList.get(i);","lastModifiedDate":"2024-08-30","isFullCredit":false},{"lineNumber":54,"author":{"gitId":"juliantayyc"},"content":"                if (i \u003e 0) {","lastModifiedDate":"2024-08-30","isFullCredit":false},{"lineNumber":55,"author":{"gitId":"juliantayyc"},"content":"                    json.append(\",\");","lastModifiedDate":"2024-08-30","isFullCredit":false},{"lineNumber":56,"author":{"gitId":"juliantayyc"},"content":"                }","lastModifiedDate":"2024-08-30","isFullCredit":false},{"lineNumber":57,"author":{"gitId":"juliantayyc"},"content":"                json.append(taskToJson(task));","lastModifiedDate":"2024-08-30","isFullCredit":false},{"lineNumber":58,"author":{"gitId":"juliantayyc"},"content":"            }","lastModifiedDate":"2024-08-30","isFullCredit":false},{"lineNumber":59,"author":{"gitId":"juliantayyc"},"content":"","lastModifiedDate":"2024-08-30","isFullCredit":false},{"lineNumber":60,"author":{"gitId":"juliantayyc"},"content":"            json.append(\"]\");","lastModifiedDate":"2024-08-30","isFullCredit":false},{"lineNumber":61,"author":{"gitId":"juliantayyc"},"content":"            writer.write(json.toString());","lastModifiedDate":"2024-08-30","isFullCredit":false},{"lineNumber":62,"author":{"gitId":"juliantayyc"},"content":"        } catch (IOException e) {","lastModifiedDate":"2024-08-30","isFullCredit":false},{"lineNumber":63,"author":{"gitId":"juliantayyc"},"content":"            System.out.println(\"An error occurred while writing to the file.\");","lastModifiedDate":"2024-08-30","isFullCredit":false},{"lineNumber":64,"author":{"gitId":"juliantayyc"},"content":"            e.printStackTrace();","lastModifiedDate":"2024-08-30","isFullCredit":false},{"lineNumber":65,"author":{"gitId":"juliantayyc"},"content":"        }","lastModifiedDate":"2024-08-30","isFullCredit":false},{"lineNumber":66,"author":{"gitId":"juliantayyc"},"content":"    }","lastModifiedDate":"2024-08-30","isFullCredit":false},{"lineNumber":67,"author":{"gitId":"juliantayyc"},"content":"","lastModifiedDate":"2024-08-30","isFullCredit":false},{"lineNumber":68,"author":{"gitId":"juliantayyc"},"content":"    private static String taskToJson(Task task) {","lastModifiedDate":"2024-08-30","isFullCredit":false},{"lineNumber":69,"author":{"gitId":"juliantayyc"},"content":"        String type \u003d task.taskTypeSymbol;","lastModifiedDate":"2024-08-30","isFullCredit":false},{"lineNumber":70,"author":{"gitId":"juliantayyc"},"content":"        String name \u003d task.name;","lastModifiedDate":"2024-08-30","isFullCredit":false},{"lineNumber":71,"author":{"gitId":"juliantayyc"},"content":"        String status \u003d task.isDone() ? \"X\" : \" \";","lastModifiedDate":"2024-08-30","isFullCredit":false},{"lineNumber":72,"author":{"gitId":"juliantayyc"},"content":"","lastModifiedDate":"2024-08-30","isFullCredit":false},{"lineNumber":73,"author":{"gitId":"juliantayyc"},"content":"        if (task instanceof ToDoTask) {","lastModifiedDate":"2024-08-30","isFullCredit":false},{"lineNumber":74,"author":{"gitId":"juliantayyc"},"content":"            return String.format(\"{\\\"type\\\":\\\"%s\\\",\\\"name\\\":\\\"%s\\\",\\\"done\\\":\\\"%s\\\"}\", type, name, status);","lastModifiedDate":"2024-08-30","isFullCredit":false},{"lineNumber":75,"author":{"gitId":"juliantayyc"},"content":"        } else if (task instanceof EventTask) {","lastModifiedDate":"2024-08-30","isFullCredit":false},{"lineNumber":76,"author":{"gitId":"juliantayyc"},"content":"            EventTask eventTask \u003d (EventTask) task;","lastModifiedDate":"2024-08-30","isFullCredit":false},{"lineNumber":77,"author":{"gitId":"juliantayyc"},"content":"            return String.format(\"{\\\"type\\\":\\\"%s\\\",\\\"name\\\":\\\"%s\\\",\\\"done\\\":\\\"%s\\\",\\\"from\\\":\\\"%s\\\",\\\"to\\\":\\\"%s\\\"}\",","lastModifiedDate":"2024-08-30","isFullCredit":false},{"lineNumber":78,"author":{"gitId":"juliantayyc"},"content":"                    type, name, status, eventTask.from, eventTask.to);","lastModifiedDate":"2024-08-30","isFullCredit":false},{"lineNumber":79,"author":{"gitId":"juliantayyc"},"content":"        } else if (task instanceof DeadlineTask) {","lastModifiedDate":"2024-08-30","isFullCredit":false},{"lineNumber":80,"author":{"gitId":"juliantayyc"},"content":"            DeadlineTask deadlineTask \u003d (DeadlineTask) task;","lastModifiedDate":"2024-08-30","isFullCredit":false},{"lineNumber":81,"author":{"gitId":"juliantayyc"},"content":"            return String.format(\"{\\\"type\\\":\\\"%s\\\",\\\"name\\\":\\\"%s\\\",\\\"done\\\":\\\"%s\\\",\\\"deadline\\\":\\\"%s\\\"}\",","lastModifiedDate":"2024-08-30","isFullCredit":false},{"lineNumber":82,"author":{"gitId":"juliantayyc"},"content":"                    type, name, status, deadlineTask.getDeadlineAsString());","lastModifiedDate":"2024-08-30","isFullCredit":false},{"lineNumber":83,"author":{"gitId":"juliantayyc"},"content":"        }","lastModifiedDate":"2024-08-30","isFullCredit":false},{"lineNumber":84,"author":{"gitId":"juliantayyc"},"content":"        return \"{}\";","lastModifiedDate":"2024-08-30","isFullCredit":false},{"lineNumber":85,"author":{"gitId":"juliantayyc"},"content":"    }","lastModifiedDate":"2024-08-30","isFullCredit":false},{"lineNumber":86,"author":{"gitId":"juliantayyc"},"content":"","lastModifiedDate":"2024-08-30","isFullCredit":false},{"lineNumber":87,"author":{"gitId":"juliantayyc"},"content":"    public static ArrayList\u003cTask\u003e parseData() {","lastModifiedDate":"2024-08-30","isFullCredit":false},{"lineNumber":88,"author":{"gitId":"juliantayyc"},"content":"        ArrayList\u003cTask\u003e tasks \u003d new ArrayList\u003c\u003e();","lastModifiedDate":"2024-08-30","isFullCredit":false},{"lineNumber":89,"author":{"gitId":"juliantayyc"},"content":"","lastModifiedDate":"2024-08-30","isFullCredit":false},{"lineNumber":90,"author":{"gitId":"juliantayyc"},"content":"        try (BufferedReader reader \u003d new BufferedReader(new FileReader(storageFile))) {","lastModifiedDate":"2024-08-30","isFullCredit":false},{"lineNumber":91,"author":{"gitId":"juliantayyc"},"content":"            StringBuilder json \u003d new StringBuilder();","lastModifiedDate":"2024-08-30","isFullCredit":false},{"lineNumber":92,"author":{"gitId":"juliantayyc"},"content":"            String line;","lastModifiedDate":"2024-08-30","isFullCredit":false},{"lineNumber":93,"author":{"gitId":"juliantayyc"},"content":"            while ((line \u003d reader.readLine()) !\u003d null) {","lastModifiedDate":"2024-08-30","isFullCredit":false},{"lineNumber":94,"author":{"gitId":"juliantayyc"},"content":"                json.append(line);","lastModifiedDate":"2024-08-30","isFullCredit":false},{"lineNumber":95,"author":{"gitId":"juliantayyc"},"content":"            }","lastModifiedDate":"2024-08-30","isFullCredit":false},{"lineNumber":96,"author":{"gitId":"juliantayyc"},"content":"","lastModifiedDate":"2024-08-30","isFullCredit":false},{"lineNumber":97,"author":{"gitId":"juliantayyc"},"content":"            if (json.length() \u003d\u003d 0) {","lastModifiedDate":"2024-08-30","isFullCredit":false},{"lineNumber":98,"author":{"gitId":"juliantayyc"},"content":"                return tasks; // Return empty list if file is empty","lastModifiedDate":"2024-08-30","isFullCredit":false},{"lineNumber":99,"author":{"gitId":"juliantayyc"},"content":"            }","lastModifiedDate":"2024-08-30","isFullCredit":false},{"lineNumber":100,"author":{"gitId":"juliantayyc"},"content":"","lastModifiedDate":"2024-08-30","isFullCredit":false},{"lineNumber":101,"author":{"gitId":"juliantayyc"},"content":"            JSONArray jsonArray \u003d new JSONArray(json.toString());","lastModifiedDate":"2024-08-30","isFullCredit":false},{"lineNumber":102,"author":{"gitId":"juliantayyc"},"content":"","lastModifiedDate":"2024-08-30","isFullCredit":false},{"lineNumber":103,"author":{"gitId":"juliantayyc"},"content":"            for (int i \u003d 0; i \u003c jsonArray.length(); i++) {","lastModifiedDate":"2024-08-30","isFullCredit":false},{"lineNumber":104,"author":{"gitId":"juliantayyc"},"content":"                JSONObject jsonObject \u003d jsonArray.getJSONObject(i);","lastModifiedDate":"2024-08-30","isFullCredit":false},{"lineNumber":105,"author":{"gitId":"juliantayyc"},"content":"                String type \u003d jsonObject.getString(\"type\");","lastModifiedDate":"2024-08-30","isFullCredit":false},{"lineNumber":106,"author":{"gitId":"juliantayyc"},"content":"                String name \u003d jsonObject.getString(\"name\");","lastModifiedDate":"2024-08-30","isFullCredit":false},{"lineNumber":107,"author":{"gitId":"juliantayyc"},"content":"                boolean done \u003d jsonObject.getString(\"done\").equals(\"X\");","lastModifiedDate":"2024-08-30","isFullCredit":false},{"lineNumber":108,"author":{"gitId":"juliantayyc"},"content":"","lastModifiedDate":"2024-08-30","isFullCredit":false},{"lineNumber":109,"author":{"gitId":"juliantayyc"},"content":"                Task task \u003d null;","lastModifiedDate":"2024-08-30","isFullCredit":false},{"lineNumber":110,"author":{"gitId":"juliantayyc"},"content":"                switch (type) {","lastModifiedDate":"2024-08-30","isFullCredit":false},{"lineNumber":111,"author":{"gitId":"juliantayyc"},"content":"                case \"T\":","lastModifiedDate":"2024-08-30","isFullCredit":false},{"lineNumber":112,"author":{"gitId":"juliantayyc"},"content":"                    task \u003d new ToDoTask(String.format(\"todo %s\", name));","lastModifiedDate":"2024-08-30","isFullCredit":false},{"lineNumber":113,"author":{"gitId":"juliantayyc"},"content":"                    break;","lastModifiedDate":"2024-08-30","isFullCredit":false},{"lineNumber":114,"author":{"gitId":"juliantayyc"},"content":"                case \"E\":","lastModifiedDate":"2024-08-30","isFullCredit":false},{"lineNumber":115,"author":{"gitId":"juliantayyc"},"content":"                    String from \u003d jsonObject.getString(\"from\");","lastModifiedDate":"2024-08-30","isFullCredit":false},{"lineNumber":116,"author":{"gitId":"juliantayyc"},"content":"                    String to \u003d jsonObject.getString(\"to\");","lastModifiedDate":"2024-08-30","isFullCredit":false},{"lineNumber":117,"author":{"gitId":"juliantayyc"},"content":"                    task \u003d new EventTask(String.format(\"event /from %s /to %s\", from, to));","lastModifiedDate":"2024-08-30","isFullCredit":false},{"lineNumber":118,"author":{"gitId":"juliantayyc"},"content":"                    break;","lastModifiedDate":"2024-08-30","isFullCredit":false},{"lineNumber":119,"author":{"gitId":"juliantayyc"},"content":"                case \"D\":","lastModifiedDate":"2024-08-30","isFullCredit":false},{"lineNumber":120,"author":{"gitId":"juliantayyc"},"content":"                    String deadline \u003d jsonObject.getString(\"deadline\");","lastModifiedDate":"2024-08-30","isFullCredit":false},{"lineNumber":121,"author":{"gitId":"juliantayyc"},"content":"                    task \u003d new DeadlineTask(name, deadline);","lastModifiedDate":"2024-08-30","isFullCredit":false},{"lineNumber":122,"author":{"gitId":"juliantayyc"},"content":"                    break;","lastModifiedDate":"2024-08-30","isFullCredit":false},{"lineNumber":123,"author":{"gitId":"juliantayyc"},"content":"                }","lastModifiedDate":"2024-08-30","isFullCredit":false},{"lineNumber":124,"author":{"gitId":"juliantayyc"},"content":"","lastModifiedDate":"2024-08-30","isFullCredit":false},{"lineNumber":125,"author":{"gitId":"juliantayyc"},"content":"                if (task !\u003d null) {","lastModifiedDate":"2024-08-30","isFullCredit":false},{"lineNumber":126,"author":{"gitId":"juliantayyc"},"content":"                    if (done) task.markAsDone();","lastModifiedDate":"2024-08-30","isFullCredit":false},{"lineNumber":127,"author":{"gitId":"juliantayyc"},"content":"                    tasks.add(task);","lastModifiedDate":"2024-08-30","isFullCredit":false},{"lineNumber":128,"author":{"gitId":"juliantayyc"},"content":"                }","lastModifiedDate":"2024-08-30","isFullCredit":false},{"lineNumber":129,"author":{"gitId":"juliantayyc"},"content":"            }","lastModifiedDate":"2024-08-30","isFullCredit":false},{"lineNumber":130,"author":{"gitId":"juliantayyc"},"content":"        } catch (IOException e) {","lastModifiedDate":"2024-08-30","isFullCredit":false},{"lineNumber":131,"author":{"gitId":"juliantayyc"},"content":"            System.out.println(\"An error occurred while reading the file.\");","lastModifiedDate":"2024-08-30","isFullCredit":false},{"lineNumber":132,"author":{"gitId":"juliantayyc"},"content":"            e.printStackTrace();","lastModifiedDate":"2024-08-30","isFullCredit":false},{"lineNumber":133,"author":{"gitId":"juliantayyc"},"content":"        } catch (EmptyToDoDescriptionException e) {","lastModifiedDate":"2024-08-30","isFullCredit":false},{"lineNumber":134,"author":{"gitId":"juliantayyc"},"content":"            System.out.println(e.getMessage());","lastModifiedDate":"2024-08-30","isFullCredit":false},{"lineNumber":135,"author":{"gitId":"juliantayyc"},"content":"        }","lastModifiedDate":"2024-08-30","isFullCredit":false},{"lineNumber":136,"author":{"gitId":"juliantayyc"},"content":"","lastModifiedDate":"2024-08-30","isFullCredit":false},{"lineNumber":137,"author":{"gitId":"juliantayyc"},"content":"        return tasks;","lastModifiedDate":"2024-08-30","isFullCredit":false},{"lineNumber":138,"author":{"gitId":"juliantayyc"},"content":"    }","lastModifiedDate":"2024-08-30","isFullCredit":false},{"lineNumber":139,"author":{"gitId":"juliantayyc"},"content":"","lastModifiedDate":"2024-08-30","isFullCredit":false},{"lineNumber":140,"author":{"gitId":"juliantayyc"},"content":"    private static String getValue(String field) {","lastModifiedDate":"2024-08-30","isFullCredit":false},{"lineNumber":141,"author":{"gitId":"juliantayyc"},"content":"        return field.split(\":\")[1].replace(\"\\\"\", \"\").trim();","lastModifiedDate":"2024-08-30","isFullCredit":false},{"lineNumber":142,"author":{"gitId":"juliantayyc"},"content":"    }","lastModifiedDate":"2024-08-30","isFullCredit":false},{"lineNumber":143,"author":{"gitId":"juliantayyc"},"content":"}","lastModifiedDate":"2024-08-30","isFullCredit":false}],"authorContributionMap":{"juliantayyc":143}},{"path":"src/main/java/Task.java","fileType":"java","lines":[{"lineNumber":1,"author":{"gitId":"juliantayyc"},"content":"public abstract class Task {","lastModifiedDate":"2024-08-30","isFullCredit":false},{"lineNumber":2,"author":{"gitId":"juliantayyc"},"content":"","lastModifiedDate":"2024-08-30","isFullCredit":false},{"lineNumber":3,"author":{"gitId":"juliantayyc"},"content":"    protected String name;","lastModifiedDate":"2024-08-30","isFullCredit":false},{"lineNumber":4,"author":{"gitId":"juliantayyc"},"content":"    private boolean done \u003d false;","lastModifiedDate":"2024-08-30","isFullCredit":false},{"lineNumber":5,"author":{"gitId":"juliantayyc"},"content":"    protected String taskTypeSymbol;","lastModifiedDate":"2024-08-30","isFullCredit":false},{"lineNumber":6,"author":{"gitId":"juliantayyc"},"content":"","lastModifiedDate":"2024-08-30","isFullCredit":false},{"lineNumber":7,"author":{"gitId":"juliantayyc"},"content":"    public boolean isDone() {","lastModifiedDate":"2024-08-30","isFullCredit":false},{"lineNumber":8,"author":{"gitId":"juliantayyc"},"content":"        return this.done;","lastModifiedDate":"2024-08-30","isFullCredit":false},{"lineNumber":9,"author":{"gitId":"juliantayyc"},"content":"    }","lastModifiedDate":"2024-08-30","isFullCredit":false},{"lineNumber":10,"author":{"gitId":"juliantayyc"},"content":"    public void markAsDone() {","lastModifiedDate":"2024-08-30","isFullCredit":false},{"lineNumber":11,"author":{"gitId":"juliantayyc"},"content":"        this.done \u003d true;","lastModifiedDate":"2024-08-30","isFullCredit":false},{"lineNumber":12,"author":{"gitId":"juliantayyc"},"content":"    }","lastModifiedDate":"2024-08-30","isFullCredit":false},{"lineNumber":13,"author":{"gitId":"juliantayyc"},"content":"","lastModifiedDate":"2024-08-30","isFullCredit":false},{"lineNumber":14,"author":{"gitId":"juliantayyc"},"content":"    public void unmarkAsDone() {","lastModifiedDate":"2024-08-30","isFullCredit":false},{"lineNumber":15,"author":{"gitId":"juliantayyc"},"content":"        this.done \u003d false;","lastModifiedDate":"2024-08-30","isFullCredit":false},{"lineNumber":16,"author":{"gitId":"juliantayyc"},"content":"    }","lastModifiedDate":"2024-08-30","isFullCredit":false},{"lineNumber":17,"author":{"gitId":"juliantayyc"},"content":"","lastModifiedDate":"2024-08-30","isFullCredit":false},{"lineNumber":18,"author":{"gitId":"juliantayyc"},"content":"    @Override","lastModifiedDate":"2024-08-30","isFullCredit":false},{"lineNumber":19,"author":{"gitId":"juliantayyc"},"content":"    public String toString() {","lastModifiedDate":"2024-08-30","isFullCredit":false},{"lineNumber":20,"author":{"gitId":"juliantayyc"},"content":"        String doneString \u003d done ? \"X\" : \" \";","lastModifiedDate":"2024-08-30","isFullCredit":false},{"lineNumber":21,"author":{"gitId":"juliantayyc"},"content":"        return String.format(\"[%1$s] [%2$s]  %3$s\", this.taskTypeSymbol, doneString, this.name);","lastModifiedDate":"2024-08-30","isFullCredit":false},{"lineNumber":22,"author":{"gitId":"juliantayyc"},"content":"    }","lastModifiedDate":"2024-08-30","isFullCredit":false},{"lineNumber":23,"author":{"gitId":"juliantayyc"},"content":"","lastModifiedDate":"2024-08-30","isFullCredit":false},{"lineNumber":24,"author":{"gitId":"juliantayyc"},"content":"}","lastModifiedDate":"2024-08-30","isFullCredit":false}],"authorContributionMap":{"juliantayyc":24}},{"path":"src/main/java/ToDoCommand.java","fileType":"java","lines":[{"lineNumber":1,"author":{"gitId":"juliantayyc"},"content":"import java.util.ArrayList;","lastModifiedDate":"2024-08-30","isFullCredit":false},{"lineNumber":2,"author":{"gitId":"juliantayyc"},"content":"","lastModifiedDate":"2024-08-30","isFullCredit":false},{"lineNumber":3,"author":{"gitId":"juliantayyc"},"content":"public class ToDoCommand extends AddCommand {","lastModifiedDate":"2024-08-30","isFullCredit":false},{"lineNumber":4,"author":{"gitId":"juliantayyc"},"content":"    private static final ToDoCommand instance \u003d new ToDoCommand();","lastModifiedDate":"2024-08-30","isFullCredit":false},{"lineNumber":5,"author":{"gitId":"juliantayyc"},"content":"    private ToDoCommand() {","lastModifiedDate":"2024-08-30","isFullCredit":false},{"lineNumber":6,"author":{"gitId":"juliantayyc"},"content":"    };","lastModifiedDate":"2024-08-30","isFullCredit":false},{"lineNumber":7,"author":{"gitId":"juliantayyc"},"content":"    public static ToDoCommand getInstance() {","lastModifiedDate":"2024-08-30","isFullCredit":false},{"lineNumber":8,"author":{"gitId":"juliantayyc"},"content":"        return ToDoCommand.instance;","lastModifiedDate":"2024-08-30","isFullCredit":false},{"lineNumber":9,"author":{"gitId":"juliantayyc"},"content":"    }","lastModifiedDate":"2024-08-30","isFullCredit":false},{"lineNumber":10,"author":{"gitId":"juliantayyc"},"content":"    @Override","lastModifiedDate":"2024-08-30","isFullCredit":false},{"lineNumber":11,"author":{"gitId":"juliantayyc"},"content":"    public void run(String input, ArrayList\u003cTask\u003e taskList) {","lastModifiedDate":"2024-08-30","isFullCredit":false},{"lineNumber":12,"author":{"gitId":"juliantayyc"},"content":"        try {","lastModifiedDate":"2024-08-30","isFullCredit":false},{"lineNumber":13,"author":{"gitId":"juliantayyc"},"content":"            Task task \u003d new ToDoTask(input);","lastModifiedDate":"2024-08-30","isFullCredit":false},{"lineNumber":14,"author":{"gitId":"juliantayyc"},"content":"            taskList.add(task);","lastModifiedDate":"2024-08-30","isFullCredit":false},{"lineNumber":15,"author":{"gitId":"juliantayyc"},"content":"            System.out.println(\"Got it. I\u0027ve added this task:\");","lastModifiedDate":"2024-08-30","isFullCredit":false},{"lineNumber":16,"author":{"gitId":"juliantayyc"},"content":"            System.out.printf(\"  %1$s\\n\", task);","lastModifiedDate":"2024-08-30","isFullCredit":false},{"lineNumber":17,"author":{"gitId":"juliantayyc"},"content":"            super.run(input, taskList);","lastModifiedDate":"2024-08-30","isFullCredit":false},{"lineNumber":18,"author":{"gitId":"juliantayyc"},"content":"        } catch (EmptyToDoDescriptionException e) {","lastModifiedDate":"2024-08-30","isFullCredit":false},{"lineNumber":19,"author":{"gitId":"juliantayyc"},"content":"            System.out.println(e.getMessage());","lastModifiedDate":"2024-08-30","isFullCredit":false},{"lineNumber":20,"author":{"gitId":"juliantayyc"},"content":"        }","lastModifiedDate":"2024-08-30","isFullCredit":false},{"lineNumber":21,"author":{"gitId":"juliantayyc"},"content":"    }","lastModifiedDate":"2024-08-30","isFullCredit":false},{"lineNumber":22,"author":{"gitId":"juliantayyc"},"content":"}","lastModifiedDate":"2024-08-30","isFullCredit":false}],"authorContributionMap":{"juliantayyc":22}},{"path":"src/main/java/ToDoTask.java","fileType":"java","lines":[{"lineNumber":1,"author":{"gitId":"juliantayyc"},"content":"public class ToDoTask extends Task {","lastModifiedDate":"2024-08-30","isFullCredit":false},{"lineNumber":2,"author":{"gitId":"juliantayyc"},"content":"","lastModifiedDate":"2024-08-30","isFullCredit":false},{"lineNumber":3,"author":{"gitId":"juliantayyc"},"content":"    public ToDoTask(String input) throws EmptyToDoDescriptionException {","lastModifiedDate":"2024-08-30","isFullCredit":false},{"lineNumber":4,"author":{"gitId":"juliantayyc"},"content":"        String name \u003d input.substring(4).trim();","lastModifiedDate":"2024-08-30","isFullCredit":false},{"lineNumber":5,"author":{"gitId":"juliantayyc"},"content":"","lastModifiedDate":"2024-08-30","isFullCredit":false},{"lineNumber":6,"author":{"gitId":"juliantayyc"},"content":"        if (name.isEmpty()) {","lastModifiedDate":"2024-08-30","isFullCredit":false},{"lineNumber":7,"author":{"gitId":"juliantayyc"},"content":"            throw new EmptyToDoDescriptionException(\"The description of a todo task cannot be empty.\");","lastModifiedDate":"2024-08-30","isFullCredit":false},{"lineNumber":8,"author":{"gitId":"juliantayyc"},"content":"        }","lastModifiedDate":"2024-08-30","isFullCredit":false},{"lineNumber":9,"author":{"gitId":"juliantayyc"},"content":"","lastModifiedDate":"2024-08-30","isFullCredit":false},{"lineNumber":10,"author":{"gitId":"juliantayyc"},"content":"        this.name \u003d name;","lastModifiedDate":"2024-08-30","isFullCredit":false},{"lineNumber":11,"author":{"gitId":"juliantayyc"},"content":"        this.taskTypeSymbol \u003d \"T\";","lastModifiedDate":"2024-08-30","isFullCredit":false},{"lineNumber":12,"author":{"gitId":"juliantayyc"},"content":"    }","lastModifiedDate":"2024-08-30","isFullCredit":false},{"lineNumber":13,"author":{"gitId":"juliantayyc"},"content":"","lastModifiedDate":"2024-08-30","isFullCredit":false},{"lineNumber":14,"author":{"gitId":"juliantayyc"},"content":"}","lastModifiedDate":"2024-08-30","isFullCredit":false}],"authorContributionMap":{"juliantayyc":14}},{"path":"src/main/java/UnmarkCommand.java","fileType":"java","lines":[{"lineNumber":1,"author":{"gitId":"juliantayyc"},"content":"import java.util.ArrayList;","lastModifiedDate":"2024-08-30","isFullCredit":false},{"lineNumber":2,"author":{"gitId":"juliantayyc"},"content":"","lastModifiedDate":"2024-08-30","isFullCredit":false},{"lineNumber":3,"author":{"gitId":"juliantayyc"},"content":"public class UnmarkCommand implements JBotCommand {","lastModifiedDate":"2024-08-30","isFullCredit":false},{"lineNumber":4,"author":{"gitId":"juliantayyc"},"content":"    private static final UnmarkCommand instance \u003d new UnmarkCommand();","lastModifiedDate":"2024-08-30","isFullCredit":false},{"lineNumber":5,"author":{"gitId":"juliantayyc"},"content":"    private UnmarkCommand() {","lastModifiedDate":"2024-08-30","isFullCredit":false},{"lineNumber":6,"author":{"gitId":"juliantayyc"},"content":"    };","lastModifiedDate":"2024-08-30","isFullCredit":false},{"lineNumber":7,"author":{"gitId":"juliantayyc"},"content":"    public static UnmarkCommand getInstance() {","lastModifiedDate":"2024-08-30","isFullCredit":false},{"lineNumber":8,"author":{"gitId":"juliantayyc"},"content":"        return UnmarkCommand.instance;","lastModifiedDate":"2024-08-30","isFullCredit":false},{"lineNumber":9,"author":{"gitId":"juliantayyc"},"content":"    }","lastModifiedDate":"2024-08-30","isFullCredit":false},{"lineNumber":10,"author":{"gitId":"juliantayyc"},"content":"    @Override","lastModifiedDate":"2024-08-30","isFullCredit":false},{"lineNumber":11,"author":{"gitId":"juliantayyc"},"content":"    public void run(String input, ArrayList\u003cTask\u003e taskList) {","lastModifiedDate":"2024-08-30","isFullCredit":false},{"lineNumber":12,"author":{"gitId":"juliantayyc"},"content":"        int taskIndex \u003d Integer.parseInt(input.split(\" \")[1]) - 1;","lastModifiedDate":"2024-08-30","isFullCredit":false},{"lineNumber":13,"author":{"gitId":"juliantayyc"},"content":"","lastModifiedDate":"2024-08-30","isFullCredit":false},{"lineNumber":14,"author":{"gitId":"juliantayyc"},"content":"        Task task \u003d taskList.get(taskIndex);","lastModifiedDate":"2024-08-30","isFullCredit":false},{"lineNumber":15,"author":{"gitId":"juliantayyc"},"content":"        task.unmarkAsDone();","lastModifiedDate":"2024-08-30","isFullCredit":false},{"lineNumber":16,"author":{"gitId":"juliantayyc"},"content":"","lastModifiedDate":"2024-08-30","isFullCredit":false},{"lineNumber":17,"author":{"gitId":"juliantayyc"},"content":"        System.out.println(\"OK, I\u0027ve marked this task as not done yet:\");","lastModifiedDate":"2024-08-30","isFullCredit":false},{"lineNumber":18,"author":{"gitId":"juliantayyc"},"content":"        System.out.printf(\"  %1$s\\n\", task);","lastModifiedDate":"2024-08-30","isFullCredit":false},{"lineNumber":19,"author":{"gitId":"juliantayyc"},"content":"    }","lastModifiedDate":"2024-08-30","isFullCredit":false},{"lineNumber":20,"author":{"gitId":"juliantayyc"},"content":"}","lastModifiedDate":"2024-08-30","isFullCredit":false}],"authorContributionMap":{"juliantayyc":20}},{"path":"text-ui-test/input.txt","fileType":"txt","lines":[{"lineNumber":1,"author":{"gitId":"juliantayyc"},"content":"todo borrow book","lastModifiedDate":"2024-08-30","isFullCredit":false},{"lineNumber":2,"author":{"gitId":"juliantayyc"},"content":"mark 1","lastModifiedDate":"2024-08-30","isFullCredit":false},{"lineNumber":3,"author":{"gitId":"juliantayyc"},"content":"deadline return book /by Sunday","lastModifiedDate":"2024-08-30","isFullCredit":false},{"lineNumber":4,"author":{"gitId":"juliantayyc"},"content":"mark 2","lastModifiedDate":"2024-08-30","isFullCredit":false},{"lineNumber":5,"author":{"gitId":"juliantayyc"},"content":"unmark 2","lastModifiedDate":"2024-08-30","isFullCredit":false},{"lineNumber":6,"author":{"gitId":"juliantayyc"},"content":"event project meeting /from Mon 2pm /to 4pm","lastModifiedDate":"2024-08-30","isFullCredit":false},{"lineNumber":7,"author":{"gitId":"juliantayyc"},"content":"list","lastModifiedDate":"2024-08-30","isFullCredit":false},{"lineNumber":8,"author":{"gitId":"juliantayyc"},"content":"bye","lastModifiedDate":"2024-08-30","isFullCredit":false}],"authorContributionMap":{"juliantayyc":8}},{"path":"text-ui-test/runtest.sh","fileType":"sh","lines":[{"lineNumber":1,"author":{"gitId":"-"},"content":"#!/usr/bin/env bash","lastModifiedDate":"2024-08-30","isFullCredit":false},{"lineNumber":2,"author":{"gitId":"-"},"content":"","lastModifiedDate":"2024-08-30","isFullCredit":false},{"lineNumber":3,"author":{"gitId":"-"},"content":"# create bin directory if it doesn\u0027t exist","lastModifiedDate":"2024-08-30","isFullCredit":false},{"lineNumber":4,"author":{"gitId":"-"},"content":"if [ ! -d \"../bin\" ]","lastModifiedDate":"2024-08-30","isFullCredit":false},{"lineNumber":5,"author":{"gitId":"-"},"content":"then","lastModifiedDate":"2024-08-30","isFullCredit":false},{"lineNumber":6,"author":{"gitId":"-"},"content":"    mkdir ../bin","lastModifiedDate":"2024-08-30","isFullCredit":false},{"lineNumber":7,"author":{"gitId":"-"},"content":"fi","lastModifiedDate":"2024-08-30","isFullCredit":false},{"lineNumber":8,"author":{"gitId":"-"},"content":"","lastModifiedDate":"2024-08-30","isFullCredit":false},{"lineNumber":9,"author":{"gitId":"-"},"content":"# delete output from previous run","lastModifiedDate":"2024-08-30","isFullCredit":false},{"lineNumber":10,"author":{"gitId":"-"},"content":"if [ -e \"./ACTUAL.TXT\" ]","lastModifiedDate":"2024-08-30","isFullCredit":false},{"lineNumber":11,"author":{"gitId":"-"},"content":"then","lastModifiedDate":"2024-08-30","isFullCredit":false},{"lineNumber":12,"author":{"gitId":"-"},"content":"    rm ACTUAL.TXT","lastModifiedDate":"2024-08-30","isFullCredit":false},{"lineNumber":13,"author":{"gitId":"-"},"content":"fi","lastModifiedDate":"2024-08-30","isFullCredit":false},{"lineNumber":14,"author":{"gitId":"-"},"content":"","lastModifiedDate":"2024-08-30","isFullCredit":false},{"lineNumber":15,"author":{"gitId":"-"},"content":"# compile the code into the bin folder, terminates if error occurred","lastModifiedDate":"2024-08-30","isFullCredit":false},{"lineNumber":16,"author":{"gitId":"-"},"content":"if ! javac -cp ../src/main/java -Xlint:none -d ../bin ../src/main/java/*.java","lastModifiedDate":"2024-08-30","isFullCredit":false},{"lineNumber":17,"author":{"gitId":"-"},"content":"then","lastModifiedDate":"2024-08-30","isFullCredit":false},{"lineNumber":18,"author":{"gitId":"-"},"content":"    echo \"********** BUILD FAILURE **********\"","lastModifiedDate":"2024-08-30","isFullCredit":false},{"lineNumber":19,"author":{"gitId":"-"},"content":"    exit 1","lastModifiedDate":"2024-08-30","isFullCredit":false},{"lineNumber":20,"author":{"gitId":"-"},"content":"fi","lastModifiedDate":"2024-08-30","isFullCredit":false},{"lineNumber":21,"author":{"gitId":"-"},"content":"","lastModifiedDate":"2024-08-30","isFullCredit":false},{"lineNumber":22,"author":{"gitId":"-"},"content":"# run the program, feed commands from input.txt file and redirect the output to the ACTUAL.TXT","lastModifiedDate":"2024-08-30","isFullCredit":false},{"lineNumber":23,"author":{"gitId":"juliantayyc"},"content":"java -classpath ../bin JBot \u003c input.txt \u003e ACTUAL.TXT","lastModifiedDate":"2024-08-30","isFullCredit":false},{"lineNumber":24,"author":{"gitId":"-"},"content":"","lastModifiedDate":"2024-08-30","isFullCredit":false},{"lineNumber":25,"author":{"gitId":"-"},"content":"# convert to UNIX format","lastModifiedDate":"2024-08-30","isFullCredit":false},{"lineNumber":26,"author":{"gitId":"-"},"content":"cp EXPECTED.TXT EXPECTED-UNIX.TXT","lastModifiedDate":"2024-08-30","isFullCredit":false},{"lineNumber":27,"author":{"gitId":"-"},"content":"dos2unix ACTUAL.TXT EXPECTED-UNIX.TXT","lastModifiedDate":"2024-08-30","isFullCredit":false},{"lineNumber":28,"author":{"gitId":"-"},"content":"","lastModifiedDate":"2024-08-30","isFullCredit":false},{"lineNumber":29,"author":{"gitId":"-"},"content":"# compare the output to the expected output","lastModifiedDate":"2024-08-30","isFullCredit":false},{"lineNumber":30,"author":{"gitId":"-"},"content":"diff ACTUAL.TXT EXPECTED-UNIX.TXT","lastModifiedDate":"2024-08-30","isFullCredit":false},{"lineNumber":31,"author":{"gitId":"-"},"content":"if [ $? -eq 0 ]","lastModifiedDate":"2024-08-30","isFullCredit":false},{"lineNumber":32,"author":{"gitId":"-"},"content":"then","lastModifiedDate":"2024-08-30","isFullCredit":false},{"lineNumber":33,"author":{"gitId":"-"},"content":"    echo \"Test result: PASSED\"","lastModifiedDate":"2024-08-30","isFullCredit":false},{"lineNumber":34,"author":{"gitId":"-"},"content":"    exit 0","lastModifiedDate":"2024-08-30","isFullCredit":false},{"lineNumber":35,"author":{"gitId":"-"},"content":"else","lastModifiedDate":"2024-08-30","isFullCredit":false},{"lineNumber":36,"author":{"gitId":"-"},"content":"    echo \"Test result: FAILED\"","lastModifiedDate":"2024-08-30","isFullCredit":false},{"lineNumber":37,"author":{"gitId":"-"},"content":"    exit 1","lastModifiedDate":"2024-08-30","isFullCredit":false},{"lineNumber":38,"author":{"gitId":"-"},"content":"fi","lastModifiedDate":"2024-08-30","isFullCredit":false}],"authorContributionMap":{"-":37,"juliantayyc":1}}]
