{"authorDailyContributionsMap":{"juliantayyc":[{"date":"2024-08-22","commitResults":[{"hash":"0147c79c4efbc08653aca024a08e0dc2360eb7b6","isMergeCommit":false,"messageTitle":"Rename Duke to JBot","messageBody":"","fileTypesAndContributionMap":{"java":{"insertions":1,"deletions":1}}},{"hash":"5e848ef8e4e73341ac438968b4d0e19a985525d0","isMergeCommit":false,"messageTitle":"Add initial skeleton code.","messageBody":"","tags":["Level-0"],"fileTypesAndContributionMap":{"java":{"insertions":16,"deletions":6}}}]},{"date":"2024-08-23","commitResults":[{"hash":"a7306e83a6fb7f9d6fb68bf66915c40303b671ae","isMergeCommit":false,"messageTitle":"Add echo functionality","messageBody":"","tags":["Level-1"],"fileTypesAndContributionMap":{"java":{"insertions":19,"deletions":7}}},{"hash":"e64ed0e9c60f064c59c1f3275b39ce0e65fbd985","isMergeCommit":false,"messageTitle":"Add Command and Task classes. Add list functionality.","messageBody":"","tags":["Level-2"],"fileTypesAndContributionMap":{"java":{"insertions":102,"deletions":7}}},{"hash":"efea2eb65d25a595391d3f78e4f03173c3288b4a","isMergeCommit":false,"messageTitle":"Add mark and unmark functionality","messageBody":"","tags":["Level-3"],"fileTypesAndContributionMap":{"java":{"insertions":60,"deletions":5}}},{"hash":"b5adcce0bbc586e6a83fb76005a92c024b464d7d","isMergeCommit":false,"messageTitle":"Update task to incorporate task types","messageBody":"","tags":["Level-4"],"fileTypesAndContributionMap":{"java":{"insertions":110,"deletions":18}}},{"hash":"1ea58c16e955b8e40388c7fb4c0c37ee66767e21","isMergeCommit":false,"messageTitle":"Add automated ui testing","messageBody":"","tags":["A-TextUiTesting"],"fileTypesAndContributionMap":{"txt":{"insertions":8,"deletions":0},"sh":{"insertions":1,"deletions":1}}},{"hash":"2f59a0ee0238d126fdee954af0be585b9e0a9414","isMergeCommit":false,"messageTitle":"Add error handling for todo and invalid command","messageBody":"","tags":["Level-5"],"fileTypesAndContributionMap":{"java":{"insertions":6,"deletions":0}}},{"hash":"632b29b768e858e9b812564cf896cffea990b4c0","isMergeCommit":false,"messageTitle":"Add delete functionality","messageBody":"","tags":["Level-6"],"fileTypesAndContributionMap":{"java":{"insertions":72,"deletions":22}}}]}]},"authorFileTypeContributionMap":{"juliantayyc":{"java":327,"md":0,"fxml":0,"sh":1,"bat":0,"gradle":0,"txt":8}},"authorContributionVariance":{"juliantayyc":20717.438},"authorDisplayNameMap":{"juliantayyc":"TAY ..LIAN"}}
