{"authorDailyContributionsMap":{"raihahahan":[{"date":"2024-08-19","commitResults":[{"hash":"6b7340307d5bd1bb7591b914fa4ff8c6bdfc667d","isMergeCommit":false,"messageTitle":"Level-0 initial commit","messageBody":"","fileTypesAndContributionMap":{"java":{"insertions":39,"deletions":10}}},{"hash":"8f91c790e78c1b862bec4a8c95f5b64c7bdb3b04","isMergeCommit":false,"messageTitle":"Fixed tagging issue","messageBody":"","tags":["Level-0"],"fileTypesAndContributionMap":{"java":{"insertions":0,"deletions":8}}},{"hash":"8eec5b0d07e465ec4ebfabe9005116bcfc043e1b","isMergeCommit":false,"messageTitle":"added meowing","messageBody":"","tags":["Level-1"],"fileTypesAndContributionMap":{"java":{"insertions":10,"deletions":2}}}]},{"date":"2024-08-20","commitResults":[{"hash":"eb855586f8aafed0a79c20037514bcdce4b7496c","isMergeCommit":false,"messageTitle":"Level-2","messageBody":"","tags":["Level-2"],"fileTypesAndContributionMap":{"java":{"insertions":42,"deletions":18}}},{"hash":"15922f5cbe924f93730e135312f3da0f35a8f49f","isMergeCommit":false,"messageTitle":"Heavy refactoring for modularity","messageBody":"","tags":["Level-3"],"fileTypesAndContributionMap":{"java":{"insertions":204,"deletions":57}}},{"hash":"af246347bf1eada15a0634288fbd01244b5bbbb0","isMergeCommit":false,"messageTitle":"Level-4: ToDo, Event, Deadline","messageBody":"","tags":["Level-4"],"fileTypesAndContributionMap":{"java":{"insertions":103,"deletions":6}}},{"hash":"86cfd40e68c91f55f0caf4103fae2aa08163ede3","isMergeCommit":false,"messageTitle":"A-TextUiTesting","messageBody":"","tags":["A-TextUiTesting"],"fileTypesAndContributionMap":{"txt":{"insertions":93,"deletions":0},"sh":{"insertions":2,"deletions":2}}},{"hash":"af4231cf873137e70dad837548c1b17c3ec316ab","isMergeCommit":false,"messageTitle":"Level-5: Handle errors","messageBody":"","tags":["Level-5"],"fileTypesAndContributionMap":{"java":{"insertions":69,"deletions":13}}},{"hash":"ddc29782b9eb2542dea8162f4f3475d21064290c","isMergeCommit":false,"messageTitle":"Level-6: Delete","messageBody":"","tags":["Level-6"],"fileTypesAndContributionMap":{"java":{"insertions":27,"deletions":5}}},{"hash":"74918727c040305ecb7eb081bf67f4e10c18bc42","isMergeCommit":false,"messageTitle":"Added enums","messageBody":"","tags":["A-Enums"],"fileTypesAndContributionMap":{"java":{"insertions":29,"deletions":8}}}]},{"date":"2024-08-30","commitResults":[{"hash":"9d4919a486881f933da2b147e6d7489cdf6a9ab4","isMergeCommit":false,"messageTitle":"made many refactors. added save feature and packaged classes","messageBody":"","fileTypesAndContributionMap":{"txt":{"insertions":7,"deletions":7},"java":{"insertions":269,"deletions":43}}},{"hash":"6541b286a49db889c325c51bfd336b65f50706d0","isMergeCommit":true,"messageTitle":"Merge pull request #1 from raihahahan/branch-Level-7","messageBody":"made many refactors. added save feature and packaged classes","tags":["Level-7"],"fileTypesAndContributionMap":{}},{"hash":"b1ca2c09621b9eb0da81b86c56b2f300dc2f58b2","isMergeCommit":false,"messageTitle":"added Date handling","messageBody":"","fileTypesAndContributionMap":{"java":{"insertions":23,"deletions":15}}},{"hash":"01110e541b5e2d01f26f66c1f4e12074cbd31da7","isMergeCommit":true,"messageTitle":"Merge pull request #2 from raihahahan/branch-Level-8","messageBody":"added Date handling","tags":["Level-8"],"fileTypesAndContributionMap":{}},{"hash":"5ccc8452b4941f0cecb9e613306ee105ddfdd01a","isMergeCommit":false,"messageTitle":"added more classes","messageBody":"","tags":["A-MoreOOP"],"fileTypesAndContributionMap":{"java":{"insertions":79,"deletions":33}}},{"hash":"c65a87dfd3160b92cf7d64b949f7cc93d8a5292a","isMergeCommit":true,"messageTitle":"Merge pull request #3 from raihahahan/add-gradle-support","messageBody":"Add gradle support","fileTypesAndContributionMap":{}},{"hash":"89ac79656d5b02842ddff041622cceca0e61aab2","isMergeCommit":false,"messageTitle":"added gradle support","messageBody":"","tags":["A-Gradle"],"fileTypesAndContributionMap":{"gradle":{"insertions":2,"deletions":2}}},{"hash":"2b5c8feb6d3697f062508519c63d52915e934fea","isMergeCommit":false,"messageTitle":"added junit","messageBody":"","tags":["A-JUnit"],"fileTypesAndContributionMap":{"java":{"insertions":205,"deletions":0}}},{"hash":"128cb09ea4a1f4788b465dd312bfa5f81b1268a9","isMergeCommit":false,"messageTitle":"jar file creation","messageBody":"","tags":["A-Jar"],"fileTypesAndContributionMap":{"gradle":{"insertions":2,"deletions":1}}},{"hash":"25212c64a26acca957f64b08628a9ac6a777c0d6","isMergeCommit":false,"messageTitle":"added javadoc","messageBody":"","fileTypesAndContributionMap":{"java":{"insertions":277,"deletions":26}}},{"hash":"90406eccd53654d51c63d9f73968116cde0ecd42","isMergeCommit":true,"messageTitle":"Merge pull request #4 from raihahahan/branch-A-JavaDoc","messageBody":"added javadoc","tags":["A-JavaDoc"],"fileTypesAndContributionMap":{}},{"hash":"283b694860399f8af1c73bc59badf7fd5cd5de6f","isMergeCommit":false,"messageTitle":"fixed code style","messageBody":"","fileTypesAndContributionMap":{"java":{"insertions":54,"deletions":55}}},{"hash":"a1a7177c66638bf7a252a8da44a008598208bbac","isMergeCommit":true,"messageTitle":"Merge pull request #5 from raihahahan/branch-A-CodingStandard","messageBody":"fixed code style","tags":["A-CodingStandard"],"fileTypesAndContributionMap":{}},{"hash":"7a85c4aa9c932c5687c0f078d4f108826e762d5a","isMergeCommit":false,"messageTitle":"created find feature","messageBody":"","tags":["Level-9"],"fileTypesAndContributionMap":{"java":{"insertions":45,"deletions":3}}},{"hash":"268ae92be9c9a696cbce3d2a12a2e140e9b798f1","isMergeCommit":true,"messageTitle":"Merge pull request #6 from raihahahan/branch-Level-9","messageBody":"created find feature","fileTypesAndContributionMap":{}}]},{"date":"2024-09-06","commitResults":[{"hash":"3a2d3fe706273c98ca5bca0345f80b7edebff60f","isMergeCommit":false,"messageTitle":"Implemented Level-10","messageBody":"","tags":["Level-10"],"fileTypesAndContributionMap":{"gradle":{"insertions":13,"deletions":1},"txt":{"insertions":1,"deletions":1},"fxml":{"insertions":66,"deletions":0},"java":{"insertions":191,"deletions":20}}},{"hash":"e8d8f6721688da9b05325cd7bddf4b320dd6c85b","isMergeCommit":true,"messageTitle":"Merge pull request #7 from raihahahan/branch-Level-10","messageBody":"Implemented Level-10","fileTypesAndContributionMap":{}},{"hash":"a615afc5a048519f60a5f02ee1791a6d9dcba180","isMergeCommit":false,"messageTitle":"Update README.md","messageBody":"","fileTypesAndContributionMap":{"md":{"insertions":84,"deletions":24}}},{"hash":"aaad3eb42a695f5b2d72e0ebf799b287f854c3e0","isMergeCommit":false,"messageTitle":"Update README.md","messageBody":"","fileTypesAndContributionMap":{"md":{"insertions":1,"deletions":1}}}]},{"date":"2024-09-12","commitResults":[{"hash":"8de4667a16925baea8b8751cf4fca12a8eae6a64","isMergeCommit":false,"messageTitle":"Add asserts for certain parts of the codebase","messageBody":"","tags":["A-Assertions"],"fileTypesAndContributionMap":{"gradle":{"insertions":1,"deletions":1},"java":{"insertions":14,"deletions":5}}},{"hash":"e1079814bb6e49f1929fa2088b4ab8665c2f9869","isMergeCommit":false,"messageTitle":"Improve code quality of some files","messageBody":"","fileTypesAndContributionMap":{"gradle":{"insertions":1,"deletions":1},"java":{"insertions":173,"deletions":100}}},{"hash":"ce1a65b1e1145932b588e0f19df279f319075a87","isMergeCommit":false,"messageTitle":"Improve code quality of some files","messageBody":"Variables that do not change are set as final. However, in some cases, variables are not set to final as they may be changed in future iterations.\n\nStringBuilder uses chained append() calls instead of relying on the \"+\" operator.\n\nRemoved unused variables.\n","tags":["A-FullCommitMessage","A-CodeQuality"],"fileTypesAndContributionMap":{"java":{"insertions":3,"deletions":0}}},{"hash":"41514a073c5b7864271bce0b7a7c70ab3f44c06a","isMergeCommit":true,"messageTitle":"Merge pull request #8 from raihahahan/branch-A-Assertions","messageBody":"Add asserts for certain parts of the codebase","fileTypesAndContributionMap":{}},{"hash":"0337424f9c9d90bb8046c479744eb9200639fac4","isMergeCommit":true,"messageTitle":"Merge pull request #9 from raihahahan/branch-A-CodeQuality","messageBody":"Branch a code quality","fileTypesAndContributionMap":{}},{"hash":"191ca9cf0a98b4f50684ac400efcd3f4935956d6","isMergeCommit":false,"messageTitle":"Convert for loops to streams","messageBody":"Some areas of the code can be simply replaced from a for loop to a simple chained stream\n","tags":["A-Streams"],"fileTypesAndContributionMap":{"java":{"insertions":20,"deletions":16}}},{"hash":"9ce26d18696b5b6314b9c61d3b58253f0f074911","isMergeCommit":true,"messageTitle":"Merge pull request #10 from raihahahan/branch-A-Streams","messageBody":"Convert for loops to streams","fileTypesAndContributionMap":{}},{"hash":"573ac68e9d82c0ce5576599862805364b4ae3e87","isMergeCommit":false,"messageTitle":"Add github workflow for push and pull request","messageBody":"","tags":["A-CI"],"fileTypesAndContributionMap":{"java":{"insertions":1,"deletions":1}}},{"hash":"aa1ece8e9d2c6e4f87cbc5652f69a7ddb9b577c6","isMergeCommit":false,"messageTitle":"Add deleteMany command to do mass delete","messageBody":"","tags":["BCD-Extension"],"fileTypesAndContributionMap":{"java":{"insertions":65,"deletions":2}}},{"hash":"1d3fb1371cedd7efd7f4eed9948bdbf2120d1234","isMergeCommit":true,"messageTitle":"Merge pull request #11 from raihahahan/branch-C-MassOps","messageBody":"Add deleteMany command to do mass delete","fileTypesAndContributionMap":{}}]}]},"authorFileTypeContributionMap":{"raihahahan":{"java":1503,"md":84,"fxml":66,"sh":1,"bat":0,"gradle":15,"txt":93}},"authorContributionVariance":{"raihahahan":65972.54},"authorDisplayNameMap":{"raihahahan":"CS2103T-F12-4 MUHA..LLAH"}}
