{"authorDailyContributionsMap":{"bryancheny":[{"date":"2024-08-22","commitResults":[{"hash":"b41d2c2ab8f8050a5d430f402a7f9c576e07dd3e","isMergeCommit":false,"messageTitle":"Change name and greeting message","messageBody":"","tags":["level-0"],"fileTypesAndContributionMap":{"java":{"insertions":12,"deletions":10}}},{"hash":"fe3f1b49d71c5387eccc40ac4325c8f15456a12c","isMergeCommit":false,"messageTitle":"add bot echoing and exit functionality","messageBody":"","tags":["level-1"],"fileTypesAndContributionMap":{"java":{"insertions":24,"deletions":5}}},{"hash":"4248d949f888b8425fa6930aff244710c33ee2a2","isMergeCommit":false,"messageTitle":"remove bye message from greeting","messageBody":"","fileTypesAndContributionMap":{"java":{"insertions":1,"deletions":4}}},{"hash":"0539e3d3fff0b78e40b5cb7605f21a4a4b55ffe0","isMergeCommit":false,"messageTitle":"add ability to store user text","messageBody":"","tags":["level-2"],"fileTypesAndContributionMap":{"java":{"insertions":22,"deletions":5}}},{"hash":"7da515373dfac49326ec9b77ac60b9da50f1c5a0","isMergeCommit":false,"messageTitle":"add mark as done feature","messageBody":"","tags":["level-3"],"fileTypesAndContributionMap":{"java":{"insertions":48,"deletions":13}}},{"hash":"1e0eb5acc86f926bba12dfca589cf1d45928abf8","isMergeCommit":false,"messageTitle":"add todo, events, deadlines","messageBody":"","tags":["level-4"],"fileTypesAndContributionMap":{"java":{"insertions":62,"deletions":2}}},{"hash":"f8687687ffc7318948155023785713f8ec818e6b","isMergeCommit":false,"messageTitle":"correct test script","messageBody":"","tags":["A-TextUiTesting"],"fileTypesAndContributionMap":{"bat":{"insertions":1,"deletions":1},"sh":{"insertions":1,"deletions":1}}},{"hash":"490cd5d0538b0f05d7e98bd985fa5e9d3baf8a58","isMergeCommit":false,"messageTitle":"add more error handling cases","messageBody":"","tags":["level-5"],"fileTypesAndContributionMap":{"java":{"insertions":58,"deletions":28}}},{"hash":"c209de6dc613bf8c89dbd51970d82978b8cadaf9","isMergeCommit":false,"messageTitle":"add delete function and update tests","messageBody":"","tags":["level-6"],"fileTypesAndContributionMap":{"txt":{"insertions":19,"deletions":0},"java":{"insertions":14,"deletions":1}}},{"hash":"52914b1f8303cf20042b511c6d97ae2069f3e287","isMergeCommit":false,"messageTitle":"add tasktype enum","messageBody":"","tags":["level-7"],"fileTypesAndContributionMap":{"java":{"insertions":31,"deletions":13}}}]},{"date":"2024-09-05","commitResults":[{"hash":"54a0bf5158c1de006bdd9a7e1bf5d7952065d66d","isMergeCommit":false,"messageTitle":"Implement saving","messageBody":"","fileTypesAndContributionMap":{"java":{"insertions":92,"deletions":0}}},{"hash":"7cf4601445c370fe70ae3ebedfd9baa69bc3512f","isMergeCommit":true,"messageTitle":"Merge Level 7","messageBody":"","tags":["Level-7"],"fileTypesAndContributionMap":{}},{"hash":"e80bdcea71a0575d85f60a3077f8e83760d61da6","isMergeCommit":false,"messageTitle":"Add datetimes","messageBody":"","fileTypesAndContributionMap":{"java":{"insertions":36,"deletions":15}}},{"hash":"bb8a90d00b967ebbe1d9816a755776a24c3a1b99","isMergeCommit":true,"messageTitle":"Merge Level 8","messageBody":"","tags":["level-8"],"fileTypesAndContributionMap":{}}]},{"date":"2024-09-06","commitResults":[{"hash":"548cd6a48079c93a3eb31c12c78eff29c7cb3c3c","isMergeCommit":false,"messageTitle":"Refactor with Parser, Storage, TaskList and Ui class","messageBody":"","tags":["A-MoreOOP"],"fileTypesAndContributionMap":{"java":{"insertions":331,"deletions":177}}},{"hash":"5fa11fdce71920f7233b29617d7a74e3af655b72","isMergeCommit":false,"messageTitle":"Refactor into package","messageBody":"","tags":["A-Packages"],"fileTypesAndContributionMap":{"txt":{"insertions":4,"deletions":0},"java":{"insertions":6,"deletions":0}}},{"hash":"bf860bb6f97f168f82806564f5aedfb9fa5bdc82","isMergeCommit":true,"messageTitle":"Merge branch \u0027add-gradle-support\u0027","messageBody":"","fileTypesAndContributionMap":{}},{"hash":"e158ccdfc3c1b477188ab491da1105d6349cfad6","isMergeCommit":false,"messageTitle":"Merge gradle branch","messageBody":"","tags":["A-Gradle"],"fileTypesAndContributionMap":{"gradle":{"insertions":2,"deletions":2}}},{"hash":"bccd063d5fa923832bfa8616f9850a53bab369a9","isMergeCommit":false,"messageTitle":"Add Parser and TaskList tests","messageBody":"","tags":["A-jar","A-Jar","A-JUnit"],"fileTypesAndContributionMap":{"java":{"insertions":60,"deletions":0}}},{"hash":"ee99b35597b5e81fbd10bd6056e135ffc6ce727a","isMergeCommit":false,"messageTitle":"Add Java docs","messageBody":"","tags":["A-JavaDoc"],"fileTypesAndContributionMap":{"java":{"insertions":308,"deletions":28}}},{"hash":"de5dfe95d283760993f7312584769601c3545b79","isMergeCommit":false,"messageTitle":"Tweak slightly to conform to coding standard","messageBody":"","tags":["A-CodingStandard"],"fileTypesAndContributionMap":{"java":{"insertions":6,"deletions":5}}},{"hash":"daa7242fb48ea178a1e6a2e24512a23876d8b52d","isMergeCommit":false,"messageTitle":"Add find task functionality","messageBody":"","tags":["Level-9"],"fileTypesAndContributionMap":{"txt":{"insertions":2,"deletions":0},"java":{"insertions":46,"deletions":0}}}]},{"date":"2024-09-10","commitResults":[{"hash":"74c696b66623d009fcbc1776d81897de1563aaed","isMergeCommit":false,"messageTitle":"Add Checkstyle","messageBody":"","fileTypesAndContributionMap":{"gradle":{"insertions":5,"deletions":0},"java":{"insertions":246,"deletions":205}}}]},{"date":"2024-09-16","commitResults":[{"hash":"95e54bbcf8fc864b222d4db469fcc3370de208a9","isMergeCommit":false,"messageTitle":"Add GUI with JavaFX","messageBody":"Previously there was no GUI, only CMD-based user interaction.\n\nGUI is more user friendly and we chose JavaFX as our GUI based on its ease of use.\n","tags":["Level-10"],"fileTypesAndContributionMap":{"gradle":{"insertions":16,"deletions":1},"fxml":{"insertions":66,"deletions":0},"java":{"insertions":261,"deletions":23}}}]}]},"authorFileTypeContributionMap":{"bryancheny":{"java":1140,"md":0,"fxml":66,"sh":1,"bat":1,"gradle":22,"txt":25}},"authorContributionVariance":{"bryancheny":40341.38},"authorDisplayNameMap":{"bryancheny":"CS2103T-T08-2 CHEN..RYAN"}}
