[{"path":"src/main/java/Commands.java","fileType":"java","lines":[{"lineNumber":1,"author":{"gitId":"weiliann"},"content":"public enum Commands {","lastModifiedDate":"2024-08-23","isFullCredit":false},{"lineNumber":2,"author":{"gitId":"weiliann"},"content":"   LIST, MARK, UNMARK, TODO, DEADLINE, EVENT, BYE, DELETE","lastModifiedDate":"2024-08-23","isFullCredit":false},{"lineNumber":3,"author":{"gitId":"weiliann"},"content":"}","lastModifiedDate":"2024-08-23","isFullCredit":false}],"authorContributionMap":{"weiliann":3}},{"path":"src/main/java/Deadline.java","fileType":"java","lines":[{"lineNumber":1,"author":{"gitId":"weiliann"},"content":"public class Deadline extends Task {","lastModifiedDate":"2024-08-23","isFullCredit":false},{"lineNumber":2,"author":{"gitId":"weiliann"},"content":"    protected String by;","lastModifiedDate":"2024-08-23","isFullCredit":false},{"lineNumber":3,"author":{"gitId":"weiliann"},"content":"","lastModifiedDate":"2024-08-23","isFullCredit":false},{"lineNumber":4,"author":{"gitId":"weiliann"},"content":"    public Deadline(String description, String by) {","lastModifiedDate":"2024-08-23","isFullCredit":false},{"lineNumber":5,"author":{"gitId":"weiliann"},"content":"        super(description);","lastModifiedDate":"2024-08-23","isFullCredit":false},{"lineNumber":6,"author":{"gitId":"weiliann"},"content":"        this.by \u003d by;","lastModifiedDate":"2024-08-23","isFullCredit":false},{"lineNumber":7,"author":{"gitId":"weiliann"},"content":"    }","lastModifiedDate":"2024-08-23","isFullCredit":false},{"lineNumber":8,"author":{"gitId":"weiliann"},"content":"","lastModifiedDate":"2024-08-23","isFullCredit":false},{"lineNumber":9,"author":{"gitId":"weiliann"},"content":"    @Override","lastModifiedDate":"2024-08-23","isFullCredit":false},{"lineNumber":10,"author":{"gitId":"weiliann"},"content":"    public String toString() {","lastModifiedDate":"2024-08-23","isFullCredit":false},{"lineNumber":11,"author":{"gitId":"weiliann"},"content":"        return String.format(\"[D]%s (by: %s)\", super.toString(), this.by);","lastModifiedDate":"2024-08-23","isFullCredit":false},{"lineNumber":12,"author":{"gitId":"weiliann"},"content":"    }","lastModifiedDate":"2024-08-23","isFullCredit":false},{"lineNumber":13,"author":{"gitId":"weiliann"},"content":"}","lastModifiedDate":"2024-08-23","isFullCredit":false}],"authorContributionMap":{"weiliann":13}},{"path":"src/main/java/Event.java","fileType":"java","lines":[{"lineNumber":1,"author":{"gitId":"weiliann"},"content":"public class Event extends Task{","lastModifiedDate":"2024-08-23","isFullCredit":false},{"lineNumber":2,"author":{"gitId":"weiliann"},"content":"    protected String from;","lastModifiedDate":"2024-08-23","isFullCredit":false},{"lineNumber":3,"author":{"gitId":"weiliann"},"content":"    protected String to;","lastModifiedDate":"2024-08-23","isFullCredit":false},{"lineNumber":4,"author":{"gitId":"weiliann"},"content":"","lastModifiedDate":"2024-08-23","isFullCredit":false},{"lineNumber":5,"author":{"gitId":"weiliann"},"content":"    public Event(String description, String from) {","lastModifiedDate":"2024-08-23","isFullCredit":false},{"lineNumber":6,"author":{"gitId":"weiliann"},"content":"        super(description);","lastModifiedDate":"2024-08-23","isFullCredit":false},{"lineNumber":7,"author":{"gitId":"weiliann"},"content":"        this.from \u003d from;","lastModifiedDate":"2024-08-23","isFullCredit":false},{"lineNumber":8,"author":{"gitId":"weiliann"},"content":"    }","lastModifiedDate":"2024-08-23","isFullCredit":false},{"lineNumber":9,"author":{"gitId":"weiliann"},"content":"","lastModifiedDate":"2024-08-23","isFullCredit":false},{"lineNumber":10,"author":{"gitId":"weiliann"},"content":"    public Event(String description, String from, String to) {","lastModifiedDate":"2024-08-23","isFullCredit":false},{"lineNumber":11,"author":{"gitId":"weiliann"},"content":"        super(description);","lastModifiedDate":"2024-08-23","isFullCredit":false},{"lineNumber":12,"author":{"gitId":"weiliann"},"content":"        this.from \u003d from;","lastModifiedDate":"2024-08-23","isFullCredit":false},{"lineNumber":13,"author":{"gitId":"weiliann"},"content":"        this.to \u003d to;","lastModifiedDate":"2024-08-23","isFullCredit":false},{"lineNumber":14,"author":{"gitId":"weiliann"},"content":"    }","lastModifiedDate":"2024-08-23","isFullCredit":false},{"lineNumber":15,"author":{"gitId":"weiliann"},"content":"","lastModifiedDate":"2024-08-23","isFullCredit":false},{"lineNumber":16,"author":{"gitId":"weiliann"},"content":"    @Override","lastModifiedDate":"2024-08-23","isFullCredit":false},{"lineNumber":17,"author":{"gitId":"weiliann"},"content":"    public String toString() {","lastModifiedDate":"2024-08-23","isFullCredit":false},{"lineNumber":18,"author":{"gitId":"weiliann"},"content":"        String toStr \u003d this.to \u003d\u003d null ? \"\" : \" to: \" + this.to;","lastModifiedDate":"2024-08-23","isFullCredit":false},{"lineNumber":19,"author":{"gitId":"weiliann"},"content":"        return String.format(\"[E]%s (from: %s%s)\", super.toString(), this.from, toStr);","lastModifiedDate":"2024-08-23","isFullCredit":false},{"lineNumber":20,"author":{"gitId":"weiliann"},"content":"    }","lastModifiedDate":"2024-08-23","isFullCredit":false},{"lineNumber":21,"author":{"gitId":"weiliann"},"content":"}","lastModifiedDate":"2024-08-23","isFullCredit":false}],"authorContributionMap":{"weiliann":21}},{"path":"src/main/java/Joe.java","fileType":"java","lines":[{"lineNumber":1,"author":{"gitId":"weiliann"},"content":"import java.util.ArrayList;","lastModifiedDate":"2024-08-22","isFullCredit":false},{"lineNumber":2,"author":{"gitId":"weiliann"},"content":"import java.util.Arrays;","lastModifiedDate":"2024-08-23","isFullCredit":false},{"lineNumber":3,"author":{"gitId":"weiliann"},"content":"import java.util.Scanner;","lastModifiedDate":"2024-08-22","isFullCredit":false},{"lineNumber":4,"author":{"gitId":"weiliann"},"content":"","lastModifiedDate":"2024-08-22","isFullCredit":false},{"lineNumber":5,"author":{"gitId":"weiliann"},"content":"public class Joe {","lastModifiedDate":"2024-08-22","isFullCredit":false},{"lineNumber":6,"author":{"gitId":"weiliann"},"content":"    public static void main(String[] args) {","lastModifiedDate":"2024-08-22","isFullCredit":false},{"lineNumber":7,"author":{"gitId":"weiliann"},"content":"        ArrayList\u003cTask\u003e tasks \u003d new ArrayList\u003c\u003e();","lastModifiedDate":"2024-08-23","isFullCredit":false},{"lineNumber":8,"author":{"gitId":"weiliann"},"content":"        System.out.println(\"\\t\" + \"Hello! I\u0027m Joe\");","lastModifiedDate":"2024-08-22","isFullCredit":false},{"lineNumber":9,"author":{"gitId":"weiliann"},"content":"        System.out.println(\"\\t\" + \"What can I do for you?\");","lastModifiedDate":"2024-08-22","isFullCredit":false},{"lineNumber":10,"author":{"gitId":"weiliann"},"content":"        Scanner scanner \u003d new Scanner(System.in);","lastModifiedDate":"2024-08-22","isFullCredit":false},{"lineNumber":11,"author":{"gitId":"weiliann"},"content":"        while (true) {","lastModifiedDate":"2024-08-22","isFullCredit":false},{"lineNumber":12,"author":{"gitId":"weiliann"},"content":"            System.out.println(\"\\t____________________________________________________________\");","lastModifiedDate":"2024-08-23","isFullCredit":false},{"lineNumber":13,"author":{"gitId":"weiliann"},"content":"            String userInput \u003d scanner.nextLine();","lastModifiedDate":"2024-08-22","isFullCredit":false},{"lineNumber":14,"author":{"gitId":"weiliann"},"content":"            String[] inputArr \u003d userInput.split(\" \");","lastModifiedDate":"2024-08-23","isFullCredit":false},{"lineNumber":15,"author":{"gitId":"weiliann"},"content":"            if (inputArr.length \u003d\u003d 0) continue;","lastModifiedDate":"2024-08-23","isFullCredit":false},{"lineNumber":16,"author":{"gitId":"weiliann"},"content":"            String commandStr \u003d inputArr[0].toUpperCase();","lastModifiedDate":"2024-08-23","isFullCredit":false},{"lineNumber":17,"author":{"gitId":"weiliann"},"content":"            Commands command;","lastModifiedDate":"2024-08-23","isFullCredit":false},{"lineNumber":18,"author":{"gitId":"weiliann"},"content":"            try {","lastModifiedDate":"2024-08-23","isFullCredit":false},{"lineNumber":19,"author":{"gitId":"weiliann"},"content":"                command \u003d Commands.valueOf(commandStr);","lastModifiedDate":"2024-08-23","isFullCredit":false},{"lineNumber":20,"author":{"gitId":"weiliann"},"content":"            } catch (IllegalArgumentException e) {","lastModifiedDate":"2024-08-23","isFullCredit":false},{"lineNumber":21,"author":{"gitId":"weiliann"},"content":"                System.out.println(\"\\tOOPS!!! I\u0027m sorry, but I don\u0027t know what that means :-(\");","lastModifiedDate":"2024-08-23","isFullCredit":false},{"lineNumber":22,"author":{"gitId":"weiliann"},"content":"                continue;","lastModifiedDate":"2024-08-23","isFullCredit":false},{"lineNumber":23,"author":{"gitId":"weiliann"},"content":"            }","lastModifiedDate":"2024-08-23","isFullCredit":false},{"lineNumber":24,"author":{"gitId":"weiliann"},"content":"            switch (command) {","lastModifiedDate":"2024-08-23","isFullCredit":false},{"lineNumber":25,"author":{"gitId":"weiliann"},"content":"                case BYE:","lastModifiedDate":"2024-08-23","isFullCredit":false},{"lineNumber":26,"author":{"gitId":"weiliann"},"content":"                    System.out.println(\"\\t\" + \"Bye. Hope to see you again soon!\");","lastModifiedDate":"2024-08-22","isFullCredit":false},{"lineNumber":27,"author":{"gitId":"weiliann"},"content":"                    return;","lastModifiedDate":"2024-08-23","isFullCredit":false},{"lineNumber":28,"author":{"gitId":"weiliann"},"content":"                case LIST:","lastModifiedDate":"2024-08-23","isFullCredit":false},{"lineNumber":29,"author":{"gitId":"weiliann"},"content":"                    if (tasks.isEmpty()) System.out.println(\"\\t\\uD83C\\uDF89 No tasks yet! Looks like you\u0027ve got a clean slate. Time to add some tasks and conquer the day! \\uD83D\\uDE80\");","lastModifiedDate":"2024-08-23","isFullCredit":false},{"lineNumber":30,"author":{"gitId":"weiliann"},"content":"                    for (int i \u003d 0; i \u003c tasks.size(); i++) {","lastModifiedDate":"2024-08-22","isFullCredit":false},{"lineNumber":31,"author":{"gitId":"weiliann"},"content":"                        Task task \u003d tasks.get(i);","lastModifiedDate":"2024-08-23","isFullCredit":false},{"lineNumber":32,"author":{"gitId":"weiliann"},"content":"                        String msg \u003d String.format(\"%d. %s\", i + 1, task.toString());","lastModifiedDate":"2024-08-23","isFullCredit":false},{"lineNumber":33,"author":{"gitId":"weiliann"},"content":"                        System.out.println(\"\\t\" + msg);","lastModifiedDate":"2024-08-22","isFullCredit":false},{"lineNumber":34,"author":{"gitId":"weiliann"},"content":"                    }","lastModifiedDate":"2024-08-22","isFullCredit":false},{"lineNumber":35,"author":{"gitId":"weiliann"},"content":"                    break;","lastModifiedDate":"2024-08-23","isFullCredit":false},{"lineNumber":36,"author":{"gitId":"weiliann"},"content":"                case MARK:","lastModifiedDate":"2024-08-23","isFullCredit":false},{"lineNumber":37,"author":{"gitId":"weiliann"},"content":"                case UNMARK:","lastModifiedDate":"2024-08-23","isFullCredit":false},{"lineNumber":38,"author":{"gitId":"weiliann"},"content":"                case DELETE:","lastModifiedDate":"2024-08-23","isFullCredit":false},{"lineNumber":39,"author":{"gitId":"weiliann"},"content":"                    int idx \u003d Integer.parseInt(inputArr[1]); // gets the task index to mark or unmark","lastModifiedDate":"2024-08-23","isFullCredit":false},{"lineNumber":40,"author":{"gitId":"weiliann"},"content":"                    if (idx \u003e tasks.size() || idx \u003c 1) { // check that task index is valid","lastModifiedDate":"2024-08-23","isFullCredit":false},{"lineNumber":41,"author":{"gitId":"weiliann"},"content":"                        System.out.println(\"\\t\" + \"Please input a valid task index\");","lastModifiedDate":"2024-08-23","isFullCredit":false},{"lineNumber":42,"author":{"gitId":"weiliann"},"content":"                        break;","lastModifiedDate":"2024-08-23","isFullCredit":false},{"lineNumber":43,"author":{"gitId":"weiliann"},"content":"                    }","lastModifiedDate":"2024-08-23","isFullCredit":false},{"lineNumber":44,"author":{"gitId":"weiliann"},"content":"                    Task task \u003d tasks.get(idx - 1);","lastModifiedDate":"2024-08-23","isFullCredit":false},{"lineNumber":45,"author":{"gitId":"weiliann"},"content":"                    switch (command) {","lastModifiedDate":"2024-08-23","isFullCredit":false},{"lineNumber":46,"author":{"gitId":"weiliann"},"content":"                        case MARK:","lastModifiedDate":"2024-08-23","isFullCredit":false},{"lineNumber":47,"author":{"gitId":"weiliann"},"content":"                            task.markDone();","lastModifiedDate":"2024-08-23","isFullCredit":false},{"lineNumber":48,"author":{"gitId":"weiliann"},"content":"                            System.out.printf(\"\\tNice! I\u0027ve marked this task as done:\\n\\t  %s\\n\", task);","lastModifiedDate":"2024-08-23","isFullCredit":false},{"lineNumber":49,"author":{"gitId":"weiliann"},"content":"                            break;","lastModifiedDate":"2024-08-23","isFullCredit":false},{"lineNumber":50,"author":{"gitId":"weiliann"},"content":"                        case UNMARK:","lastModifiedDate":"2024-08-23","isFullCredit":false},{"lineNumber":51,"author":{"gitId":"weiliann"},"content":"                            task.unmarkDone();","lastModifiedDate":"2024-08-23","isFullCredit":false},{"lineNumber":52,"author":{"gitId":"weiliann"},"content":"                            System.out.printf(\"\\tOK, I\u0027ve marked this task as not done yet:\\n\\t  %s\\n\", task);","lastModifiedDate":"2024-08-23","isFullCredit":false},{"lineNumber":53,"author":{"gitId":"weiliann"},"content":"                            break;","lastModifiedDate":"2024-08-23","isFullCredit":false},{"lineNumber":54,"author":{"gitId":"weiliann"},"content":"                        case DELETE:","lastModifiedDate":"2024-08-23","isFullCredit":false},{"lineNumber":55,"author":{"gitId":"weiliann"},"content":"                            tasks.remove(idx - 1);","lastModifiedDate":"2024-08-23","isFullCredit":false},{"lineNumber":56,"author":{"gitId":"weiliann"},"content":"                            System.out.printf(\"\\tNoted. I\u0027ve removed this task:\\n\\t  %s\\n\", task);","lastModifiedDate":"2024-08-23","isFullCredit":false},{"lineNumber":57,"author":{"gitId":"weiliann"},"content":"                            break;","lastModifiedDate":"2024-08-23","isFullCredit":false},{"lineNumber":58,"author":{"gitId":"weiliann"},"content":"                    }","lastModifiedDate":"2024-08-23","isFullCredit":false},{"lineNumber":59,"author":{"gitId":"weiliann"},"content":"                    break;","lastModifiedDate":"2024-08-23","isFullCredit":false},{"lineNumber":60,"author":{"gitId":"weiliann"},"content":"                case TODO:","lastModifiedDate":"2024-08-23","isFullCredit":false},{"lineNumber":61,"author":{"gitId":"weiliann"},"content":"                case DEADLINE:","lastModifiedDate":"2024-08-23","isFullCredit":false},{"lineNumber":62,"author":{"gitId":"weiliann"},"content":"                case EVENT:","lastModifiedDate":"2024-08-23","isFullCredit":false},{"lineNumber":63,"author":{"gitId":"weiliann"},"content":"                    Task newTask \u003d null;","lastModifiedDate":"2024-08-23","isFullCredit":false},{"lineNumber":64,"author":{"gitId":"weiliann"},"content":"                    switch (command) {","lastModifiedDate":"2024-08-23","isFullCredit":false},{"lineNumber":65,"author":{"gitId":"weiliann"},"content":"                        case TODO:","lastModifiedDate":"2024-08-23","isFullCredit":false},{"lineNumber":66,"author":{"gitId":"weiliann"},"content":"                            if (inputArr.length \u003d\u003d 1) {","lastModifiedDate":"2024-08-23","isFullCredit":false},{"lineNumber":67,"author":{"gitId":"weiliann"},"content":"                                System.out.println(\"\\tOOPS!!! The description of a todo cannot be empty.\");","lastModifiedDate":"2024-08-23","isFullCredit":false},{"lineNumber":68,"author":{"gitId":"weiliann"},"content":"                                continue;","lastModifiedDate":"2024-08-23","isFullCredit":false},{"lineNumber":69,"author":{"gitId":"weiliann"},"content":"                            }","lastModifiedDate":"2024-08-23","isFullCredit":false},{"lineNumber":70,"author":{"gitId":"weiliann"},"content":"                            newTask \u003d new Todo(String.join(\" \", Arrays.copyOfRange(inputArr, 1, inputArr.length)));","lastModifiedDate":"2024-08-23","isFullCredit":false},{"lineNumber":71,"author":{"gitId":"weiliann"},"content":"                            break;","lastModifiedDate":"2024-08-23","isFullCredit":false},{"lineNumber":72,"author":{"gitId":"weiliann"},"content":"                        case DEADLINE:","lastModifiedDate":"2024-08-23","isFullCredit":false},{"lineNumber":73,"author":{"gitId":"weiliann"},"content":"                            int byIdx \u003d Arrays.asList(inputArr).indexOf(\"/by\");","lastModifiedDate":"2024-08-23","isFullCredit":false},{"lineNumber":74,"author":{"gitId":"weiliann"},"content":"                            if (byIdx \u003d\u003d -1) {","lastModifiedDate":"2024-08-23","isFullCredit":false},{"lineNumber":75,"author":{"gitId":"weiliann"},"content":"                                System.out.println(\"\\tOops! Try adding it like this: deadline {task description} /by {duedate}\");","lastModifiedDate":"2024-08-23","isFullCredit":false},{"lineNumber":76,"author":{"gitId":"weiliann"},"content":"                                continue;","lastModifiedDate":"2024-08-23","isFullCredit":false},{"lineNumber":77,"author":{"gitId":"weiliann"},"content":"                            }","lastModifiedDate":"2024-08-23","isFullCredit":false},{"lineNumber":78,"author":{"gitId":"weiliann"},"content":"                            String taskDesc \u003d String.join(\" \", Arrays.copyOfRange(inputArr, 1, byIdx));","lastModifiedDate":"2024-08-23","isFullCredit":false},{"lineNumber":79,"author":{"gitId":"weiliann"},"content":"                            String taskBy \u003d String.join(\" \", Arrays.copyOfRange(inputArr, byIdx + 1, inputArr.length));","lastModifiedDate":"2024-08-23","isFullCredit":false},{"lineNumber":80,"author":{"gitId":"weiliann"},"content":"                            newTask \u003d new Deadline(taskDesc, taskBy);","lastModifiedDate":"2024-08-23","isFullCredit":false},{"lineNumber":81,"author":{"gitId":"weiliann"},"content":"                            break;","lastModifiedDate":"2024-08-23","isFullCredit":false},{"lineNumber":82,"author":{"gitId":"weiliann"},"content":"                        case EVENT:","lastModifiedDate":"2024-08-23","isFullCredit":false},{"lineNumber":83,"author":{"gitId":"weiliann"},"content":"                            int fromIdx \u003d Arrays.asList(inputArr).indexOf(\"/from\");","lastModifiedDate":"2024-08-23","isFullCredit":false},{"lineNumber":84,"author":{"gitId":"weiliann"},"content":"                            int toIdx \u003d Arrays.asList(inputArr).indexOf(\"/to\");","lastModifiedDate":"2024-08-23","isFullCredit":false},{"lineNumber":85,"author":{"gitId":"weiliann"},"content":"                            if (fromIdx \u003d\u003d -1) {","lastModifiedDate":"2024-08-23","isFullCredit":false},{"lineNumber":86,"author":{"gitId":"weiliann"},"content":"                                System.out.println(\"\\tOops! Let\u0027s try again with this format: event {task description} /from {start date} /to {end date}\");","lastModifiedDate":"2024-08-23","isFullCredit":false},{"lineNumber":87,"author":{"gitId":"weiliann"},"content":"                                continue;","lastModifiedDate":"2024-08-23","isFullCredit":false},{"lineNumber":88,"author":{"gitId":"weiliann"},"content":"                            }","lastModifiedDate":"2024-08-23","isFullCredit":false},{"lineNumber":89,"author":{"gitId":"weiliann"},"content":"                            String eventDesc \u003d String.join(\" \", Arrays.copyOfRange(inputArr, 1, fromIdx));","lastModifiedDate":"2024-08-23","isFullCredit":false},{"lineNumber":90,"author":{"gitId":"weiliann"},"content":"                            if (toIdx !\u003d -1) {","lastModifiedDate":"2024-08-23","isFullCredit":false},{"lineNumber":91,"author":{"gitId":"weiliann"},"content":"                                String eventFrom \u003d String.join(\" \", Arrays.copyOfRange(inputArr, fromIdx + 1, toIdx));","lastModifiedDate":"2024-08-23","isFullCredit":false},{"lineNumber":92,"author":{"gitId":"weiliann"},"content":"                                String eventTo \u003d String.join(\" \", Arrays.copyOfRange(inputArr, toIdx + 1, inputArr.length));","lastModifiedDate":"2024-08-23","isFullCredit":false},{"lineNumber":93,"author":{"gitId":"weiliann"},"content":"                                newTask \u003d new Event(eventDesc, eventFrom, eventTo);","lastModifiedDate":"2024-08-23","isFullCredit":false},{"lineNumber":94,"author":{"gitId":"weiliann"},"content":"                            } else {","lastModifiedDate":"2024-08-23","isFullCredit":false},{"lineNumber":95,"author":{"gitId":"weiliann"},"content":"                                String eventFrom \u003d String.join(\" \", Arrays.copyOfRange(inputArr, fromIdx + 1, inputArr.length));","lastModifiedDate":"2024-08-23","isFullCredit":false},{"lineNumber":96,"author":{"gitId":"weiliann"},"content":"                                newTask \u003d new Event(eventDesc, eventFrom);","lastModifiedDate":"2024-08-23","isFullCredit":false},{"lineNumber":97,"author":{"gitId":"weiliann"},"content":"                            }","lastModifiedDate":"2024-08-23","isFullCredit":false},{"lineNumber":98,"author":{"gitId":"weiliann"},"content":"                            break;","lastModifiedDate":"2024-08-23","isFullCredit":false},{"lineNumber":99,"author":{"gitId":"weiliann"},"content":"                    }","lastModifiedDate":"2024-08-22","isFullCredit":false},{"lineNumber":100,"author":{"gitId":"weiliann"},"content":"                    tasks.add(newTask);","lastModifiedDate":"2024-08-23","isFullCredit":false},{"lineNumber":101,"author":{"gitId":"weiliann"},"content":"                    System.out.println(\"\\tGot it. I\u0027ve added this task:\\n\\t  \" + newTask);","lastModifiedDate":"2024-08-23","isFullCredit":false},{"lineNumber":102,"author":{"gitId":"weiliann"},"content":"                    System.out.printf(\"\"\"","lastModifiedDate":"2024-08-23","isFullCredit":false},{"lineNumber":103,"author":{"gitId":"weiliann"},"content":"                                Now you have %d tasks in the list.","lastModifiedDate":"2024-08-23","isFullCredit":false},{"lineNumber":104,"author":{"gitId":"weiliann"},"content":"                            %n\"\"\", tasks.size());","lastModifiedDate":"2024-08-23","isFullCredit":false},{"lineNumber":105,"author":{"gitId":"weiliann"},"content":"            }","lastModifiedDate":"2024-08-22","isFullCredit":false},{"lineNumber":106,"author":{"gitId":"weiliann"},"content":"        }","lastModifiedDate":"2024-08-22","isFullCredit":false},{"lineNumber":107,"author":{"gitId":"weiliann"},"content":"    }","lastModifiedDate":"2024-08-22","isFullCredit":false},{"lineNumber":108,"author":{"gitId":"weiliann"},"content":"}","lastModifiedDate":"2024-08-22","isFullCredit":false}],"authorContributionMap":{"weiliann":108}},{"path":"src/main/java/Task.java","fileType":"java","lines":[{"lineNumber":1,"author":{"gitId":"weiliann"},"content":"public abstract class Task {","lastModifiedDate":"2024-08-23","isFullCredit":false},{"lineNumber":2,"author":{"gitId":"weiliann"},"content":"    protected String description;","lastModifiedDate":"2024-08-23","isFullCredit":false},{"lineNumber":3,"author":{"gitId":"weiliann"},"content":"    protected boolean isDone;","lastModifiedDate":"2024-08-23","isFullCredit":false},{"lineNumber":4,"author":{"gitId":"weiliann"},"content":"","lastModifiedDate":"2024-08-23","isFullCredit":false},{"lineNumber":5,"author":{"gitId":"weiliann"},"content":"    public Task(String description) {","lastModifiedDate":"2024-08-23","isFullCredit":false},{"lineNumber":6,"author":{"gitId":"weiliann"},"content":"        this.description \u003d description;","lastModifiedDate":"2024-08-23","isFullCredit":false},{"lineNumber":7,"author":{"gitId":"weiliann"},"content":"        this.isDone \u003d false;","lastModifiedDate":"2024-08-23","isFullCredit":false},{"lineNumber":8,"author":{"gitId":"weiliann"},"content":"    }","lastModifiedDate":"2024-08-23","isFullCredit":false},{"lineNumber":9,"author":{"gitId":"weiliann"},"content":"","lastModifiedDate":"2024-08-23","isFullCredit":false},{"lineNumber":10,"author":{"gitId":"weiliann"},"content":"    public String getStatusIcon() {","lastModifiedDate":"2024-08-23","isFullCredit":false},{"lineNumber":11,"author":{"gitId":"weiliann"},"content":"        return (isDone ? \"X\" : \" \"); // mark done task with X","lastModifiedDate":"2024-08-23","isFullCredit":false},{"lineNumber":12,"author":{"gitId":"weiliann"},"content":"    }","lastModifiedDate":"2024-08-23","isFullCredit":false},{"lineNumber":13,"author":{"gitId":"weiliann"},"content":"","lastModifiedDate":"2024-08-23","isFullCredit":false},{"lineNumber":14,"author":{"gitId":"weiliann"},"content":"    public void markDone() {","lastModifiedDate":"2024-08-23","isFullCredit":false},{"lineNumber":15,"author":{"gitId":"weiliann"},"content":"        this.isDone \u003d true;","lastModifiedDate":"2024-08-23","isFullCredit":false},{"lineNumber":16,"author":{"gitId":"weiliann"},"content":"    }","lastModifiedDate":"2024-08-23","isFullCredit":false},{"lineNumber":17,"author":{"gitId":"weiliann"},"content":"","lastModifiedDate":"2024-08-23","isFullCredit":false},{"lineNumber":18,"author":{"gitId":"weiliann"},"content":"    public void unmarkDone() {","lastModifiedDate":"2024-08-23","isFullCredit":false},{"lineNumber":19,"author":{"gitId":"weiliann"},"content":"        this.isDone \u003d false;","lastModifiedDate":"2024-08-23","isFullCredit":false},{"lineNumber":20,"author":{"gitId":"weiliann"},"content":"    }","lastModifiedDate":"2024-08-23","isFullCredit":false},{"lineNumber":21,"author":{"gitId":"weiliann"},"content":"","lastModifiedDate":"2024-08-23","isFullCredit":false},{"lineNumber":22,"author":{"gitId":"weiliann"},"content":"    @Override","lastModifiedDate":"2024-08-23","isFullCredit":false},{"lineNumber":23,"author":{"gitId":"weiliann"},"content":"    public String toString() {","lastModifiedDate":"2024-08-23","isFullCredit":false},{"lineNumber":24,"author":{"gitId":"weiliann"},"content":"        return String.format(\"[%s] %s\", this.getStatusIcon(), this.description);","lastModifiedDate":"2024-08-23","isFullCredit":false},{"lineNumber":25,"author":{"gitId":"weiliann"},"content":"    }","lastModifiedDate":"2024-08-23","isFullCredit":false},{"lineNumber":26,"author":{"gitId":"weiliann"},"content":"}","lastModifiedDate":"2024-08-23","isFullCredit":false}],"authorContributionMap":{"weiliann":26}},{"path":"src/main/java/Todo.java","fileType":"java","lines":[{"lineNumber":1,"author":{"gitId":"weiliann"},"content":"public class Todo extends Task{","lastModifiedDate":"2024-08-23","isFullCredit":false},{"lineNumber":2,"author":{"gitId":"weiliann"},"content":"    public Todo(String description) {","lastModifiedDate":"2024-08-23","isFullCredit":false},{"lineNumber":3,"author":{"gitId":"weiliann"},"content":"        super(description);","lastModifiedDate":"2024-08-23","isFullCredit":false},{"lineNumber":4,"author":{"gitId":"weiliann"},"content":"    }","lastModifiedDate":"2024-08-23","isFullCredit":false},{"lineNumber":5,"author":{"gitId":"weiliann"},"content":"","lastModifiedDate":"2024-08-23","isFullCredit":false},{"lineNumber":6,"author":{"gitId":"weiliann"},"content":"    @Override","lastModifiedDate":"2024-08-23","isFullCredit":false},{"lineNumber":7,"author":{"gitId":"weiliann"},"content":"    public String toString () {","lastModifiedDate":"2024-08-23","isFullCredit":false},{"lineNumber":8,"author":{"gitId":"weiliann"},"content":"        return \"[T]\" + super.toString();","lastModifiedDate":"2024-08-23","isFullCredit":false},{"lineNumber":9,"author":{"gitId":"weiliann"},"content":"    }","lastModifiedDate":"2024-08-23","isFullCredit":false},{"lineNumber":10,"author":{"gitId":"weiliann"},"content":"}","lastModifiedDate":"2024-08-23","isFullCredit":false}],"authorContributionMap":{"weiliann":10}},{"path":"text-ui-test/input.txt","fileType":"txt","lines":[{"lineNumber":1,"author":{"gitId":"weiliann"},"content":"list","lastModifiedDate":"2024-08-23","isFullCredit":false},{"lineNumber":2,"author":{"gitId":"weiliann"},"content":"todo borrow book","lastModifiedDate":"2024-08-23","isFullCredit":false},{"lineNumber":3,"author":{"gitId":"weiliann"},"content":"deadline return book /by Sunday","lastModifiedDate":"2024-08-23","isFullCredit":false},{"lineNumber":4,"author":{"gitId":"weiliann"},"content":"mark 1","lastModifiedDate":"2024-08-23","isFullCredit":false},{"lineNumber":5,"author":{"gitId":"weiliann"},"content":"mark 2","lastModifiedDate":"2024-08-23","isFullCredit":false},{"lineNumber":6,"author":{"gitId":"weiliann"},"content":"list","lastModifiedDate":"2024-08-23","isFullCredit":false},{"lineNumber":7,"author":{"gitId":"weiliann"},"content":"unmark 1","lastModifiedDate":"2024-08-23","isFullCredit":false},{"lineNumber":8,"author":{"gitId":"weiliann"},"content":"event project meeting /from Mon 2pm /to 4pm","lastModifiedDate":"2024-08-23","isFullCredit":false},{"lineNumber":9,"author":{"gitId":"weiliann"},"content":"event conference /from Tue 3pm","lastModifiedDate":"2024-08-23","isFullCredit":false},{"lineNumber":10,"author":{"gitId":"weiliann"},"content":"delete 1","lastModifiedDate":"2024-08-23","isFullCredit":false},{"lineNumber":11,"author":{"gitId":"weiliann"},"content":"list","lastModifiedDate":"2024-08-23","isFullCredit":false},{"lineNumber":12,"author":{"gitId":"weiliann"},"content":"bye","lastModifiedDate":"2024-08-23","isFullCredit":false}],"authorContributionMap":{"weiliann":12}},{"path":"text-ui-test/runtest.bat","fileType":"bat","lines":[{"lineNumber":1,"author":{"gitId":"-"},"content":"@ECHO OFF","lastModifiedDate":"2020-05-25","isFullCredit":false},{"lineNumber":2,"author":{"gitId":"-"},"content":"","lastModifiedDate":"2020-05-25","isFullCredit":false},{"lineNumber":3,"author":{"gitId":"-"},"content":"REM create bin directory if it doesn\u0027t exist","lastModifiedDate":"2020-05-25","isFullCredit":false},{"lineNumber":4,"author":{"gitId":"-"},"content":"if not exist ..\\bin mkdir ..\\bin","lastModifiedDate":"2020-05-25","isFullCredit":false},{"lineNumber":5,"author":{"gitId":"-"},"content":"","lastModifiedDate":"2020-05-25","isFullCredit":false},{"lineNumber":6,"author":{"gitId":"-"},"content":"REM delete output from previous run","lastModifiedDate":"2020-05-25","isFullCredit":false},{"lineNumber":7,"author":{"gitId":"-"},"content":"if exist ACTUAL.TXT del ACTUAL.TXT","lastModifiedDate":"2020-08-25","isFullCredit":false},{"lineNumber":8,"author":{"gitId":"-"},"content":"","lastModifiedDate":"2020-05-25","isFullCredit":false},{"lineNumber":9,"author":{"gitId":"-"},"content":"REM compile the code into the bin folder","lastModifiedDate":"2020-05-25","isFullCredit":false},{"lineNumber":10,"author":{"gitId":"-"},"content":"javac  -cp ..\\src\\main\\java -Xlint:none -d ..\\bin ..\\src\\main\\java\\*.java","lastModifiedDate":"2020-08-25","isFullCredit":false},{"lineNumber":11,"author":{"gitId":"-"},"content":"IF ERRORLEVEL 1 (","lastModifiedDate":"2020-05-25","isFullCredit":false},{"lineNumber":12,"author":{"gitId":"-"},"content":"    echo ********** BUILD FAILURE **********","lastModifiedDate":"2020-05-25","isFullCredit":false},{"lineNumber":13,"author":{"gitId":"-"},"content":"    exit /b 1","lastModifiedDate":"2020-05-25","isFullCredit":false},{"lineNumber":14,"author":{"gitId":"-"},"content":")","lastModifiedDate":"2020-05-25","isFullCredit":false},{"lineNumber":15,"author":{"gitId":"-"},"content":"REM no error here, errorlevel \u003d\u003d 0","lastModifiedDate":"2020-05-25","isFullCredit":false},{"lineNumber":16,"author":{"gitId":"-"},"content":"","lastModifiedDate":"2020-05-25","isFullCredit":false},{"lineNumber":17,"author":{"gitId":"-"},"content":"REM run the program, feed commands from input.txt file and redirect the output to the ACTUAL.TXT","lastModifiedDate":"2020-05-25","isFullCredit":false},{"lineNumber":18,"author":{"gitId":"weiliann"},"content":"java -classpath ..\\bin Joe \u003c input.txt \u003e ACTUAL.TXT","lastModifiedDate":"2024-08-23","isFullCredit":false},{"lineNumber":19,"author":{"gitId":"-"},"content":"","lastModifiedDate":"2020-05-25","isFullCredit":false},{"lineNumber":20,"author":{"gitId":"-"},"content":"REM compare the output to the expected output","lastModifiedDate":"2020-05-25","isFullCredit":false},{"lineNumber":21,"author":{"gitId":"-"},"content":"FC ACTUAL.TXT EXPECTED.TXT","lastModifiedDate":"2020-05-25","isFullCredit":false}],"authorContributionMap":{"weiliann":1,"-":20}}]
