{"authorDailyContributionsMap":{"raageth":[{"date":"2024-08-19","commitResults":[{"hash":"265c01c54e41af2fe13bf5c3fa3175ac4ea3ebc6","isMergeCommit":false,"messageTitle":"Replace Duke with Darwin","messageBody":"","tags":["Level-0"],"fileTypesAndContributionMap":{"java":{"insertions":7,"deletions":10},"md":{"insertions":1,"deletions":1}}},{"hash":"7398b60d9740e23c73d215d46a25778c2d24f7fa","isMergeCommit":false,"messageTitle":"Add echo functionality","messageBody":"","tags":["Level-1"],"fileTypesAndContributionMap":{"java":{"insertions":25,"deletions":1}}},{"hash":"e388c5acb0386f5cf5b79178930e04f08fca1e15","isMergeCommit":false,"messageTitle":"Add list functionality","messageBody":"","fileTypesAndContributionMap":{"java":{"insertions":31,"deletions":6}}}]},{"date":"2024-08-22","commitResults":[{"hash":"eea8b8ecdd0346b54a46d73fd6c3dcbc7d3313bd","isMergeCommit":false,"messageTitle":"Fix bug in chat logic","messageBody":"","tags":["Level-2"],"fileTypesAndContributionMap":{"java":{"insertions":3,"deletions":3}}},{"hash":"2d9a9d546c40ecbca6ea8d1e3ee8649a924216ff","isMergeCommit":false,"messageTitle":"Add ability to change status of tasks","messageBody":"","fileTypesAndContributionMap":{"java":{"insertions":76,"deletions":9}}},{"hash":"7919ea97a3f8cca24b85338d5cefc5c412544815","isMergeCommit":false,"messageTitle":"Fix task index formatting issue","messageBody":"","tags":["Level-3"],"fileTypesAndContributionMap":{"java":{"insertions":2,"deletions":2}}},{"hash":"d5fc235e36a389582e7501dc9b62487c9790f120","isMergeCommit":false,"messageTitle":"Add multi task tracking","messageBody":"","tags":["Level-4"],"fileTypesAndContributionMap":{"java":{"insertions":118,"deletions":40}}},{"hash":"6d8f3a98a2d8eb7656758b65bf3eabbb03e0735b","isMergeCommit":false,"messageTitle":"Add automated ui testing","messageBody":"","tags":["A-TextUiTesting"],"fileTypesAndContributionMap":{"txt":{"insertions":11,"deletions":0},"sh":{"insertions":4,"deletions":7}}}]},{"date":"2024-08-23","commitResults":[{"hash":"4d7f58dd78ad279cad8fe2d3985d478fad6e2c9a","isMergeCommit":false,"messageTitle":"Handle incorrect inputs","messageBody":"","tags":["Level-5"],"fileTypesAndContributionMap":{"txt":{"insertions":4,"deletions":0},"java":{"insertions":30,"deletions":11}}},{"hash":"c6f7ae35f05f022f56fe586e419678ad6b16c503","isMergeCommit":false,"messageTitle":"Support deletion of tasks","messageBody":"","tags":["Level-6"],"fileTypesAndContributionMap":{"txt":{"insertions":2,"deletions":0},"java":{"insertions":38,"deletions":16}}}]},{"date":"2024-08-24","commitResults":[{"hash":"8af1ad52b361a72d660fe0f61943d6ac1d0c9056","isMergeCommit":false,"messageTitle":"Add javadocs","messageBody":"","fileTypesAndContributionMap":{"txt":{"insertions":1,"deletions":0},"java":{"insertions":22,"deletions":2}}}]},{"date":"2024-08-25","commitResults":[{"hash":"23eb09810e54a30d72b108899ba0d1120c3f1e4a","isMergeCommit":false,"messageTitle":"Add ability to save tasks to hard drive","messageBody":"","fileTypesAndContributionMap":{"txt":{"insertions":0,"deletions":0},"java":{"insertions":323,"deletions":108},"sh":{"insertions":2,"deletions":1}}},{"hash":"f3b189282fb151447dc8a9357e4d0416b7bfc1b0","isMergeCommit":true,"messageTitle":"Merge branch \u0027branch-level-7\u0027","messageBody":"","tags":["Level-7"],"fileTypesAndContributionMap":{}}]},{"date":"2024-08-26","commitResults":[{"hash":"9d70cb044f335fcfbf29ce444ed9b06adf93e57c","isMergeCommit":false,"messageTitle":"Refactor TaskFactory switch statements","messageBody":"","fileTypesAndContributionMap":{"txt":{"insertions":2,"deletions":0},"java":{"insertions":30,"deletions":41}}}]},{"date":"2024-08-27","commitResults":[{"hash":"95c9ddbc3bb047fc240182c36a1cf7e84edf7959","isMergeCommit":false,"messageTitle":"Add task parsers to handle input","messageBody":"","fileTypesAndContributionMap":{"txt":{"insertions":7,"deletions":4},"java":{"insertions":144,"deletions":62}}},{"hash":"4b11044b4d2ce88a4f49d2f02cf5f81af8bde2f9","isMergeCommit":true,"messageTitle":"Merge branch \u0027branch-Level-8\u0027","messageBody":"","tags":["Level-8"],"fileTypesAndContributionMap":{}},{"hash":"428a93f6cb560659bd2838779920de1d043da9a3","isMergeCommit":false,"messageTitle":"Add commands, input parser","messageBody":"","fileTypesAndContributionMap":{"java":{"insertions":393,"deletions":143}}},{"hash":"732dc5af5c90095fe4e3c25942c041d89ec5ddb1","isMergeCommit":false,"messageTitle":"Update TaskManager save logic","messageBody":"","tags":["A-Packages","A-MoreOOP"],"fileTypesAndContributionMap":{"java":{"insertions":8,"deletions":14}}}]},{"date":"2024-08-28","commitResults":[{"hash":"63024ae53b6889f0e96b9a8ecef6ed38397f3265","isMergeCommit":true,"messageTitle":"Merge branch \u0027add-gradle-support\u0027","messageBody":"","fileTypesAndContributionMap":{}},{"hash":"afc4e5a60620facd28f9479fdf38f4a01e104530","isMergeCommit":false,"messageTitle":"Update build file","messageBody":"","tags":["A-Gradle"],"fileTypesAndContributionMap":{"gradle":{"insertions":2,"deletions":2}}},{"hash":"b53e8cab32f26f502bfa8fa8d88e8c2f6f08d3ba","isMergeCommit":false,"messageTitle":"Add tests","messageBody":"","tags":["A-Jar","A-JUnit"],"fileTypesAndContributionMap":{"java":{"insertions":91,"deletions":0}}}]},{"date":"2024-08-29","commitResults":[{"hash":"224a5ea719857dcc4a16cde676c47b60e78daf22","isMergeCommit":false,"messageTitle":"Add jar","messageBody":"","fileTypesAndContributionMap":{"gradle":{"insertions":1,"deletions":1}}},{"hash":"49f28f3333b6bb0262fdb852c2f737d7e92a2af0","isMergeCommit":false,"messageTitle":"Move packages to darwin package","messageBody":"","fileTypesAndContributionMap":{"java":{"insertions":95,"deletions":97}}},{"hash":"cc01ea97587a03e71b8f6a5718da096a2de7e110","isMergeCommit":false,"messageTitle":"Move packages to darwin package","messageBody":"","fileTypesAndContributionMap":{"java":{"insertions":7,"deletions":4},"sh":{"insertions":1,"deletions":1}}},{"hash":"5a1645e706449bd30d5623c27a879062f4ed3acd","isMergeCommit":false,"messageTitle":"Add javadoc","messageBody":"","fileTypesAndContributionMap":{"java":{"insertions":201,"deletions":1}}},{"hash":"0e2f3addf1e1348261f9506a308cc608053293f2","isMergeCommit":false,"messageTitle":"Ensure code is compliant to standard","messageBody":"","fileTypesAndContributionMap":{"java":{"insertions":21,"deletions":21}}},{"hash":"8555855ab026ff0c94b41d05ba9a36482cd7cf6b","isMergeCommit":false,"messageTitle":"Add ability to find tasks","messageBody":"","fileTypesAndContributionMap":{"java":{"insertions":56,"deletions":2}}},{"hash":"d0ad0a74f4ad68f6a1f12e78b6379fc5c9aa2404","isMergeCommit":true,"messageTitle":"Merge branch \u0027branch-A-JavaDoc\u0027","messageBody":"","tags":["A-JavaDoc"],"fileTypesAndContributionMap":{}},{"hash":"a5a44adf62e3fc6ad9199763157f734a89580e06","isMergeCommit":true,"messageTitle":"Merge branch \u0027branch-A-CodingStandard\u0027","messageBody":"","tags":["A-CodingStandard"],"fileTypesAndContributionMap":{}},{"hash":"56feafd9b5b508f9eb9a69af067239fbdb2bab05","isMergeCommit":true,"messageTitle":"Merge branch \u0027branch-Level-9\u0027","messageBody":"","tags":["Level-9"],"fileTypesAndContributionMap":{}}]},{"date":"2024-09-05","commitResults":[{"hash":"7929e244fb24125c631c256f52b49c8ae0b8440d","isMergeCommit":false,"messageTitle":"Clean code formatting","messageBody":"","fileTypesAndContributionMap":{"java":{"insertions":32,"deletions":21}}}]}]},"authorFileTypeContributionMap":{"raageth":{"java":1148,"md":1,"fxml":0,"sh":5,"bat":0,"gradle":2,"txt":23}},"authorContributionVariance":{"raageth":41860.117},"authorDisplayNameMap":{"raageth":"CS2103T-T10-3 GARE..ARNG"}}
