{"authorDailyContributionsMap":{"hj235":[{"date":"2024-08-21","commitResults":[{"hash":"fd731c6c414c668d882df84d16fde8df91b2ee81","isMergeCommit":false,"messageTitle":"Level-0: Rename, Greet, Exit","messageBody":"","tags":["Level-0"],"fileTypesAndContributionMap":{"java":{"insertions":14,"deletions":10},"bat":{"insertions":1,"deletions":1},"md":{"insertions":3,"deletions":3}}},{"hash":"f88e0e4b471cb7ed05d648c8c476e1a7636dd28b","isMergeCommit":false,"messageTitle":"Level-1: Echo","messageBody":"","tags":["Level-1"],"fileTypesAndContributionMap":{"java":{"insertions":20,"deletions":1}}},{"hash":"dcc77f8151f534fd6592f6e1db915ad8bffa93e4","isMergeCommit":false,"messageTitle":"Create lineFormat method","messageBody":"","fileTypesAndContributionMap":{"java":{"insertions":8,"deletions":10}}},{"hash":"747bbcf16b9f63fbf997f9f7eddf394527ee3440","isMergeCommit":false,"messageTitle":"Level-2: Add, List","messageBody":"","tags":["Level-2"],"fileTypesAndContributionMap":{"java":{"insertions":22,"deletions":2}}},{"hash":"adf6b75710bc4a74dd4efe495cddfec11a035894","isMergeCommit":false,"messageTitle":"Created Task and TaskList classes","messageBody":"","fileTypesAndContributionMap":{"java":{"insertions":52,"deletions":14}}},{"hash":"174a6e0bc50c2a9aec7ed49999376f7c1b5576df","isMergeCommit":false,"messageTitle":"Level-3: Mark as Done","messageBody":"","tags":["Level-3"],"fileTypesAndContributionMap":{"java":{"insertions":50,"deletions":6}}}]},{"date":"2024-08-22","commitResults":[{"hash":"cff6c7e2d9aa468eb2cbf36982f423f48ab30ead","isMergeCommit":false,"messageTitle":"moved control flow into switch statement","messageBody":"","fileTypesAndContributionMap":{"java":{"insertions":31,"deletions":31}}}]}]},"authorFileTypeContributionMap":{"hj235":{"java":133,"md":3,"fxml":0,"sh":0,"bat":1,"gradle":0,"txt":0}},"authorContributionVariance":{"hj235":5687.551},"authorDisplayNameMap":{"hj235":"NG H..JING"}}
