{"authorDailyContributionsMap":{"izruff":[{"date":"2024-08-21","commitResults":[{"hash":"edaa9706015ad73308af113eecb1b7f3b7d7f2d1","isMergeCommit":false,"messageTitle":"Rename main class","messageBody":"","fileTypesAndContributionMap":{"java":{"insertions":1,"deletions":1}}},{"hash":"2f4d559cbac131f1ebf34971d42238e87c7a6103","isMergeCommit":false,"messageTitle":"Modify greeting message","messageBody":"","tags":["Level-0"],"fileTypesAndContributionMap":{"java":{"insertions":21,"deletions":6}}},{"hash":"dd1abfc7e0df0e4af0077b6d26e1282d23db1a98","isMergeCommit":false,"messageTitle":"Use code blocks for multi-line string","messageBody":"","fileTypesAndContributionMap":{"java":{"insertions":17,"deletions":15}}},{"hash":"5c2c82191cb0750e1d35cafefdde43373fdd20af","isMergeCommit":false,"messageTitle":"Add exit message and modify greeting","messageBody":"","fileTypesAndContributionMap":{"java":{"insertions":28,"deletions":3}}},{"hash":"d83548d6992fba2b0300bdc1a53a5d126a0023bf","isMergeCommit":false,"messageTitle":"Add echo feature","messageBody":"","fileTypesAndContributionMap":{"java":{"insertions":27,"deletions":0}}},{"hash":"bdecfd1491dc3ecb0fcd4c1a60e9b85f9de0ee02","isMergeCommit":false,"messageTitle":"Create main loop for receiving user input","messageBody":"","tags":["Level-1"],"fileTypesAndContributionMap":{"java":{"insertions":16,"deletions":1}}},{"hash":"729d3fd01e3be7ecbb50011f4a2b8b3b0f463d46","isMergeCommit":false,"messageTitle":"Implement add task and list tasks","messageBody":"","tags":["Level-2"],"fileTypesAndContributionMap":{"java":{"insertions":19,"deletions":1}}},{"hash":"5b35bb3dcb9cb0b5eb6f5f15eb624a9db3de54f3","isMergeCommit":false,"messageTitle":"Add Task class","messageBody":"","fileTypesAndContributionMap":{"java":{"insertions":25,"deletions":0}}},{"hash":"e5cbbebf363fa8015c0244aaf254e7207c15facf","isMergeCommit":false,"messageTitle":"Task.java: Add toString method","messageBody":"","fileTypesAndContributionMap":{"java":{"insertions":4,"deletions":0}}},{"hash":"857012cedd378ed3a997e8b1b473b6d921cc132b","isMergeCommit":false,"messageTitle":"Replace string-based tasks with Task instances","messageBody":"","tags":["A-Classes"],"fileTypesAndContributionMap":{"java":{"insertions":7,"deletions":5}}},{"hash":"c93d0cf40cf2e5ab6eb2c61a81f5e18112bab079","isMergeCommit":false,"messageTitle":"Add mark and unmark feature","messageBody":"","tags":["Level-3"],"fileTypesAndContributionMap":{"java":{"insertions":18,"deletions":0}}}]},{"date":"2024-08-22","commitResults":[{"hash":"55e872b791115d29f76eebbf4bff6a659e2be0a5","isMergeCommit":false,"messageTitle":"Make Task abstract and improve code quality","messageBody":"","fileTypesAndContributionMap":{"java":{"insertions":4,"deletions":3}}},{"hash":"8a7b166bd61374d5afeda8898f9a3c93319fd036","isMergeCommit":false,"messageTitle":"Add Todo, Deadline, and Event subclasses","messageBody":"","tags":["A-Inheritance"],"fileTypesAndContributionMap":{"java":{"insertions":38,"deletions":0}}}]},{"date":"2024-08-25","commitResults":[{"hash":"75cdc3023a0429b5ea2eeba8d627d2a667bfa59f","isMergeCommit":false,"messageTitle":"Add functionality to new task types","messageBody":"","tags":["Level-4"],"fileTypesAndContributionMap":{"java":{"insertions":31,"deletions":4}}},{"hash":"7b2770cb3e2e894c11c38f64734a7dd191d27ee9","isMergeCommit":false,"messageTitle":"Replace cat ASCII art","messageBody":"","fileTypesAndContributionMap":{"java":{"insertions":17,"deletions":48}}},{"hash":"d13673b087c33323378e4069f01c1d2793518896","isMergeCommit":false,"messageTitle":"Add text UI testing","messageBody":"","tags":["A-TextUiTesting"],"fileTypesAndContributionMap":{"txt":{"insertions":11,"deletions":0},"bat":{"insertions":1,"deletions":1}}}]}]},"authorFileTypeContributionMap":{"izruff":{"java":193,"md":0,"fxml":0,"sh":0,"bat":1,"gradle":0,"txt":11}},"authorContributionVariance":{"izruff":4710.6094},"authorDisplayNameMap":{"izruff":"CS2103T-T08-4 RAFA..ANTO"}}
