{"authorDailyContributionsMap":{"stephaneleong":[{"date":"2024-08-20","commitResults":[{"hash":"0da22b72f62c824694899a03789ef91b4ec535d7","isMergeCommit":false,"messageTitle":"Rename Duke.java to Easton.java","messageBody":"","fileTypesAndContributionMap":{"java":{"insertions":1,"deletions":1}}},{"hash":"48074e905702378d89ef35c4fa4104816823b14b","isMergeCommit":false,"messageTitle":"Add greeting and exit","messageBody":"","tags":["Level-0"],"fileTypesAndContributionMap":{"java":{"insertions":22,"deletions":5}}},{"hash":"4b84b5412da02c5fd76f3d337b09ba9ca99a0a4c","isMergeCommit":false,"messageTitle":"Add echo","messageBody":"","tags":["Level-1"],"fileTypesAndContributionMap":{"java":{"insertions":20,"deletions":2}}},{"hash":"5c70351526c9d4a6d9cd2dcb5223a0d82b7dba96","isMergeCommit":false,"messageTitle":"Add support for list","messageBody":"","fileTypesAndContributionMap":{"java":{"insertions":6,"deletions":0}}},{"hash":"07f6de90923587e07105d954ddb8dd9ab76804b6","isMergeCommit":false,"messageTitle":"Add support for add to list","messageBody":"","tags":["Level-2"],"fileTypesAndContributionMap":{"java":{"insertions":5,"deletions":1}}},{"hash":"6b99c33a26a2d29b6ba3f3e17d045efbca3cf852","isMergeCommit":false,"messageTitle":"Add Task.java","messageBody":"","fileTypesAndContributionMap":{"java":{"insertions":18,"deletions":0}}},{"hash":"e3894bf5ed3fb3d7df32ada15ae231365b801e2c","isMergeCommit":false,"messageTitle":"Rename itemList to taskArray","messageBody":"","fileTypesAndContributionMap":{"java":{"insertions":7,"deletions":6}}},{"hash":"8100bf82f1e9d55a9f5616c3a77ebd4864091898","isMergeCommit":false,"messageTitle":"Add support for mark","messageBody":"","tags":["Level-3"],"fileTypesAndContributionMap":{"java":{"insertions":41,"deletions":0}}},{"hash":"6750d993191f86d38276ed4b11327d1a0d43bae2","isMergeCommit":false,"messageTitle":"Add ToDo.java","messageBody":"","fileTypesAndContributionMap":{"java":{"insertions":11,"deletions":0}}},{"hash":"4b36faa2a5b90542fcdc689ddedb9466460be2e6","isMergeCommit":false,"messageTitle":"Add Deadline.java","messageBody":"","fileTypesAndContributionMap":{"java":{"insertions":13,"deletions":0}}},{"hash":"792d774ca6b38345337fd86e6e2476cb74909882","isMergeCommit":false,"messageTitle":"Add Event.java","messageBody":"","fileTypesAndContributionMap":{"java":{"insertions":16,"deletions":0}}}]},{"date":"2024-08-21","commitResults":[{"hash":"814751861e65d2e0338150d4f11538b29851e935","isMergeCommit":false,"messageTitle":"Extract support for list \u0026 mark into methods","messageBody":"","fileTypesAndContributionMap":{"java":{"insertions":28,"deletions":40}}},{"hash":"186603dcc1c7b874051ed1694d307aae687d0daa","isMergeCommit":false,"messageTitle":"Fix toString print bug","messageBody":"","fileTypesAndContributionMap":{"java":{"insertions":1,"deletions":1}}},{"hash":"6b765aee322bdf32b4c14977ed7ef031f608a04e","isMergeCommit":false,"messageTitle":"Add support for tracking todo, event \u0026 deadline","messageBody":"","fileTypesAndContributionMap":{"java":{"insertions":35,"deletions":12}}},{"hash":"e785f53781edc7c1e8fa1b374e66023fbb84f27c","isMergeCommit":false,"messageTitle":"Change Task to abstract class","messageBody":"","tags":["Level-4"],"fileTypesAndContributionMap":{"java":{"insertions":1,"deletions":1}}},{"hash":"7de756d9f1d9e7821dc6936bea1f17b7a33d75e3","isMergeCommit":false,"messageTitle":"Modify test case","messageBody":"","fileTypesAndContributionMap":{"txt":{"insertions":10,"deletions":0},"sh":{"insertions":2,"deletions":6}}},{"hash":"d5e6f86fd1a83473d22c044ec6a96dc62e7c534e","isMergeCommit":false,"messageTitle":"Fix print bug","messageBody":"","tags":["A-TextUiTesting"],"fileTypesAndContributionMap":{"java":{"insertions":2,"deletions":2}}},{"hash":"68031963ed047aec691c6f36aab930bcc68c592a","isMergeCommit":false,"messageTitle":"Add Action.java","messageBody":"","tags":["A-Enums"],"fileTypesAndContributionMap":{"java":{"insertions":3,"deletions":0}}},{"hash":"4022459fcb009ee2f2fe9407d0a305be3d497ed4","isMergeCommit":false,"messageTitle":"Add IllegalActionException","messageBody":"","fileTypesAndContributionMap":{"java":{"insertions":5,"deletions":0}}},{"hash":"bb0777e2a25604c6fc7e38fbd206c2c027232c50","isMergeCommit":false,"messageTitle":"Add support to handle IllegalActionException","messageBody":"","fileTypesAndContributionMap":{"java":{"insertions":37,"deletions":19}}},{"hash":"76cce7f08082243000bfc0a3651f2609b6027d9a","isMergeCommit":false,"messageTitle":"Add support for EmptyDescriptionException","messageBody":"","fileTypesAndContributionMap":{"java":{"insertions":19,"deletions":1}}},{"hash":"7f37b3b13fe8be934d49559c5239f53ba04641d5","isMergeCommit":false,"messageTitle":"Add support for InvalidIndexException","messageBody":"","fileTypesAndContributionMap":{"java":{"insertions":35,"deletions":13}}},{"hash":"626afffa1147d6dff6cc3226e1a0151e659eea05","isMergeCommit":false,"messageTitle":"Add support for InvalidFormatException","messageBody":"","tags":["Level-5"],"fileTypesAndContributionMap":{"java":{"insertions":42,"deletions":8}}},{"hash":"384ab23d377d517915ccf9bafbe69fd9b30bff02","isMergeCommit":false,"messageTitle":"Change Array to ArrayList","messageBody":"","fileTypesAndContributionMap":{"java":{"insertions":8,"deletions":9}}},{"hash":"ecf04152f7d69be25b6f2452736d92f8f77e4041","isMergeCommit":false,"messageTitle":"Add support for delete","messageBody":"","tags":["Level-6"],"fileTypesAndContributionMap":{"java":{"insertions":17,"deletions":1}}}]},{"date":"2024-08-29","commitResults":[{"hash":"e6e5931061cebe487038d69ea90c6dadc8c05d99","isMergeCommit":false,"messageTitle":"Add retrieval from CSV file","messageBody":"","fileTypesAndContributionMap":{"java":{"insertions":59,"deletions":0}}},{"hash":"ff4bf47ef11f86bf0b87ac85d6c430feff787525","isMergeCommit":false,"messageTitle":"Add string format to save in csv","messageBody":"","fileTypesAndContributionMap":{"java":{"insertions":20,"deletions":0}}},{"hash":"9b76d83bf9870fdfc765399043e9bfdc9ff79daf","isMergeCommit":false,"messageTitle":"Add support to save data to CSV file","messageBody":"","fileTypesAndContributionMap":{"java":{"insertions":22,"deletions":1}}},{"hash":"1c23b2dfa3d3e9ac670b8ea99074e973e5bbf3e9","isMergeCommit":false,"messageTitle":"Change error message to saving data","messageBody":"","fileTypesAndContributionMap":{"java":{"insertions":2,"deletions":2}}},{"hash":"8c39c41cd0d214d4dcb05403dd8202c99ba4f9a2","isMergeCommit":true,"messageTitle":"Merge branch \u0027branch-Level-7\u0027","messageBody":"","tags":["Level-7"],"fileTypesAndContributionMap":{}},{"hash":"d4f21c5f7b9ec8ba479d5d75b3033edd6ea45f19","isMergeCommit":false,"messageTitle":"Add support for LocalDateTime","messageBody":"","fileTypesAndContributionMap":{"java":{"insertions":19,"deletions":10}}},{"hash":"e48e218b5845b4ebe4e7718718e1074a6d2fe105","isMergeCommit":false,"messageTitle":"Add DateTimeFormatException","messageBody":"","fileTypesAndContributionMap":{"java":{"insertions":5,"deletions":0}}},{"hash":"3633ff7d83787d8d3fa319f9da90cb143d8098ff","isMergeCommit":false,"messageTitle":"Add support for DateTimeFormatException","messageBody":"","fileTypesAndContributionMap":{"java":{"insertions":42,"deletions":10}}},{"hash":"78d7f1f6ef8bf158cfd5d2389b170ad9e637da53","isMergeCommit":true,"messageTitle":"Merge branch \u0027branch-Level-8\u0027","messageBody":"","tags":["Level-8"],"fileTypesAndContributionMap":{}}]},{"date":"2024-08-30","commitResults":[{"hash":"84e430eeb890500b0ae646f667b009e4037bd1cf","isMergeCommit":false,"messageTitle":"Change Easton to a non-static program","messageBody":"","fileTypesAndContributionMap":{"java":{"insertions":65,"deletions":56}}},{"hash":"0d5b9b40eb9846355e6b9d33dd264fba69354156","isMergeCommit":false,"messageTitle":"Extract support for storage","messageBody":"","fileTypesAndContributionMap":{"java":{"insertions":59,"deletions":0}}},{"hash":"1596bf96bff2e911a2b27864da36a3aca7411efc","isMergeCommit":false,"messageTitle":"Integrate storage support","messageBody":"","fileTypesAndContributionMap":{"java":{"insertions":35,"deletions":42}}},{"hash":"1500495b3abc33278512d9ad7e03691d991194e7","isMergeCommit":false,"messageTitle":"Add support for ui","messageBody":"","fileTypesAndContributionMap":{"java":{"insertions":60,"deletions":0}}},{"hash":"044f46f206b6acc242cc4eaf14a718cddce9fbbb","isMergeCommit":false,"messageTitle":"Integrate ui support","messageBody":"","fileTypesAndContributionMap":{"java":{"insertions":26,"deletions":55}}},{"hash":"f6bd3fcea9a93708b48b72aa669e16e972a92f7d","isMergeCommit":false,"messageTitle":"Remove unused getFilePath method","messageBody":"","fileTypesAndContributionMap":{"java":{"insertions":0,"deletions":18}}},{"hash":"eafd434522d5a0eab9564674ae44b7fe8845e750","isMergeCommit":true,"messageTitle":"Merge branch \u0027branch-A-MoreOOP\u0027","messageBody":"","tags":["A-MoreOOP"],"fileTypesAndContributionMap":{}},{"hash":"e05ceafdfb500905ed808f83593271886533f571","isMergeCommit":false,"messageTitle":"Move files to easton package","messageBody":"","fileTypesAndContributionMap":{"java":{"insertions":29,"deletions":7}}},{"hash":"e360747b4e3861b4d1ce3ab09f34bec45691e4c2","isMergeCommit":false,"messageTitle":"Move tasks to model package","messageBody":"","fileTypesAndContributionMap":{"java":{"insertions":15,"deletions":6}}},{"hash":"2c3d8dc779e85f63eb0a79354f06c0485e68c659","isMergeCommit":false,"messageTitle":"Change to public class","messageBody":"","fileTypesAndContributionMap":{"java":{"insertions":1,"deletions":1}}},{"hash":"ae2bdd874ab7cfa3612588225e6341ea5e203173","isMergeCommit":false,"messageTitle":"Move ui to view package","messageBody":"","fileTypesAndContributionMap":{"java":{"insertions":2,"deletions":1}}},{"hash":"69240e23f36b8b7c6ca125fae18d21d1bf6b41fb","isMergeCommit":false,"messageTitle":"fix bug","messageBody":"","fileTypesAndContributionMap":{"java":{"insertions":1,"deletions":1}}},{"hash":"4ef48400562e9a66c7ae8ed455fd7220f01ff699","isMergeCommit":true,"messageTitle":"Merge branch \u0027branch-A-Packages\u0027","messageBody":"","tags":["A-Packages"],"fileTypesAndContributionMap":{}},{"hash":"76233aed3d800c1bf6cb07ed5e423b12b949986e","isMergeCommit":true,"messageTitle":"Merge branch \u0027add-gradle-support\u0027","messageBody":"","fileTypesAndContributionMap":{}},{"hash":"01f5bb8e9c04bdcd6f646283fc276ffa6813447b","isMergeCommit":false,"messageTitle":"Edit gradle configuration to run Easton","messageBody":"","tags":["A-Gradle"],"fileTypesAndContributionMap":{"gradle":{"insertions":2,"deletions":2}}},{"hash":"c903cc2b31dca25bcbcfdb28e78a37928fbfd33b","isMergeCommit":false,"messageTitle":"Add test case for createToDo","messageBody":"","fileTypesAndContributionMap":{"java":{"insertions":28,"deletions":1}}},{"hash":"f94d85ef8938d8ab2752721130b87a50dad8e9eb","isMergeCommit":false,"messageTitle":"Fix bug in createToDo","messageBody":"","fileTypesAndContributionMap":{"java":{"insertions":4,"deletions":2}}},{"hash":"33aed76ade161230dc91dc649c79a82dde1c0000","isMergeCommit":false,"messageTitle":"Add test cases for createDeadline","messageBody":"","fileTypesAndContributionMap":{"java":{"insertions":32,"deletions":2}}},{"hash":"800616f2ddaca08857a6c73c81ea475f8c0fa261","isMergeCommit":false,"messageTitle":"Fix bug for createDeadline","messageBody":"","fileTypesAndContributionMap":{"java":{"insertions":6,"deletions":4}}},{"hash":"0d8f63d1855a0d2e999a7cf65c7c231ba6f78a40","isMergeCommit":false,"messageTitle":"Fix bug for ui welcome and goodbye","messageBody":"","fileTypesAndContributionMap":{"java":{"insertions":6,"deletions":6}}},{"hash":"84bb9849c1c66100fda2bea9bb7559144221c9bb","isMergeCommit":false,"messageTitle":"Add test case for Storage","messageBody":"","tags":["A-JUnit"],"fileTypesAndContributionMap":{"java":{"insertions":42,"deletions":0}}},{"hash":"f740d6fc9a1884b7008076c381dfb8ace2e7d6b5","isMergeCommit":false,"messageTitle":"Add archiveFileName to gradle build.gradle","messageBody":"","tags":["A-Jar"],"fileTypesAndContributionMap":{"gradle":{"insertions":1,"deletions":0}}}]},{"date":"2024-09-03","commitResults":[{"hash":"3c2d6e0d195ab17a67e9bae88704fe084050f19e","isMergeCommit":false,"messageTitle":"Change methods to public for test","messageBody":"","fileTypesAndContributionMap":{"java":{"insertions":8,"deletions":8}}},{"hash":"278f931da5e6e12a4c928049ed268ecfd7e7027a","isMergeCommit":false,"messageTitle":"Add JavaDocs for public methods and classes","messageBody":"","fileTypesAndContributionMap":{"java":{"insertions":87,"deletions":0}}},{"hash":"4304937c0fa8bfaa3f44d3c5108298354ebee645","isMergeCommit":false,"messageTitle":"Rephrase JavaDoc for constructor","messageBody":"","fileTypesAndContributionMap":{"java":{"insertions":1,"deletions":1}}},{"hash":"c04c3b5bcb5e7f72bc50d1c4fde8f65be8d8f23e","isMergeCommit":false,"messageTitle":"Add JavaDoc for exception","messageBody":"","fileTypesAndContributionMap":{"java":{"insertions":30,"deletions":0}}},{"hash":"91ee372b9260ceae66f08588f53ca9a31f8b3971","isMergeCommit":false,"messageTitle":"Fix JavaDoc capitalization","messageBody":"","fileTypesAndContributionMap":{"java":{"insertions":10,"deletions":10}}},{"hash":"d4c358280f96a9220f3b5ad092370b7cb1349858","isMergeCommit":false,"messageTitle":"Add JavaDoc to public methods and class","messageBody":"","fileTypesAndContributionMap":{"java":{"insertions":31,"deletions":0}}},{"hash":"1239491a0097585355a47c4b65cac61af6b54c4f","isMergeCommit":false,"messageTitle":"Add JavaDoc to public methods and class","messageBody":"","fileTypesAndContributionMap":{"java":{"insertions":21,"deletions":0}}},{"hash":"9d87049d43f058fabda89f4fb97d1f7bfe25dbb8","isMergeCommit":false,"messageTitle":"Add JavaDoc to public methods and class","messageBody":"","fileTypesAndContributionMap":{"java":{"insertions":49,"deletions":0}}},{"hash":"8f59da7a0fa6cbe248b0d66a740ffab3df10954d","isMergeCommit":false,"messageTitle":"Add Checkstyle to gradle build","messageBody":"","fileTypesAndContributionMap":{"gradle":{"insertions":5,"deletions":0}}},{"hash":"5da9b64982e94710efd5da67e46e739430631f84","isMergeCommit":false,"messageTitle":"Fix coding standard","messageBody":"","fileTypesAndContributionMap":{"java":{"insertions":30,"deletions":27}}},{"hash":"22d28de9943c18733ac31365b8d345a23855f15f","isMergeCommit":false,"messageTitle":"Add find to action","messageBody":"","fileTypesAndContributionMap":{"java":{"insertions":1,"deletions":1}}},{"hash":"76cd9a623ea799dabefa051c096287912d2e4862","isMergeCommit":false,"messageTitle":"Add support to find keyword","messageBody":"","fileTypesAndContributionMap":{"java":{"insertions":55,"deletions":1}}},{"hash":"039b19aecf982512da20fb8a5e9a722ee128d506","isMergeCommit":true,"messageTitle":"Merge branch \u0027branch-A-JavaDoc\u0027","messageBody":"","tags":["A-JavaDoc"],"fileTypesAndContributionMap":{}},{"hash":"84e814283b33e79edc233bf98c8ca96e32a6daf3","isMergeCommit":true,"messageTitle":"Resolve merge conflict","messageBody":"","fileTypesAndContributionMap":{}},{"hash":"aaa1af05fe9f12b088e0241d99738559b38e7771","isMergeCommit":true,"messageTitle":"Merge branch \u0027branch-A-CodingStandard\u0027","messageBody":"","tags":["A-CodingStandard"],"fileTypesAndContributionMap":{}},{"hash":"70719adccf019f66bd6a3fc51cd446be73a3e047","isMergeCommit":true,"messageTitle":"Resolve merge conflict","messageBody":"","fileTypesAndContributionMap":{}},{"hash":"69766da66da33192c9fb2f94536dfd54fae3eb4a","isMergeCommit":false,"messageTitle":"Add Javadoc to method findTasks","messageBody":"","fileTypesAndContributionMap":{"java":{"insertions":6,"deletions":0}}},{"hash":"dfa7cec23603398399cac4febb626f24cfc2ea75","isMergeCommit":true,"messageTitle":"Merge branch \u0027branch-Level-9\u0027","messageBody":"","tags":["Level-9"],"fileTypesAndContributionMap":{}}]},{"date":"2024-09-04","commitResults":[{"hash":"63852b8c18c4542a86ad9d13e55911ff9b9a6ee5","isMergeCommit":false,"messageTitle":"Fix findTasks list bug","messageBody":"","fileTypesAndContributionMap":{"java":{"insertions":14,"deletions":7}}},{"hash":"2f17cf1f9045681280613b268f63d00a0dac6973","isMergeCommit":false,"messageTitle":"Move exceptions into a package","messageBody":"","fileTypesAndContributionMap":{"java":{"insertions":18,"deletions":10}}}]}]},"authorFileTypeContributionMap":{"stephaneleong":{"java":934,"md":0,"fxml":0,"sh":2,"bat":0,"gradle":8,"txt":10}},"authorContributionVariance":{"stephaneleong":28427.406},"authorDisplayNameMap":{"stephaneleong":"CS2103-F10-1 LEON..HANE"}}
