[{"path":"src/main/java/Deadline.java","fileType":"java","lines":[{"lineNumber":1,"author":{"gitId":"suhayl13"},"content":"public class Deadline extends Task{","lastModifiedDate":"2024-08-22","isFullCredit":false},{"lineNumber":2,"author":{"gitId":"suhayl13"},"content":"    protected String by;","lastModifiedDate":"2024-08-22","isFullCredit":false},{"lineNumber":3,"author":{"gitId":"suhayl13"},"content":"","lastModifiedDate":"2024-08-22","isFullCredit":false},{"lineNumber":4,"author":{"gitId":"suhayl13"},"content":"    public Deadline(String taskName, String by) {","lastModifiedDate":"2024-08-22","isFullCredit":false},{"lineNumber":5,"author":{"gitId":"suhayl13"},"content":"        super(taskName);","lastModifiedDate":"2024-08-22","isFullCredit":false},{"lineNumber":6,"author":{"gitId":"suhayl13"},"content":"        this.by \u003d by;","lastModifiedDate":"2024-08-22","isFullCredit":false},{"lineNumber":7,"author":{"gitId":"suhayl13"},"content":"    }","lastModifiedDate":"2024-08-22","isFullCredit":false},{"lineNumber":8,"author":{"gitId":"suhayl13"},"content":"","lastModifiedDate":"2024-08-22","isFullCredit":false},{"lineNumber":9,"author":{"gitId":"suhayl13"},"content":"    @Override","lastModifiedDate":"2024-08-22","isFullCredit":false},{"lineNumber":10,"author":{"gitId":"suhayl13"},"content":"    public String toString() {","lastModifiedDate":"2024-08-22","isFullCredit":false},{"lineNumber":11,"author":{"gitId":"suhayl13"},"content":"        return \"[D]\" + super.toString() + \" (by: \" + by + \")\";","lastModifiedDate":"2024-08-22","isFullCredit":false},{"lineNumber":12,"author":{"gitId":"suhayl13"},"content":"    }","lastModifiedDate":"2024-08-22","isFullCredit":false},{"lineNumber":13,"author":{"gitId":"suhayl13"},"content":"}","lastModifiedDate":"2024-08-22","isFullCredit":false}],"authorContributionMap":{"suhayl13":13}},{"path":"src/main/java/Event.java","fileType":"java","lines":[{"lineNumber":1,"author":{"gitId":"suhayl13"},"content":"public class Event extends Task {","lastModifiedDate":"2024-08-22","isFullCredit":false},{"lineNumber":2,"author":{"gitId":"suhayl13"},"content":"    protected String from;","lastModifiedDate":"2024-08-22","isFullCredit":false},{"lineNumber":3,"author":{"gitId":"suhayl13"},"content":"    protected String to;","lastModifiedDate":"2024-08-22","isFullCredit":false},{"lineNumber":4,"author":{"gitId":"suhayl13"},"content":"","lastModifiedDate":"2024-08-22","isFullCredit":false},{"lineNumber":5,"author":{"gitId":"suhayl13"},"content":"    public Event(String taskName, String from, String to) {","lastModifiedDate":"2024-08-22","isFullCredit":false},{"lineNumber":6,"author":{"gitId":"suhayl13"},"content":"        super(taskName);","lastModifiedDate":"2024-08-22","isFullCredit":false},{"lineNumber":7,"author":{"gitId":"suhayl13"},"content":"        this.from \u003d from;","lastModifiedDate":"2024-08-22","isFullCredit":false},{"lineNumber":8,"author":{"gitId":"suhayl13"},"content":"        this.to \u003d to;","lastModifiedDate":"2024-08-22","isFullCredit":false},{"lineNumber":9,"author":{"gitId":"suhayl13"},"content":"    }","lastModifiedDate":"2024-08-22","isFullCredit":false},{"lineNumber":10,"author":{"gitId":"suhayl13"},"content":"    @Override","lastModifiedDate":"2024-08-22","isFullCredit":false},{"lineNumber":11,"author":{"gitId":"suhayl13"},"content":"    public String toString() {","lastModifiedDate":"2024-08-22","isFullCredit":false},{"lineNumber":12,"author":{"gitId":"suhayl13"},"content":"        return \"[E]\" + super.toString() + \" (from: \" + this.from + \" to: \" + to + \")\";","lastModifiedDate":"2024-08-22","isFullCredit":false},{"lineNumber":13,"author":{"gitId":"suhayl13"},"content":"    }","lastModifiedDate":"2024-08-22","isFullCredit":false},{"lineNumber":14,"author":{"gitId":"suhayl13"},"content":"}","lastModifiedDate":"2024-08-22","isFullCredit":false}],"authorContributionMap":{"suhayl13":14}},{"path":"src/main/java/Lexi.java","fileType":"java","lines":[{"lineNumber":1,"author":{"gitId":"suhayl13"},"content":"import java.util.Scanner;","lastModifiedDate":"2024-08-20","isFullCredit":false},{"lineNumber":2,"author":{"gitId":"suhayl13"},"content":"","lastModifiedDate":"2024-08-20","isFullCredit":false},{"lineNumber":3,"author":{"gitId":"suhayl13"},"content":"public class Lexi {","lastModifiedDate":"2024-08-19","isFullCredit":false},{"lineNumber":4,"author":{"gitId":"suhayl13"},"content":"    static Task[] tasks \u003d new Task[100];","lastModifiedDate":"2024-08-20","isFullCredit":false},{"lineNumber":5,"author":{"gitId":"suhayl13"},"content":"    static int count \u003d 0;","lastModifiedDate":"2024-08-20","isFullCredit":false},{"lineNumber":6,"author":{"gitId":"suhayl13"},"content":"","lastModifiedDate":"2024-08-20","isFullCredit":false},{"lineNumber":7,"author":{"gitId":"-"},"content":"    public static void main(String[] args) {","lastModifiedDate":"2019-07-29","isFullCredit":false},{"lineNumber":8,"author":{"gitId":"suhayl13"},"content":"        Scanner userInput \u003d new Scanner(System.in);","lastModifiedDate":"2024-08-20","isFullCredit":false},{"lineNumber":9,"author":{"gitId":"suhayl13"},"content":"        greet();","lastModifiedDate":"2024-08-19","isFullCredit":false},{"lineNumber":10,"author":{"gitId":"suhayl13"},"content":"        String response \u003d userInput.nextLine();","lastModifiedDate":"2024-08-20","isFullCredit":false},{"lineNumber":11,"author":{"gitId":"suhayl13"},"content":"        while(!response.equals(\"bye\")) {","lastModifiedDate":"2024-08-20","isFullCredit":false},{"lineNumber":12,"author":{"gitId":"suhayl13"},"content":"            String[] parts \u003d response.split(\" \");","lastModifiedDate":"2024-08-20","isFullCredit":false},{"lineNumber":13,"author":{"gitId":"suhayl13"},"content":"            if(parts[0].contains(\"mark\")) {","lastModifiedDate":"2024-08-22","isFullCredit":false},{"lineNumber":14,"author":{"gitId":"suhayl13"},"content":"                handleMark(parts);","lastModifiedDate":"2024-08-22","isFullCredit":false},{"lineNumber":15,"author":{"gitId":"suhayl13"},"content":"            } else if(parts[0].equals(\"todo\")) {","lastModifiedDate":"2024-08-22","isFullCredit":false},{"lineNumber":16,"author":{"gitId":"suhayl13"},"content":"                handleTodo(response);","lastModifiedDate":"2024-08-22","isFullCredit":false},{"lineNumber":17,"author":{"gitId":"suhayl13"},"content":"            } else if(parts[0].equals(\"deadline\")){","lastModifiedDate":"2024-08-22","isFullCredit":false},{"lineNumber":18,"author":{"gitId":"suhayl13"},"content":"                handleDeadline(response);","lastModifiedDate":"2024-08-22","isFullCredit":false},{"lineNumber":19,"author":{"gitId":"suhayl13"},"content":"            } else if(parts[0].equals(\"event\")) {","lastModifiedDate":"2024-08-22","isFullCredit":false},{"lineNumber":20,"author":{"gitId":"suhayl13"},"content":"                handleEvent(response);","lastModifiedDate":"2024-08-22","isFullCredit":false},{"lineNumber":21,"author":{"gitId":"suhayl13"},"content":"            } else if(response.equals(\"list\")) {","lastModifiedDate":"2024-08-20","isFullCredit":false},{"lineNumber":22,"author":{"gitId":"suhayl13"},"content":"                listTasks();","lastModifiedDate":"2024-08-20","isFullCredit":false},{"lineNumber":23,"author":{"gitId":"suhayl13"},"content":"            } else {","lastModifiedDate":"2024-08-20","isFullCredit":false},{"lineNumber":24,"author":{"gitId":"suhayl13"},"content":"                addTask(new Task(response));","lastModifiedDate":"2024-08-22","isFullCredit":false},{"lineNumber":25,"author":{"gitId":"suhayl13"},"content":"            }","lastModifiedDate":"2024-08-20","isFullCredit":false},{"lineNumber":26,"author":{"gitId":"suhayl13"},"content":"            response \u003d userInput.nextLine();","lastModifiedDate":"2024-08-20","isFullCredit":false},{"lineNumber":27,"author":{"gitId":"suhayl13"},"content":"        }","lastModifiedDate":"2024-08-20","isFullCredit":false},{"lineNumber":28,"author":{"gitId":"suhayl13"},"content":"        userInput.close();","lastModifiedDate":"2024-08-20","isFullCredit":false},{"lineNumber":29,"author":{"gitId":"suhayl13"},"content":"        bye();","lastModifiedDate":"2024-08-19","isFullCredit":false},{"lineNumber":30,"author":{"gitId":"-"},"content":"    }","lastModifiedDate":"2019-07-29","isFullCredit":false},{"lineNumber":31,"author":{"gitId":"suhayl13"},"content":"","lastModifiedDate":"2024-08-20","isFullCredit":false},{"lineNumber":32,"author":{"gitId":"suhayl13"},"content":"    private static void handleEvent(String response) {","lastModifiedDate":"2024-08-22","isFullCredit":false},{"lineNumber":33,"author":{"gitId":"suhayl13"},"content":"        String[] parts \u003d response.split(\" /from \");","lastModifiedDate":"2024-08-22","isFullCredit":false},{"lineNumber":34,"author":{"gitId":"suhayl13"},"content":"        String taskName \u003d parts[0].substring(6);","lastModifiedDate":"2024-08-22","isFullCredit":false},{"lineNumber":35,"author":{"gitId":"suhayl13"},"content":"        String[] range \u003d parts[1].split(\" /to \");","lastModifiedDate":"2024-08-22","isFullCredit":false},{"lineNumber":36,"author":{"gitId":"suhayl13"},"content":"        String from  \u003d range[0];","lastModifiedDate":"2024-08-22","isFullCredit":false},{"lineNumber":37,"author":{"gitId":"suhayl13"},"content":"        String to \u003d range[1];","lastModifiedDate":"2024-08-22","isFullCredit":false},{"lineNumber":38,"author":{"gitId":"suhayl13"},"content":"        addTask(new Event(taskName, from, to));","lastModifiedDate":"2024-08-22","isFullCredit":false},{"lineNumber":39,"author":{"gitId":"suhayl13"},"content":"    }","lastModifiedDate":"2024-08-22","isFullCredit":false},{"lineNumber":40,"author":{"gitId":"suhayl13"},"content":"","lastModifiedDate":"2024-08-22","isFullCredit":false},{"lineNumber":41,"author":{"gitId":"suhayl13"},"content":"    private static void handleDeadline(String response) {","lastModifiedDate":"2024-08-22","isFullCredit":false},{"lineNumber":42,"author":{"gitId":"suhayl13"},"content":"        String[] parts \u003d response.split(\" /by \");","lastModifiedDate":"2024-08-22","isFullCredit":false},{"lineNumber":43,"author":{"gitId":"suhayl13"},"content":"        String taskName \u003d parts[0].substring(9);","lastModifiedDate":"2024-08-22","isFullCredit":false},{"lineNumber":44,"author":{"gitId":"suhayl13"},"content":"        String by \u003d parts[1];","lastModifiedDate":"2024-08-22","isFullCredit":false},{"lineNumber":45,"author":{"gitId":"suhayl13"},"content":"        addTask(new Deadline(taskName, by));","lastModifiedDate":"2024-08-22","isFullCredit":false},{"lineNumber":46,"author":{"gitId":"suhayl13"},"content":"    }","lastModifiedDate":"2024-08-22","isFullCredit":false},{"lineNumber":47,"author":{"gitId":"suhayl13"},"content":"","lastModifiedDate":"2024-08-22","isFullCredit":false},{"lineNumber":48,"author":{"gitId":"suhayl13"},"content":"    private static void handleTodo(String response) {","lastModifiedDate":"2024-08-22","isFullCredit":false},{"lineNumber":49,"author":{"gitId":"suhayl13"},"content":"        String taskName \u003d response.substring(5);","lastModifiedDate":"2024-08-22","isFullCredit":false},{"lineNumber":50,"author":{"gitId":"suhayl13"},"content":"        addTask(new Todo(taskName));","lastModifiedDate":"2024-08-22","isFullCredit":false},{"lineNumber":51,"author":{"gitId":"suhayl13"},"content":"    }","lastModifiedDate":"2024-08-22","isFullCredit":false},{"lineNumber":52,"author":{"gitId":"suhayl13"},"content":"","lastModifiedDate":"2024-08-22","isFullCredit":false},{"lineNumber":53,"author":{"gitId":"suhayl13"},"content":"    private static void handleMark(String[] parts) {","lastModifiedDate":"2024-08-22","isFullCredit":false},{"lineNumber":54,"author":{"gitId":"suhayl13"},"content":"        int taskNumber \u003d  Integer.parseInt(parts[1]) - 1;","lastModifiedDate":"2024-08-22","isFullCredit":false},{"lineNumber":55,"author":{"gitId":"suhayl13"},"content":"        Task taskToBeMarked \u003d tasks[taskNumber];","lastModifiedDate":"2024-08-22","isFullCredit":false},{"lineNumber":56,"author":{"gitId":"suhayl13"},"content":"        if(parts[0].equals(\"unmark\")) {","lastModifiedDate":"2024-08-22","isFullCredit":false},{"lineNumber":57,"author":{"gitId":"suhayl13"},"content":"            unmarkTask(taskToBeMarked);","lastModifiedDate":"2024-08-22","isFullCredit":false},{"lineNumber":58,"author":{"gitId":"suhayl13"},"content":"        } else {","lastModifiedDate":"2024-08-22","isFullCredit":false},{"lineNumber":59,"author":{"gitId":"suhayl13"},"content":"            markTask(taskToBeMarked);","lastModifiedDate":"2024-08-22","isFullCredit":false},{"lineNumber":60,"author":{"gitId":"suhayl13"},"content":"        }","lastModifiedDate":"2024-08-22","isFullCredit":false},{"lineNumber":61,"author":{"gitId":"suhayl13"},"content":"    }","lastModifiedDate":"2024-08-22","isFullCredit":false},{"lineNumber":62,"author":{"gitId":"suhayl13"},"content":"    private static void unmarkTask(Task taskToBeMarked) {","lastModifiedDate":"2024-08-20","isFullCredit":false},{"lineNumber":63,"author":{"gitId":"suhayl13"},"content":"        taskToBeMarked.undoTask();","lastModifiedDate":"2024-08-20","isFullCredit":false},{"lineNumber":64,"author":{"gitId":"suhayl13"},"content":"        System.out.println(\"____________________________________________________________\");","lastModifiedDate":"2024-08-20","isFullCredit":false},{"lineNumber":65,"author":{"gitId":"suhayl13"},"content":"        System.out.println(\" OK, I\u0027ve marked this task as not done yet:\");","lastModifiedDate":"2024-08-20","isFullCredit":false},{"lineNumber":66,"author":{"gitId":"suhayl13"},"content":"        System.out.println(\"   \" + taskToBeMarked);","lastModifiedDate":"2024-08-20","isFullCredit":false},{"lineNumber":67,"author":{"gitId":"suhayl13"},"content":"        System.out.println(\"____________________________________________________________\\n\");","lastModifiedDate":"2024-08-20","isFullCredit":false},{"lineNumber":68,"author":{"gitId":"suhayl13"},"content":"    }","lastModifiedDate":"2024-08-20","isFullCredit":false},{"lineNumber":69,"author":{"gitId":"suhayl13"},"content":"","lastModifiedDate":"2024-08-20","isFullCredit":false},{"lineNumber":70,"author":{"gitId":"suhayl13"},"content":"    public static void markTask(Task taskToBeMarked) {","lastModifiedDate":"2024-08-20","isFullCredit":false},{"lineNumber":71,"author":{"gitId":"suhayl13"},"content":"        taskToBeMarked.doTask();","lastModifiedDate":"2024-08-20","isFullCredit":false},{"lineNumber":72,"author":{"gitId":"suhayl13"},"content":"        System.out.println(\"____________________________________________________________\");","lastModifiedDate":"2024-08-20","isFullCredit":false},{"lineNumber":73,"author":{"gitId":"suhayl13"},"content":"        System.out.println(\" Nice! I\u0027ve marked this task as done:\");","lastModifiedDate":"2024-08-20","isFullCredit":false},{"lineNumber":74,"author":{"gitId":"suhayl13"},"content":"        System.out.println(\"   \" + taskToBeMarked);","lastModifiedDate":"2024-08-20","isFullCredit":false},{"lineNumber":75,"author":{"gitId":"suhayl13"},"content":"        System.out.println(\"____________________________________________________________\\n\");","lastModifiedDate":"2024-08-20","isFullCredit":false},{"lineNumber":76,"author":{"gitId":"suhayl13"},"content":"    }","lastModifiedDate":"2024-08-20","isFullCredit":false},{"lineNumber":77,"author":{"gitId":"suhayl13"},"content":"","lastModifiedDate":"2024-08-20","isFullCredit":false},{"lineNumber":78,"author":{"gitId":"suhayl13"},"content":"","lastModifiedDate":"2024-08-20","isFullCredit":false},{"lineNumber":79,"author":{"gitId":"suhayl13"},"content":"    public static void listTasks() {","lastModifiedDate":"2024-08-20","isFullCredit":false},{"lineNumber":80,"author":{"gitId":"suhayl13"},"content":"        System.out.println(\"____________________________________________________________\");","lastModifiedDate":"2024-08-20","isFullCredit":false},{"lineNumber":81,"author":{"gitId":"suhayl13"},"content":"        System.out.println(\" Here are the tasks in your list:\");","lastModifiedDate":"2024-08-20","isFullCredit":false},{"lineNumber":82,"author":{"gitId":"suhayl13"},"content":"        for(int i \u003d 0;i\u003ccount;i++) {","lastModifiedDate":"2024-08-20","isFullCredit":false},{"lineNumber":83,"author":{"gitId":"suhayl13"},"content":"            Task currTask \u003d tasks[i];","lastModifiedDate":"2024-08-20","isFullCredit":false},{"lineNumber":84,"author":{"gitId":"suhayl13"},"content":"            System.out.printf(\"  %d. %s%n\", i+1, currTask);","lastModifiedDate":"2024-08-20","isFullCredit":false},{"lineNumber":85,"author":{"gitId":"suhayl13"},"content":"        }","lastModifiedDate":"2024-08-20","isFullCredit":false},{"lineNumber":86,"author":{"gitId":"suhayl13"},"content":"        System.out.println(\"____________________________________________________________\\n\");","lastModifiedDate":"2024-08-20","isFullCredit":false},{"lineNumber":87,"author":{"gitId":"suhayl13"},"content":"    }","lastModifiedDate":"2024-08-20","isFullCredit":false},{"lineNumber":88,"author":{"gitId":"suhayl13"},"content":"","lastModifiedDate":"2024-08-20","isFullCredit":false},{"lineNumber":89,"author":{"gitId":"suhayl13"},"content":"    public static void greet() {","lastModifiedDate":"2024-08-19","isFullCredit":false},{"lineNumber":90,"author":{"gitId":"suhayl13"},"content":"        System.out.println(\"____________________________________________________________\");","lastModifiedDate":"2024-08-19","isFullCredit":false},{"lineNumber":91,"author":{"gitId":"suhayl13"},"content":"        System.out.println(\" Hello! I\u0027m Lexi\\n What can I do for you?\");","lastModifiedDate":"2024-08-19","isFullCredit":false},{"lineNumber":92,"author":{"gitId":"suhayl13"},"content":"        System.out.println(\"____________________________________________________________\\n\");","lastModifiedDate":"2024-08-20","isFullCredit":false},{"lineNumber":93,"author":{"gitId":"suhayl13"},"content":"    }","lastModifiedDate":"2024-08-19","isFullCredit":false},{"lineNumber":94,"author":{"gitId":"suhayl13"},"content":"    public static void bye() {","lastModifiedDate":"2024-08-19","isFullCredit":false},{"lineNumber":95,"author":{"gitId":"suhayl13"},"content":"        System.out.println(\"____________________________________________________________\");","lastModifiedDate":"2024-08-20","isFullCredit":false},{"lineNumber":96,"author":{"gitId":"suhayl13"},"content":"        System.out.println(\" Bye. Hope to see you again soon!\");","lastModifiedDate":"2024-08-19","isFullCredit":false},{"lineNumber":97,"author":{"gitId":"suhayl13"},"content":"        System.out.println(\"____________________________________________________________\\n\");","lastModifiedDate":"2024-08-20","isFullCredit":false},{"lineNumber":98,"author":{"gitId":"suhayl13"},"content":"    }","lastModifiedDate":"2024-08-20","isFullCredit":false},{"lineNumber":99,"author":{"gitId":"suhayl13"},"content":"    public static void addTask(Task task) {","lastModifiedDate":"2024-08-22","isFullCredit":false},{"lineNumber":100,"author":{"gitId":"suhayl13"},"content":"        tasks[count] \u003d task;","lastModifiedDate":"2024-08-22","isFullCredit":false},{"lineNumber":101,"author":{"gitId":"suhayl13"},"content":"        count++;","lastModifiedDate":"2024-08-20","isFullCredit":false},{"lineNumber":102,"author":{"gitId":"suhayl13"},"content":"        System.out.println(\"____________________________________________________________\");","lastModifiedDate":"2024-08-19","isFullCredit":false},{"lineNumber":103,"author":{"gitId":"suhayl13"},"content":"        System.out.println(\" Got it. I\u0027ve added this task:\");","lastModifiedDate":"2024-08-22","isFullCredit":false},{"lineNumber":104,"author":{"gitId":"suhayl13"},"content":"        System.out.printf(\"   %s%n\", task);","lastModifiedDate":"2024-08-22","isFullCredit":false},{"lineNumber":105,"author":{"gitId":"suhayl13"},"content":"        System.out.printf(\" Now you have %d task%s in the list.%n\", count, count \u003d\u003d 1 ? \"\" : \"s\");","lastModifiedDate":"2024-08-22","isFullCredit":false},{"lineNumber":106,"author":{"gitId":"suhayl13"},"content":"        System.out.println(\"____________________________________________________________\\n\");","lastModifiedDate":"2024-08-20","isFullCredit":false},{"lineNumber":107,"author":{"gitId":"suhayl13"},"content":"    }","lastModifiedDate":"2024-08-19","isFullCredit":false},{"lineNumber":108,"author":{"gitId":"suhayl13"},"content":"","lastModifiedDate":"2024-08-19","isFullCredit":false},{"lineNumber":109,"author":{"gitId":"-"},"content":"}","lastModifiedDate":"2019-07-29","isFullCredit":false}],"authorContributionMap":{"suhayl13":106,"-":3}},{"path":"src/main/java/Task.java","fileType":"java","lines":[{"lineNumber":1,"author":{"gitId":"suhayl13"},"content":"public class Task {","lastModifiedDate":"2024-08-20","isFullCredit":false},{"lineNumber":2,"author":{"gitId":"suhayl13"},"content":"    private boolean isDone;","lastModifiedDate":"2024-08-20","isFullCredit":false},{"lineNumber":3,"author":{"gitId":"suhayl13"},"content":"    private final String taskName;","lastModifiedDate":"2024-08-20","isFullCredit":false},{"lineNumber":4,"author":{"gitId":"suhayl13"},"content":"","lastModifiedDate":"2024-08-20","isFullCredit":false},{"lineNumber":5,"author":{"gitId":"suhayl13"},"content":"    public Task(String taskName){","lastModifiedDate":"2024-08-20","isFullCredit":false},{"lineNumber":6,"author":{"gitId":"suhayl13"},"content":"        this.isDone \u003d false;","lastModifiedDate":"2024-08-20","isFullCredit":false},{"lineNumber":7,"author":{"gitId":"suhayl13"},"content":"        this.taskName \u003d taskName;","lastModifiedDate":"2024-08-20","isFullCredit":false},{"lineNumber":8,"author":{"gitId":"suhayl13"},"content":"    }","lastModifiedDate":"2024-08-20","isFullCredit":false},{"lineNumber":9,"author":{"gitId":"suhayl13"},"content":"    public void doTask() {","lastModifiedDate":"2024-08-20","isFullCredit":false},{"lineNumber":10,"author":{"gitId":"suhayl13"},"content":"        this.isDone \u003d true;","lastModifiedDate":"2024-08-20","isFullCredit":false},{"lineNumber":11,"author":{"gitId":"suhayl13"},"content":"    }","lastModifiedDate":"2024-08-20","isFullCredit":false},{"lineNumber":12,"author":{"gitId":"suhayl13"},"content":"    public void undoTask() {","lastModifiedDate":"2024-08-20","isFullCredit":false},{"lineNumber":13,"author":{"gitId":"suhayl13"},"content":"        this.isDone \u003d false;","lastModifiedDate":"2024-08-20","isFullCredit":false},{"lineNumber":14,"author":{"gitId":"suhayl13"},"content":"    }","lastModifiedDate":"2024-08-20","isFullCredit":false},{"lineNumber":15,"author":{"gitId":"suhayl13"},"content":"    @Override","lastModifiedDate":"2024-08-22","isFullCredit":false},{"lineNumber":16,"author":{"gitId":"suhayl13"},"content":"    public String toString() {","lastModifiedDate":"2024-08-20","isFullCredit":false},{"lineNumber":17,"author":{"gitId":"suhayl13"},"content":"        String status \u003d isDone ? \"X\" : \" \";","lastModifiedDate":"2024-08-20","isFullCredit":false},{"lineNumber":18,"author":{"gitId":"suhayl13"},"content":"        return \"[\" + status + \"] \" + this.taskName;","lastModifiedDate":"2024-08-20","isFullCredit":false},{"lineNumber":19,"author":{"gitId":"suhayl13"},"content":"    }","lastModifiedDate":"2024-08-20","isFullCredit":false},{"lineNumber":20,"author":{"gitId":"suhayl13"},"content":"","lastModifiedDate":"2024-08-20","isFullCredit":false},{"lineNumber":21,"author":{"gitId":"suhayl13"},"content":"}","lastModifiedDate":"2024-08-20","isFullCredit":false}],"authorContributionMap":{"suhayl13":21}},{"path":"src/main/java/Todo.java","fileType":"java","lines":[{"lineNumber":1,"author":{"gitId":"suhayl13"},"content":"public class Todo extends Task {","lastModifiedDate":"2024-08-22","isFullCredit":false},{"lineNumber":2,"author":{"gitId":"suhayl13"},"content":"","lastModifiedDate":"2024-08-22","isFullCredit":false},{"lineNumber":3,"author":{"gitId":"suhayl13"},"content":"    public Todo(String taskName) {","lastModifiedDate":"2024-08-22","isFullCredit":false},{"lineNumber":4,"author":{"gitId":"suhayl13"},"content":"        super(taskName);","lastModifiedDate":"2024-08-22","isFullCredit":false},{"lineNumber":5,"author":{"gitId":"suhayl13"},"content":"    }","lastModifiedDate":"2024-08-22","isFullCredit":false},{"lineNumber":6,"author":{"gitId":"suhayl13"},"content":"    @Override","lastModifiedDate":"2024-08-22","isFullCredit":false},{"lineNumber":7,"author":{"gitId":"suhayl13"},"content":"    public String toString() {","lastModifiedDate":"2024-08-22","isFullCredit":false},{"lineNumber":8,"author":{"gitId":"suhayl13"},"content":"        return \"[T]\" + super.toString();","lastModifiedDate":"2024-08-22","isFullCredit":false},{"lineNumber":9,"author":{"gitId":"suhayl13"},"content":"    }","lastModifiedDate":"2024-08-22","isFullCredit":false},{"lineNumber":10,"author":{"gitId":"suhayl13"},"content":"}","lastModifiedDate":"2024-08-22","isFullCredit":false}],"authorContributionMap":{"suhayl13":10}},{"path":"text-ui-test/input.txt","fileType":"txt","lines":[{"lineNumber":1,"author":{"gitId":"suhayl13"},"content":"todo read book","lastModifiedDate":"2024-08-22","isFullCredit":false},{"lineNumber":2,"author":{"gitId":"suhayl13"},"content":"deadline return book /by Sunday","lastModifiedDate":"2024-08-22","isFullCredit":false},{"lineNumber":3,"author":{"gitId":"suhayl13"},"content":"event project meeting /from 2pm /to 4pm","lastModifiedDate":"2024-08-22","isFullCredit":false},{"lineNumber":4,"author":{"gitId":"suhayl13"},"content":"mark 2","lastModifiedDate":"2024-08-22","isFullCredit":false},{"lineNumber":5,"author":{"gitId":"suhayl13"},"content":"unmark 2","lastModifiedDate":"2024-08-22","isFullCredit":false},{"lineNumber":6,"author":{"gitId":"suhayl13"},"content":"list","lastModifiedDate":"2024-08-22","isFullCredit":false},{"lineNumber":7,"author":{"gitId":"suhayl13"},"content":"bye","lastModifiedDate":"2024-08-22","isFullCredit":false}],"authorContributionMap":{"suhayl13":7}},{"path":"text-ui-test/runtest.sh","fileType":"sh","lines":[{"lineNumber":1,"author":{"gitId":"-"},"content":"#!/usr/bin/env bash","lastModifiedDate":"2020-05-25","isFullCredit":false},{"lineNumber":2,"author":{"gitId":"-"},"content":"","lastModifiedDate":"2020-05-25","isFullCredit":false},{"lineNumber":3,"author":{"gitId":"-"},"content":"# create bin directory if it doesn\u0027t exist","lastModifiedDate":"2020-05-25","isFullCredit":false},{"lineNumber":4,"author":{"gitId":"-"},"content":"if [ ! -d \"../bin\" ]","lastModifiedDate":"2020-05-25","isFullCredit":false},{"lineNumber":5,"author":{"gitId":"-"},"content":"then","lastModifiedDate":"2020-05-25","isFullCredit":false},{"lineNumber":6,"author":{"gitId":"-"},"content":"    mkdir ../bin","lastModifiedDate":"2020-05-25","isFullCredit":false},{"lineNumber":7,"author":{"gitId":"-"},"content":"fi","lastModifiedDate":"2020-05-25","isFullCredit":false},{"lineNumber":8,"author":{"gitId":"-"},"content":"","lastModifiedDate":"2020-05-25","isFullCredit":false},{"lineNumber":9,"author":{"gitId":"-"},"content":"# delete output from previous run","lastModifiedDate":"2020-05-25","isFullCredit":false},{"lineNumber":10,"author":{"gitId":"-"},"content":"if [ -e \"./ACTUAL.TXT\" ]","lastModifiedDate":"2020-05-25","isFullCredit":false},{"lineNumber":11,"author":{"gitId":"-"},"content":"then","lastModifiedDate":"2020-05-25","isFullCredit":false},{"lineNumber":12,"author":{"gitId":"-"},"content":"    rm ACTUAL.TXT","lastModifiedDate":"2020-05-25","isFullCredit":false},{"lineNumber":13,"author":{"gitId":"-"},"content":"fi","lastModifiedDate":"2020-05-25","isFullCredit":false},{"lineNumber":14,"author":{"gitId":"-"},"content":"","lastModifiedDate":"2020-05-25","isFullCredit":false},{"lineNumber":15,"author":{"gitId":"-"},"content":"# compile the code into the bin folder, terminates if error occurred","lastModifiedDate":"2020-05-25","isFullCredit":false},{"lineNumber":16,"author":{"gitId":"suhayl13"},"content":"if ! javac -cp ../src/main/java/Lexi.java -Xlint:none -d ../bin ../src/main/java/*.java","lastModifiedDate":"2024-08-22","isFullCredit":false},{"lineNumber":17,"author":{"gitId":"-"},"content":"then","lastModifiedDate":"2020-05-25","isFullCredit":false},{"lineNumber":18,"author":{"gitId":"-"},"content":"    echo \"********** BUILD FAILURE **********\"","lastModifiedDate":"2020-05-25","isFullCredit":false},{"lineNumber":19,"author":{"gitId":"-"},"content":"    exit 1","lastModifiedDate":"2020-05-25","isFullCredit":false},{"lineNumber":20,"author":{"gitId":"-"},"content":"fi","lastModifiedDate":"2020-05-25","isFullCredit":false},{"lineNumber":21,"author":{"gitId":"-"},"content":"","lastModifiedDate":"2020-05-25","isFullCredit":false},{"lineNumber":22,"author":{"gitId":"-"},"content":"# run the program, feed commands from input.txt file and redirect the output to the ACTUAL.TXT","lastModifiedDate":"2020-05-25","isFullCredit":false},{"lineNumber":23,"author":{"gitId":"suhayl13"},"content":"java -classpath ../bin Lexi \u003c input.txt \u003e ACTUAL.TXT","lastModifiedDate":"2024-08-22","isFullCredit":false},{"lineNumber":24,"author":{"gitId":"-"},"content":"","lastModifiedDate":"2020-05-25","isFullCredit":false},{"lineNumber":25,"author":{"gitId":"-"},"content":"# convert to UNIX format","lastModifiedDate":"2020-05-25","isFullCredit":false},{"lineNumber":26,"author":{"gitId":"-"},"content":"cp EXPECTED.TXT EXPECTED-UNIX.TXT","lastModifiedDate":"2020-05-25","isFullCredit":false},{"lineNumber":27,"author":{"gitId":"-"},"content":"dos2unix ACTUAL.TXT EXPECTED-UNIX.TXT","lastModifiedDate":"2020-05-25","isFullCredit":false},{"lineNumber":28,"author":{"gitId":"-"},"content":"","lastModifiedDate":"2020-05-25","isFullCredit":false},{"lineNumber":29,"author":{"gitId":"-"},"content":"# compare the output to the expected output","lastModifiedDate":"2020-05-25","isFullCredit":false},{"lineNumber":30,"author":{"gitId":"-"},"content":"diff ACTUAL.TXT EXPECTED-UNIX.TXT","lastModifiedDate":"2020-05-25","isFullCredit":false},{"lineNumber":31,"author":{"gitId":"-"},"content":"if [ $? -eq 0 ]","lastModifiedDate":"2020-05-25","isFullCredit":false},{"lineNumber":32,"author":{"gitId":"-"},"content":"then","lastModifiedDate":"2020-05-25","isFullCredit":false},{"lineNumber":33,"author":{"gitId":"-"},"content":"    echo \"Test result: PASSED\"","lastModifiedDate":"2020-05-25","isFullCredit":false},{"lineNumber":34,"author":{"gitId":"-"},"content":"    exit 0","lastModifiedDate":"2020-05-25","isFullCredit":false},{"lineNumber":35,"author":{"gitId":"-"},"content":"else","lastModifiedDate":"2020-05-25","isFullCredit":false},{"lineNumber":36,"author":{"gitId":"-"},"content":"    echo \"Test result: FAILED\"","lastModifiedDate":"2020-05-25","isFullCredit":false},{"lineNumber":37,"author":{"gitId":"-"},"content":"    exit 1","lastModifiedDate":"2020-05-25","isFullCredit":false},{"lineNumber":38,"author":{"gitId":"-"},"content":"fi","lastModifiedDate":"2020-05-25","isFullCredit":false}],"authorContributionMap":{"suhayl13":2,"-":36}}]
