{"authorDailyContributionsMap":{"suhayl13":[{"date":"2024-08-19","commitResults":[{"hash":"63c68cd74f47585443409fa58b08d5cbf578c131","isMergeCommit":false,"messageTitle":"Rename main class","messageBody":"","fileTypesAndContributionMap":{"java":{"insertions":1,"deletions":1}}},{"hash":"b6b068d4cf22b09e5ab2dd599a79d1587e148fd2","isMergeCommit":false,"messageTitle":"Add greeting","messageBody":"","tags":["Level-0"],"fileTypesAndContributionMap":{"java":{"insertions":12,"deletions":6}}}]},{"date":"2024-08-20","commitResults":[{"hash":"a62f71f0537be4e8fb635529743c3e32c477ab06","isMergeCommit":false,"messageTitle":"Add support for echo","messageBody":"","tags":["Level-1"],"fileTypesAndContributionMap":{"java":{"insertions":16,"deletions":1}}},{"hash":"f20e97bb51433f441e109d1b0b56cd36cdd085ac","isMergeCommit":false,"messageTitle":"Add support for list","messageBody":"","tags":["Level-2"],"fileTypesAndContributionMap":{"java":{"insertions":22,"deletions":4}}},{"hash":"32564bb2c3bcff4d348f07f1ee67a42a881f96d4","isMergeCommit":false,"messageTitle":"Add support for mark as done","messageBody":"","tags":["Level-3"],"fileTypesAndContributionMap":{"java":{"insertions":58,"deletions":9}}}]},{"date":"2024-08-22","commitResults":[{"hash":"0263af59aa6ee0bb6ed306f3a3ba0184c33741c4","isMergeCommit":false,"messageTitle":"Add support for three types of tasks","messageBody":"","tags":["Level-4"],"fileTypesAndContributionMap":{"java":{"insertions":83,"deletions":14}}},{"hash":"92d640d5841677ccd65ece19eeecbc5ee2172bc0","isMergeCommit":false,"messageTitle":"Run tests for current functionalities","messageBody":"","tags":["A-TextUiTesting"],"fileTypesAndContributionMap":{"txt":{"insertions":7,"deletions":0},"sh":{"insertions":2,"deletions":2}}},{"hash":"a75b05a861ab569121084e203514af1aa0362000","isMergeCommit":false,"messageTitle":"Create LexiException for error handling","messageBody":"","fileTypesAndContributionMap":{"java":{"insertions":6,"deletions":0}}},{"hash":"c4176c9c2cbe84b0c44db4c62e23a5a55069c3eb","isMergeCommit":false,"messageTitle":"Add support for error handling","messageBody":"","tags":["Level-5"],"fileTypesAndContributionMap":{"java":{"insertions":86,"deletions":41}}},{"hash":"037e06e495d44893c3896b6a77b605d5069a30a7","isMergeCommit":false,"messageTitle":"Add support for deleting tasks","messageBody":"","tags":["Level-6"],"fileTypesAndContributionMap":{"java":{"insertions":32,"deletions":9}}},{"hash":"7a0c5c267db057b4b3a9f860f252e77065d49b1e","isMergeCommit":false,"messageTitle":"Use enums","messageBody":"","tags":["A-Enums"],"fileTypesAndContributionMap":{"java":{"insertions":64,"deletions":20}}}]},{"date":"2024-08-27","commitResults":[{"hash":"a1dd884b21c1ff21b714de0092f8d6331c5cbbc0","isMergeCommit":false,"messageTitle":"Add data.txt for saving data of users","messageBody":"","fileTypesAndContributionMap":{"txt":{"insertions":0,"deletions":0}}},{"hash":"639bd3fb91272e5431c8399bf48221d975493384","isMergeCommit":false,"messageTitle":"Move enum as a separate file","messageBody":"","fileTypesAndContributionMap":{"java":{"insertions":2,"deletions":0}}},{"hash":"69be94ccb8effeb053fd71d8f1dcac98a850c5ef","isMergeCommit":false,"messageTitle":"Add getter method for retrieving task name","messageBody":"","fileTypesAndContributionMap":{"java":{"insertions":3,"deletions":0}}},{"hash":"bbdcd8f0a66669dce2a9e78def7d5f194d8e7be2","isMergeCommit":false,"messageTitle":"Add getter methods for deadline and event class","messageBody":"","fileTypesAndContributionMap":{"java":{"insertions":10,"deletions":0}}}]},{"date":"2024-08-28","commitResults":[{"hash":"db172ffc59fa127cbdbc370d6b3e7d6ec0afa8d6","isMergeCommit":false,"messageTitle":"Put enum into a different file","messageBody":"","fileTypesAndContributionMap":{"txt":{"insertions":0,"deletions":0},"java":{"insertions":26,"deletions":1}}},{"hash":"0b6b52bbe4d258eecd57e3b4aa6aeb097886a2a7","isMergeCommit":false,"messageTitle":"Add support for save","messageBody":"","fileTypesAndContributionMap":{"java":{"insertions":89,"deletions":41}}},{"hash":"2758032cd8dad1b5212806da1c961e62c7404c2e","isMergeCommit":true,"messageTitle":"Merge branch \u0027branch-Level-7\u0027 Implement feature for saving the data","messageBody":"","tags":["Level-7"],"fileTypesAndContributionMap":{}},{"hash":"081faa5ee4eca6c7f7a996ac13a2db27ce2e10e7","isMergeCommit":false,"messageTitle":"Implement dates and times feature","messageBody":"","fileTypesAndContributionMap":{"java":{"insertions":90,"deletions":38}}},{"hash":"0288536bf228135cd613859ae6f228eee06b6d46","isMergeCommit":true,"messageTitle":"Merge branch \u0027branch-Level-8\u0027 Implement feature for date and time compatibility","messageBody":"","tags":["Level-8"],"fileTypesAndContributionMap":{}}]},{"date":"2024-08-29","commitResults":[{"hash":"2e1d6454d2d4b69eacdadc67d267058b5a67f89f","isMergeCommit":false,"messageTitle":"Add new classes","messageBody":"","fileTypesAndContributionMap":{"java":{"insertions":19,"deletions":26}}},{"hash":"e5a20729c14f06b5fcfd52c4019689c91730b90c","isMergeCommit":false,"messageTitle":"Add new classes","messageBody":"","fileTypesAndContributionMap":{"java":{"insertions":441,"deletions":13}}},{"hash":"e1250495d4744576d8f9049cfa7bba9bdb7aa1ef","isMergeCommit":false,"messageTitle":"Add support for bye command","messageBody":"","fileTypesAndContributionMap":{"java":{"insertions":47,"deletions":281}}},{"hash":"1628087436e9b42b73af549e1452030c2e4b852f","isMergeCommit":true,"messageTitle":"Merge branch \u0027branch-A-MoreOOP\u0027","messageBody":"","tags":["A-MoreOOP"],"fileTypesAndContributionMap":{}},{"hash":"11fd9a5cc3c7692c4eb45473cd6b8f77fcf3a638","isMergeCommit":false,"messageTitle":"Put classes into packages","messageBody":"","tags":["A-Packages"],"fileTypesAndContributionMap":{"java":{"insertions":83,"deletions":5}}}]},{"date":"2024-08-30","commitResults":[{"hash":"8d9370049a6ed1378b8894780fbb6092ca2c8039","isMergeCommit":true,"messageTitle":"Merge remote-tracking branch \u0027origin/add-gradle-support\u0027","messageBody":"","fileTypesAndContributionMap":{}},{"hash":"1f3fb5edbfb92c8e9e9fbaea84ee948961687674","isMergeCommit":false,"messageTitle":"Modify build.gradle file","messageBody":"","tags":["A-Gradle"],"fileTypesAndContributionMap":{"gradle":{"insertions":2,"deletions":2}}},{"hash":"1e812bd8887e012e456faf84cb73a6e8fd306010","isMergeCommit":false,"messageTitle":"Refactor storage and main class","messageBody":"","fileTypesAndContributionMap":{"java":{"insertions":22,"deletions":14}}},{"hash":"239fa77d049b8bcf17fc97e641682c6a15137bb3","isMergeCommit":false,"messageTitle":"Refactor storage class","messageBody":"","fileTypesAndContributionMap":{"java":{"insertions":2,"deletions":4}}},{"hash":"1f6c9a0369773fed1244f5426f71f0731b855025","isMergeCommit":false,"messageTitle":"Add support for junit test","messageBody":"","fileTypesAndContributionMap":{"java":{"insertions":151,"deletions":0}}},{"hash":"482e13cf636103dd0a3986d48b06262bd90d03f3","isMergeCommit":true,"messageTitle":"Merge branch \u0027branch-A-JUnit\u0027","messageBody":"","tags":["A-JUnit"],"fileTypesAndContributionMap":{}},{"hash":"8ac0975e692a4935008590d0a9991af301987a4e","isMergeCommit":false,"messageTitle":"Modify build.gradle","messageBody":"","fileTypesAndContributionMap":{"gradle":{"insertions":1,"deletions":0}}},{"hash":"dacaf69d825bb6caacb7a4ceecfa00f4e2cd49d3","isMergeCommit":false,"messageTitle":"Fix bug for MarkCommand","messageBody":"","fileTypesAndContributionMap":{"java":{"insertions":1,"deletions":1}}},{"hash":"ee7834af1e5cd2a821556312dd82f937803870d2","isMergeCommit":false,"messageTitle":"Refactor lexi and ui classes","messageBody":"","tags":["v1.0","A-Jar"],"fileTypesAndContributionMap":{"java":{"insertions":24,"deletions":18}}}]}]},"authorFileTypeContributionMap":{"suhayl13":{"java":852,"md":0,"fxml":0,"sh":2,"bat":0,"gradle":3,"txt":7}},"authorContributionVariance":{"suhayl13":57960.96},"authorDisplayNameMap":{"suhayl13":"CS2103T-T13-4 SUHA..LEEM"}}
