{"authorDailyContributionsMap":{"Potatoad88":[{"date":"2024-08-19","commitResults":[{"hash":"109ba4ca6cdf6a448dc92a562641f7625dc284f7","isMergeCommit":false,"messageTitle":"Rename, Greet, Exit","messageBody":"","tags":["Level-0"],"fileTypesAndContributionMap":{"java":{"insertions":11,"deletions":10}}},{"hash":"bc824e3f83c7a917c1ed7bb21140a43b5cf38e97","isMergeCommit":false,"messageTitle":"Echo","messageBody":"","tags":["Level-1"],"fileTypesAndContributionMap":{"java":{"insertions":22,"deletions":1}}},{"hash":"6028c9fdf1c3cfe554d00d278a7a7a540697dde4","isMergeCommit":false,"messageTitle":"Add, List","messageBody":"","tags":["Level-2"],"fileTypesAndContributionMap":{"java":{"insertions":21,"deletions":5}}},{"hash":"564625718c8378476cc135039924be53d907f983","isMergeCommit":false,"messageTitle":"Mark as Done","messageBody":"","tags":["Level-3"],"fileTypesAndContributionMap":{"java":{"insertions":59,"deletions":14}}}]},{"date":"2024-08-20","commitResults":[{"hash":"9e3998b212f2aed913c8d30a564b165834695535","isMergeCommit":false,"messageTitle":"todo, event, deadline","messageBody":"","fileTypesAndContributionMap":{"java":{"insertions":170,"deletions":50}}},{"hash":"1b9c4e9254dff3083352388f070171d1f2f13794","isMergeCommit":false,"messageTitle":"shift conditional check to outside main","messageBody":"","tags":["Level-4"],"fileTypesAndContributionMap":{"java":{"insertions":95,"deletions":91}}},{"hash":"4208fe19c756c7ba46d9398e313219a8f7c09c35","isMergeCommit":false,"messageTitle":"Automated Text UI Testing","messageBody":"","tags":["A-TextUiTesting"],"fileTypesAndContributionMap":{"sh":{"insertions":1,"deletions":1}}}]},{"date":"2024-08-21","commitResults":[{"hash":"956c52a2e1cb4cd11d67f5c8d0a64498c53cf1de","isMergeCommit":false,"messageTitle":"handle errors","messageBody":"","tags":["Level-5"],"fileTypesAndContributionMap":{"java":{"insertions":122,"deletions":91}}},{"hash":"957bc70597c1225893c0015363dac864ddbee11a","isMergeCommit":false,"messageTitle":"delete","messageBody":"","tags":["Level-6"],"fileTypesAndContributionMap":{"java":{"insertions":28,"deletions":8}}}]},{"date":"2024-08-25","commitResults":[{"hash":"f8043b488594ac46c2a98cf31efc70abd7db06d2","isMergeCommit":false,"messageTitle":"Change naming of boolean variable","messageBody":"","fileTypesAndContributionMap":{"java":{"insertions":3,"deletions":3}}},{"hash":"a684e5408f5fd7e60c273c1d5726b247544d66f4","isMergeCommit":false,"messageTitle":"Add ability to save data","messageBody":"","fileTypesAndContributionMap":{"txt":{"insertions":2,"deletions":0},"java":{"insertions":46,"deletions":0}}},{"hash":"be0e676b59fe0eded08deba25bb9314ce2b835cf","isMergeCommit":false,"messageTitle":"Update abstraction of checking file/folder","messageBody":"","fileTypesAndContributionMap":{"java":{"insertions":37,"deletions":25}}},{"hash":"ace54080446365e55ef404074d249c8e843af3ba","isMergeCommit":false,"messageTitle":"Update saved data format","messageBody":"","fileTypesAndContributionMap":{"java":{"insertions":25,"deletions":2}}},{"hash":"30f4c52783280f3298460cfae3849b4ac512474a","isMergeCommit":false,"messageTitle":"Update tasks constructors","messageBody":"","fileTypesAndContributionMap":{"java":{"insertions":8,"deletions":8}}},{"hash":"fd29b897a83ab7f3921f0da61b3d44c182d82596","isMergeCommit":false,"messageTitle":"Add fetch saved data","messageBody":"","fileTypesAndContributionMap":{"java":{"insertions":57,"deletions":7}}},{"hash":"d755274c1ecf9295b417244190bdaa58200ac550","isMergeCommit":false,"messageTitle":"Add comments for functions","messageBody":"","fileTypesAndContributionMap":{"java":{"insertions":38,"deletions":0}}},{"hash":"609d768d13c67309b6f4f2e1becb6845c792c352","isMergeCommit":true,"messageTitle":"Merge branch \u0027branch-Level-7\u0027 to master to add save data feature","messageBody":"","fileTypesAndContributionMap":{}}]},{"date":"2024-08-26","commitResults":[{"hash":"18f71a80905703be97b85d2439e50dedca1a3f60","isMergeCommit":false,"messageTitle":"Delete data folder","messageBody":"","tags":["Level-7"],"fileTypesAndContributionMap":{"txt":{"insertions":0,"deletions":2}}},{"hash":"70ec8729711df92b700ea9a5d7ceba819d5232b2","isMergeCommit":false,"messageTitle":"Update abstraction for check event/deadline","messageBody":"","fileTypesAndContributionMap":{"txt":{"insertions":2,"deletions":0},"java":{"insertions":54,"deletions":32}}},{"hash":"b23e10ae067c941fb1635a583e870e5f103dfb39","isMergeCommit":false,"messageTitle":"Add dateTime formatting","messageBody":"","fileTypesAndContributionMap":{"txt":{"insertions":0,"deletions":2},"java":{"insertions":22,"deletions":3}}},{"hash":"d4ad9a951d333a0a3f82f5f5813d5f4640fd700d","isMergeCommit":true,"messageTitle":"Merge branch \u0027branch-Level-8\u0027 add dateTime formatting","messageBody":"","tags":["Level-8"],"fileTypesAndContributionMap":{}},{"hash":"91ca5981dea26b82dc2aec8bb745a3da02f67489","isMergeCommit":false,"messageTitle":"Add TaskList class","messageBody":"","fileTypesAndContributionMap":{"java":{"insertions":45,"deletions":17}}},{"hash":"6a2e0de7a6f782aae3be285061287d27a30919cb","isMergeCommit":false,"messageTitle":"Add Storage class","messageBody":"","fileTypesAndContributionMap":{"java":{"insertions":190,"deletions":149}}},{"hash":"8edd777c67afe0ba6f61a13ed547ae58640692ea","isMergeCommit":false,"messageTitle":"Add Ui class","messageBody":"","fileTypesAndContributionMap":{"java":{"insertions":72,"deletions":57}}},{"hash":"52043ec79afc56e9c7015bdcd4040cb60a132a5e","isMergeCommit":false,"messageTitle":"Add parser class","messageBody":"","fileTypesAndContributionMap":{"java":{"insertions":154,"deletions":151}}}]},{"date":"2024-08-27","commitResults":[{"hash":"6d8964d60b9d9229a723512ddf471ef5f0a6a363","isMergeCommit":false,"messageTitle":"Add chatbot constructor","messageBody":"","fileTypesAndContributionMap":{"java":{"insertions":22,"deletions":15}}},{"hash":"2a972aad87ecdc9f89b8b425df356d37addb8a35","isMergeCommit":true,"messageTitle":"Merge branch \u0027branch-A-MoreOOP\u0027 add more classes to organise","messageBody":"","tags":["A-MoreOOP"],"fileTypesAndContributionMap":{}},{"hash":"d72d20793e3a82d20a44cff390ebc3bd8e6ce28d","isMergeCommit":false,"messageTitle":"Add all classes under demurebot package","messageBody":"","fileTypesAndContributionMap":{"java":{"insertions":27,"deletions":6}}}]},{"date":"2024-08-28","commitResults":[{"hash":"f79b3baa6d0ad398472fb0948596188c06d75347","isMergeCommit":false,"messageTitle":"Add sub packages for organisation","messageBody":"","fileTypesAndContributionMap":{"java":{"insertions":22,"deletions":8}}},{"hash":"0b33a6e26779f9448135f67c62f8a76fb49e483d","isMergeCommit":false,"messageTitle":"Add command classes/package","messageBody":"","fileTypesAndContributionMap":{"java":{"insertions":251,"deletions":72}}},{"hash":"50ac9bfb9317cb939d754ee52d495f19e2e8fe10","isMergeCommit":false,"messageTitle":"Update list display","messageBody":"","fileTypesAndContributionMap":{"java":{"insertions":38,"deletions":21}}},{"hash":"89b79b6c032ec435f992edc6a3bceb8586a34fa0","isMergeCommit":true,"messageTitle":"Merge branch \u0027branch-A-Packages\u0027 organise classes by packages","messageBody":"","tags":["A-Packages"],"fileTypesAndContributionMap":{}},{"hash":"bbfd661766841fb80fd79d2d43e043bdebc6586c","isMergeCommit":true,"messageTitle":"Merge remote-tracking branch \u0027origin/add-gradle-support\u0027","messageBody":"","fileTypesAndContributionMap":{}},{"hash":"1d8e7022df0eba8ecc7907e56f6ceef27fc89e1a","isMergeCommit":false,"messageTitle":"Add junit and gradle","messageBody":"","tags":["A-JUnit","A-Gradle"],"fileTypesAndContributionMap":{"java":{"insertions":279,"deletions":9}}},{"hash":"0040c0fefbddd4747a0c122b96e60ffbd6c9195d","isMergeCommit":false,"messageTitle":"Update build.gradle","messageBody":"","tags":["A-Jar"],"fileTypesAndContributionMap":{"gradle":{"insertions":4,"deletions":2}}},{"hash":"036f48e2f8f6bc66c64fb0bfa6eaa82a86a21988","isMergeCommit":false,"messageTitle":"Add javadocs for all classes","messageBody":"","fileTypesAndContributionMap":{"java":{"insertions":334,"deletions":17}}}]},{"date":"2024-08-29","commitResults":[{"hash":"20414a269e48475438f24c48793317636094dff2","isMergeCommit":false,"messageTitle":"Update styling","messageBody":"","fileTypesAndContributionMap":{"java":{"insertions":83,"deletions":56}}},{"hash":"8176cf4ffe248e79a76ecd8394dc1ff8f23afe0c","isMergeCommit":false,"messageTitle":"Add find feature","messageBody":"","fileTypesAndContributionMap":{"java":{"insertions":42,"deletions":1}}},{"hash":"cc23a39a1b03991abfcbdb296d73b2b9dfbded58","isMergeCommit":true,"messageTitle":"Merge branch \u0027branch-A-JavaDoc\u0027","messageBody":"","fileTypesAndContributionMap":{}},{"hash":"292d6de2de8543bb8b0f51095252680d290c9f3f","isMergeCommit":true,"messageTitle":"Merge branch \u0027branch-A-CodingStandard\u0027","messageBody":"","fileTypesAndContributionMap":{}},{"hash":"487b3a0b91c22105f17652d6a3e12dc3f9043a05","isMergeCommit":true,"messageTitle":"Fix merge conflict from Level-9","messageBody":"","tags":["Level-9","A-JavaDoc","A-CodingStandard"],"fileTypesAndContributionMap":{}}]},{"date":"2024-09-06","commitResults":[{"hash":"0e3d833e5547da699d7663005e9a61c85909fb00","isMergeCommit":false,"messageTitle":"Add javafx","messageBody":"","fileTypesAndContributionMap":{"gradle":{"insertions":16,"deletions":2},"fxml":{"insertions":41,"deletions":0},"java":{"insertions":251,"deletions":117}}}]},{"date":"2024-09-07","commitResults":[{"hash":"5967e0ef04d56122cb84ea7a8ed782ee86ac597c","isMergeCommit":false,"messageTitle":"Add closing of chatbot","messageBody":"","tags":["Level-10"],"fileTypesAndContributionMap":{"java":{"insertions":17,"deletions":13}}},{"hash":"3ebb87f62173c982eb7c197652bba0f8a9559ee5","isMergeCommit":false,"messageTitle":"Add checkstyle","messageBody":"","tags":["A-CheckStyle"],"fileTypesAndContributionMap":{"gradle":{"insertions":5,"deletions":0},"java":{"insertions":147,"deletions":127}}}]},{"date":"2024-09-12","commitResults":[{"hash":"8b97a0ff062475d539a763d5f4b9eafac90c4956","isMergeCommit":false,"messageTitle":"Add assertions","messageBody":"","fileTypesAndContributionMap":{"java":{"insertions":13,"deletions":3}}},{"hash":"6fbd7b42e1cf188c2f891535aa0ea4cc935afae1","isMergeCommit":true,"messageTitle":"Merge pull request #1 from Potatoad88/branch-A-Assertions","messageBody":"Add assertions","tags":["A-Assertions"],"fileTypesAndContributionMap":{}},{"hash":"3d5bb7c662fc487841cc8bd2e1a3a6cb087ff221","isMergeCommit":false,"messageTitle":"Update code quality","messageBody":"","fileTypesAndContributionMap":{"java":{"insertions":29,"deletions":62}}},{"hash":"790f8e4289d253c566fd684dbe8a2df897fa6dbd","isMergeCommit":true,"messageTitle":"Merge pull request #2 from Potatoad88/branch-A-CodeQuality","messageBody":"Update code quality","tags":["A-CodeQuality"],"fileTypesAndContributionMap":{}},{"hash":"b87a8ebafd67c11933e36b550f52bcfc2d6a57ab","isMergeCommit":false,"messageTitle":"Add CI","messageBody":"","fileTypesAndContributionMap":{"txt":{"insertions":0,"deletions":0}}},{"hash":"48a84570b99bb71c01e427e12f717f06da0e3607","isMergeCommit":true,"messageTitle":"Merge pull request #3 from Potatoad88/branch-A-CI","messageBody":"Add CI","tags":["A-CI"],"fileTypesAndContributionMap":{}},{"hash":"734b9aafd52b764614f6b225914baa7fe687e55a","isMergeCommit":false,"messageTitle":"Update find command print format","messageBody":"","fileTypesAndContributionMap":{"txt":{"insertions":0,"deletions":0},"java":{"insertions":1,"deletions":1}}},{"hash":"891aa84f094d5847c54b87b16f5834730c8a0923","isMergeCommit":false,"messageTitle":"Add find by start and end of string","messageBody":"","fileTypesAndContributionMap":{"java":{"insertions":82,"deletions":0}}},{"hash":"8afd90f5fbce5f488987edb2e6509c13c9eebb04","isMergeCommit":false,"messageTitle":"Update display for no tasks found","messageBody":"","fileTypesAndContributionMap":{"java":{"insertions":10,"deletions":3}}},{"hash":"92a65260d1d5d256f68407a5c8f2863a6849d958","isMergeCommit":false,"messageTitle":"Add filter by task type","messageBody":"","tags":["BCD-Extension"],"fileTypesAndContributionMap":{"java":{"insertions":92,"deletions":0}}}]}]},"authorFileTypeContributionMap":{"Potatoad88":{"java":1783,"md":0,"fxml":41,"sh":1,"bat":0,"gradle":23,"txt":0}},"authorContributionVariance":{"Potatoad88":73821.11},"authorDisplayNameMap":{"Potatoad88":"CS2103T-F10-3 DYLA..FUNG"}}
