[{"path":"src/main/java/Mylo.java","fileType":"java","lines":[{"lineNumber":1,"author":{"gitId":"cweijin"},"content":"import java.util.Objects;","lastModifiedDate":"2024-08-23","isFullCredit":false},{"lineNumber":2,"author":{"gitId":"cweijin"},"content":"import java.util.Scanner;","lastModifiedDate":"2024-08-23","isFullCredit":false},{"lineNumber":3,"author":{"gitId":"cweijin"},"content":"","lastModifiedDate":"2024-08-23","isFullCredit":false},{"lineNumber":4,"author":{"gitId":"cweijin"},"content":"public class Mylo {","lastModifiedDate":"2024-08-23","isFullCredit":false},{"lineNumber":5,"author":{"gitId":"cweijin"},"content":"    private static void separator() {","lastModifiedDate":"2024-08-23","isFullCredit":false},{"lineNumber":6,"author":{"gitId":"cweijin"},"content":"        System.out.println(\"--------------------------------\");","lastModifiedDate":"2024-08-23","isFullCredit":false},{"lineNumber":7,"author":{"gitId":"cweijin"},"content":"    }","lastModifiedDate":"2024-08-23","isFullCredit":false},{"lineNumber":8,"author":{"gitId":"cweijin"},"content":"    public static void main(String[] args) {","lastModifiedDate":"2024-08-23","isFullCredit":false},{"lineNumber":9,"author":{"gitId":"cweijin"},"content":"        String name \u003d \"Mylo\";","lastModifiedDate":"2024-08-23","isFullCredit":false},{"lineNumber":10,"author":{"gitId":"cweijin"},"content":"        String greet \u003d \"Hello! Thanks for using \" + name + \".\";","lastModifiedDate":"2024-08-23","isFullCredit":false},{"lineNumber":11,"author":{"gitId":"cweijin"},"content":"        String opening_query \u003d \"What can I help you?\";","lastModifiedDate":"2024-08-23","isFullCredit":false},{"lineNumber":12,"author":{"gitId":"cweijin"},"content":"        String goodbye \u003d \"Goodbye. Have a nice day ahead!\";","lastModifiedDate":"2024-08-23","isFullCredit":false},{"lineNumber":13,"author":{"gitId":"cweijin"},"content":"","lastModifiedDate":"2024-08-23","isFullCredit":false},{"lineNumber":14,"author":{"gitId":"cweijin"},"content":"        System.out.println(greet);","lastModifiedDate":"2024-08-23","isFullCredit":false},{"lineNumber":15,"author":{"gitId":"cweijin"},"content":"        System.out.println(opening_query);","lastModifiedDate":"2024-08-23","isFullCredit":false},{"lineNumber":16,"author":{"gitId":"cweijin"},"content":"","lastModifiedDate":"2024-08-23","isFullCredit":false},{"lineNumber":17,"author":{"gitId":"cweijin"},"content":"        Scanner scanner \u003d new Scanner(System.in);","lastModifiedDate":"2024-08-23","isFullCredit":false},{"lineNumber":18,"author":{"gitId":"cweijin"},"content":"        String input \u003d scanner.next();","lastModifiedDate":"2024-08-23","isFullCredit":false},{"lineNumber":19,"author":{"gitId":"cweijin"},"content":"","lastModifiedDate":"2024-08-23","isFullCredit":false},{"lineNumber":20,"author":{"gitId":"cweijin"},"content":"        while(!Objects.equals(input, \"bye\")) {","lastModifiedDate":"2024-08-23","isFullCredit":false},{"lineNumber":21,"author":{"gitId":"cweijin"},"content":"            separator();","lastModifiedDate":"2024-08-23","isFullCredit":false},{"lineNumber":22,"author":{"gitId":"cweijin"},"content":"            System.out.println(input);","lastModifiedDate":"2024-08-23","isFullCredit":false},{"lineNumber":23,"author":{"gitId":"cweijin"},"content":"            separator();","lastModifiedDate":"2024-08-23","isFullCredit":false},{"lineNumber":24,"author":{"gitId":"cweijin"},"content":"            input \u003d scanner.next();","lastModifiedDate":"2024-08-23","isFullCredit":false},{"lineNumber":25,"author":{"gitId":"cweijin"},"content":"        }","lastModifiedDate":"2024-08-23","isFullCredit":false},{"lineNumber":26,"author":{"gitId":"cweijin"},"content":"","lastModifiedDate":"2024-08-23","isFullCredit":false},{"lineNumber":27,"author":{"gitId":"cweijin"},"content":"        separator();","lastModifiedDate":"2024-08-23","isFullCredit":false},{"lineNumber":28,"author":{"gitId":"cweijin"},"content":"        System.out.println(goodbye);","lastModifiedDate":"2024-08-23","isFullCredit":false},{"lineNumber":29,"author":{"gitId":"cweijin"},"content":"        separator();","lastModifiedDate":"2024-08-23","isFullCredit":false},{"lineNumber":30,"author":{"gitId":"cweijin"},"content":"    }","lastModifiedDate":"2024-08-23","isFullCredit":false},{"lineNumber":31,"author":{"gitId":"cweijin"},"content":"}","lastModifiedDate":"2024-08-23","isFullCredit":false}],"authorContributionMap":{"cweijin":31}}]
