{"authorDailyContributionsMap":{"ruiming97":[{"date":"2024-08-21","commitResults":[{"hash":"47e00b09205e060f9d12d94e74dbabc46a908e50","isMergeCommit":false,"messageTitle":"Rename, Greet, and Exit","messageBody":"","tags":["Level-0"],"fileTypesAndContributionMap":{"java":{"insertions":12,"deletions":10}}},{"hash":"71e1fe00f3075acc6e640aa45e925ac0aee83451","isMergeCommit":false,"messageTitle":"Echo","messageBody":"","tags":["Level-1"],"fileTypesAndContributionMap":{"java":{"insertions":8,"deletions":2}}},{"hash":"b7f31aa4fd278a59ca180091a6649acf4d941cfb","isMergeCommit":false,"messageTitle":"Add, List","messageBody":"","tags":["Level-2"],"fileTypesAndContributionMap":{"java":{"insertions":12,"deletions":2}}},{"hash":"adc2aef7da61eed2be8aa025e181463286310170","isMergeCommit":false,"messageTitle":"Mark as Done and improve code readability","messageBody":"","tags":["Level-3"],"fileTypesAndContributionMap":{"java":{"insertions":81,"deletions":14}}},{"hash":"d5a559f2f33ca64f00d0895d79a8154b2e25f8d7","isMergeCommit":false,"messageTitle":"ToDos, Events, Deadlines","messageBody":"","tags":["Level-4"],"fileTypesAndContributionMap":{"java":{"insertions":72,"deletions":14}}},{"hash":"84171d32d1291a0c7e2708b9493f4e82c8ff2395","isMergeCommit":false,"messageTitle":"Automated Text UI Testing","messageBody":"","tags":["A-TextUiTesting"],"fileTypesAndContributionMap":{"txt":{"insertions":10,"deletions":0},"java":{"insertions":10,"deletions":8},"sh":{"insertions":1,"deletions":1}}},{"hash":"ceb99f10f01a9408bed58b0819dab637e8147691","isMergeCommit":false,"messageTitle":"Handle Errors","messageBody":"","tags":["Level-5"],"fileTypesAndContributionMap":{"java":{"insertions":82,"deletions":20}}},{"hash":"e632eaad29d27c49891a4690cab01a1d3157f453","isMergeCommit":false,"messageTitle":"Delete","messageBody":"","tags":["Level-6"],"fileTypesAndContributionMap":{"java":{"insertions":28,"deletions":7}}}]},{"date":"2024-08-24","commitResults":[{"hash":"5fa48c4740b5cc5f61a88e46f3cdb43755162083","isMergeCommit":false,"messageTitle":"Add loadFIile and writeFile to save the data in data/neko.txt","messageBody":"","fileTypesAndContributionMap":{"java":{"insertions":104,"deletions":26}}},{"hash":"df4a64246c3d53cfcc90ad4e9728079ace5bb740","isMergeCommit":true,"messageTitle":"Merge branch \u0027branch-Level-7\u0027","messageBody":"","tags":["Level-7"],"fileTypesAndContributionMap":{}}]},{"date":"2024-08-25","commitResults":[{"hash":"dadc4156000b142fc5d4cb975ddeab5092206743","isMergeCommit":false,"messageTitle":"Store date and time as a LocalDateTime for both Deadline and Event","messageBody":"","fileTypesAndContributionMap":{"java":{"insertions":131,"deletions":72}}},{"hash":"437e3e14499078bbbe82251820319328f4b22853","isMergeCommit":true,"messageTitle":"Merge branch \u0027branch-Level-8\u0027","messageBody":"","tags":["Level-8"],"fileTypesAndContributionMap":{}},{"hash":"98d3188e54cca6240e4a5d5e2c6dfe27f23b4090","isMergeCommit":false,"messageTitle":"Add removing the task from the file after it\u0027s deleted","messageBody":"","fileTypesAndContributionMap":{"java":{"insertions":36,"deletions":1}}},{"hash":"56bd48462f03de8ec178033c8462f630d5947d3a","isMergeCommit":false,"messageTitle":"Make code more OOP by adding Parser, Storage, TaskList, Ui classes","messageBody":"","fileTypesAndContributionMap":{"java":{"insertions":373,"deletions":267}}},{"hash":"1455122629e1af751ac347b6a7e479da2a065fd1","isMergeCommit":true,"messageTitle":"Merge branch \u0027more-oop\u0027","messageBody":"","tags":["A-MoreOOP"],"fileTypesAndContributionMap":{}},{"hash":"60485d8310940181c78add6566386947141eb12f","isMergeCommit":false,"messageTitle":"Divide classes into Neko and Neko.Task packages","messageBody":"","tags":["A-Packages"],"fileTypesAndContributionMap":{"java":{"insertions":23,"deletions":18}}},{"hash":"ad5b3a1b81429761252e82fc25280aad594417db","isMergeCommit":true,"messageTitle":"Merge branch \u0027add-gradle-support\u0027","messageBody":"","fileTypesAndContributionMap":{}},{"hash":"a51419202009bccc349fca20768cbe5d77f89ec9","isMergeCommit":false,"messageTitle":"change the name of package to start with small letter","messageBody":"","fileTypesAndContributionMap":{"java":{"insertions":0,"deletions":0}}},{"hash":"17f4b05abf6fb256ef479071268496e5bd4d22a2","isMergeCommit":false,"messageTitle":"modify build.gradle to match with my setup","messageBody":"","tags":["A-Gradle"],"fileTypesAndContributionMap":{"gradle":{"insertions":2,"deletions":2}}},{"hash":"3ddda0d66641d9b3a5a1c2c5b3805eb81d7dfcaf","isMergeCommit":false,"messageTitle":"modify the names of packages to start with small letter","messageBody":"","fileTypesAndContributionMap":{"java":{"insertions":17,"deletions":20}}}]},{"date":"2024-08-26","commitResults":[{"hash":"ddabf8016762c7add487e102654e30bd089ca556","isMergeCommit":false,"messageTitle":"Add a few JUnit tests","messageBody":"","fileTypesAndContributionMap":{"java":{"insertions":203,"deletions":11}}},{"hash":"be35ffe62657aa143dc4181567a3962261cd585b","isMergeCommit":true,"messageTitle":"Merge branch \u0027junit-tests\u0027","messageBody":"","tags":["A-JUnit"],"fileTypesAndContributionMap":{}},{"hash":"f449f84ed5762df8b647d882e46f2a6be9a913c8","isMergeCommit":false,"messageTitle":"Fix bug on JUnit tests","messageBody":"","fileTypesAndContributionMap":{"java":{"insertions":2,"deletions":2}}},{"hash":"25e2342e064dc3650758c5959bd863068ad36737","isMergeCommit":true,"messageTitle":"Merge branch \u0027junit-tests\u0027","messageBody":"","fileTypesAndContributionMap":{}},{"hash":"1055888ca68e4e889604b3b8c8fd96284b39bd6e","isMergeCommit":false,"messageTitle":"edit main class path and set jar name to neko.jar","messageBody":"","tags":["A-Jar"],"fileTypesAndContributionMap":{"gradle":{"insertions":2,"deletions":1}}},{"hash":"a31fd95174587b3d3edccf945d14e26736e073de","isMergeCommit":false,"messageTitle":"update text-ui testing","messageBody":"","fileTypesAndContributionMap":{"txt":{"insertions":18,"deletions":6},"java":{"insertions":1,"deletions":1},"sh":{"insertions":2,"deletions":2}}},{"hash":"11c0057642b79a2c5bf6d52f3e8017134fee6e15","isMergeCommit":false,"messageTitle":"Adds JavaDoc to some files","messageBody":"","fileTypesAndContributionMap":{"java":{"insertions":300,"deletions":1}}},{"hash":"7973679aefa36316b81defd10e7ebeb635d184fe","isMergeCommit":false,"messageTitle":"Modify some lines to follow the coding standard","messageBody":"","fileTypesAndContributionMap":{"java":{"insertions":123,"deletions":94}}},{"hash":"aec43e007456a83bb88ae43f709874e03ba356da","isMergeCommit":false,"messageTitle":"Add find task with specified key word","messageBody":"","fileTypesAndContributionMap":{"java":{"insertions":54,"deletions":37}}},{"hash":"c3cc145233a1777082047b5aa58334dce7867e0c","isMergeCommit":true,"messageTitle":"Merge branch \u0027java-doc\u0027","messageBody":"* java-doc:\n  Adds JavaDoc to some files\n","tags":["A-JavaDoc"],"fileTypesAndContributionMap":{}},{"hash":"31f96939964c79fa7036910a404014be81807d0d","isMergeCommit":true,"messageTitle":"Merge branch \u0027coding-standard\u0027","messageBody":"* coding-standard:\n  Modify some lines to follow the coding standard\n\n# Conflicts:\n#\tsrc/main/java/neko/Neko.java\n","tags":["A-CodingStandard"],"fileTypesAndContributionMap":{}},{"hash":"ebe4a64e38d572d8624becfac4e694d51b984c20","isMergeCommit":true,"messageTitle":"Merge branch \u0027branch-Level-9\u0027","messageBody":"* branch-Level-9:\n  Add find task with specified key word\n\n# Conflicts:\n#\tsrc/main/java/neko/Neko.java\n#\tsrc/main/java/neko/task/TaskList.java\n","tags":["Level-9"],"fileTypesAndContributionMap":{}}]},{"date":"2024-09-05","commitResults":[{"hash":"984e94568fd5c55f70b063b514c6a019660aa65c","isMergeCommit":false,"messageTitle":"Do A-CheckStyle","messageBody":"","fileTypesAndContributionMap":{"gradle":{"insertions":5,"deletions":0},"java":{"insertions":266,"deletions":86}}},{"hash":"b63365f62fbcfcc450c6310ca4e8872eafeb823e","isMergeCommit":true,"messageTitle":"Merge branch \u0027branch-A-CheckStyle\u0027","messageBody":"* branch-A-CheckStyle:\n  Do A-CheckStyle\n","tags":["A-CheckStyle"],"fileTypesAndContributionMap":{}}]},{"date":"2024-09-11","commitResults":[{"hash":"4024cf3d90eac8f7deb42dd9c67b61fc5f9c85e3","isMergeCommit":false,"messageTitle":"Do Level-10 GUI","messageBody":"","fileTypesAndContributionMap":{"gradle":{"insertions":16,"deletions":1},"fxml":{"insertions":76,"deletions":0},"java":{"insertions":364,"deletions":205}}},{"hash":"5aad3a2ba7f4c68c61d2d61968b6711e9c905a04","isMergeCommit":true,"messageTitle":"Merge branch \u0027branch-Level-10\u0027","messageBody":"* branch-Level-10:\n  Do Level-10 GUI\n","tags":["Level-10"],"fileTypesAndContributionMap":{}},{"hash":"909a7cd0a4d6f19f7e57f22cbd157d35627b945b","isMergeCommit":false,"messageTitle":"Do A-Varargs","messageBody":"","fileTypesAndContributionMap":{"java":{"insertions":86,"deletions":43}}},{"hash":"6bd17180084e40329e6a50d820ffedfa61c9dd07","isMergeCommit":true,"messageTitle":"Merge branch \u0027branch-A-Varargs\u0027","messageBody":"* branch-A-Varargs:\n  Do A-Varargs\n","tags":["v0.2","A-Varargs"],"fileTypesAndContributionMap":{}}]},{"date":"2024-09-13","commitResults":[{"hash":"afe66a5f8348579c54d602077fa426f9018c29da","isMergeCommit":false,"messageTitle":"Refactor TaskList class to add assertions and improve task handling.","messageBody":"Let\u0027s,\n* add assertions to the TaskList constructor to ensure the task list is not null.\n* add assertions in the `addTask` method to validate that the task being added is not null.\n* update the `getTask` method with assertions to check the retrieved task is not null.\n* refactore `markTask` and `unmarkTask` methods to improve readability:\n  - add assertions to validate tasks are correctly marked as done or not done.\n  - refactor loops to store the retrieved task in a variable before processing.\n  - Simplify task marking logic by removing redundant code.\n* sort task indices in descending order during deletion to avoid index errors when removing multiple tasks.\n","tags":["A-Assertions"],"fileTypesAndContributionMap":{"gradle":{"insertions":1,"deletions":0},"java":{"insertions":13,"deletions":10}}},{"hash":"5a0a0cc8f7e4f61466a260d9ea83a19d16ed496e","isMergeCommit":true,"messageTitle":"Merge pull request #1 from ruiming97/branch-A-Assertions","messageBody":"Refactor TaskList class to add assertions and improve task handling.","fileTypesAndContributionMap":{}}]}]},"authorFileTypeContributionMap":{"ruiming97":{"java":1433,"md":0,"fxml":76,"sh":2,"bat":0,"gradle":24,"txt":22}},"authorContributionVariance":{"ruiming97":74624.72},"authorDisplayNameMap":{"ruiming97":"CS2103T-T14-2 SIOW..MING"}}
