[{"path":"src/main/java/Cloud.java","fileType":"java","lines":[{"lineNumber":1,"author":{"gitId":"chrisjohntan"},"content":"import java.util.Scanner;","lastModifiedDate":"2024-08-20","isFullCredit":false},{"lineNumber":2,"author":{"gitId":"chrisjohntan"},"content":"","lastModifiedDate":"2024-08-20","isFullCredit":false},{"lineNumber":3,"author":{"gitId":"chrisjohntan"},"content":"public class Cloud {","lastModifiedDate":"2024-08-20","isFullCredit":false},{"lineNumber":4,"author":{"gitId":"chrisjohntan"},"content":"","lastModifiedDate":"2024-08-20","isFullCredit":false},{"lineNumber":5,"author":{"gitId":"chrisjohntan"},"content":"    private static final TaskList tasks \u003d new TaskList();","lastModifiedDate":"2024-08-22","isFullCredit":false},{"lineNumber":6,"author":{"gitId":"chrisjohntan"},"content":"    private static final String EXIT_COMMAND \u003d \"bye\";","lastModifiedDate":"2024-08-20","isFullCredit":false},{"lineNumber":7,"author":{"gitId":"chrisjohntan"},"content":"","lastModifiedDate":"2024-08-20","isFullCredit":false},{"lineNumber":8,"author":{"gitId":"chrisjohntan"},"content":"    private static void greet() {","lastModifiedDate":"2024-08-20","isFullCredit":false},{"lineNumber":9,"author":{"gitId":"chrisjohntan"},"content":"        System.out.println(","lastModifiedDate":"2024-08-20","isFullCredit":false},{"lineNumber":10,"author":{"gitId":"chrisjohntan"},"content":"            \"Hello! I\u0027m Cloud\\n\" +","lastModifiedDate":"2024-08-20","isFullCredit":false},{"lineNumber":11,"author":{"gitId":"chrisjohntan"},"content":"            \"What can I do for you?\"","lastModifiedDate":"2024-08-20","isFullCredit":false},{"lineNumber":12,"author":{"gitId":"chrisjohntan"},"content":"        );","lastModifiedDate":"2024-08-20","isFullCredit":false},{"lineNumber":13,"author":{"gitId":"chrisjohntan"},"content":"    }","lastModifiedDate":"2024-08-20","isFullCredit":false},{"lineNumber":14,"author":{"gitId":"chrisjohntan"},"content":"","lastModifiedDate":"2024-08-20","isFullCredit":false},{"lineNumber":15,"author":{"gitId":"chrisjohntan"},"content":"    private static void printHorizLine() {","lastModifiedDate":"2024-08-20","isFullCredit":false},{"lineNumber":16,"author":{"gitId":"chrisjohntan"},"content":"        System.out.println(","lastModifiedDate":"2024-08-20","isFullCredit":false},{"lineNumber":17,"author":{"gitId":"chrisjohntan"},"content":"            \"____________________________________________________________\"","lastModifiedDate":"2024-08-20","isFullCredit":false},{"lineNumber":18,"author":{"gitId":"chrisjohntan"},"content":"        );","lastModifiedDate":"2024-08-20","isFullCredit":false},{"lineNumber":19,"author":{"gitId":"chrisjohntan"},"content":"    }","lastModifiedDate":"2024-08-20","isFullCredit":false},{"lineNumber":20,"author":{"gitId":"chrisjohntan"},"content":"","lastModifiedDate":"2024-08-20","isFullCredit":false},{"lineNumber":21,"author":{"gitId":"chrisjohntan"},"content":"    private static void echo(String message) {","lastModifiedDate":"2024-08-20","isFullCredit":false},{"lineNumber":22,"author":{"gitId":"chrisjohntan"},"content":"        System.out.println(message);","lastModifiedDate":"2024-08-20","isFullCredit":false},{"lineNumber":23,"author":{"gitId":"chrisjohntan"},"content":"    }","lastModifiedDate":"2024-08-20","isFullCredit":false},{"lineNumber":24,"author":{"gitId":"chrisjohntan"},"content":"","lastModifiedDate":"2024-08-20","isFullCredit":false},{"lineNumber":25,"author":{"gitId":"chrisjohntan"},"content":"    private static void exit() {","lastModifiedDate":"2024-08-20","isFullCredit":false},{"lineNumber":26,"author":{"gitId":"chrisjohntan"},"content":"        System.out.println(\"Bye. Hope to see you again soon!\");","lastModifiedDate":"2024-08-20","isFullCredit":false},{"lineNumber":27,"author":{"gitId":"chrisjohntan"},"content":"    }","lastModifiedDate":"2024-08-20","isFullCredit":false},{"lineNumber":28,"author":{"gitId":"chrisjohntan"},"content":"","lastModifiedDate":"2024-08-20","isFullCredit":false},{"lineNumber":29,"author":{"gitId":"chrisjohntan"},"content":"    // manage the task adding logic for all task types","lastModifiedDate":"2024-08-22","isFullCredit":false},{"lineNumber":30,"author":{"gitId":"chrisjohntan"},"content":"    private static void addTask(Query query) {","lastModifiedDate":"2024-08-22","isFullCredit":false},{"lineNumber":31,"author":{"gitId":"chrisjohntan"},"content":"        String command \u003d query.getCommand().strip();","lastModifiedDate":"2024-08-22","isFullCredit":false},{"lineNumber":32,"author":{"gitId":"chrisjohntan"},"content":"        String[] details;","lastModifiedDate":"2024-08-22","isFullCredit":false},{"lineNumber":33,"author":{"gitId":"chrisjohntan"},"content":"        switch (command) {","lastModifiedDate":"2024-08-22","isFullCredit":false},{"lineNumber":34,"author":{"gitId":"chrisjohntan"},"content":"            case \"todo\":","lastModifiedDate":"2024-08-22","isFullCredit":false},{"lineNumber":35,"author":{"gitId":"chrisjohntan"},"content":"                Todo todo \u003d new Todo(query.getDetails());","lastModifiedDate":"2024-08-22","isFullCredit":false},{"lineNumber":36,"author":{"gitId":"chrisjohntan"},"content":"                tasks.add(todo);","lastModifiedDate":"2024-08-22","isFullCredit":false},{"lineNumber":37,"author":{"gitId":"chrisjohntan"},"content":"                break;","lastModifiedDate":"2024-08-22","isFullCredit":false},{"lineNumber":38,"author":{"gitId":"chrisjohntan"},"content":"            case \"deadline\":","lastModifiedDate":"2024-08-22","isFullCredit":false},{"lineNumber":39,"author":{"gitId":"chrisjohntan"},"content":"                details \u003d query.getDetails().split(\"/by\");","lastModifiedDate":"2024-08-22","isFullCredit":false},{"lineNumber":40,"author":{"gitId":"chrisjohntan"},"content":"                Deadline dl \u003d new Deadline(details[0].strip(), details[1].strip());","lastModifiedDate":"2024-08-22","isFullCredit":false},{"lineNumber":41,"author":{"gitId":"chrisjohntan"},"content":"                tasks.add(dl);","lastModifiedDate":"2024-08-22","isFullCredit":false},{"lineNumber":42,"author":{"gitId":"chrisjohntan"},"content":"                break;","lastModifiedDate":"2024-08-22","isFullCredit":false},{"lineNumber":43,"author":{"gitId":"chrisjohntan"},"content":"            case \"event\":","lastModifiedDate":"2024-08-22","isFullCredit":false},{"lineNumber":44,"author":{"gitId":"chrisjohntan"},"content":"                details \u003d query.getDetails().split(\"/from|/to\");","lastModifiedDate":"2024-08-22","isFullCredit":false},{"lineNumber":45,"author":{"gitId":"chrisjohntan"},"content":"                Event event \u003d new Event(","lastModifiedDate":"2024-08-22","isFullCredit":false},{"lineNumber":46,"author":{"gitId":"chrisjohntan"},"content":"                        details[0].strip(),","lastModifiedDate":"2024-08-22","isFullCredit":false},{"lineNumber":47,"author":{"gitId":"chrisjohntan"},"content":"                        details[1].strip(),","lastModifiedDate":"2024-08-22","isFullCredit":false},{"lineNumber":48,"author":{"gitId":"chrisjohntan"},"content":"                        details[2].strip()","lastModifiedDate":"2024-08-22","isFullCredit":false},{"lineNumber":49,"author":{"gitId":"chrisjohntan"},"content":"                );","lastModifiedDate":"2024-08-22","isFullCredit":false},{"lineNumber":50,"author":{"gitId":"chrisjohntan"},"content":"                tasks.add(event);","lastModifiedDate":"2024-08-22","isFullCredit":false},{"lineNumber":51,"author":{"gitId":"chrisjohntan"},"content":"                break;","lastModifiedDate":"2024-08-22","isFullCredit":false},{"lineNumber":52,"author":{"gitId":"chrisjohntan"},"content":"            default:","lastModifiedDate":"2024-08-22","isFullCredit":false},{"lineNumber":53,"author":{"gitId":"chrisjohntan"},"content":"                break;","lastModifiedDate":"2024-08-22","isFullCredit":false},{"lineNumber":54,"author":{"gitId":"chrisjohntan"},"content":"        }","lastModifiedDate":"2024-08-22","isFullCredit":false},{"lineNumber":55,"author":{"gitId":"chrisjohntan"},"content":"        System.out.printf(","lastModifiedDate":"2024-08-22","isFullCredit":false},{"lineNumber":56,"author":{"gitId":"chrisjohntan"},"content":"                \"Added the following task:\\n\\t%s\\nNow you have %d task%s in the list\\n\",","lastModifiedDate":"2024-08-22","isFullCredit":false},{"lineNumber":57,"author":{"gitId":"chrisjohntan"},"content":"                tasks.getLatestTask(),","lastModifiedDate":"2024-08-22","isFullCredit":false},{"lineNumber":58,"author":{"gitId":"chrisjohntan"},"content":"                tasks.getTaskCount(),","lastModifiedDate":"2024-08-22","isFullCredit":false},{"lineNumber":59,"author":{"gitId":"chrisjohntan"},"content":"                tasks.getTaskCount() !\u003d 1 ? \"s\" : \"\"","lastModifiedDate":"2024-08-22","isFullCredit":false},{"lineNumber":60,"author":{"gitId":"chrisjohntan"},"content":"        );","lastModifiedDate":"2024-08-22","isFullCredit":false},{"lineNumber":61,"author":{"gitId":"chrisjohntan"},"content":"    }","lastModifiedDate":"2024-08-22","isFullCredit":false},{"lineNumber":62,"author":{"gitId":"chrisjohntan"},"content":"","lastModifiedDate":"2024-08-22","isFullCredit":false},{"lineNumber":63,"author":{"gitId":"chrisjohntan"},"content":"","lastModifiedDate":"2024-08-21","isFullCredit":false},{"lineNumber":64,"author":{"gitId":"chrisjohntan"},"content":"    public static void main(String[] args) {","lastModifiedDate":"2024-08-20","isFullCredit":false},{"lineNumber":65,"author":{"gitId":"chrisjohntan"},"content":"        Scanner sc \u003d new Scanner(System.in);","lastModifiedDate":"2024-08-20","isFullCredit":false},{"lineNumber":66,"author":{"gitId":"chrisjohntan"},"content":"        printHorizLine();","lastModifiedDate":"2024-08-20","isFullCredit":false},{"lineNumber":67,"author":{"gitId":"chrisjohntan"},"content":"        greet();","lastModifiedDate":"2024-08-20","isFullCredit":false},{"lineNumber":68,"author":{"gitId":"chrisjohntan"},"content":"        while (true) {","lastModifiedDate":"2024-08-20","isFullCredit":false},{"lineNumber":69,"author":{"gitId":"chrisjohntan"},"content":"            printHorizLine();","lastModifiedDate":"2024-08-20","isFullCredit":false},{"lineNumber":70,"author":{"gitId":"chrisjohntan"},"content":"            System.out.print(\"\u003e\u003e \");","lastModifiedDate":"2024-08-22","isFullCredit":false},{"lineNumber":71,"author":{"gitId":"chrisjohntan"},"content":"            String userInput \u003d sc.nextLine().strip();","lastModifiedDate":"2024-08-20","isFullCredit":false},{"lineNumber":72,"author":{"gitId":"chrisjohntan"},"content":"            // exit chat if user enters exit command","lastModifiedDate":"2024-08-20","isFullCredit":false},{"lineNumber":73,"author":{"gitId":"chrisjohntan"},"content":"            if (userInput.equals(EXIT_COMMAND)) {","lastModifiedDate":"2024-08-20","isFullCredit":false},{"lineNumber":74,"author":{"gitId":"chrisjohntan"},"content":"                break;","lastModifiedDate":"2024-08-20","isFullCredit":false},{"lineNumber":75,"author":{"gitId":"chrisjohntan"},"content":"            }","lastModifiedDate":"2024-08-20","isFullCredit":false},{"lineNumber":76,"author":{"gitId":"chrisjohntan"},"content":"            // parse the user input to a Query object","lastModifiedDate":"2024-08-22","isFullCredit":false},{"lineNumber":77,"author":{"gitId":"chrisjohntan"},"content":"            Query query \u003d Parser.parse(userInput);","lastModifiedDate":"2024-08-22","isFullCredit":false},{"lineNumber":78,"author":{"gitId":"chrisjohntan"},"content":"            String command \u003d query.getCommand();","lastModifiedDate":"2024-08-22","isFullCredit":false},{"lineNumber":79,"author":{"gitId":"chrisjohntan"},"content":"","lastModifiedDate":"2024-08-22","isFullCredit":false},{"lineNumber":80,"author":{"gitId":"chrisjohntan"},"content":"            int taskNum;","lastModifiedDate":"2024-08-21","isFullCredit":false},{"lineNumber":81,"author":{"gitId":"chrisjohntan"},"content":"            switch (command) {","lastModifiedDate":"2024-08-21","isFullCredit":false},{"lineNumber":82,"author":{"gitId":"chrisjohntan"},"content":"                case \"list\":","lastModifiedDate":"2024-08-22","isFullCredit":false},{"lineNumber":83,"author":{"gitId":"chrisjohntan"},"content":"                    System.out.println(tasks);","lastModifiedDate":"2024-08-22","isFullCredit":false},{"lineNumber":84,"author":{"gitId":"chrisjohntan"},"content":"                    break;","lastModifiedDate":"2024-08-22","isFullCredit":false},{"lineNumber":85,"author":{"gitId":"chrisjohntan"},"content":"                case \"mark\":","lastModifiedDate":"2024-08-21","isFullCredit":false},{"lineNumber":86,"author":{"gitId":"chrisjohntan"},"content":"                    taskNum \u003d Integer.parseInt(query.getDetails());","lastModifiedDate":"2024-08-22","isFullCredit":false},{"lineNumber":87,"author":{"gitId":"chrisjohntan"},"content":"                    tasks.mark(taskNum);","lastModifiedDate":"2024-08-20","isFullCredit":false},{"lineNumber":88,"author":{"gitId":"chrisjohntan"},"content":"                    System.out.println(\"Task marked as done!\");","lastModifiedDate":"2024-08-20","isFullCredit":false},{"lineNumber":89,"author":{"gitId":"chrisjohntan"},"content":"                    System.out.println(tasks.getTaskStatus(taskNum));","lastModifiedDate":"2024-08-20","isFullCredit":false},{"lineNumber":90,"author":{"gitId":"chrisjohntan"},"content":"                    break;","lastModifiedDate":"2024-08-21","isFullCredit":false},{"lineNumber":91,"author":{"gitId":"chrisjohntan"},"content":"                case \"unmark\":","lastModifiedDate":"2024-08-21","isFullCredit":false},{"lineNumber":92,"author":{"gitId":"chrisjohntan"},"content":"                    taskNum \u003d Integer.parseInt(query.getDetails());","lastModifiedDate":"2024-08-22","isFullCredit":false},{"lineNumber":93,"author":{"gitId":"chrisjohntan"},"content":"                    tasks.unmark(taskNum);","lastModifiedDate":"2024-08-20","isFullCredit":false},{"lineNumber":94,"author":{"gitId":"chrisjohntan"},"content":"                    System.out.println(\"Task marked as not done\");","lastModifiedDate":"2024-08-20","isFullCredit":false},{"lineNumber":95,"author":{"gitId":"chrisjohntan"},"content":"                    System.out.println(tasks.getTaskStatus(taskNum));","lastModifiedDate":"2024-08-20","isFullCredit":false},{"lineNumber":96,"author":{"gitId":"chrisjohntan"},"content":"                    break;","lastModifiedDate":"2024-08-21","isFullCredit":false},{"lineNumber":97,"author":{"gitId":"chrisjohntan"},"content":"                // case fallthrough for tasks","lastModifiedDate":"2024-08-22","isFullCredit":false},{"lineNumber":98,"author":{"gitId":"chrisjohntan"},"content":"                case (\"event\"):","lastModifiedDate":"2024-08-22","isFullCredit":false},{"lineNumber":99,"author":{"gitId":"chrisjohntan"},"content":"                case (\"deadline\"):","lastModifiedDate":"2024-08-22","isFullCredit":false},{"lineNumber":100,"author":{"gitId":"chrisjohntan"},"content":"                case (\"todo\"):","lastModifiedDate":"2024-08-22","isFullCredit":false},{"lineNumber":101,"author":{"gitId":"chrisjohntan"},"content":"                    addTask(query);","lastModifiedDate":"2024-08-22","isFullCredit":false},{"lineNumber":102,"author":{"gitId":"chrisjohntan"},"content":"                    break;","lastModifiedDate":"2024-08-22","isFullCredit":false},{"lineNumber":103,"author":{"gitId":"chrisjohntan"},"content":"                default:","lastModifiedDate":"2024-08-22","isFullCredit":false},{"lineNumber":104,"author":{"gitId":"chrisjohntan"},"content":"                    break;","lastModifiedDate":"2024-08-22","isFullCredit":false},{"lineNumber":105,"author":{"gitId":"chrisjohntan"},"content":"            }","lastModifiedDate":"2024-08-20","isFullCredit":false},{"lineNumber":106,"author":{"gitId":"chrisjohntan"},"content":"        }","lastModifiedDate":"2024-08-20","isFullCredit":false},{"lineNumber":107,"author":{"gitId":"chrisjohntan"},"content":"        exit();","lastModifiedDate":"2024-08-20","isFullCredit":false},{"lineNumber":108,"author":{"gitId":"chrisjohntan"},"content":"        printHorizLine();","lastModifiedDate":"2024-08-20","isFullCredit":false},{"lineNumber":109,"author":{"gitId":"chrisjohntan"},"content":"    }","lastModifiedDate":"2024-08-20","isFullCredit":false},{"lineNumber":110,"author":{"gitId":"chrisjohntan"},"content":"}","lastModifiedDate":"2024-08-20","isFullCredit":false}],"authorContributionMap":{"chrisjohntan":110}},{"path":"src/main/java/Deadline.java","fileType":"java","lines":[{"lineNumber":1,"author":{"gitId":"chrisjohntan"},"content":"public class Deadline extends Task{","lastModifiedDate":"2024-08-20","isFullCredit":false},{"lineNumber":2,"author":{"gitId":"chrisjohntan"},"content":"    protected String by;","lastModifiedDate":"2024-08-20","isFullCredit":false},{"lineNumber":3,"author":{"gitId":"chrisjohntan"},"content":"    public Deadline(String desc, String by) {","lastModifiedDate":"2024-08-20","isFullCredit":false},{"lineNumber":4,"author":{"gitId":"chrisjohntan"},"content":"        super(desc);","lastModifiedDate":"2024-08-20","isFullCredit":false},{"lineNumber":5,"author":{"gitId":"chrisjohntan"},"content":"        this.by \u003d by;","lastModifiedDate":"2024-08-20","isFullCredit":false},{"lineNumber":6,"author":{"gitId":"chrisjohntan"},"content":"    }","lastModifiedDate":"2024-08-20","isFullCredit":false},{"lineNumber":7,"author":{"gitId":"chrisjohntan"},"content":"","lastModifiedDate":"2024-08-20","isFullCredit":false},{"lineNumber":8,"author":{"gitId":"chrisjohntan"},"content":"    @Override","lastModifiedDate":"2024-08-20","isFullCredit":false},{"lineNumber":9,"author":{"gitId":"chrisjohntan"},"content":"    public String toString() {","lastModifiedDate":"2024-08-20","isFullCredit":false},{"lineNumber":10,"author":{"gitId":"chrisjohntan"},"content":"        return \"[D]\" + super.toString() + \" (by: \" + this.by + \")\";","lastModifiedDate":"2024-08-20","isFullCredit":false},{"lineNumber":11,"author":{"gitId":"chrisjohntan"},"content":"    }","lastModifiedDate":"2024-08-20","isFullCredit":false},{"lineNumber":12,"author":{"gitId":"chrisjohntan"},"content":"}","lastModifiedDate":"2024-08-20","isFullCredit":false}],"authorContributionMap":{"chrisjohntan":12}},{"path":"src/main/java/Event.java","fileType":"java","lines":[{"lineNumber":1,"author":{"gitId":"chrisjohntan"},"content":"public class Event extends Task {","lastModifiedDate":"2024-08-20","isFullCredit":false},{"lineNumber":2,"author":{"gitId":"chrisjohntan"},"content":"    protected String start;","lastModifiedDate":"2024-08-20","isFullCredit":false},{"lineNumber":3,"author":{"gitId":"chrisjohntan"},"content":"    protected String end;","lastModifiedDate":"2024-08-20","isFullCredit":false},{"lineNumber":4,"author":{"gitId":"chrisjohntan"},"content":"","lastModifiedDate":"2024-08-20","isFullCredit":false},{"lineNumber":5,"author":{"gitId":"chrisjohntan"},"content":"    public Event(String desc, String start, String end) {","lastModifiedDate":"2024-08-20","isFullCredit":false},{"lineNumber":6,"author":{"gitId":"chrisjohntan"},"content":"        super(desc);","lastModifiedDate":"2024-08-20","isFullCredit":false},{"lineNumber":7,"author":{"gitId":"chrisjohntan"},"content":"        this.start \u003d start;","lastModifiedDate":"2024-08-20","isFullCredit":false},{"lineNumber":8,"author":{"gitId":"chrisjohntan"},"content":"        this.end \u003d end;","lastModifiedDate":"2024-08-20","isFullCredit":false},{"lineNumber":9,"author":{"gitId":"chrisjohntan"},"content":"    }","lastModifiedDate":"2024-08-20","isFullCredit":false},{"lineNumber":10,"author":{"gitId":"chrisjohntan"},"content":"","lastModifiedDate":"2024-08-20","isFullCredit":false},{"lineNumber":11,"author":{"gitId":"chrisjohntan"},"content":"    @Override","lastModifiedDate":"2024-08-20","isFullCredit":false},{"lineNumber":12,"author":{"gitId":"chrisjohntan"},"content":"    public String toString() {","lastModifiedDate":"2024-08-20","isFullCredit":false},{"lineNumber":13,"author":{"gitId":"chrisjohntan"},"content":"        return \"[E]\" + super.toString()","lastModifiedDate":"2024-08-21","isFullCredit":false},{"lineNumber":14,"author":{"gitId":"chrisjohntan"},"content":"                + String.format(\" (from: %s to: %s)\", this.start, this.end);","lastModifiedDate":"2024-08-22","isFullCredit":false},{"lineNumber":15,"author":{"gitId":"chrisjohntan"},"content":"    }","lastModifiedDate":"2024-08-20","isFullCredit":false},{"lineNumber":16,"author":{"gitId":"chrisjohntan"},"content":"}","lastModifiedDate":"2024-08-20","isFullCredit":false}],"authorContributionMap":{"chrisjohntan":16}},{"path":"src/main/java/Parser.java","fileType":"java","lines":[{"lineNumber":1,"author":{"gitId":"chrisjohntan"},"content":"public class Parser {","lastModifiedDate":"2024-08-21","isFullCredit":false},{"lineNumber":2,"author":{"gitId":"chrisjohntan"},"content":"    public static Query parse(String raw) {","lastModifiedDate":"2024-08-21","isFullCredit":false},{"lineNumber":3,"author":{"gitId":"chrisjohntan"},"content":"        String[] split \u003d raw.split(\" \", 2);","lastModifiedDate":"2024-08-22","isFullCredit":false},{"lineNumber":4,"author":{"gitId":"chrisjohntan"},"content":"        String command \u003d split[0].strip();","lastModifiedDate":"2024-08-22","isFullCredit":false},{"lineNumber":5,"author":{"gitId":"chrisjohntan"},"content":"        if (split.length \u003e 1) {","lastModifiedDate":"2024-08-22","isFullCredit":false},{"lineNumber":6,"author":{"gitId":"chrisjohntan"},"content":"            String details \u003d split[1];","lastModifiedDate":"2024-08-21","isFullCredit":false},{"lineNumber":7,"author":{"gitId":"chrisjohntan"},"content":"            return new Query(command, details);","lastModifiedDate":"2024-08-21","isFullCredit":false},{"lineNumber":8,"author":{"gitId":"chrisjohntan"},"content":"        }","lastModifiedDate":"2024-08-21","isFullCredit":false},{"lineNumber":9,"author":{"gitId":"chrisjohntan"},"content":"        // for standalone commands (list, etc)","lastModifiedDate":"2024-08-22","isFullCredit":false},{"lineNumber":10,"author":{"gitId":"chrisjohntan"},"content":"        return new Query(command);","lastModifiedDate":"2024-08-22","isFullCredit":false},{"lineNumber":11,"author":{"gitId":"chrisjohntan"},"content":"    }","lastModifiedDate":"2024-08-22","isFullCredit":false},{"lineNumber":12,"author":{"gitId":"chrisjohntan"},"content":"}","lastModifiedDate":"2024-08-21","isFullCredit":false}],"authorContributionMap":{"chrisjohntan":12}},{"path":"src/main/java/Query.java","fileType":"java","lines":[{"lineNumber":1,"author":{"gitId":"chrisjohntan"},"content":"public final class Query {","lastModifiedDate":"2024-08-21","isFullCredit":false},{"lineNumber":2,"author":{"gitId":"chrisjohntan"},"content":"    private final String command;","lastModifiedDate":"2024-08-21","isFullCredit":false},{"lineNumber":3,"author":{"gitId":"chrisjohntan"},"content":"    private final String details;","lastModifiedDate":"2024-08-21","isFullCredit":false},{"lineNumber":4,"author":{"gitId":"chrisjohntan"},"content":"    public Query(String command, String details) {","lastModifiedDate":"2024-08-21","isFullCredit":false},{"lineNumber":5,"author":{"gitId":"chrisjohntan"},"content":"        this.details \u003d details;","lastModifiedDate":"2024-08-21","isFullCredit":false},{"lineNumber":6,"author":{"gitId":"chrisjohntan"},"content":"        this.command \u003d command;","lastModifiedDate":"2024-08-21","isFullCredit":false},{"lineNumber":7,"author":{"gitId":"chrisjohntan"},"content":"    }","lastModifiedDate":"2024-08-21","isFullCredit":false},{"lineNumber":8,"author":{"gitId":"chrisjohntan"},"content":"","lastModifiedDate":"2024-08-21","isFullCredit":false},{"lineNumber":9,"author":{"gitId":"chrisjohntan"},"content":"    public Query(String command) {","lastModifiedDate":"2024-08-22","isFullCredit":false},{"lineNumber":10,"author":{"gitId":"chrisjohntan"},"content":"        this.command \u003d command;","lastModifiedDate":"2024-08-22","isFullCredit":false},{"lineNumber":11,"author":{"gitId":"chrisjohntan"},"content":"        this.details \u003d null;","lastModifiedDate":"2024-08-22","isFullCredit":false},{"lineNumber":12,"author":{"gitId":"chrisjohntan"},"content":"    }","lastModifiedDate":"2024-08-22","isFullCredit":false},{"lineNumber":13,"author":{"gitId":"chrisjohntan"},"content":"","lastModifiedDate":"2024-08-22","isFullCredit":false},{"lineNumber":14,"author":{"gitId":"chrisjohntan"},"content":"    public String getCommand() {","lastModifiedDate":"2024-08-21","isFullCredit":false},{"lineNumber":15,"author":{"gitId":"chrisjohntan"},"content":"        return this.command;","lastModifiedDate":"2024-08-21","isFullCredit":false},{"lineNumber":16,"author":{"gitId":"chrisjohntan"},"content":"    }","lastModifiedDate":"2024-08-21","isFullCredit":false},{"lineNumber":17,"author":{"gitId":"chrisjohntan"},"content":"","lastModifiedDate":"2024-08-21","isFullCredit":false},{"lineNumber":18,"author":{"gitId":"chrisjohntan"},"content":"    public String getDetails() {","lastModifiedDate":"2024-08-21","isFullCredit":false},{"lineNumber":19,"author":{"gitId":"chrisjohntan"},"content":"        return this.details;","lastModifiedDate":"2024-08-21","isFullCredit":false},{"lineNumber":20,"author":{"gitId":"chrisjohntan"},"content":"    }","lastModifiedDate":"2024-08-21","isFullCredit":false},{"lineNumber":21,"author":{"gitId":"chrisjohntan"},"content":"}","lastModifiedDate":"2024-08-21","isFullCredit":false}],"authorContributionMap":{"chrisjohntan":21}},{"path":"src/main/java/Task.java","fileType":"java","lines":[{"lineNumber":1,"author":{"gitId":"chrisjohntan"},"content":"public class Task {","lastModifiedDate":"2024-08-20","isFullCredit":false},{"lineNumber":2,"author":{"gitId":"chrisjohntan"},"content":"    protected String description;","lastModifiedDate":"2024-08-20","isFullCredit":false},{"lineNumber":3,"author":{"gitId":"chrisjohntan"},"content":"    protected boolean isDone;","lastModifiedDate":"2024-08-20","isFullCredit":false},{"lineNumber":4,"author":{"gitId":"chrisjohntan"},"content":"","lastModifiedDate":"2024-08-20","isFullCredit":false},{"lineNumber":5,"author":{"gitId":"chrisjohntan"},"content":"    public Task(String desc, boolean isDone) {","lastModifiedDate":"2024-08-20","isFullCredit":false},{"lineNumber":6,"author":{"gitId":"chrisjohntan"},"content":"        this.description \u003d desc;","lastModifiedDate":"2024-08-20","isFullCredit":false},{"lineNumber":7,"author":{"gitId":"chrisjohntan"},"content":"        this.isDone \u003d isDone;","lastModifiedDate":"2024-08-20","isFullCredit":false},{"lineNumber":8,"author":{"gitId":"chrisjohntan"},"content":"    }","lastModifiedDate":"2024-08-20","isFullCredit":false},{"lineNumber":9,"author":{"gitId":"chrisjohntan"},"content":"","lastModifiedDate":"2024-08-20","isFullCredit":false},{"lineNumber":10,"author":{"gitId":"chrisjohntan"},"content":"    public Task(String desc) {","lastModifiedDate":"2024-08-20","isFullCredit":false},{"lineNumber":11,"author":{"gitId":"chrisjohntan"},"content":"        this(desc, false);","lastModifiedDate":"2024-08-20","isFullCredit":false},{"lineNumber":12,"author":{"gitId":"chrisjohntan"},"content":"    }","lastModifiedDate":"2024-08-20","isFullCredit":false},{"lineNumber":13,"author":{"gitId":"chrisjohntan"},"content":"","lastModifiedDate":"2024-08-20","isFullCredit":false},{"lineNumber":14,"author":{"gitId":"chrisjohntan"},"content":"    public void markDone() {","lastModifiedDate":"2024-08-20","isFullCredit":false},{"lineNumber":15,"author":{"gitId":"chrisjohntan"},"content":"        this.isDone \u003d true;","lastModifiedDate":"2024-08-20","isFullCredit":false},{"lineNumber":16,"author":{"gitId":"chrisjohntan"},"content":"    }","lastModifiedDate":"2024-08-20","isFullCredit":false},{"lineNumber":17,"author":{"gitId":"chrisjohntan"},"content":"","lastModifiedDate":"2024-08-20","isFullCredit":false},{"lineNumber":18,"author":{"gitId":"chrisjohntan"},"content":"    public void markNotDone() {","lastModifiedDate":"2024-08-20","isFullCredit":false},{"lineNumber":19,"author":{"gitId":"chrisjohntan"},"content":"        this.isDone \u003d false;","lastModifiedDate":"2024-08-20","isFullCredit":false},{"lineNumber":20,"author":{"gitId":"chrisjohntan"},"content":"    }","lastModifiedDate":"2024-08-20","isFullCredit":false},{"lineNumber":21,"author":{"gitId":"chrisjohntan"},"content":"","lastModifiedDate":"2024-08-20","isFullCredit":false},{"lineNumber":22,"author":{"gitId":"chrisjohntan"},"content":"    @Override","lastModifiedDate":"2024-08-20","isFullCredit":false},{"lineNumber":23,"author":{"gitId":"chrisjohntan"},"content":"    public String toString() {","lastModifiedDate":"2024-08-20","isFullCredit":false},{"lineNumber":24,"author":{"gitId":"chrisjohntan"},"content":"        return String.format(","lastModifiedDate":"2024-08-20","isFullCredit":false},{"lineNumber":25,"author":{"gitId":"chrisjohntan"},"content":"                \"[%s] %s\",","lastModifiedDate":"2024-08-20","isFullCredit":false},{"lineNumber":26,"author":{"gitId":"chrisjohntan"},"content":"                this.isDone ? \"X\" : \" \",","lastModifiedDate":"2024-08-20","isFullCredit":false},{"lineNumber":27,"author":{"gitId":"chrisjohntan"},"content":"                this.description","lastModifiedDate":"2024-08-20","isFullCredit":false},{"lineNumber":28,"author":{"gitId":"chrisjohntan"},"content":"        );","lastModifiedDate":"2024-08-20","isFullCredit":false},{"lineNumber":29,"author":{"gitId":"chrisjohntan"},"content":"    }","lastModifiedDate":"2024-08-20","isFullCredit":false},{"lineNumber":30,"author":{"gitId":"chrisjohntan"},"content":"}","lastModifiedDate":"2024-08-20","isFullCredit":false}],"authorContributionMap":{"chrisjohntan":30}},{"path":"src/main/java/TaskList.java","fileType":"java","lines":[{"lineNumber":1,"author":{"gitId":"chrisjohntan"},"content":"import java.util.ArrayList;","lastModifiedDate":"2024-08-21","isFullCredit":false},{"lineNumber":2,"author":{"gitId":"chrisjohntan"},"content":"","lastModifiedDate":"2024-08-21","isFullCredit":false},{"lineNumber":3,"author":{"gitId":"chrisjohntan"},"content":"public class TaskList {","lastModifiedDate":"2024-08-20","isFullCredit":false},{"lineNumber":4,"author":{"gitId":"chrisjohntan"},"content":"","lastModifiedDate":"2024-08-20","isFullCredit":false},{"lineNumber":5,"author":{"gitId":"chrisjohntan"},"content":"    private final ArrayList\u003cTask\u003e tasks;","lastModifiedDate":"2024-08-21","isFullCredit":false},{"lineNumber":6,"author":{"gitId":"chrisjohntan"},"content":"    public TaskList() {","lastModifiedDate":"2024-08-20","isFullCredit":false},{"lineNumber":7,"author":{"gitId":"chrisjohntan"},"content":"        this.tasks \u003d new ArrayList\u003c\u003e();","lastModifiedDate":"2024-08-21","isFullCredit":false},{"lineNumber":8,"author":{"gitId":"chrisjohntan"},"content":"    }","lastModifiedDate":"2024-08-20","isFullCredit":false},{"lineNumber":9,"author":{"gitId":"chrisjohntan"},"content":"","lastModifiedDate":"2024-08-20","isFullCredit":false},{"lineNumber":10,"author":{"gitId":"chrisjohntan"},"content":"    /**","lastModifiedDate":"2024-08-21","isFullCredit":false},{"lineNumber":11,"author":{"gitId":"chrisjohntan"},"content":"     * Add a task to the end of the list","lastModifiedDate":"2024-08-21","isFullCredit":false},{"lineNumber":12,"author":{"gitId":"chrisjohntan"},"content":"     * @param task Task object to be added","lastModifiedDate":"2024-08-21","isFullCredit":false},{"lineNumber":13,"author":{"gitId":"chrisjohntan"},"content":"     */","lastModifiedDate":"2024-08-21","isFullCredit":false},{"lineNumber":14,"author":{"gitId":"chrisjohntan"},"content":"    public void add(Task task) {","lastModifiedDate":"2024-08-21","isFullCredit":false},{"lineNumber":15,"author":{"gitId":"chrisjohntan"},"content":"        this.tasks.add(task);","lastModifiedDate":"2024-08-21","isFullCredit":false},{"lineNumber":16,"author":{"gitId":"chrisjohntan"},"content":"    }","lastModifiedDate":"2024-08-20","isFullCredit":false},{"lineNumber":17,"author":{"gitId":"chrisjohntan"},"content":"","lastModifiedDate":"2024-08-20","isFullCredit":false},{"lineNumber":18,"author":{"gitId":"chrisjohntan"},"content":"    /**","lastModifiedDate":"2024-08-21","isFullCredit":false},{"lineNumber":19,"author":{"gitId":"chrisjohntan"},"content":"     * Mark a task as done","lastModifiedDate":"2024-08-21","isFullCredit":false},{"lineNumber":20,"author":{"gitId":"chrisjohntan"},"content":"     * @param taskId Index of the task to be marked","lastModifiedDate":"2024-08-21","isFullCredit":false},{"lineNumber":21,"author":{"gitId":"chrisjohntan"},"content":"     */","lastModifiedDate":"2024-08-21","isFullCredit":false},{"lineNumber":22,"author":{"gitId":"chrisjohntan"},"content":"    public void mark(int taskId) {","lastModifiedDate":"2024-08-20","isFullCredit":false},{"lineNumber":23,"author":{"gitId":"chrisjohntan"},"content":"        tasks.get(taskId - 1).markDone();","lastModifiedDate":"2024-08-21","isFullCredit":false},{"lineNumber":24,"author":{"gitId":"chrisjohntan"},"content":"    }","lastModifiedDate":"2024-08-20","isFullCredit":false},{"lineNumber":25,"author":{"gitId":"chrisjohntan"},"content":"","lastModifiedDate":"2024-08-20","isFullCredit":false},{"lineNumber":26,"author":{"gitId":"chrisjohntan"},"content":"    /**","lastModifiedDate":"2024-08-21","isFullCredit":false},{"lineNumber":27,"author":{"gitId":"chrisjohntan"},"content":"     * Mark a task as not done","lastModifiedDate":"2024-08-21","isFullCredit":false},{"lineNumber":28,"author":{"gitId":"chrisjohntan"},"content":"     * @param taskId Index of the task to be unmarked","lastModifiedDate":"2024-08-21","isFullCredit":false},{"lineNumber":29,"author":{"gitId":"chrisjohntan"},"content":"     */","lastModifiedDate":"2024-08-21","isFullCredit":false},{"lineNumber":30,"author":{"gitId":"chrisjohntan"},"content":"    public void unmark(int taskId) {","lastModifiedDate":"2024-08-20","isFullCredit":false},{"lineNumber":31,"author":{"gitId":"chrisjohntan"},"content":"        tasks.get(taskId - 1).markNotDone();","lastModifiedDate":"2024-08-21","isFullCredit":false},{"lineNumber":32,"author":{"gitId":"chrisjohntan"},"content":"    }","lastModifiedDate":"2024-08-20","isFullCredit":false},{"lineNumber":33,"author":{"gitId":"chrisjohntan"},"content":"","lastModifiedDate":"2024-08-20","isFullCredit":false},{"lineNumber":34,"author":{"gitId":"chrisjohntan"},"content":"    /**","lastModifiedDate":"2024-08-21","isFullCredit":false},{"lineNumber":35,"author":{"gitId":"chrisjohntan"},"content":"     *","lastModifiedDate":"2024-08-21","isFullCredit":false},{"lineNumber":36,"author":{"gitId":"chrisjohntan"},"content":"     * @param taskId","lastModifiedDate":"2024-08-21","isFullCredit":false},{"lineNumber":37,"author":{"gitId":"chrisjohntan"},"content":"     * @return","lastModifiedDate":"2024-08-21","isFullCredit":false},{"lineNumber":38,"author":{"gitId":"chrisjohntan"},"content":"     */","lastModifiedDate":"2024-08-21","isFullCredit":false},{"lineNumber":39,"author":{"gitId":"chrisjohntan"},"content":"    public String getTaskStatus(int taskId) {","lastModifiedDate":"2024-08-20","isFullCredit":false},{"lineNumber":40,"author":{"gitId":"chrisjohntan"},"content":"        return tasks.get(taskId - 1).toString();","lastModifiedDate":"2024-08-21","isFullCredit":false},{"lineNumber":41,"author":{"gitId":"chrisjohntan"},"content":"    }","lastModifiedDate":"2024-08-21","isFullCredit":false},{"lineNumber":42,"author":{"gitId":"chrisjohntan"},"content":"","lastModifiedDate":"2024-08-21","isFullCredit":false},{"lineNumber":43,"author":{"gitId":"chrisjohntan"},"content":"    /**","lastModifiedDate":"2024-08-21","isFullCredit":false},{"lineNumber":44,"author":{"gitId":"chrisjohntan"},"content":"     * Get the status of the last added task","lastModifiedDate":"2024-08-21","isFullCredit":false},{"lineNumber":45,"author":{"gitId":"chrisjohntan"},"content":"     * @return String representation of the task","lastModifiedDate":"2024-08-21","isFullCredit":false},{"lineNumber":46,"author":{"gitId":"chrisjohntan"},"content":"     */","lastModifiedDate":"2024-08-21","isFullCredit":false},{"lineNumber":47,"author":{"gitId":"chrisjohntan"},"content":"    public String getLatestTask() {","lastModifiedDate":"2024-08-21","isFullCredit":false},{"lineNumber":48,"author":{"gitId":"chrisjohntan"},"content":"        if (tasks.isEmpty()) {","lastModifiedDate":"2024-08-21","isFullCredit":false},{"lineNumber":49,"author":{"gitId":"chrisjohntan"},"content":"            return \"\";","lastModifiedDate":"2024-08-21","isFullCredit":false},{"lineNumber":50,"author":{"gitId":"chrisjohntan"},"content":"        }","lastModifiedDate":"2024-08-21","isFullCredit":false},{"lineNumber":51,"author":{"gitId":"chrisjohntan"},"content":"        return tasks.get(tasks.size() - 1).toString();","lastModifiedDate":"2024-08-21","isFullCredit":false},{"lineNumber":52,"author":{"gitId":"chrisjohntan"},"content":"    }","lastModifiedDate":"2024-08-21","isFullCredit":false},{"lineNumber":53,"author":{"gitId":"chrisjohntan"},"content":"","lastModifiedDate":"2024-08-21","isFullCredit":false},{"lineNumber":54,"author":{"gitId":"chrisjohntan"},"content":"","lastModifiedDate":"2024-08-21","isFullCredit":false},{"lineNumber":55,"author":{"gitId":"chrisjohntan"},"content":"    /**","lastModifiedDate":"2024-08-21","isFullCredit":false},{"lineNumber":56,"author":{"gitId":"chrisjohntan"},"content":"     * Get the total number of tasks","lastModifiedDate":"2024-08-21","isFullCredit":false},{"lineNumber":57,"author":{"gitId":"chrisjohntan"},"content":"     * @return Count of all marked and unmarked tasks","lastModifiedDate":"2024-08-21","isFullCredit":false},{"lineNumber":58,"author":{"gitId":"chrisjohntan"},"content":"     */","lastModifiedDate":"2024-08-21","isFullCredit":false},{"lineNumber":59,"author":{"gitId":"chrisjohntan"},"content":"    public int getTaskCount() {","lastModifiedDate":"2024-08-21","isFullCredit":false},{"lineNumber":60,"author":{"gitId":"chrisjohntan"},"content":"        return tasks.size();","lastModifiedDate":"2024-08-21","isFullCredit":false},{"lineNumber":61,"author":{"gitId":"chrisjohntan"},"content":"    }","lastModifiedDate":"2024-08-20","isFullCredit":false},{"lineNumber":62,"author":{"gitId":"chrisjohntan"},"content":"","lastModifiedDate":"2024-08-20","isFullCredit":false},{"lineNumber":63,"author":{"gitId":"chrisjohntan"},"content":"    @Override","lastModifiedDate":"2024-08-20","isFullCredit":false},{"lineNumber":64,"author":{"gitId":"chrisjohntan"},"content":"    public String toString() {","lastModifiedDate":"2024-08-20","isFullCredit":false},{"lineNumber":65,"author":{"gitId":"chrisjohntan"},"content":"        StringBuilder sb \u003d new StringBuilder();","lastModifiedDate":"2024-08-20","isFullCredit":false},{"lineNumber":66,"author":{"gitId":"chrisjohntan"},"content":"        int nTasks \u003d getTaskCount();","lastModifiedDate":"2024-08-21","isFullCredit":false},{"lineNumber":67,"author":{"gitId":"chrisjohntan"},"content":"        for (int index \u003d 0; index \u003c nTasks; index++) {","lastModifiedDate":"2024-08-21","isFullCredit":false},{"lineNumber":68,"author":{"gitId":"chrisjohntan"},"content":"            sb.append(String.format(\"%d: %s\\n\", index + 1, tasks.get(index)));","lastModifiedDate":"2024-08-21","isFullCredit":false},{"lineNumber":69,"author":{"gitId":"chrisjohntan"},"content":"        }","lastModifiedDate":"2024-08-20","isFullCredit":false},{"lineNumber":70,"author":{"gitId":"chrisjohntan"},"content":"        return \"Here are the tasks in your list:\\n\" + sb.toString();","lastModifiedDate":"2024-08-20","isFullCredit":false},{"lineNumber":71,"author":{"gitId":"chrisjohntan"},"content":"    }","lastModifiedDate":"2024-08-20","isFullCredit":false},{"lineNumber":72,"author":{"gitId":"chrisjohntan"},"content":"}","lastModifiedDate":"2024-08-20","isFullCredit":false}],"authorContributionMap":{"chrisjohntan":72}},{"path":"src/main/java/Todo.java","fileType":"java","lines":[{"lineNumber":1,"author":{"gitId":"chrisjohntan"},"content":"public class Todo extends Task {","lastModifiedDate":"2024-08-21","isFullCredit":false},{"lineNumber":2,"author":{"gitId":"chrisjohntan"},"content":"","lastModifiedDate":"2024-08-20","isFullCredit":false},{"lineNumber":3,"author":{"gitId":"chrisjohntan"},"content":"    public Todo(String desc) {","lastModifiedDate":"2024-08-21","isFullCredit":false},{"lineNumber":4,"author":{"gitId":"chrisjohntan"},"content":"        super(desc);","lastModifiedDate":"2024-08-20","isFullCredit":false},{"lineNumber":5,"author":{"gitId":"chrisjohntan"},"content":"    }","lastModifiedDate":"2024-08-20","isFullCredit":false},{"lineNumber":6,"author":{"gitId":"chrisjohntan"},"content":"","lastModifiedDate":"2024-08-20","isFullCredit":false},{"lineNumber":7,"author":{"gitId":"chrisjohntan"},"content":"    @Override","lastModifiedDate":"2024-08-20","isFullCredit":false},{"lineNumber":8,"author":{"gitId":"chrisjohntan"},"content":"    public String toString() {","lastModifiedDate":"2024-08-20","isFullCredit":false},{"lineNumber":9,"author":{"gitId":"chrisjohntan"},"content":"        return \"[T]\" + super.toString();","lastModifiedDate":"2024-08-20","isFullCredit":false},{"lineNumber":10,"author":{"gitId":"chrisjohntan"},"content":"    }","lastModifiedDate":"2024-08-20","isFullCredit":false},{"lineNumber":11,"author":{"gitId":"chrisjohntan"},"content":"}","lastModifiedDate":"2024-08-20","isFullCredit":false}],"authorContributionMap":{"chrisjohntan":11}},{"path":"text-ui-test/input.txt","fileType":"txt","lines":[{"lineNumber":1,"author":{"gitId":"chrisjohntan"},"content":"list","lastModifiedDate":"2024-08-22","isFullCredit":false},{"lineNumber":2,"author":{"gitId":"chrisjohntan"},"content":"todo sample todo","lastModifiedDate":"2024-08-22","isFullCredit":false},{"lineNumber":3,"author":{"gitId":"chrisjohntan"},"content":"deadline sample deadline /by tmr 10pm","lastModifiedDate":"2024-08-22","isFullCredit":false},{"lineNumber":4,"author":{"gitId":"chrisjohntan"},"content":"event sample event /from monday 2am /to sunday 7pm","lastModifiedDate":"2024-08-22","isFullCredit":false},{"lineNumber":5,"author":{"gitId":"chrisjohntan"},"content":"list","lastModifiedDate":"2024-08-22","isFullCredit":false},{"lineNumber":6,"author":{"gitId":"chrisjohntan"},"content":"mark 1","lastModifiedDate":"2024-08-22","isFullCredit":false},{"lineNumber":7,"author":{"gitId":"chrisjohntan"},"content":"list","lastModifiedDate":"2024-08-22","isFullCredit":false},{"lineNumber":8,"author":{"gitId":"chrisjohntan"},"content":"mark 2","lastModifiedDate":"2024-08-22","isFullCredit":false},{"lineNumber":9,"author":{"gitId":"chrisjohntan"},"content":"list","lastModifiedDate":"2024-08-22","isFullCredit":false},{"lineNumber":10,"author":{"gitId":"chrisjohntan"},"content":"unmark 1","lastModifiedDate":"2024-08-22","isFullCredit":false},{"lineNumber":11,"author":{"gitId":"chrisjohntan"},"content":"list","lastModifiedDate":"2024-08-22","isFullCredit":false},{"lineNumber":12,"author":{"gitId":"chrisjohntan"},"content":"bye","lastModifiedDate":"2024-08-22","isFullCredit":false}],"authorContributionMap":{"chrisjohntan":12}},{"path":"text-ui-test/runtest.bat","fileType":"bat","lines":[{"lineNumber":1,"author":{"gitId":"-"},"content":"@ECHO OFF","lastModifiedDate":"2020-05-25","isFullCredit":false},{"lineNumber":2,"author":{"gitId":"-"},"content":"","lastModifiedDate":"2020-05-25","isFullCredit":false},{"lineNumber":3,"author":{"gitId":"-"},"content":"REM create bin directory if it doesn\u0027t exist","lastModifiedDate":"2020-05-25","isFullCredit":false},{"lineNumber":4,"author":{"gitId":"-"},"content":"if not exist ..\\bin mkdir ..\\bin","lastModifiedDate":"2020-05-25","isFullCredit":false},{"lineNumber":5,"author":{"gitId":"-"},"content":"","lastModifiedDate":"2020-05-25","isFullCredit":false},{"lineNumber":6,"author":{"gitId":"-"},"content":"REM delete output from previous run","lastModifiedDate":"2020-05-25","isFullCredit":false},{"lineNumber":7,"author":{"gitId":"-"},"content":"if exist ACTUAL.TXT del ACTUAL.TXT","lastModifiedDate":"2020-08-25","isFullCredit":false},{"lineNumber":8,"author":{"gitId":"-"},"content":"","lastModifiedDate":"2020-05-25","isFullCredit":false},{"lineNumber":9,"author":{"gitId":"-"},"content":"REM compile the code into the bin folder","lastModifiedDate":"2020-05-25","isFullCredit":false},{"lineNumber":10,"author":{"gitId":"-"},"content":"javac  -cp ..\\src\\main\\java -Xlint:none -d ..\\bin ..\\src\\main\\java\\*.java","lastModifiedDate":"2020-08-25","isFullCredit":false},{"lineNumber":11,"author":{"gitId":"-"},"content":"IF ERRORLEVEL 1 (","lastModifiedDate":"2020-05-25","isFullCredit":false},{"lineNumber":12,"author":{"gitId":"-"},"content":"    echo ********** BUILD FAILURE **********","lastModifiedDate":"2020-05-25","isFullCredit":false},{"lineNumber":13,"author":{"gitId":"-"},"content":"    exit /b 1","lastModifiedDate":"2020-05-25","isFullCredit":false},{"lineNumber":14,"author":{"gitId":"-"},"content":")","lastModifiedDate":"2020-05-25","isFullCredit":false},{"lineNumber":15,"author":{"gitId":"-"},"content":"REM no error here, errorlevel \u003d\u003d 0","lastModifiedDate":"2020-05-25","isFullCredit":false},{"lineNumber":16,"author":{"gitId":"-"},"content":"","lastModifiedDate":"2020-05-25","isFullCredit":false},{"lineNumber":17,"author":{"gitId":"-"},"content":"REM run the program, feed commands from input.txt file and redirect the output to the ACTUAL.TXT","lastModifiedDate":"2020-05-25","isFullCredit":false},{"lineNumber":18,"author":{"gitId":"chrisjohntan"},"content":"java -classpath ..\\bin Cloud \u003c input.txt \u003e ACTUAL.TXT","lastModifiedDate":"2024-08-22","isFullCredit":false},{"lineNumber":19,"author":{"gitId":"-"},"content":"","lastModifiedDate":"2020-05-25","isFullCredit":false},{"lineNumber":20,"author":{"gitId":"-"},"content":"REM compare the output to the expected output","lastModifiedDate":"2020-05-25","isFullCredit":false},{"lineNumber":21,"author":{"gitId":"-"},"content":"FC ACTUAL.TXT EXPECTED.TXT","lastModifiedDate":"2020-05-25","isFullCredit":false}],"authorContributionMap":{"chrisjohntan":1,"-":20}},{"path":"text-ui-test/runtest.sh","fileType":"sh","lines":[{"lineNumber":1,"author":{"gitId":"-"},"content":"#!/usr/bin/env bash","lastModifiedDate":"2020-05-25","isFullCredit":false},{"lineNumber":2,"author":{"gitId":"-"},"content":"","lastModifiedDate":"2020-05-25","isFullCredit":false},{"lineNumber":3,"author":{"gitId":"-"},"content":"# create bin directory if it doesn\u0027t exist","lastModifiedDate":"2020-05-25","isFullCredit":false},{"lineNumber":4,"author":{"gitId":"-"},"content":"if [ ! -d \"../bin\" ]","lastModifiedDate":"2020-05-25","isFullCredit":false},{"lineNumber":5,"author":{"gitId":"-"},"content":"then","lastModifiedDate":"2020-05-25","isFullCredit":false},{"lineNumber":6,"author":{"gitId":"-"},"content":"    mkdir ../bin","lastModifiedDate":"2020-05-25","isFullCredit":false},{"lineNumber":7,"author":{"gitId":"-"},"content":"fi","lastModifiedDate":"2020-05-25","isFullCredit":false},{"lineNumber":8,"author":{"gitId":"-"},"content":"","lastModifiedDate":"2020-05-25","isFullCredit":false},{"lineNumber":9,"author":{"gitId":"-"},"content":"# delete output from previous run","lastModifiedDate":"2020-05-25","isFullCredit":false},{"lineNumber":10,"author":{"gitId":"-"},"content":"if [ -e \"./ACTUAL.TXT\" ]","lastModifiedDate":"2020-05-25","isFullCredit":false},{"lineNumber":11,"author":{"gitId":"-"},"content":"then","lastModifiedDate":"2020-05-25","isFullCredit":false},{"lineNumber":12,"author":{"gitId":"-"},"content":"    rm ACTUAL.TXT","lastModifiedDate":"2020-05-25","isFullCredit":false},{"lineNumber":13,"author":{"gitId":"-"},"content":"fi","lastModifiedDate":"2020-05-25","isFullCredit":false},{"lineNumber":14,"author":{"gitId":"-"},"content":"","lastModifiedDate":"2020-05-25","isFullCredit":false},{"lineNumber":15,"author":{"gitId":"-"},"content":"# compile the code into the bin folder, terminates if error occurred","lastModifiedDate":"2020-05-25","isFullCredit":false},{"lineNumber":16,"author":{"gitId":"-"},"content":"if ! javac -cp ../src/main/java -Xlint:none -d ../bin ../src/main/java/*.java","lastModifiedDate":"2020-08-25","isFullCredit":false},{"lineNumber":17,"author":{"gitId":"-"},"content":"then","lastModifiedDate":"2020-05-25","isFullCredit":false},{"lineNumber":18,"author":{"gitId":"-"},"content":"    echo \"********** BUILD FAILURE **********\"","lastModifiedDate":"2020-05-25","isFullCredit":false},{"lineNumber":19,"author":{"gitId":"-"},"content":"    exit 1","lastModifiedDate":"2020-05-25","isFullCredit":false},{"lineNumber":20,"author":{"gitId":"-"},"content":"fi","lastModifiedDate":"2020-05-25","isFullCredit":false},{"lineNumber":21,"author":{"gitId":"-"},"content":"","lastModifiedDate":"2020-05-25","isFullCredit":false},{"lineNumber":22,"author":{"gitId":"-"},"content":"# run the program, feed commands from input.txt file and redirect the output to the ACTUAL.TXT","lastModifiedDate":"2020-05-25","isFullCredit":false},{"lineNumber":23,"author":{"gitId":"chrisjohntan"},"content":"java -classpath ../bin Cloud \u003c input.txt \u003e ACTUAL.TXT","lastModifiedDate":"2024-08-22","isFullCredit":false},{"lineNumber":24,"author":{"gitId":"-"},"content":"","lastModifiedDate":"2020-05-25","isFullCredit":false},{"lineNumber":25,"author":{"gitId":"-"},"content":"# convert to UNIX format","lastModifiedDate":"2020-05-25","isFullCredit":false},{"lineNumber":26,"author":{"gitId":"-"},"content":"cp EXPECTED.TXT EXPECTED-UNIX.TXT","lastModifiedDate":"2020-05-25","isFullCredit":false},{"lineNumber":27,"author":{"gitId":"-"},"content":"dos2unix ACTUAL.TXT EXPECTED-UNIX.TXT","lastModifiedDate":"2020-05-25","isFullCredit":false},{"lineNumber":28,"author":{"gitId":"-"},"content":"","lastModifiedDate":"2020-05-25","isFullCredit":false},{"lineNumber":29,"author":{"gitId":"-"},"content":"# compare the output to the expected output","lastModifiedDate":"2020-05-25","isFullCredit":false},{"lineNumber":30,"author":{"gitId":"-"},"content":"diff ACTUAL.TXT EXPECTED-UNIX.TXT","lastModifiedDate":"2020-05-25","isFullCredit":false},{"lineNumber":31,"author":{"gitId":"-"},"content":"if [ $? -eq 0 ]","lastModifiedDate":"2020-05-25","isFullCredit":false},{"lineNumber":32,"author":{"gitId":"-"},"content":"then","lastModifiedDate":"2020-05-25","isFullCredit":false},{"lineNumber":33,"author":{"gitId":"-"},"content":"    echo \"Test result: PASSED\"","lastModifiedDate":"2020-05-25","isFullCredit":false},{"lineNumber":34,"author":{"gitId":"-"},"content":"    exit 0","lastModifiedDate":"2020-05-25","isFullCredit":false},{"lineNumber":35,"author":{"gitId":"-"},"content":"else","lastModifiedDate":"2020-05-25","isFullCredit":false},{"lineNumber":36,"author":{"gitId":"-"},"content":"    echo \"Test result: FAILED\"","lastModifiedDate":"2020-05-25","isFullCredit":false},{"lineNumber":37,"author":{"gitId":"-"},"content":"    exit 1","lastModifiedDate":"2020-05-25","isFullCredit":false},{"lineNumber":38,"author":{"gitId":"-"},"content":"fi","lastModifiedDate":"2020-05-25","isFullCredit":false}],"authorContributionMap":{"chrisjohntan":1,"-":37}}]
