{"authorDailyContributionsMap":{"chrisjohntan":[{"date":"2024-08-20","commitResults":[{"hash":"70c54c6d6639cf25a222ce1595249409d6f67332","isMergeCommit":false,"messageTitle":"renamed chatbot to Cloud","messageBody":"added greet and exit\n","tags":["Level-0"],"fileTypesAndContributionMap":{"java":{"insertions":27,"deletions":10}}},{"hash":"f6878a22179514d27fab0b24710aa03d86be106d","isMergeCommit":false,"messageTitle":"echo user input, exit on command","messageBody":"","tags":["Level-1"],"fileTypesAndContributionMap":{"java":{"insertions":18,"deletions":2}}},{"hash":"e405685004025ecc10ddec24ca3393bc2774d068","isMergeCommit":false,"messageTitle":"create TaskList for storing input tasks","messageBody":"","fileTypesAndContributionMap":{"java":{"insertions":23,"deletions":0}}},{"hash":"e65b974d122dba4c305f0add3037457062114a0c","isMergeCommit":false,"messageTitle":"stop iterating tasks once reach head index","messageBody":"","fileTypesAndContributionMap":{"java":{"insertions":1,"deletions":1}}},{"hash":"e5817a3bd1c795abeb52a8a8a057704f30f5e7c6","isMergeCommit":false,"messageTitle":"increment head after adding new task","messageBody":"","fileTypesAndContributionMap":{"java":{"insertions":1,"deletions":0}}},{"hash":"a8bc6c396f923e1f2a0e7533c2a07e2a44beca84","isMergeCommit":false,"messageTitle":"newline after each task","messageBody":"","fileTypesAndContributionMap":{"java":{"insertions":1,"deletions":1}}},{"hash":"43f46ae572b947e3145b5277907533c800b50252","isMergeCommit":false,"messageTitle":"save each input to a TaskList","messageBody":"","fileTypesAndContributionMap":{"java":{"insertions":9,"deletions":1}}},{"hash":"71c7f37f7e2f6c222d46cbdd3073bc31f6c71280","isMergeCommit":false,"messageTitle":"move exit() out of loop","messageBody":"","tags":["Level-2"],"fileTypesAndContributionMap":{"java":{"insertions":1,"deletions":1}}},{"hash":"c784f927040897a470755eb5568b38ff49f0c445","isMergeCommit":false,"messageTitle":"Task class to represent tasks","messageBody":"","fileTypesAndContributionMap":{"java":{"insertions":30,"deletions":0}}},{"hash":"bdda583fa71b73490a79c3d87c47be9139420bb4","isMergeCommit":false,"messageTitle":"store tasks as an array of Task objects","messageBody":"","fileTypesAndContributionMap":{"java":{"insertions":12,"deletions":4}}},{"hash":"56421e687934c6341acb4c4f69872faa056f578c","isMergeCommit":false,"messageTitle":"Return task status representation","messageBody":"","fileTypesAndContributionMap":{"java":{"insertions":4,"deletions":0}}},{"hash":"3bdef2c923e6f8a1a0a61c108996414fb9fcdfad","isMergeCommit":false,"messageTitle":"Update with the new TaskList impl","messageBody":"Check for mark and unmark commands\nMark and unmark tasks accordingly and print out the updates task status\n","tags":["Level-3"],"fileTypesAndContributionMap":{"java":{"insertions":21,"deletions":4}}},{"hash":"19609d41d8b24b7c44e863ae619db2c78edbc68f","isMergeCommit":false,"messageTitle":"Update field access modifiers to protected","messageBody":"","fileTypesAndContributionMap":{"java":{"insertions":2,"deletions":2}}},{"hash":"f00a8c3b5e8f91dfd604b20c050f3c5e11253aba","isMergeCommit":false,"messageTitle":"Create ToDo class","messageBody":"","fileTypesAndContributionMap":{"java":{"insertions":11,"deletions":0}}},{"hash":"32271a1323e2281bad5e8126d269bf46444f63cc","isMergeCommit":false,"messageTitle":"Create Deadline class","messageBody":"","fileTypesAndContributionMap":{"java":{"insertions":12,"deletions":0}}},{"hash":"b7f949655144275f77f7cc9554bb8ba620a0aa19","isMergeCommit":false,"messageTitle":"Create Event class","messageBody":"","fileTypesAndContributionMap":{"java":{"insertions":15,"deletions":0}}}]},{"date":"2024-08-21","commitResults":[{"hash":"9e709b618733fedc42cd2422d43c89ecdcfedbd2","isMergeCommit":false,"messageTitle":"Rename Todo","messageBody":"","fileTypesAndContributionMap":{"java":{"insertions":2,"deletions":2}}},{"hash":"323f44a32e004d36b4282880e7c7aee24e2b9997","isMergeCommit":false,"messageTitle":"Create Event class","messageBody":"","fileTypesAndContributionMap":{"java":{"insertions":2,"deletions":1}}},{"hash":"d6940f636605341813682847a1aa5f572d80974e","isMergeCommit":false,"messageTitle":"Change array to ArrayList, add javadoc to some methods","messageBody":"","fileTypesAndContributionMap":{"java":{"insertions":49,"deletions":13}}},{"hash":"518e4bf9f72e6ad923ba68e269f0e59fa9738009","isMergeCommit":false,"messageTitle":"Use switch case to check commands","messageBody":"","fileTypesAndContributionMap":{"java":{"insertions":23,"deletions":15}}},{"hash":"ea7ec9b5b3dd6b627379514c73f663ac9f04a40a","isMergeCommit":false,"messageTitle":"Add Parser for parsing user inputs","messageBody":"","fileTypesAndContributionMap":{"java":{"insertions":8,"deletions":0}}},{"hash":"354ac49baf619f500a791403a1c21a1c349c4bcb","isMergeCommit":false,"messageTitle":"Create Query class for structuring user queries","messageBody":"","fileTypesAndContributionMap":{"java":{"insertions":16,"deletions":0}}}]},{"date":"2024-08-22","commitResults":[{"hash":"39c5fec126fecb34a52477b7a59cc79291d0588d","isMergeCommit":false,"messageTitle":"Edit string format","messageBody":"","fileTypesAndContributionMap":{"java":{"insertions":1,"deletions":1}}},{"hash":"e914e9af30a61898e699cbd2dd2cf71ca53996e2","isMergeCommit":false,"messageTitle":"Fix splitter","messageBody":"","fileTypesAndContributionMap":{"java":{"insertions":8,"deletions":4}}},{"hash":"0b4fbe206c19ea58eaebaad535833c20674f073a","isMergeCommit":false,"messageTitle":"Add overloaded constructor for queries with command only","messageBody":"","fileTypesAndContributionMap":{"java":{"insertions":5,"deletions":0}}},{"hash":"0065b6b6bebe945cbb2a8c0bd5450c2683b527ed","isMergeCommit":false,"messageTitle":"Handle adding tasks in a clsas method","messageBody":"","tags":["Level-4"],"fileTypesAndContributionMap":{"java":{"insertions":53,"deletions":19}}},{"hash":"1a098d73512001a97e2c14a84a482e985fc145f0","isMergeCommit":false,"messageTitle":"Rename to Todo.java","messageBody":"","fileTypesAndContributionMap":{"java":{"insertions":0,"deletions":0}}},{"hash":"e221562e75bd66f833257dfc8e817c8300153137","isMergeCommit":false,"messageTitle":"Update file location","messageBody":"","fileTypesAndContributionMap":{"bat":{"insertions":1,"deletions":1},"sh":{"insertions":1,"deletions":1}}},{"hash":"e056a1bee5f1ba9dae7567d233822655d19eab58","isMergeCommit":false,"messageTitle":"Add testcases","messageBody":"","fileTypesAndContributionMap":{"txt":{"insertions":12,"deletions":0}}},{"hash":"f2d1aacb63dd7bcda34c3850524e0813de419b20","isMergeCommit":false,"messageTitle":"Create exception classes","messageBody":"","fileTypesAndContributionMap":{"java":{"insertions":24,"deletions":0}}},{"hash":"0f0fd16594cc00f7da492e304bcfc8ef8c827f9c","isMergeCommit":false,"messageTitle":"Add command error checking","messageBody":"","fileTypesAndContributionMap":{"java":{"insertions":20,"deletions":1}}},{"hash":"2bba26bbbfc306ef96de08585b97091cfca05930","isMergeCommit":false,"messageTitle":"Catch parsing errors","messageBody":"","tags":["Level-5"],"fileTypesAndContributionMap":{"java":{"insertions":9,"deletions":3}}}]},{"date":"2024-08-23","commitResults":[{"hash":"83f1ccd372841d166327df7c18a231ec28eb01ed","isMergeCommit":false,"messageTitle":"Add delete task method","messageBody":"","fileTypesAndContributionMap":{"java":{"insertions":4,"deletions":1}}},{"hash":"fa6d2c22ac09dd257611167dac62c8fc6b202314","isMergeCommit":false,"messageTitle":"Include delete command","messageBody":"","fileTypesAndContributionMap":{"java":{"insertions":1,"deletions":0}}},{"hash":"77b3760b9ad5e2cc3f56791e4d39dee720f6d952","isMergeCommit":false,"messageTitle":"Add deleteTask method","messageBody":"","tags":["Level-6"],"fileTypesAndContributionMap":{"java":{"insertions":14,"deletions":0}}}]},{"date":"2024-08-27","commitResults":[{"hash":"aab15a1e8ec57fa9992d2439c7251633bf2e7119","isMergeCommit":false,"messageTitle":"Create Storage class","messageBody":"","fileTypesAndContributionMap":{"java":{"insertions":65,"deletions":0}}},{"hash":"1f09ea32cffd6b1d54018b11e0d8ba4edf361ced","isMergeCommit":false,"messageTitle":"Add formatSave method for formatting to save file","messageBody":"","fileTypesAndContributionMap":{"java":{"insertions":28,"deletions":1}}},{"hash":"6004e861dd1acd1f3a27a45798e98810286ad730","isMergeCommit":false,"messageTitle":"Add getTask method to get Task object at index","messageBody":"","fileTypesAndContributionMap":{"java":{"insertions":16,"deletions":1}}},{"hash":"4aa2330b25807d2a121c030219da9d2038866984","isMergeCommit":false,"messageTitle":"Implement loading and saving of data to Storage","messageBody":"","tags":["Level-7"],"fileTypesAndContributionMap":{"java":{"insertions":9,"deletions":1}}},{"hash":"6738a53d7f70a99f45ebab88a372bf69c79cf9a4","isMergeCommit":false,"messageTitle":"Handle file errors internally","messageBody":"","fileTypesAndContributionMap":{"java":{"insertions":10,"deletions":7}}}]},{"date":"2024-08-28","commitResults":[{"hash":"cab2fd0a5d9757aaf6c6535d3b10668c85470813","isMergeCommit":false,"messageTitle":"Create DateTime class","messageBody":"","fileTypesAndContributionMap":{"java":{"insertions":32,"deletions":0}}},{"hash":"c6a3b54b07b75f954c4e205586b5f2c6d198393c","isMergeCommit":false,"messageTitle":"Implement DateTime class for date management","messageBody":"","fileTypesAndContributionMap":{"java":{"insertions":27,"deletions":19}}},{"hash":"9ad6f46b96221ebf01bba60dc126672b3ea370af","isMergeCommit":false,"messageTitle":"Fix exception handling","messageBody":"","tags":["level-8"],"fileTypesAndContributionMap":{"java":{"insertions":16,"deletions":12}}},{"hash":"e4ee10ba0aa384cf0ed228da11f0077157509983","isMergeCommit":false,"messageTitle":"Create Ui class to manage Ui I/O","messageBody":"","fileTypesAndContributionMap":{"java":{"insertions":51,"deletions":0}}},{"hash":"a7afebbd02ca61fb6f0d77f1028d3e0470606845","isMergeCommit":false,"messageTitle":"Use ui class to print to console","messageBody":"","tags":["A-MoreOOP"],"fileTypesAndContributionMap":{"java":{"insertions":10,"deletions":11}}}]},{"date":"2024-08-29","commitResults":[{"hash":"828491a663ba0308a2b3baf3aa10030ec2549854","isMergeCommit":false,"messageTitle":"Package classes","messageBody":"","tags":["A-Packages"],"fileTypesAndContributionMap":{"java":{"insertions":66,"deletions":9}}},{"hash":"97cc669bf809496d718176457b7608a89567adbe","isMergeCommit":true,"messageTitle":"Merge branch \u0027add-gradle-support\u0027","messageBody":"","tags":["A-Gradle"],"fileTypesAndContributionMap":{}}]},{"date":"2024-08-30","commitResults":[{"hash":"dc4cd7e5c63fc72ec02dfc9c36b60e3660a5af4f","isMergeCommit":false,"messageTitle":"Fix date formatting","messageBody":"","fileTypesAndContributionMap":{"java":{"insertions":2,"deletions":2}}},{"hash":"ade91a299b0a25ef3388d2c6270e9c97b3c54ca1","isMergeCommit":false,"messageTitle":"Test DateTime class","messageBody":"","fileTypesAndContributionMap":{"java":{"insertions":52,"deletions":0}}},{"hash":"5f50b7f4d9dd67ad4015b7333bb38af445cb9b21","isMergeCommit":false,"messageTitle":"Test TaskList class","messageBody":"","tags":["A-JUnit"],"fileTypesAndContributionMap":{"java":{"insertions":54,"deletions":0}}}]},{"date":"2024-08-31","commitResults":[{"hash":"4f224a62c8fa51fa86e21cb11d54a8c5b77efc98","isMergeCommit":false,"messageTitle":"Configure build for Jar","messageBody":"","tags":["A-Jar"],"fileTypesAndContributionMap":{"gradle":{"insertions":5,"deletions":2}}},{"hash":"d5c4a30c755be3cdb91f608cb97f78ac531466ae","isMergeCommit":false,"messageTitle":"Add javadoc header comments","messageBody":"","tags":["A-JavaDoc"],"fileTypesAndContributionMap":{"java":{"insertions":89,"deletions":7}}},{"hash":"ba330aa23fdd6393101a34b4cba7ddd73d89d03d","isMergeCommit":false,"messageTitle":"Reformat code to follow coding standard","messageBody":"","tags":["A-CodingStandard"],"fileTypesAndContributionMap":{"java":{"insertions":104,"deletions":92}}}]},{"date":"2024-09-01","commitResults":[{"hash":"26a060794f24c8aa3cc826828bf6c906fe411ed1","isMergeCommit":false,"messageTitle":"Add functionality for finding tasks by keyword","messageBody":"","tags":["Level-9"],"fileTypesAndContributionMap":{"java":{"insertions":28,"deletions":0}}},{"hash":"00b11838c6a525cbd59909b8c523bfe0b433b9e8","isMergeCommit":true,"messageTitle":"Merge branch \u0027branch-Level-9\u0027","messageBody":"# Conflicts:\n#\tsrc/main/java/cloud/Cloud.java\n#\tsrc/main/java/cloud/util/Parser.java\n","fileTypesAndContributionMap":{}}]}]},"authorFileTypeContributionMap":{"chrisjohntan":{"java":848,"md":0,"fxml":0,"sh":1,"bat":1,"gradle":5,"txt":12}},"authorContributionVariance":{"chrisjohntan":8268.852},"authorDisplayNameMap":{"chrisjohntan":"CS2103T-F14a-4 TAN ..JOHN"}}
