{"authorDailyContributionsMap":{"yadobler":[{"date":"2024-08-25","commitResults":[{"hash":"d0e773bff391ddf6173fb4d4251c56b88fab814e","isMergeCommit":false,"messageTitle":"Duke.java: renamed to YappingBot.java; YappingBot.java: added welcome and exit text.","messageBody":"","fileTypesAndContributionMap":{"java":{"insertions":15,"deletions":10},"bat":{"insertions":1,"deletions":1},"md":{"insertions":3,"deletions":3}}},{"hash":"5f41d18c4464a167c2df12f3b0f20a55a58b89aa","isMergeCommit":false,"messageTitle":"YappingBot.java: Fixed \"greeting text\" not using BOT_NAME.","messageBody":"","tags":["Level-0"],"fileTypesAndContributionMap":{"java":{"insertions":1,"deletions":1}}},{"hash":"e14a88bf4bffb32bc0d0bd2f988981d9c93e8caa","isMergeCommit":false,"messageTitle":"YappingBot.java: added quoteText function to quote bot\u0027s text;","messageBody":"","fileTypesAndContributionMap":{"java":{"insertions":17,"deletions":2}}},{"hash":"bff5687c3118b72ec6ccacf37eba24c6c2c2486d","isMergeCommit":false,"messageTitle":"YappingBot.java: chatbot now accepts user input, echos whatever user enters, exits when \u0027bye\u0027 keyed in;","messageBody":"","tags":["Level-1"],"fileTypesAndContributionMap":{"java":{"insertions":14,"deletions":2}}},{"hash":"02ace79f65619d6aff059ef5d66818695ddba3eb","isMergeCommit":false,"messageTitle":"YappingBot.java: replaced if check with switch for userInput","messageBody":"","fileTypesAndContributionMap":{"java":{"insertions":7,"deletions":3}}},{"hash":"2262835b0984f7a5a0d24f17411211d18ae591f0","isMergeCommit":false,"messageTitle":"YappingBot.java: split quoteLines into quoteMultiline and quoteSingleline.","messageBody":"","fileTypesAndContributionMap":{"java":{"insertions":11,"deletions":6}}},{"hash":"4513b77768ea6add98c561a9049823e3ab18e46d","isMergeCommit":false,"messageTitle":"YappingBot.java: Overloaded quoteSinglelineText to accept either single String or String[], added userList","messageBody":"","fileTypesAndContributionMap":{"java":{"insertions":29,"deletions":5}}},{"hash":"f469e18b73cb4dcb3f7dd0a754daa5598ee76ef4","isMergeCommit":false,"messageTitle":"YappingBot.java: command \u0027list\u0027 returns itemized list","messageBody":"","tags":["A-Collections"],"fileTypesAndContributionMap":{"java":{"insertions":11,"deletions":3}}},{"hash":"4da33717cf54f2574060d0ac6b00bd3b56284068","isMergeCommit":false,"messageTitle":"YappingBot.java: \u0027list\u0027 checks if list empty, multiple CR or blank input ignored","messageBody":"","tags":["Level-2"],"fileTypesAndContributionMap":{"java":{"insertions":11,"deletions":2}}},{"hash":"ed36ab9b7fd8773241827ee2a2da611c86a3d9b7","isMergeCommit":false,"messageTitle":"YappingBot.java: \u0027list\u0027 added missing return if list empty","messageBody":"","fileTypesAndContributionMap":{"java":{"insertions":3,"deletions":0}}},{"hash":"0a02837f26af2fea78f3804e8a63786cb17f2c0c","isMergeCommit":false,"messageTitle":"YappingBot.java: \u0027list\u0027 added message before listing items","messageBody":"","fileTypesAndContributionMap":{"java":{"insertions":1,"deletions":1}}},{"hash":"e07703252c892952707c957bbf3bd27982ac45d0","isMergeCommit":false,"messageTitle":"YappingBot.java: switched userlist to use Task; Task.java: new class for tasks","messageBody":"","tags":["A-Classes"],"fileTypesAndContributionMap":{"java":{"insertions":42,"deletions":7}}},{"hash":"734deb201b4238a9bc438a951c1ed49d5eb07fb8","isMergeCommit":false,"messageTitle":"YappingBot.java: main loop switch case determines logic using first lower-case word (bounded by space) and rest as arguement","messageBody":"","fileTypesAndContributionMap":{"java":{"insertions":5,"deletions":2}}},{"hash":"9a8e2ef55c328fc390d6dc0941cc94cf2ad561c7","isMergeCommit":false,"messageTitle":"YappingBot.java: added \u0027mark\u0027 and \u0027unmark\u0027 commands for task","messageBody":"","fileTypesAndContributionMap":{"java":{"insertions":37,"deletions":2}}},{"hash":"5edfc9a98a270150e171b5226f6e2b599ea29542","isMergeCommit":false,"messageTitle":"YappingBot.java: added messages for \u0027mark\u0027 and \u0027unmark\u0027 commands","messageBody":"","tags":["Level-3"],"fileTypesAndContributionMap":{"java":{"insertions":13,"deletions":1}}},{"hash":"783538c6f25727b43c2b5234861125b8c2baba00","isMergeCommit":false,"messageTitle":"Task.java: made class abstract","messageBody":"","fileTypesAndContributionMap":{"java":{"insertions":2,"deletions":4}}},{"hash":"e80886e1c73edbcb33d4e69388e9fe43f594ecb0","isMergeCommit":false,"messageTitle":"Todo.java Event.java Deadline.java: created Task subclasses","messageBody":"","tags":["A-Inheritance"],"fileTypesAndContributionMap":{"java":{"insertions":86,"deletions":0}}},{"hash":"f13a766a2bc9494fcb75d0c8057c5dc53658a78c","isMergeCommit":false,"messageTitle":"Added TaskTypes enum for Tasks","messageBody":"","tags":["A-Enums"],"fileTypesAndContributionMap":{"java":{"insertions":6,"deletions":0}}},{"hash":"20653d6face90dc70fa0ad7ed1b630b3ef5be740","isMergeCommit":false,"messageTitle":"Event.java Todo.java Deadline.java: added TaskType property","messageBody":"","fileTypesAndContributionMap":{"java":{"insertions":23,"deletions":6}}}]},{"date":"2024-08-26","commitResults":[{"hash":"50d8f3f3134efe1f3ff4bb0dcd819c25d0d3765b","isMergeCommit":false,"messageTitle":"Todo.java Event.java Deadline.java: toString method formatted to be usable when printing list","messageBody":"","fileTypesAndContributionMap":{"java":{"insertions":3,"deletions":3}}},{"hash":"ed6803a64694092b8572329bd02c8feac642028e","isMergeCommit":false,"messageTitle":"Event.java: fixed typo in toString method","messageBody":"","fileTypesAndContributionMap":{"java":{"insertions":1,"deletions":1}}},{"hash":"00da42ce5097ac359721ea489afd7c9fa5d56f0b","isMergeCommit":false,"messageTitle":"YappingBot.java: added support for Task subtypes (todo, event, deadline)","messageBody":"","tags":["Level-4"],"fileTypesAndContributionMap":{"java":{"insertions":139,"deletions":13}}},{"hash":"439226f768008f8ab4bb1613c230993f0f8ee832","isMergeCommit":false,"messageTitle":"input.txt: Added input for testing","messageBody":"","fileTypesAndContributionMap":{"txt":{"insertions":42,"deletions":0},"sh":{"insertions":1,"deletions":1}}},{"hash":"c7230cd331282df70be1a9686aaeda007e188e55","isMergeCommit":false,"messageTitle":"input.txt, EXPECTED.TXT: synchronised expected output for given input","messageBody":"","fileTypesAndContributionMap":{"txt":{"insertions":1,"deletions":1}}},{"hash":"7dfcd0f4a3d2bceef19fa213aa8ada36b5a4bdc7","isMergeCommit":false,"messageTitle":"YappingBot.java: main programme loop uses blocking \"hasNextLine\" of the input scanner","messageBody":"","fileTypesAndContributionMap":{"java":{"insertions":4,"deletions":1}}},{"hash":"4ed0a714a6347488344dc379783247145d14c1af","isMergeCommit":false,"messageTitle":"YappingBot.java: cleaned up redundant toStrings and added trim() when creating tasks","messageBody":"","fileTypesAndContributionMap":{"java":{"insertions":18,"deletions":23}}},{"hash":"78190c9c72667dab97cc41bad2ad657083fe020f","isMergeCommit":false,"messageTitle":"EXPECTED.TXT: fixed typo; RUNTEST.sh: removed dos2unix due to newline issues","messageBody":"","tags":["A-TextUiTesting"],"fileTypesAndContributionMap":{"txt":{"insertions":2,"deletions":0},"sh":{"insertions":2,"deletions":2}}},{"hash":"99a6c4506e86d0e6a5b4daa4e975f2a307a77951","isMergeCommit":false,"messageTitle":"Error messages: fixed many typos, formatting, and space/tab/CR mismatches","messageBody":"","tags":["Level-5"],"fileTypesAndContributionMap":{"java":{"insertions":48,"deletions":9},"sh":{"insertions":1,"deletions":1}}},{"hash":"3f8a40bf89e6f09bc3ed2dc1cdb1bd8c369f81b3","isMergeCommit":false,"messageTitle":"added deleting function","messageBody":"","fileTypesAndContributionMap":{"java":{"insertions":31,"deletions":0}}},{"hash":"9efc30f3edb74f7e1edd58a5ea1c77cd2441e989","isMergeCommit":false,"messageTitle":"input.txt, EXPECTED.TXT: updated to test delete","messageBody":"","tags":["Level-6"],"fileTypesAndContributionMap":{"txt":{"insertions":8,"deletions":8}}}]},{"date":"2024-08-27","commitResults":[{"hash":"5fb3cf870daef4be2efe4c83b248d26e304bdf00","isMergeCommit":false,"messageTitle":"Added Commands.java enum; YappingBot.java: added Hashmap for input string to command, converted switch case in main loop to use Commands enum","messageBody":"","fileTypesAndContributionMap":{"java":{"insertions":102,"deletions":74}}},{"hash":"8f7ee9bb95442d52649afbd2c028ba96aff9caae","isMergeCommit":false,"messageTitle":"Added ReplyTextMessages.java class; Moved all static final strings from YappingBot.java to ReplyTextMessages.java","messageBody":"","fileTypesAndContributionMap":{"java":{"insertions":76,"deletions":81}}},{"hash":"1165769c992bf56def2ed57730f7559fbbf656bb","isMergeCommit":false,"messageTitle":"Added YappingBotExecptions and the various subclasses","messageBody":"","fileTypesAndContributionMap":{"java":{"insertions":47,"deletions":37}}},{"hash":"e1d31dace0db492e60a42ec9b8f1ff2de0895d2a","isMergeCommit":false,"messageTitle":"Updated Exception constructors; YappingBot.java: methos now throw exceptions","messageBody":"","fileTypesAndContributionMap":{"java":{"insertions":28,"deletions":20}}},{"hash":"697c98f11da34395c42a6e3c803e45638246b224","isMergeCommit":false,"messageTitle":"Added helper factory method for YappingBotIncorrectCommandException","messageBody":"","fileTypesAndContributionMap":{"java":{"insertions":12,"deletions":3}}}]},{"date":"2024-08-28","commitResults":[{"hash":"e8478b7cec27f6f68264a17b821ffe9025ccff8f","isMergeCommit":false,"messageTitle":"Move exceptions, tasks, replymessages into packages","messageBody":"","fileTypesAndContributionMap":{"java":{"insertions":48,"deletions":19}}},{"hash":"e599044186cb402693907ceb9d81b6a35b100ebc","isMergeCommit":false,"messageTitle":"Create exceptions for file read and write","messageBody":"","fileTypesAndContributionMap":{"java":{"insertions":19,"deletions":0}}},{"hash":"88a7a27a0f90ba0a7a090643bdd9857dfcbd9635","isMergeCommit":false,"messageTitle":"Add serialize method in tasks","messageBody":"","fileTypesAndContributionMap":{"java":{"insertions":29,"deletions":8}}},{"hash":"dafaad1b3dfd87998ea37be4d40f9741ebe3d013","isMergeCommit":false,"messageTitle":"Add deserialiaze function for tasks","messageBody":"","fileTypesAndContributionMap":{"java":{"insertions":81,"deletions":5}}},{"hash":"aa5856cda942fd13c60ab738923f4c6a25b90756","isMergeCommit":false,"messageTitle":"Modified deserialiaze to accept string array instead","messageBody":"","fileTypesAndContributionMap":{"java":{"insertions":16,"deletions":19}}},{"hash":"dc99d16cbde0626dc1345a50f0717c94efaac5cb","isMergeCommit":false,"messageTitle":"Added constructor with no arguments for tasks","messageBody":"","fileTypesAndContributionMap":{"java":{"insertions":19,"deletions":0}}},{"hash":"a98505b0810a802ac45d2a66fcd130f5c2bf7b20","isMergeCommit":false,"messageTitle":"Add error message for no save file","messageBody":"","fileTypesAndContributionMap":{"java":{"insertions":1,"deletions":0}}},{"hash":"9c601159c10c0813aa7239d4a923dddc115cfa0c","isMergeCommit":false,"messageTitle":"Implemented save feature","messageBody":"","fileTypesAndContributionMap":{"java":{"insertions":40,"deletions":6}}},{"hash":"a22eeda5650ce9ff206d21c9cf6f05b50bbd4426","isMergeCommit":false,"messageTitle":"Typo: Implement LOAD feature, save feature not implemented","messageBody":"","fileTypesAndContributionMap":{"java":{"insertions":0,"deletions":1}}},{"hash":"4d6bbd98ba4e7d2336614bc036624e3529e34877","isMergeCommit":false,"messageTitle":"Implement save feature; update .gitignore to exclude savefile","messageBody":"","fileTypesAndContributionMap":{"java":{"insertions":22,"deletions":5}}},{"hash":"6f8d63eb75bc91391668e14613fb095e4ae6e142","isMergeCommit":false,"messageTitle":"Fix bugs with saving and loading and serialization","messageBody":"","fileTypesAndContributionMap":{"java":{"insertions":32,"deletions":25}}},{"hash":"ed336f4de3d8248e0a137652b848ec0491c87821","isMergeCommit":false,"messageTitle":"Fix typo in function name","messageBody":"","tags":["Level-7"],"fileTypesAndContributionMap":{"java":{"insertions":14,"deletions":15}}},{"hash":"93b7171732b1c805ffb0ead94404e266e9bf0687","isMergeCommit":true,"messageTitle":"Merge branch \u0027branch-Level-7\u0027","messageBody":"","fileTypesAndContributionMap":{}}]}]},"authorFileTypeContributionMap":{"yadobler":{"java":749,"md":3,"fxml":0,"sh":4,"bat":1,"gradle":0,"txt":44}},"authorContributionVariance":{"yadobler":37547.1},"authorDisplayNameMap":{"yadobler":"CS2103T-F12-3 YUKN..AJAN"}}
