{"authorDailyContributionsMap":{"ylchin":[{"date":"2024-08-19","commitResults":[{"hash":"aae9b2ae154ec51b3a6747cc1b4ccdb44e7e2d97","isMergeCommit":false,"messageTitle":"Renamed main class","messageBody":"","fileTypesAndContributionMap":{"java":{"insertions":1,"deletions":1}}},{"hash":"e4e1a959cc5eed0a322c19ee5570c4e5e45c7b3a","isMergeCommit":false,"messageTitle":"Added greeting","messageBody":"","tags":["Level-0"],"fileTypesAndContributionMap":{"java":{"insertions":4,"deletions":6}}},{"hash":"d9f9c0c45afc0b73046be18fe43cda77bd1076d9","isMergeCommit":false,"messageTitle":"Added support for echo","messageBody":"","tags":["Level-1"],"fileTypesAndContributionMap":{"java":{"insertions":13,"deletions":2}}},{"hash":"51044defc16ac65880fbc08fdf8d5cbb08bb2b28","isMergeCommit":false,"messageTitle":"Added ability to add and list","messageBody":"","tags":["Level-2"],"fileTypesAndContributionMap":{"java":{"insertions":15,"deletions":1}}}]},{"date":"2024-08-20","commitResults":[{"hash":"06e237091fba65948df771739a2e07d2f6306c60","isMergeCommit":false,"messageTitle":"Added new Task class","messageBody":"","fileTypesAndContributionMap":{"java":{"insertions":29,"deletions":0}}},{"hash":"81e1cfc5bceb26b876e74e211b2af3a984a8646b","isMergeCommit":false,"messageTitle":"fixed bugs in Task class","messageBody":"","fileTypesAndContributionMap":{"java":{"insertions":4,"deletions":3}}},{"hash":"0bb7f17e583d976088afaadd75fd03507a908eda","isMergeCommit":false,"messageTitle":"Add the ability to mark tasks as done and change it back to undone","messageBody":"","tags":["Level-3"],"fileTypesAndContributionMap":{"java":{"insertions":21,"deletions":6}}},{"hash":"d010109a27233cd1f80dfdd2dbe2bea106ef43a2","isMergeCommit":false,"messageTitle":"Updated Task class, added DeadlineTask, EventTask, ToDoTask classes","messageBody":"","fileTypesAndContributionMap":{"java":{"insertions":40,"deletions":1}}},{"hash":"5583fe89cf42aa4d5c0f29eec9f53c6440431889","isMergeCommit":false,"messageTitle":"Add support for tracking three types of tasks: ToDos, Deadlines and Events","messageBody":"","tags":["Level-4"],"fileTypesAndContributionMap":{"java":{"insertions":30,"deletions":3}}}]},{"date":"2024-08-21","commitResults":[{"hash":"f04afaaaa0942e93ae704f4215cc82b641aa53cd","isMergeCommit":false,"messageTitle":"Automated text UI testing","messageBody":"","tags":["A-TextUiTesting"],"fileTypesAndContributionMap":{"txt":{"insertions":7,"deletions":0},"java":{"insertions":2,"deletions":0},"bat":{"insertions":1,"deletions":1},"sh":{"insertions":1,"deletions":1}}},{"hash":"ab7e9acf8128ca835d930c5665466264a5406314","isMergeCommit":false,"messageTitle":"Created classes for exceptions regarding the creation of the different task types","messageBody":"","fileTypesAndContributionMap":{"java":{"insertions":20,"deletions":2}}},{"hash":"a877ce8447fbb6d42ec9091bc41706acc9b3043a","isMergeCommit":false,"messageTitle":"Added error handling","messageBody":"","tags":["Level-5"],"fileTypesAndContributionMap":{"java":{"insertions":82,"deletions":55}}},{"hash":"051368d63893c97f6761864f7a8fbf8735988991","isMergeCommit":false,"messageTitle":"Added support for catching when index is out of range","messageBody":"","fileTypesAndContributionMap":{"java":{"insertions":21,"deletions":25}}},{"hash":"b98a96db01c9da1f9903ae3202c89ae704b15c77","isMergeCommit":false,"messageTitle":"Added support for deleting tasks from the list.","messageBody":"","tags":["Level-6"],"fileTypesAndContributionMap":{"java":{"insertions":10,"deletions":0}}}]},{"date":"2024-09-02","commitResults":[{"hash":"662ef8216ba55ca763eb379e02bc1a3cc988a6d9","isMergeCommit":false,"messageTitle":"Add method to format tasks to write to file","messageBody":"The different task classes did not support returning a String suitable for writing to a file to support data storage.\n\nFixing this will allow us to write to a file to support storage.\n\nWe add the required constructors that enable setting of boolean isDone and method toFileFormat()\n","fileTypesAndContributionMap":{"java":{"insertions":39,"deletions":1}}},{"hash":"71626d7464599fbb0fb5e012bb059a7dcc736d20","isMergeCommit":false,"messageTitle":"Support reading from and writing to file","messageBody":"Elara did not support reading to and writing from file, so user has to\nretype todo list every time Elara is run\n\nRestructuring Elara by adding methods to read files, parse files for\ntasks and save tasks to file allows us to store the data in a specified\nfile.\n\nLet\u0027s reorganise code for Elara by breaking up into smaller blocks\nand add methods readFile(), setupFile(), parseTask() and\nsaveTasksToFile().\n","tags":["Level-7"],"fileTypesAndContributionMap":{"java":{"insertions":170,"deletions":59}}},{"hash":"90f51482e941de8f8b8c662da75fc735ad6326fe","isMergeCommit":false,"messageTitle":"Update DeadlineTaskException and EventException error message","messageBody":"Previous error message did not specify format for deadline and start and end\ntime for deadline and event tasks.\n\nUpdating the error messages allows users to know the proper format to send into\nElara such that they can efficiently use the task list.\n\nLet\u0027s update the error message to include the format to parse for LocalDateTime\n","fileTypesAndContributionMap":{"java":{"insertions":4,"deletions":2}}},{"hash":"4aff9bef36b23aab2131379cc1299fd4ef79e4b6","isMergeCommit":false,"messageTitle":"Change format for deadlines and event start and end to LocalDateTime","messageBody":"The previous type for storing deadlines and event timings was String, which\ndoes not allow for more meaningful storage.\n\nChanging the type to LocalDateTime allows the chatbot to understand that\nit is a date and time instead of just a String.\n\nLet\u0027s edit the DeadlineTask and EventTask variables to reflect this, as well\nas change the format of parseTask() to support reading such data from files.\n","tags":["Level-8"],"fileTypesAndContributionMap":{"java":{"insertions":29,"deletions":17}}}]},{"date":"2024-09-04","commitResults":[{"hash":"c7375d519dd3fadd7c54a73ddc7cf2670475c9b2","isMergeCommit":false,"messageTitle":"Refactor code to extract out closely related code as classes","messageBody":"Main class Elara is very long and messy due to a lot of similar code.\n\nSplitting the code into different classes allows for modularisation and easier debugging.\n\nLet\u0027s implement the classes and Command interface.\n","tags":["A-MoreOOP"],"fileTypesAndContributionMap":{"java":{"insertions":354,"deletions":207}}},{"hash":"52f533c14c190878494dcd46cab5330db7cab700","isMergeCommit":false,"messageTitle":"Divide classes into packages","messageBody":"Classes are currently located in the root package without clear\norganization.\n\nThis unstructured organization makes the codebase harder to navigate\nand maintain. It violates OOP principles of encapsulation and\nmodularity, making it difficult to locate related classes and\nunderstand the overall architecture.\n\nDivide classes into specific packages based on their functionality:\n- Move command-related classes (`Command`, `AddCommand`, `ListCommand`,\n  etc.) into a `command` package.\n- Place task-related classes (`Task`, `ToDoTask`, `DeadlineTask`,\n  `EventTask`) and exception classes (`InvalidInputException`,\n  `ToDoException`, `DeadlineException`, `EventException`) into a `task`\n  package.\n- Organize file handling classes (`Storage`) into a `storage` package.\n- Group user interaction classes (`Ui`) into a `ui` package.\n- Consolidate parsing logic (`Parser`) into a `parser` package.\n\nThis organization follows OOP principles, promoting encapsulation and\nmodularity. It makes the codebase more readable, maintainable, and\nscalable by logically grouping related functionalities. Future\ndevelopment and troubleshooting will be easier, as classes will be\nclearly categorized and located.\n\nNo functional changes are introduced; this refactor strictly improves\nthe project structure.\n","tags":["A-Packages"],"fileTypesAndContributionMap":{"java":{"insertions":27,"deletions":1}}},{"hash":"5b58010b8ac3efaee38ba7281f107380db96cb59","isMergeCommit":true,"messageTitle":"Merge commit \u002781a9c537afe8492675eb253968939364d65db091\u0027","messageBody":"","fileTypesAndContributionMap":{}},{"hash":"4ed9ecb90add2465779d65f31045ff56d19871ec","isMergeCommit":false,"messageTitle":"Automate project builds using Gradle","messageBody":"Project builds are currently managed manually without a standardized\nbuild automation tool.\n\nThis manual process is error-prone and inefficient, making it harder\nto manage dependencies, compile code, run tests, and package\ndistributions consistently. It slows down development and increases\nthe likelihood of build-related errors.\n\nAutomate project builds using Gradle:\n- Add a `build.gradle` file to define project dependencies and build\n  configurations.\n- Include Gradle wrapper files to standardize the Gradle version used\n  across different development environments.\n- Configure tasks for compiling code, running tests, and packaging the\n  application into distributable formats.\n\nUsing Gradle provides a standardized build process, improving\nconsistency and reliability. It simplifies dependency management,\nreduces setup time for new developers, and facilitates integration\nwith CI/CD pipelines.\n\nThis change ensures that all developers and CI systems use the same\nbuild process, enhancing collaboration and project stability.\n","fileTypesAndContributionMap":{"gradle":{"insertions":1,"deletions":1},"java":{"insertions":88,"deletions":6}}},{"hash":"8b8c23558a90762c9d388372b80ed822233c3f52","isMergeCommit":false,"messageTitle":"Revert \"Automate project builds using Gradle\"","messageBody":"This reverts commit 4ed9ecb90add2465779d65f31045ff56d19871ec.\n","fileTypesAndContributionMap":{"gradle":{"insertions":1,"deletions":1},"java":{"insertions":6,"deletions":88}}},{"hash":"55b7f723c5dd4de5427e753d44ac62cc2f471beb","isMergeCommit":false,"messageTitle":"Update build.gradle file","messageBody":"","fileTypesAndContributionMap":{"gradle":{"insertions":2,"deletions":2}}},{"hash":"b1d3dc80736616ea84c0f2dc270e0ddc26fe5c83","isMergeCommit":false,"messageTitle":"Fixed missing import and package statements","messageBody":"","fileTypesAndContributionMap":{"gradle":{"insertions":2,"deletions":2},"java":{"insertions":85,"deletions":4}}},{"hash":"1c095827b94d0ab28914d3035ddd6e5718180942","isMergeCommit":true,"messageTitle":"Merge commit \u002755b7f723c5dd4de5427e753d44ac62cc2f471beb\u0027","messageBody":"","tags":["A-Gradle"],"fileTypesAndContributionMap":{}},{"hash":"59861419c4e715cec3b5c4da9c178e9139cf2956","isMergeCommit":false,"messageTitle":"Fix bug to catch if no argument","messageBody":"","fileTypesAndContributionMap":{"java":{"insertions":87,"deletions":88}}}]},{"date":"2024-09-05","commitResults":[{"hash":"579af145cfcb3cab200e9a0ce0c10f5e5cb4e2ba","isMergeCommit":false,"messageTitle":"Fixed bug in AddCommand class","messageBody":"","fileTypesAndContributionMap":{"java":{"insertions":69,"deletions":24}}},{"hash":"fe90980121fc5e222c2efad7d2531f41b12048f9","isMergeCommit":false,"messageTitle":"Add JUnit tests","messageBody":"","tags":["A-JUnit"],"fileTypesAndContributionMap":{"java":{"insertions":20,"deletions":2}}},{"hash":"44d4207fdb674d6206479835ad6b4e11080d9095","isMergeCommit":false,"messageTitle":"Package the App as a JAR file","messageBody":"","tags":["A-Jar"],"fileTypesAndContributionMap":{"gradle":{"insertions":1,"deletions":0}}}]}]},"authorFileTypeContributionMap":{"ylchin":{"java":674,"md":0,"fxml":0,"sh":1,"bat":1,"gradle":3,"txt":7}},"authorContributionVariance":{"ylchin":53636.42},"authorDisplayNameMap":{"ylchin":"CS2103T-F13-2 CHIN..LING"}}
