{"authorDailyContributionsMap":{"chiangqinkang":[{"date":"2024-08-19","commitResults":[{"hash":"1f321434efb1406fc6986357416d042d2d556c57","isMergeCommit":false,"messageTitle":"Level-0: Rename, Greet, Exit","messageBody":"","tags":["Level-0"],"fileTypesAndContributionMap":{"java":{"insertions":17,"deletions":10}}},{"hash":"b1a0749c075a389bbf81a246fc952c89259ada50","isMergeCommit":false,"messageTitle":"Level 0","messageBody":"","tags":["Level-3","Level-2","Level-1"],"fileTypesAndContributionMap":{"java":{"insertions":101,"deletions":6},"md":{"insertions":2,"deletions":2}}},{"hash":"4e7b6e725109947f11f9d238533028b459d20001","isMergeCommit":false,"messageTitle":"Level-3","messageBody":"","fileTypesAndContributionMap":{"java":{"insertions":76,"deletions":5}}},{"hash":"af4960524a5f371116373c17ad914e63e855a36a","isMergeCommit":false,"messageTitle":"Level-4 Event added","messageBody":"","fileTypesAndContributionMap":{"java":{"insertions":61,"deletions":13}}}]},{"date":"2024-08-21","commitResults":[{"hash":"2167821e3b2dcaa63f7443f09ebcc5ce95cbda72","isMergeCommit":false,"messageTitle":"Level-4 more","messageBody":"","tags":["Level-6","Level-5","A-TextUiTesting","A-Exceptions","A-Enums","A-Collections"],"fileTypesAndContributionMap":{"java":{"insertions":50,"deletions":4}}},{"hash":"b0eec86d2bf420b20abc85d8685373900d8217bb","isMergeCommit":false,"messageTitle":"Completed level-4, level-5 and level-6","messageBody":"","fileTypesAndContributionMap":{"txt":{"insertions":8,"deletions":0},"java":{"insertions":146,"deletions":43},"bat":{"insertions":1,"deletions":1}}}]}]},"authorFileTypeContributionMap":{"chiangqinkang":{"java":380,"md":2,"fxml":0,"sh":0,"bat":1,"gradle":0,"txt":8}},"authorContributionVariance":{"chiangqinkang":16695.334},"authorDisplayNameMap":{"chiangqinkang":"CHIA..KANG"}}
