{"authorDailyContributionsMap":{"Xczheng0105":[{"date":"2024-08-23","commitResults":[{"hash":"a0697d0ac3677ecf6baa6d0e69d7029ab89c2bd7","isMergeCommit":false,"messageTitle":"refactor from \"Duke\" to trackie, add greeting and exit messages","messageBody":"","tags":["Level-0"],"fileTypesAndContributionMap":{"java":{"insertions":6,"deletions":10}}},{"hash":"7138744fd9d824e12b70b12819ade2265f4d87a8","isMergeCommit":false,"messageTitle":"add support for echo, design improvements","messageBody":"","tags":["Level-1"],"fileTypesAndContributionMap":{"java":{"insertions":31,"deletions":1}}},{"hash":"d52af6a803221065b763bdfccf889d392e1e1a79","isMergeCommit":false,"messageTitle":"add support for add tasks and list tasks feature, remove the echo feature","messageBody":"","tags":["Level-2"],"fileTypesAndContributionMap":{"java":{"insertions":25,"deletions":6}}}]},{"date":"2024-08-24","commitResults":[{"hash":"7bdc7a55461769ceab56f78f36941eefaeb61ddf","isMergeCommit":false,"messageTitle":"add functionalities for marking and unmarking tasks, some refactoring of code.","messageBody":"","tags":["Level-3"],"fileTypesAndContributionMap":{"java":{"insertions":67,"deletions":13}}}]},{"date":"2024-08-25","commitResults":[{"hash":"d6c728b343c11c8e4ba98ee5166dfb67a02baa3b","isMergeCommit":false,"messageTitle":"add support for adding different types of tasks - todo, deadline, event","messageBody":"","tags":["Level-4"],"fileTypesAndContributionMap":{"java":{"insertions":164,"deletions":22}}}]},{"date":"2024-08-26","commitResults":[{"hash":"2a0a7dabb3ea889b5bb287aff59f91558604f994","isMergeCommit":false,"messageTitle":"add support for semi-automated testing.","messageBody":"","tags":["A-TextUiTesting"],"fileTypesAndContributionMap":{"txt":{"insertions":9,"deletions":0},"java":{"insertions":2,"deletions":2},"bat":{"insertions":1,"deletions":1},"sh":{"insertions":1,"deletions":1}}}]},{"date":"2024-08-27","commitResults":[{"hash":"c64b0843d235a17adb3aa5fa19d32e244d7d0698","isMergeCommit":false,"messageTitle":"add support for error handling","messageBody":"","tags":["Level-5"],"fileTypesAndContributionMap":{"java":{"insertions":164,"deletions":77}}},{"hash":"f4a74d4e1de477a0fe2e7c588ea1a1fd8abe8b11","isMergeCommit":false,"messageTitle":"add support for deleting tasks, update testcases","messageBody":"","tags":["Level-6"],"fileTypesAndContributionMap":{"txt":{"insertions":6,"deletions":4},"java":{"insertions":19,"deletions":4}}}]}]},"authorFileTypeContributionMap":{"Xczheng0105":{"java":353,"md":0,"fxml":0,"sh":1,"bat":1,"gradle":0,"txt":11}},"authorContributionVariance":{"Xczheng0105":7407.8335},"authorDisplayNameMap":{"Xczheng0105":"CS2103T-T12-4 ZHEN..HENG"}}
