{"authorDailyContributionsMap":{"Xczheng0105":[{"date":"2024-08-23","commitResults":[{"hash":"a0697d0ac3677ecf6baa6d0e69d7029ab89c2bd7","isMergeCommit":false,"messageTitle":"refactor from \"Duke\" to trackie, add greeting and exit messages","messageBody":"","tags":["Level-0"],"fileTypesAndContributionMap":{"java":{"insertions":6,"deletions":10}}},{"hash":"7138744fd9d824e12b70b12819ade2265f4d87a8","isMergeCommit":false,"messageTitle":"add support for echo, design improvements","messageBody":"","tags":["Level-1"],"fileTypesAndContributionMap":{"java":{"insertions":31,"deletions":1}}}]}]},"authorFileTypeContributionMap":{"Xczheng0105":{"java":36,"md":0,"fxml":0,"sh":0,"bat":0,"gradle":0,"txt":0}},"authorContributionVariance":{"Xczheng0105":252.0},"authorDisplayNameMap":{"Xczheng0105":"ZHEN..HENG"}}
