{"authorDailyContributionsMap":{"audipras":[{"date":"2024-08-23","commitResults":[{"hash":"48c6db5eee878d75d28f2f6f08b2fa7b114321ad","isMergeCommit":false,"messageTitle":"level 0","messageBody":"","tags":["Level-0"],"fileTypesAndContributionMap":{"java":{"insertions":12,"deletions":0}}},{"hash":"c11a2cc850ba9764b9621daee2784e64f9a4ca87","isMergeCommit":false,"messageTitle":"level 1","messageBody":"","tags":["Level-1"],"fileTypesAndContributionMap":{"java":{"insertions":12,"deletions":2}}},{"hash":"cea95f067afe919b11a6578954cb2793124075a4","isMergeCommit":false,"messageTitle":"level 2","messageBody":"","tags":["Level-2"],"fileTypesAndContributionMap":{"java":{"insertions":15,"deletions":1}}},{"hash":"4c12dc849e1c412421cae1a0595f3fb7559bc4f1","isMergeCommit":false,"messageTitle":"level 3","messageBody":"","tags":["Level-3"],"fileTypesAndContributionMap":{"java":{"insertions":53,"deletions":3}}},{"hash":"1027d13909b6d0fd5c929d2fbe57dcd1129c6f1a","isMergeCommit":false,"messageTitle":"level 4","messageBody":"","tags":["Level-4"],"fileTypesAndContributionMap":{"java":{"insertions":63,"deletions":7}}},{"hash":"2844e5c5aa612243f392b8815e807bd9b502a6cd","isMergeCommit":false,"messageTitle":"level 5","messageBody":"","tags":["Level-5"],"fileTypesAndContributionMap":{"java":{"insertions":22,"deletions":4}}},{"hash":"3c8575e22388534125a9703982226dc87e1d526f","isMergeCommit":false,"messageTitle":"level 6","messageBody":"","tags":["Level-6"],"fileTypesAndContributionMap":{"java":{"insertions":37,"deletions":2}}},{"hash":"66ca9d21d31a2f634327259b45cf413fd730e046","isMergeCommit":false,"messageTitle":"bug fix","messageBody":"","fileTypesAndContributionMap":{"txt":{"insertions":2,"deletions":0},"bat":{"insertions":21,"deletions":0},"sh":{"insertions":38,"deletions":0},"md":{"insertions":63,"deletions":0}}},{"hash":"e90f71ab5b2df26f5d7d44e7b1d97eeb4b1c10ab","isMergeCommit":false,"messageTitle":"Revert \"bug fix\"","messageBody":"This reverts commit 66ca9d21d31a2f634327259b45cf413fd730e046.\n","fileTypesAndContributionMap":{"txt":{"insertions":0,"deletions":2},"bat":{"insertions":0,"deletions":21},"sh":{"insertions":0,"deletions":38},"md":{"insertions":0,"deletions":63}}},{"hash":"c1db7a72384f8e6a721df2418dc84cd53847f200","isMergeCommit":true,"messageTitle":"Merge branch \u0027nus-cs2103-AY2425S1:master\u0027 into master","messageBody":"","fileTypesAndContributionMap":{}}]}]},"authorFileTypeContributionMap":{"audipras":{"java":195,"md":0,"fxml":0,"sh":0,"bat":0,"gradle":0,"txt":0}},"authorContributionVariance":{"audipras":25305.11},"authorDisplayNameMap":{"audipras":"CS2103T-T08-2 AUDI..ANTO"}}
