{"authorDailyContributionsMap":{"jialegitgud":[{"date":"2024-08-20","commitResults":[{"hash":"9aef9caa70eee0795e57afe02cdc88cb439d92c9","isMergeCommit":false,"messageTitle":"add l0 functionalities","messageBody":"","tags":["Level-0"],"fileTypesAndContributionMap":{"java":{"insertions":6,"deletions":10}}},{"hash":"9bddf1c5f87268a0854cb98ca4134e8a081b96b1","isMergeCommit":false,"messageTitle":"fix typo in l0","messageBody":"","fileTypesAndContributionMap":{"java":{"insertions":2,"deletions":2}}},{"hash":"01cb4054c978e8ea82352e7f150bbded8c0a817d","isMergeCommit":false,"messageTitle":"add l1 functionalities","messageBody":"","tags":["Level-1"],"fileTypesAndContributionMap":{"java":{"insertions":13,"deletions":0}}},{"hash":"726997e9cbe6832b5d4c473843dee1e4771c21b2","isMergeCommit":false,"messageTitle":"add l2 functionalities","messageBody":"","tags":["Level-2"],"fileTypesAndContributionMap":{"java":{"insertions":13,"deletions":2}}},{"hash":"d671a951639a55da688e718c9f8e1b3a8dd59a8c","isMergeCommit":false,"messageTitle":"add task class","messageBody":"","tags":["A-Classes"],"fileTypesAndContributionMap":{"java":{"insertions":26,"deletions":0}}},{"hash":"d6bc53dffb2d203c3d7a5c6e931bef25e599a722","isMergeCommit":false,"messageTitle":"add l3 functionalities","messageBody":"","tags":["Level-3"],"fileTypesAndContributionMap":{"java":{"insertions":28,"deletions":5}}},{"hash":"261b82c754cd3a6165a56d823a4c76fb6c074c19","isMergeCommit":false,"messageTitle":"add subclasses -task","messageBody":"","tags":["A-Inheritance"],"fileTypesAndContributionMap":{"java":{"insertions":38,"deletions":2}}},{"hash":"1e7893597b912b45fd00e670304e4d4876eea0fc","isMergeCommit":false,"messageTitle":"complete l4 functionalities","messageBody":"","tags":["Level-4"],"fileTypesAndContributionMap":{"java":{"insertions":20,"deletions":5}}},{"hash":"7ba7b440e2c7c7fd4ad6db50e9b78817768a2f5b","isMergeCommit":false,"messageTitle":"added automated testing","messageBody":"","tags":["A-TextUiTesting"],"fileTypesAndContributionMap":{"txt":{"insertions":7,"deletions":0},"java":{"insertions":1,"deletions":1},"bat":{"insertions":2,"deletions":2}}}]},{"date":"2024-08-21","commitResults":[{"hash":"6b3de8f4b8a05c406430fec0a5acbb78cc55fa67","isMergeCommit":false,"messageTitle":"added l6 functionalities","messageBody":"","tags":["Level-6"],"fileTypesAndContributionMap":{"java":{"insertions":20,"deletions":0}}}]},{"date":"2024-08-22","commitResults":[{"hash":"3943f2a8b5897926a43fe63b980f5b512b33a6b3","isMergeCommit":false,"messageTitle":"add l5 functionalities \u0026 Exceptions","messageBody":"","tags":["Level-5"],"fileTypesAndContributionMap":{"java":{"insertions":87,"deletions":51}}},{"hash":"3965136c2da8859bbfa9e5033c7717b0ecc29909","isMergeCommit":false,"messageTitle":"modify to use enums","messageBody":"","tags":["A-Enums"],"fileTypesAndContributionMap":{"java":{"insertions":20,"deletions":5}}}]},{"date":"2024-08-25","commitResults":[{"hash":"b0b5d9e6c47444bc541b4c1161bf9b55156671a4","isMergeCommit":false,"messageTitle":"Add file IO (l7)","messageBody":"","tags":["Level-7"],"fileTypesAndContributionMap":{"txt":{"insertions":3,"deletions":0},"java":{"insertions":143,"deletions":22}}},{"hash":"33dd95c8cff76d2a7c412bda8e140256b1799b9a","isMergeCommit":true,"messageTitle":"Merge pull request #1 from jialegitgud/branch-Level-7","messageBody":"Merge branch-Level-7 to Master (l7)","fileTypesAndContributionMap":{}}]},{"date":"2024-08-26","commitResults":[{"hash":"543edb8997b636964035fd193a1f143d628ee6e8","isMergeCommit":false,"messageTitle":"Refactor to use DateTime (l8)","messageBody":"","tags":["Level-8"],"fileTypesAndContributionMap":{"txt":{"insertions":2,"deletions":5},"java":{"insertions":67,"deletions":38}}},{"hash":"6a8e30f3b05d8984677134f687cd2f5e1ad9e991","isMergeCommit":true,"messageTitle":"Merge pull request #2 from jialegitgud/branch-Level-8","messageBody":"Add L8 functionalities","fileTypesAndContributionMap":{}}]},{"date":"2024-08-27","commitResults":[{"hash":"03702d47fe099e642e1253017582e9da58496166","isMergeCommit":false,"messageTitle":"Refactor code for OOP with exception checks","messageBody":"","tags":["A-MoreOOP"],"fileTypesAndContributionMap":{"txt":{"insertions":3,"deletions":0},"java":{"insertions":278,"deletions":212}}},{"hash":"558bd7d6c8a7fd0d18e1bba88eb0a155add375b0","isMergeCommit":false,"messageTitle":"Package files into separate packages","messageBody":"","tags":["A-Packages"],"fileTypesAndContributionMap":{"java":{"insertions":62,"deletions":9}}},{"hash":"64d3ebbc677e1da44047cdbd9d9633db2fa5a595","isMergeCommit":true,"messageTitle":"Merge branch \u0027add-gradle-support\u0027 of https://github.com/nus-cs2103-AY2425S1/ip into master","messageBody":"","tags":["A-Gradle"],"fileTypesAndContributionMap":{}},{"hash":"f5f4aa62af0e1901e7f8ea192dfa9d750f83f381","isMergeCommit":false,"messageTitle":"Fix gradle configurations","messageBody":"","tags":["A-Jar"],"fileTypesAndContributionMap":{"gradle":{"insertions":2,"deletions":2}}},{"hash":"35b217f18f71f25f04972d1949dbd7d0b43a5d02","isMergeCommit":false,"messageTitle":"Rename packages to lowercase","messageBody":"","fileTypesAndContributionMap":{"java":{"insertions":29,"deletions":31}}},{"hash":"54c89c211b27328dfe1cb6ae78d6246039b33c82","isMergeCommit":false,"messageTitle":"Fix import bugs in CommandParser","messageBody":"","fileTypesAndContributionMap":{"java":{"insertions":6,"deletions":4}}},{"hash":"20c7ff493934692a14c51f000709e0c7ff72c03f","isMergeCommit":false,"messageTitle":"Add storage tests and fixed storage bugs","messageBody":"","fileTypesAndContributionMap":{"gradle":{"insertions":1,"deletions":1},"txt":{"insertions":2,"deletions":1},"java":{"insertions":53,"deletions":2},"bat":{"insertions":1,"deletions":1}}},{"hash":"0475b87af9b834c0a5e0396416df3c3ebfbe5877","isMergeCommit":false,"messageTitle":"Add tasklist tests and made Task abstract","messageBody":"","tags":["A-JUnit"],"fileTypesAndContributionMap":{"java":{"insertions":29,"deletions":6}}},{"hash":"a1987f3a205bb15f76d8623943c1f69d4d9f666c","isMergeCommit":false,"messageTitle":"Add find functionality (l9)","messageBody":"","tags":["Level-9"],"fileTypesAndContributionMap":{"java":{"insertions":14,"deletions":0}}},{"hash":"92857040bdc0f233d52f5b2c8d0d3e9e57f0a22f","isMergeCommit":true,"messageTitle":"Merge pull request #3 from jialegitgud/branch-Level-9","messageBody":"Add find functionality (l9)","fileTypesAndContributionMap":{}}]},{"date":"2024-08-28","commitResults":[{"hash":"dd5fc19c79809dae3472412bc33329ccc8a17623","isMergeCommit":false,"messageTitle":"Refactor for coding conventions and clarity","messageBody":"","tags":["A-CodingStandard"],"fileTypesAndContributionMap":{"java":{"insertions":17,"deletions":17}}},{"hash":"d7a456e0bcb66cde3879e845dbe63f72ec4a7bff","isMergeCommit":false,"messageTitle":"Add JavaDocs for public functions","messageBody":"","tags":["A-JavaDoc"],"fileTypesAndContributionMap":{"java":{"insertions":70,"deletions":8}}},{"hash":"fe7acb1fa9d6bd506513182a9ab00e23929e5f60","isMergeCommit":true,"messageTitle":"Merge branch \u0027A-JavaDoc\u0027 of https://github.com/jialegitgud/ip into master","messageBody":"","fileTypesAndContributionMap":{}},{"hash":"cf6f5859265da50df4f21d8fb9b14b6e567755a8","isMergeCommit":false,"messageTitle":"Add JavaDoc for \"Find\"","messageBody":"","fileTypesAndContributionMap":{"java":{"insertions":9,"deletions":4}}},{"hash":"8f4118ab5d009e054d4d2a7dd08dcb164a50a261","isMergeCommit":true,"messageTitle":"Merge branch \u0027A-CodingStandard\u0027 of https://github.com/jialegitgud/ip into master","messageBody":"","fileTypesAndContributionMap":{}},{"hash":"3bde4e4393cfba1b2f586fd0252bbce837249b32","isMergeCommit":false,"messageTitle":"Fix merge error on CommandParser","messageBody":"","fileTypesAndContributionMap":{"java":{"insertions":1,"deletions":1}}}]}]},"authorFileTypeContributionMap":{"jialegitgud":{"java":625,"md":0,"fxml":0,"sh":0,"bat":2,"gradle":2,"txt":11}},"authorContributionVariance":{"jialegitgud":38494.79},"authorDisplayNameMap":{"jialegitgud":"LIM ..IALE"}}
