{"authorDailyContributionsMap":{"Justin-Aw46":[{"date":"2024-08-19","commitResults":[{"hash":"5b3e38cfb8b4a81e4bc213bbb9ac097fc5262bf5","isMergeCommit":false,"messageTitle":"Rename main class to Papagu","messageBody":"","fileTypesAndContributionMap":{"java":{"insertions":1,"deletions":1}}},{"hash":"67808e43868c5b271bfc15d9f8c00138880af280","isMergeCommit":false,"messageTitle":"Add greeting and exit","messageBody":"","tags":["Level-0"],"fileTypesAndContributionMap":{"java":{"insertions":5,"deletions":6}}},{"hash":"b9cb939b68a588b89b45ef8175109369a324a206","isMergeCommit":false,"messageTitle":"Add echo functionality","messageBody":"","tags":["Level-1"],"fileTypesAndContributionMap":{"java":{"insertions":13,"deletions":0}}},{"hash":"31e8af2aedcc7ee78122e50dfaaea167d4790852","isMergeCommit":false,"messageTitle":"Add TaskList class","messageBody":"","fileTypesAndContributionMap":{"java":{"insertions":17,"deletions":0}}},{"hash":"f1cec7ed2b0f43b50d14ff216ba2ed8f7401cd6b","isMergeCommit":false,"messageTitle":"Add addTask method","messageBody":"","fileTypesAndContributionMap":{"java":{"insertions":10,"deletions":0}}},{"hash":"f142a9a11e4d87ada1a9925e9752272c0e1b148b","isMergeCommit":false,"messageTitle":"Override toString method","messageBody":"","fileTypesAndContributionMap":{"java":{"insertions":12,"deletions":0}}},{"hash":"0637a99e860baead8ec422db23a38cea17c0c4c3","isMergeCommit":false,"messageTitle":"Add lines to be printed in addTask","messageBody":"","fileTypesAndContributionMap":{"java":{"insertions":5,"deletions":0}}},{"hash":"be6af523e2b9b0f8ea0f7d6a6a293ff1d7e89c36","isMergeCommit":false,"messageTitle":"Add support for echo with TaskList","messageBody":"","tags":["Level-2"],"fileTypesAndContributionMap":{"java":{"insertions":11,"deletions":3}}},{"hash":"ff009bc7dfa3787348233aa211430f43e46ebbed","isMergeCommit":false,"messageTitle":"Add Task class","messageBody":"","fileTypesAndContributionMap":{"java":{"insertions":43,"deletions":0}}},{"hash":"aed5117b8f68d064e8645188d0327e5348e21491","isMergeCommit":false,"messageTitle":"Incorporate Task class into TaskList class","messageBody":"","fileTypesAndContributionMap":{"java":{"insertions":7,"deletions":3}}},{"hash":"762fbd89dc890c2a510060efc893b49e0f465ae4","isMergeCommit":false,"messageTitle":"Add setters to mark if Task is completed in TaskList","messageBody":"","fileTypesAndContributionMap":{"java":{"insertions":23,"deletions":0}}},{"hash":"a41303a098916e23853f82489b3e385e0b756548","isMergeCommit":false,"messageTitle":"Add Mark as Done functionality","messageBody":"","fileTypesAndContributionMap":{"java":{"insertions":9,"deletions":2}}},{"hash":"59fefe8feafd5cdd893106050498e67bccc8b8e9","isMergeCommit":false,"messageTitle":"Fix bug in indexing for TaskList","messageBody":"","tags":["`Level-3"],"fileTypesAndContributionMap":{"java":{"insertions":1,"deletions":1}}},{"hash":"3207528041c514416d906fe2ab0a43a05eac429a","isMergeCommit":false,"messageTitle":"Add ToDos class","messageBody":"","fileTypesAndContributionMap":{"java":{"insertions":11,"deletions":0}}},{"hash":"dfc5997a17187d3709495aa6e0c8d6b17084ef84","isMergeCommit":false,"messageTitle":"Add Deadlines class","messageBody":"","fileTypesAndContributionMap":{"java":{"insertions":14,"deletions":0}}},{"hash":"a7c980a155d8302976c76f7de6a056820f6b8446","isMergeCommit":false,"messageTitle":"Add Events class","messageBody":"","fileTypesAndContributionMap":{"java":{"insertions":15,"deletions":0}}},{"hash":"34e8ee598ed7804350ee57e5d742906210742bdc","isMergeCommit":false,"messageTitle":"Modify TaskList to take in Tasks","messageBody":"","fileTypesAndContributionMap":{"java":{"insertions":2,"deletions":4}}},{"hash":"27c8aca65079c5cad02b30675b46bcc54440d57e","isMergeCommit":false,"messageTitle":"Add functionality to add different types of tasks","messageBody":"","fileTypesAndContributionMap":{"java":{"insertions":25,"deletions":3}}},{"hash":"aaa12bf5c673283dc46ab38a1b4278b1199ec60a","isMergeCommit":false,"messageTitle":"Edit text displayed when methods are called","messageBody":"","fileTypesAndContributionMap":{"java":{"insertions":8,"deletions":6}}},{"hash":"54b2f7a3924c59171f03775f92fdb80be3508edc","isMergeCommit":false,"messageTitle":"Fix bug with marking event and edited text that is displayed","messageBody":"","tags":["Level-4"],"fileTypesAndContributionMap":{"java":{"insertions":19,"deletions":2}}}]},{"date":"2024-08-20","commitResults":[{"hash":"40df68c121c4851d78f110419bca0ecc0b5cab5f","isMergeCommit":false,"messageTitle":"Change name of main file","messageBody":"","fileTypesAndContributionMap":{"sh":{"insertions":1,"deletions":1}}},{"hash":"3c9486bded35895a81579f8e18a51b516300b2a3","isMergeCommit":false,"messageTitle":"Add test cases to input","messageBody":"","fileTypesAndContributionMap":{"txt":{"insertions":8,"deletions":0}}},{"hash":"f8e8943e87ee92fae56cd04798441f803328041d","isMergeCommit":false,"messageTitle":"Create exception to handle any incorrect inputs","messageBody":"","fileTypesAndContributionMap":{"java":{"insertions":5,"deletions":0}}},{"hash":"d697e144586e7c15cd354312e294020a5e18baf8","isMergeCommit":false,"messageTitle":"Create exception to handle todo events with empty description","messageBody":"","fileTypesAndContributionMap":{"java":{"insertions":5,"deletions":0}}},{"hash":"1dcbacf83aeb76ed59f8d3be655bd2cd3e216b72","isMergeCommit":false,"messageTitle":"Created exception to handle Deadline event with no description","messageBody":"","fileTypesAndContributionMap":{"java":{"insertions":5,"deletions":0}}},{"hash":"b26741f735b89e72ec7311a216369ade189b7665","isMergeCommit":false,"messageTitle":"Create exception to handle Event with no description","messageBody":"","fileTypesAndContributionMap":{"java":{"insertions":5,"deletions":0}}},{"hash":"fb1911e407f981f8d8b1014fe10b48c852d97690","isMergeCommit":false,"messageTitle":"Add try catch block and exception throwing to handle incorrect inputs","messageBody":"","tags":["Level-5"],"fileTypesAndContributionMap":{"java":{"insertions":76,"deletions":57}}}]},{"date":"2024-08-23","commitResults":[{"hash":"539899bce389e5c8028c1b2563b7bdade24d69ce","isMergeCommit":false,"messageTitle":"Add DeleteTask to TaskList","messageBody":"","fileTypesAndContributionMap":{"java":{"insertions":15,"deletions":0}}},{"hash":"4d91d6081478f44b7a4cef899280b013b874e9e4","isMergeCommit":false,"messageTitle":"Add Delete functionality to main class","messageBody":"","tags":["Level-6"],"fileTypesAndContributionMap":{"java":{"insertions":6,"deletions":0}}}]},{"date":"2024-08-25","commitResults":[{"hash":"fb4b9552f11601e99aa6a1eb61365a33c3b4560b","isMergeCommit":false,"messageTitle":"Add Tasks.txt","messageBody":"","fileTypesAndContributionMap":{"txt":{"insertions":0,"deletions":0}}}]},{"date":"2024-08-26","commitResults":[{"hash":"0e6b2c7a62f4d9742fd55df973417060138ab4f0","isMergeCommit":false,"messageTitle":"Revert \"Add Tasks.txt\"","messageBody":"This reverts commit fb4b9552f11601e99aa6a1eb61365a33c3b4560b.\n","fileTypesAndContributionMap":{"txt":{"insertions":0,"deletions":0}}},{"hash":"c90011608be47c9f61f2978a1ec5cf1924bc2352","isMergeCommit":false,"messageTitle":"Import java.io.file","messageBody":"","fileTypesAndContributionMap":{"java":{"insertions":1,"deletions":0}}}]},{"date":"2024-08-27","commitResults":[{"hash":"f2e28891f3cb6ee209dccfe01771a86eacdd9280","isMergeCommit":false,"messageTitle":"Handle file reading for todos","messageBody":"","fileTypesAndContributionMap":{"java":{"insertions":37,"deletions":0}}}]},{"date":"2024-08-30","commitResults":[{"hash":"86a523893f377b6f4dc642693fd10f89718c0d4e","isMergeCommit":false,"messageTitle":"Add getTask method","messageBody":"","fileTypesAndContributionMap":{"java":{"insertions":4,"deletions":0}}},{"hash":"d3a32333be77664d1bc04d8eab4805351586ecd7","isMergeCommit":false,"messageTitle":"Fix file reading","messageBody":"","fileTypesAndContributionMap":{"java":{"insertions":41,"deletions":7}}},{"hash":"2505339e039849536bcc5474c906c1f92f6b681e","isMergeCommit":false,"messageTitle":"Add toFile method for Deadline class","messageBody":"","fileTypesAndContributionMap":{"java":{"insertions":5,"deletions":0}}},{"hash":"c52f93bd6cc05eb301c764ca7c694a0009eeb81a","isMergeCommit":false,"messageTitle":"Add toFile method for Events","messageBody":"","fileTypesAndContributionMap":{"java":{"insertions":5,"deletions":0}}},{"hash":"36f36cdb03477a56584f490fbc144d143bf41dba","isMergeCommit":false,"messageTitle":"Add toFile method for todos class","messageBody":"","fileTypesAndContributionMap":{"java":{"insertions":5,"deletions":0}}},{"hash":"456c2b5fc5087d2272c3d126f2e9fffbf5961b35","isMergeCommit":false,"messageTitle":"Add isDone and getDescription and toFile for task class","messageBody":"","fileTypesAndContributionMap":{"java":{"insertions":20,"deletions":0}}},{"hash":"9c19cb384a85d7ba86e3fec7c3933cf7e40c67ad","isMergeCommit":false,"messageTitle":"Handle mark and unmark commands to write file","messageBody":"","fileTypesAndContributionMap":{"java":{"insertions":29,"deletions":16}}},{"hash":"46c8acf8d199454564a2baecb638b94d532635cd","isMergeCommit":false,"messageTitle":"Handle writing to file for todo command","messageBody":"","fileTypesAndContributionMap":{"java":{"insertions":14,"deletions":1}}},{"hash":"03fe5bcb9258558377c6e49648fee31c62a264e6","isMergeCommit":false,"messageTitle":"Handle file writing for deadlines command","messageBody":"","fileTypesAndContributionMap":{"java":{"insertions":15,"deletions":0}}},{"hash":"ebd46504de92612310b7300983f4efb39db1adc9","isMergeCommit":false,"messageTitle":"handle file writing for events class","messageBody":"","fileTypesAndContributionMap":{"java":{"insertions":17,"deletions":0}}},{"hash":"9d708d4a5660afe500b6bb1a6720a5752ede687e","isMergeCommit":false,"messageTitle":"Test how file reading works","messageBody":"","fileTypesAndContributionMap":{"java":{"insertions":13,"deletions":0}}}]},{"date":"2024-08-31","commitResults":[{"hash":"b79a632bc9b93727d70c8137388a57c60dfaf1c0","isMergeCommit":false,"messageTitle":"Edit Deadlines class to take in LocalTime and LocalDate input","messageBody":"","fileTypesAndContributionMap":{"java":{"insertions":18,"deletions":4}}},{"hash":"bf99f0fcab66e95d53488ddd7db24043e0a0095d","isMergeCommit":false,"messageTitle":"Edit events class to handle LocalDate and LocalTime inputs","messageBody":"","fileTypesAndContributionMap":{"java":{"insertions":20,"deletions":5}}},{"hash":"547f870a3b0bc227ab5f2d7f44928f8c674dc7a9","isMergeCommit":false,"messageTitle":"edit main class to handle local date and time inputs as well as storage","messageBody":"","tags":["Level-8"],"fileTypesAndContributionMap":{"java":{"insertions":110,"deletions":11}}},{"hash":"f054a5cbc1b95820500aea63e465f3a0843370c1","isMergeCommit":false,"messageTitle":"Create Parser file","messageBody":"","fileTypesAndContributionMap":{"java":{"insertions":0,"deletions":0}}},{"hash":"9db25ebe6d94e41834b680be69bae449582601f3","isMergeCommit":false,"messageTitle":"Create Storage file","messageBody":"","fileTypesAndContributionMap":{"java":{"insertions":0,"deletions":0}}},{"hash":"0bee5597380ff198f24cc92d14fffecaf76eeb3b","isMergeCommit":false,"messageTitle":"Create Ui file","messageBody":"","fileTypesAndContributionMap":{"java":{"insertions":0,"deletions":0}}},{"hash":"324e88b2fcdc1732e6c18fe9d2edfe191b0906e4","isMergeCommit":false,"messageTitle":"Add method to parse text from tasks.txt file","messageBody":"","fileTypesAndContributionMap":{"java":{"insertions":131,"deletions":0}}},{"hash":"c554e4ea71373fc61754554021da58809f38d85e","isMergeCommit":false,"messageTitle":"Add logic to Parse class","messageBody":"","fileTypesAndContributionMap":{"java":{"insertions":80,"deletions":1}}},{"hash":"99e26c8934694ca916ed73f9423914d9d8cfdff0","isMergeCommit":false,"messageTitle":"changed Papagu to utilise other classes","messageBody":"","fileTypesAndContributionMap":{"java":{"insertions":33,"deletions":311}}},{"hash":"f2fe1557942d4dbd92248ef48a6c8ff9e1213731","isMergeCommit":false,"messageTitle":"Add logic to storage class","messageBody":"","fileTypesAndContributionMap":{"java":{"insertions":36,"deletions":0}}},{"hash":"e8419f0a222cf016a8675df5d82d02a37b218c3e","isMergeCommit":false,"messageTitle":"Add print functions to Ui Class","messageBody":"","fileTypesAndContributionMap":{"java":{"insertions":55,"deletions":0}}},{"hash":"9fd8624c86304034df156a03e4a623decb851d16","isMergeCommit":false,"messageTitle":"Remove print functions from tasklist","messageBody":"","fileTypesAndContributionMap":{"java":{"insertions":0,"deletions":10}}},{"hash":"346b76f214ec2daf0569a347e741d2bd3fd688cb","isMergeCommit":false,"messageTitle":"Change input.txt to match current inputs","messageBody":"","tags":["A-MoreOOP"],"fileTypesAndContributionMap":{"txt":{"insertions":2,"deletions":2}}},{"hash":"fa541edf1f17c8d19072fa68a146f102dc6127d8","isMergeCommit":false,"messageTitle":"Move to new folder for package","messageBody":"","fileTypesAndContributionMap":{"java":{"insertions":0,"deletions":613}}},{"hash":"d2917d9cfb3056f560e152b1801028d54fbd13a3","isMergeCommit":false,"messageTitle":"Add package statement","messageBody":"","tags":["A-Packages"],"fileTypesAndContributionMap":{"java":{"insertions":641,"deletions":0}}},{"hash":"4e8ec78b45347728b1484e9d11648fce453946ba","isMergeCommit":true,"messageTitle":"Merge commit \u002781a9c537afe8492675eb253968939364d65db091\u0027","messageBody":"* commit \u002781a9c537afe8492675eb253968939364d65db091\u0027:\n  build.gradle: Prevent generating a second JAR file\n  Bump gradle and lib version\n  Add Gradle support\n","tags":["A-Gradle"],"fileTypesAndContributionMap":{}}]},{"date":"2024-09-01","commitResults":[{"hash":"c931c5d5fae12c06af104539386ed36d19d90d61","isMergeCommit":false,"messageTitle":"Add Test file","messageBody":"","fileTypesAndContributionMap":{"java":{"insertions":2,"deletions":0}}},{"hash":"0a8249d41e6fcf35a9e16b48fb13f12d70ce2645","isMergeCommit":false,"messageTitle":"Edit build file","messageBody":"","fileTypesAndContributionMap":{"gradle":{"insertions":2,"deletions":1}}},{"hash":"eaf39e35111bee49533dda84866e460252ac1ace","isMergeCommit":false,"messageTitle":"Add tests for welcome message, list, and event commands","messageBody":"","fileTypesAndContributionMap":{"java":{"insertions":101,"deletions":1}}},{"hash":"a91b9db0459fda95fc9c2c18438f4d686a26eb66","isMergeCommit":false,"messageTitle":"Add some code to test for file path","messageBody":"","tags":["A-JUnit"],"fileTypesAndContributionMap":{"java":{"insertions":7,"deletions":7}}},{"hash":"0af27011144528a5399886de23ef525b05b92a7c","isMergeCommit":false,"messageTitle":"Edit files for jar creation","messageBody":"","fileTypesAndContributionMap":{"gradle":{"insertions":2,"deletions":1},"txt":{"insertions":1,"deletions":0}}},{"hash":"ffffa57a320271b8d7afdf3aca58e889da79b678","isMergeCommit":false,"messageTitle":"Revert \"Edit files for jar creation\"","messageBody":"This reverts commit 0af27011144528a5399886de23ef525b05b92a7c.\n","tags":["A-Jar"],"fileTypesAndContributionMap":{"gradle":{"insertions":1,"deletions":2},"txt":{"insertions":0,"deletions":1}}},{"hash":"dbe681c7a160d5169dcbd7f215efb6f1495e27e6","isMergeCommit":false,"messageTitle":"Add JavaDocs for all classes and methods","messageBody":"","tags":["A-JavaDoc"],"fileTypesAndContributionMap":{"java":{"insertions":130,"deletions":1}}},{"hash":"22bc299fec945424dd88383be684531e72b65845","isMergeCommit":false,"messageTitle":"Edit certain lines to fit coding standard","messageBody":"","tags":["A-CodingStandard"],"fileTypesAndContributionMap":{"java":{"insertions":10,"deletions":5}}},{"hash":"21d389ee79e7438ea677d2ee853b900b2165d017","isMergeCommit":false,"messageTitle":"Add method to check for match in given string with task description","messageBody":"","fileTypesAndContributionMap":{"java":{"insertions":13,"deletions":0}}},{"hash":"f5ab1ec2d68734c0f482a3aa63be46647c9d53f4","isMergeCommit":false,"messageTitle":"Chang return type of findTasks","messageBody":"","fileTypesAndContributionMap":{"java":{"insertions":3,"deletions":3}}},{"hash":"fe466745c145a441c39866a4df69a69155c7662a","isMergeCommit":false,"messageTitle":"Add print function for find command","messageBody":"","fileTypesAndContributionMap":{"java":{"insertions":11,"deletions":0}}},{"hash":"9d72748bef7d2d8c9db876ee4880b1980ebf4771","isMergeCommit":false,"messageTitle":"Add method to find matching task in the tasklist","messageBody":"","fileTypesAndContributionMap":{"java":{"insertions":15,"deletions":0}}},{"hash":"0e3cfa2a9b023d5f0e081b4e6abba060df9975f7","isMergeCommit":false,"messageTitle":"Edit the javadoc for isMatching","messageBody":"","fileTypesAndContributionMap":{"java":{"insertions":1,"deletions":1}}},{"hash":"82ddce00f283a3b21d6cfbe0ee0f1d651f4ea0ef","isMergeCommit":false,"messageTitle":"Edit parser to include find command","messageBody":"","tags":["Level-9"],"fileTypesAndContributionMap":{"java":{"insertions":4,"deletions":0}}},{"hash":"6ec1c15b475aa0dd7eeefeba203c354c9fb42892","isMergeCommit":true,"messageTitle":"Merge branch \u0027branch-A-CodingStandard\u0027","messageBody":"* branch-A-CodingStandard:\n  Edit certain lines to fit coding standard\n","fileTypesAndContributionMap":{}},{"hash":"07dd17e9520b592e66440beaa96c05fa33b89ad5","isMergeCommit":true,"messageTitle":"Merge branch \u0027branch-Level-9\u0027","messageBody":"* branch-Level-9:\n  Edit parser to include find command\n  Edit the javadoc for isMatching\n  Add method to find matching task in the tasklist\n  Add print function for find command\n  Chang return type of findTasks\n  Add method to check for match in given string with task description\n","fileTypesAndContributionMap":{}}]},{"date":"2024-09-06","commitResults":[{"hash":"ea67375f2dddd7801c099bbb56727a8fb0c12327","isMergeCommit":false,"messageTitle":"Edit the switchcases to follow coding standard","messageBody":"","fileTypesAndContributionMap":{"java":{"insertions":26,"deletions":26}}},{"hash":"8d962a2d8b0053cc31463445e595bf89bf5953f3","isMergeCommit":false,"messageTitle":"Edit build.gradle to support checkstyle","messageBody":"","fileTypesAndContributionMap":{"gradle":{"insertions":5,"deletions":1}}},{"hash":"fad6a10aca4405018adb15aff7326aafc9a37683","isMergeCommit":false,"messageTitle":"Add files for checkstyle","messageBody":"","tags":["A-CheckStyle"],"fileTypesAndContributionMap":{"java":{"insertions":5,"deletions":8}}}]},{"date":"2024-09-08","commitResults":[{"hash":"bccb7c631867cfc06cb9b58cbc4a48862e067d42","isMergeCommit":false,"messageTitle":"update build.gradle to support GUI","messageBody":"","fileTypesAndContributionMap":{"gradle":{"insertions":15,"deletions":0}}},{"hash":"8a2a2c9c380569e8b528e983b1f7f72d060fe224","isMergeCommit":false,"messageTitle":"Update files to handle GUI","messageBody":"","fileTypesAndContributionMap":{"gradle":{"insertions":1,"deletions":1},"java":{"insertions":272,"deletions":14}}},{"hash":"13a9f27c80347e0c55d1beab4ea67d82717c2098","isMergeCommit":false,"messageTitle":"Add FXML support for GUI","messageBody":"","tags":["Level-10"],"fileTypesAndContributionMap":{"fxml":{"insertions":66,"deletions":0},"java":{"insertions":21,"deletions":94}}}]},{"date":"2024-09-11","commitResults":[{"hash":"6e3e94bba7ba608867ddacb6407fa9ea95f18be4","isMergeCommit":false,"messageTitle":"remove unused variable","messageBody":"","fileTypesAndContributionMap":{"java":{"insertions":0,"deletions":2}}}]},{"date":"2024-09-14","commitResults":[{"hash":"d1f0cf181bea3303d54cfd43b1e52f0dbc6dff62","isMergeCommit":false,"messageTitle":"add assertion for file to exit","messageBody":"","fileTypesAndContributionMap":{"java":{"insertions":2,"deletions":0}}},{"hash":"33555e33857120785d9c36d0d9145c6fdaeea6d3","isMergeCommit":false,"messageTitle":"assert string input has correct format","messageBody":"","fileTypesAndContributionMap":{"java":{"insertions":5,"deletions":2}}},{"hash":"74e02cb903380aaca124f6de17964587eba71487","isMergeCommit":false,"messageTitle":"Add assertion for input parsing","messageBody":"This is to check that each input has the correct format of inputs,\nmaking sure that when accessing the different parts of the input there\nwill not be any errors\n\nJust in case there are some wrong inputs in the file\n","tags":["A-FullCommitMessage"],"fileTypesAndContributionMap":{"java":{"insertions":3,"deletions":0}}},{"hash":"8ca6e3cfc6745dc41ebb56679baf2ab889ab9ca2","isMergeCommit":false,"messageTitle":"Shorten function body for todo and deadline","messageBody":"Created a new function for each of the events todo and deadline\nsuch that it would shorten the method body for parseFile\n\nallows for easier readability with there being a specific function\nfor each event\n","fileTypesAndContributionMap":{"java":{"insertions":47,"deletions":39}}},{"hash":"67b64c85882806c1d55301e33ff6c70880948fa5","isMergeCommit":false,"messageTitle":"Shorten the function body for input parsing","messageBody":"","fileTypesAndContributionMap":{"java":{"insertions":123,"deletions":71}}},{"hash":"f1e2fcb54cc3a5332ea45dc283f4589a92b6e58b","isMergeCommit":true,"messageTitle":"Merge pull request #2 from Justin-Aw46/branch-A-Assertions","messageBody":"Branch A assertions","tags":["A-Asssertions","A-Assertions"],"fileTypesAndContributionMap":{}},{"hash":"d76e082d560f9164b2543d4acb06f4d0a80925c1","isMergeCommit":true,"messageTitle":"Merge branch \u0027master\u0027 into branch-A-CodeQuality","messageBody":"* master:\n  Add assertion for input parsing\n  assert string input has correct format\n  add assertion for file to exit\n","fileTypesAndContributionMap":{}},{"hash":"7a964ac7d5c6598088d005dba74a4b27c1cd0e1e","isMergeCommit":false,"messageTitle":"Fix bug - wrong variable name","messageBody":"","tags":["A-CodeQuality"],"fileTypesAndContributionMap":{"java":{"insertions":1,"deletions":1}}},{"hash":"88d12e68c8648ecde653fdf6568c16b551b2ca27","isMergeCommit":false,"messageTitle":"Add help message and functionality","messageBody":"","tags":["BCD-Extension"],"fileTypesAndContributionMap":{"java":{"insertions":20,"deletions":0}}}]},{"date":"2024-09-19","commitResults":[{"hash":"cec5faf3f194c2ccbd1189314d83f30b2c8aefff","isMergeCommit":false,"messageTitle":"Add final changes for submission","messageBody":"","fileTypesAndContributionMap":{"gradle":{"insertions":2,"deletions":2},"java":{"insertions":130,"deletions":63}}},{"hash":"c4e88a4123938aba4510f059171350ccc2ab53e2","isMergeCommit":false,"messageTitle":"fix bug with september not parsing correctly","messageBody":"","fileTypesAndContributionMap":{"java":{"insertions":5,"deletions":2}}}]},{"date":"2024-09-20","commitResults":[{"hash":"12b0d0aed6c2741ed2fd5691e9dd320325d8ea15","isMergeCommit":false,"messageTitle":"Update the help command","messageBody":"","fileTypesAndContributionMap":{"java":{"insertions":1,"deletions":1}}},{"hash":"65d21691d456e3435e03a666517db8d4b045f936","isMergeCommit":false,"messageTitle":"Edit readme","messageBody":"","fileTypesAndContributionMap":{"md":{"insertions":74,"deletions":13}}},{"hash":"e6e7ab47483afe5cd9b860c1e2a2d3ad9a16f3d8","isMergeCommit":false,"messageTitle":"Make slight edits to remove redundant ccomments and change UI output","messageBody":"","fileTypesAndContributionMap":{"java":{"insertions":6,"deletions":5}}},{"hash":"33cda1dbefcf470fa1084122b4deb7897a8d7524","isMergeCommit":false,"messageTitle":"Add README","messageBody":"","tags":["A-UserGuide"],"fileTypesAndContributionMap":{"md":{"insertions":6,"deletions":0}}},{"hash":"a4f5988586b1d9e9b174326247c6dd0f55d6ecc8","isMergeCommit":false,"messageTitle":"Change some comments to match javadocs","messageBody":"","fileTypesAndContributionMap":{"java":{"insertions":2,"deletions":1}}},{"hash":"e9de5703076adbaa728bce920699bc6847db59a6","isMergeCommit":false,"messageTitle":"Make more edits for coding standard","messageBody":"","tags":["A-Release"],"fileTypesAndContributionMap":{"java":{"insertions":6,"deletions":2}}}]},{"date":"2024-10-18","commitResults":[{"hash":"6e999e73e582d9c253a1eb4926fdd27aaa53220d","isMergeCommit":false,"messageTitle":"Fix checkstyle errors","messageBody":"","fileTypesAndContributionMap":{"fxml":{"insertions":1,"deletions":1},"java":{"insertions":141,"deletions":105},"md":{"insertions":1,"deletions":1}}}]}]},"authorFileTypeContributionMap":{"Justin-Aw46":{"java":1297,"md":72,"fxml":66,"sh":1,"bat":0,"gradle":21,"txt":8}},"authorContributionVariance":{"Justin-Aw46":73790.28},"authorDisplayNameMap":{"Justin-Aw46":"CS2103T-F14b-4 AW J..STIN"}}
