{"authorDailyContributionsMap":{"Justin-Aw46":[{"date":"2024-08-19","commitResults":[{"hash":"5b3e38cfb8b4a81e4bc213bbb9ac097fc5262bf5","isMergeCommit":false,"messageTitle":"Rename main class to Papagu","messageBody":"","fileTypesAndContributionMap":{"java":{"insertions":1,"deletions":1}}},{"hash":"67808e43868c5b271bfc15d9f8c00138880af280","isMergeCommit":false,"messageTitle":"Add greeting and exit","messageBody":"","tags":["Level-0"],"fileTypesAndContributionMap":{"java":{"insertions":5,"deletions":6}}},{"hash":"b9cb939b68a588b89b45ef8175109369a324a206","isMergeCommit":false,"messageTitle":"Add echo functionality","messageBody":"","tags":["Level-1"],"fileTypesAndContributionMap":{"java":{"insertions":13,"deletions":0}}},{"hash":"31e8af2aedcc7ee78122e50dfaaea167d4790852","isMergeCommit":false,"messageTitle":"Add TaskList class","messageBody":"","fileTypesAndContributionMap":{"java":{"insertions":17,"deletions":0}}},{"hash":"f1cec7ed2b0f43b50d14ff216ba2ed8f7401cd6b","isMergeCommit":false,"messageTitle":"Add addTask method","messageBody":"","fileTypesAndContributionMap":{"java":{"insertions":10,"deletions":0}}},{"hash":"f142a9a11e4d87ada1a9925e9752272c0e1b148b","isMergeCommit":false,"messageTitle":"Override toString method","messageBody":"","fileTypesAndContributionMap":{"java":{"insertions":12,"deletions":0}}},{"hash":"0637a99e860baead8ec422db23a38cea17c0c4c3","isMergeCommit":false,"messageTitle":"Add lines to be printed in addTask","messageBody":"","fileTypesAndContributionMap":{"java":{"insertions":5,"deletions":0}}},{"hash":"be6af523e2b9b0f8ea0f7d6a6a293ff1d7e89c36","isMergeCommit":false,"messageTitle":"Add support for echo with TaskList","messageBody":"","tags":["Level-2"],"fileTypesAndContributionMap":{"java":{"insertions":11,"deletions":3}}},{"hash":"ff009bc7dfa3787348233aa211430f43e46ebbed","isMergeCommit":false,"messageTitle":"Add Task class","messageBody":"","fileTypesAndContributionMap":{"java":{"insertions":43,"deletions":0}}},{"hash":"aed5117b8f68d064e8645188d0327e5348e21491","isMergeCommit":false,"messageTitle":"Incorporate Task class into TaskList class","messageBody":"","fileTypesAndContributionMap":{"java":{"insertions":7,"deletions":3}}},{"hash":"762fbd89dc890c2a510060efc893b49e0f465ae4","isMergeCommit":false,"messageTitle":"Add setters to mark if Task is completed in TaskList","messageBody":"","fileTypesAndContributionMap":{"java":{"insertions":23,"deletions":0}}},{"hash":"a41303a098916e23853f82489b3e385e0b756548","isMergeCommit":false,"messageTitle":"Add Mark as Done functionality","messageBody":"","fileTypesAndContributionMap":{"java":{"insertions":9,"deletions":2}}},{"hash":"59fefe8feafd5cdd893106050498e67bccc8b8e9","isMergeCommit":false,"messageTitle":"Fix bug in indexing for TaskList","messageBody":"","tags":["`Level-3"],"fileTypesAndContributionMap":{"java":{"insertions":1,"deletions":1}}},{"hash":"3207528041c514416d906fe2ab0a43a05eac429a","isMergeCommit":false,"messageTitle":"Add ToDos class","messageBody":"","fileTypesAndContributionMap":{"java":{"insertions":11,"deletions":0}}},{"hash":"dfc5997a17187d3709495aa6e0c8d6b17084ef84","isMergeCommit":false,"messageTitle":"Add Deadlines class","messageBody":"","fileTypesAndContributionMap":{"java":{"insertions":14,"deletions":0}}},{"hash":"a7c980a155d8302976c76f7de6a056820f6b8446","isMergeCommit":false,"messageTitle":"Add Events class","messageBody":"","fileTypesAndContributionMap":{"java":{"insertions":15,"deletions":0}}},{"hash":"34e8ee598ed7804350ee57e5d742906210742bdc","isMergeCommit":false,"messageTitle":"Modify TaskList to take in Tasks","messageBody":"","fileTypesAndContributionMap":{"java":{"insertions":2,"deletions":4}}},{"hash":"27c8aca65079c5cad02b30675b46bcc54440d57e","isMergeCommit":false,"messageTitle":"Add functionality to add different types of tasks","messageBody":"","fileTypesAndContributionMap":{"java":{"insertions":25,"deletions":3}}},{"hash":"aaa12bf5c673283dc46ab38a1b4278b1199ec60a","isMergeCommit":false,"messageTitle":"Edit text displayed when methods are called","messageBody":"","fileTypesAndContributionMap":{"java":{"insertions":8,"deletions":6}}},{"hash":"54b2f7a3924c59171f03775f92fdb80be3508edc","isMergeCommit":false,"messageTitle":"Fix bug with marking event and edited text that is displayed","messageBody":"","tags":["Level-4"],"fileTypesAndContributionMap":{"java":{"insertions":19,"deletions":2}}}]},{"date":"2024-08-20","commitResults":[{"hash":"40df68c121c4851d78f110419bca0ecc0b5cab5f","isMergeCommit":false,"messageTitle":"Change name of main file","messageBody":"","fileTypesAndContributionMap":{"sh":{"insertions":1,"deletions":1}}},{"hash":"3c9486bded35895a81579f8e18a51b516300b2a3","isMergeCommit":false,"messageTitle":"Add test cases to input","messageBody":"","fileTypesAndContributionMap":{"txt":{"insertions":8,"deletions":0}}},{"hash":"f8e8943e87ee92fae56cd04798441f803328041d","isMergeCommit":false,"messageTitle":"Create exception to handle any incorrect inputs","messageBody":"","fileTypesAndContributionMap":{"java":{"insertions":5,"deletions":0}}},{"hash":"d697e144586e7c15cd354312e294020a5e18baf8","isMergeCommit":false,"messageTitle":"Create exception to handle todo events with empty description","messageBody":"","fileTypesAndContributionMap":{"java":{"insertions":5,"deletions":0}}},{"hash":"1dcbacf83aeb76ed59f8d3be655bd2cd3e216b72","isMergeCommit":false,"messageTitle":"Created exception to handle Deadline event with no description","messageBody":"","fileTypesAndContributionMap":{"java":{"insertions":5,"deletions":0}}},{"hash":"b26741f735b89e72ec7311a216369ade189b7665","isMergeCommit":false,"messageTitle":"Create exception to handle Event with no description","messageBody":"","fileTypesAndContributionMap":{"java":{"insertions":5,"deletions":0}}},{"hash":"fb1911e407f981f8d8b1014fe10b48c852d97690","isMergeCommit":false,"messageTitle":"Add try catch block and exception throwing to handle incorrect inputs","messageBody":"","tags":["Level-5"],"fileTypesAndContributionMap":{"java":{"insertions":76,"deletions":57}}}]},{"date":"2024-08-23","commitResults":[{"hash":"539899bce389e5c8028c1b2563b7bdade24d69ce","isMergeCommit":false,"messageTitle":"Add DeleteTask to TaskList","messageBody":"","fileTypesAndContributionMap":{"java":{"insertions":15,"deletions":0}}},{"hash":"4d91d6081478f44b7a4cef899280b013b874e9e4","isMergeCommit":false,"messageTitle":"Add Delete functionality to main class","messageBody":"","tags":["Level-6"],"fileTypesAndContributionMap":{"java":{"insertions":6,"deletions":0}}}]}]},"authorFileTypeContributionMap":{"Justin-Aw46":{"java":287,"md":0,"fxml":0,"sh":1,"bat":0,"gradle":0,"txt":8}},"authorContributionVariance":{"Justin-Aw46":9923.6875},"authorDisplayNameMap":{"Justin-Aw46":"CS2103T-F14b-4 AW J..STIN"}}
