[{"path":"src/main/java/Deadline.java","fileType":"java","lines":[{"lineNumber":1,"author":{"gitId":"DKHB0207"},"content":"public class Deadline extends Task {","lastModifiedDate":"2024-08-22","isFullCredit":false},{"lineNumber":2,"author":{"gitId":"DKHB0207"},"content":"    protected String deadline;","lastModifiedDate":"2024-08-22","isFullCredit":false},{"lineNumber":3,"author":{"gitId":"DKHB0207"},"content":"    public Deadline(String description, String deadline) {","lastModifiedDate":"2024-08-22","isFullCredit":false},{"lineNumber":4,"author":{"gitId":"DKHB0207"},"content":"        super(description);","lastModifiedDate":"2024-08-22","isFullCredit":false},{"lineNumber":5,"author":{"gitId":"DKHB0207"},"content":"        this.deadline \u003d deadline;","lastModifiedDate":"2024-08-22","isFullCredit":false},{"lineNumber":6,"author":{"gitId":"DKHB0207"},"content":"","lastModifiedDate":"2024-08-22","isFullCredit":false},{"lineNumber":7,"author":{"gitId":"DKHB0207"},"content":"    }","lastModifiedDate":"2024-08-22","isFullCredit":false},{"lineNumber":8,"author":{"gitId":"DKHB0207"},"content":"    @Override","lastModifiedDate":"2024-08-22","isFullCredit":false},{"lineNumber":9,"author":{"gitId":"DKHB0207"},"content":"    public String toString() {","lastModifiedDate":"2024-08-22","isFullCredit":false},{"lineNumber":10,"author":{"gitId":"DKHB0207"},"content":"        return \"[D]\" + super.toString() + \" (by: \" + deadline + \")\";","lastModifiedDate":"2024-08-22","isFullCredit":false},{"lineNumber":11,"author":{"gitId":"DKHB0207"},"content":"    }","lastModifiedDate":"2024-08-22","isFullCredit":false},{"lineNumber":12,"author":{"gitId":"DKHB0207"},"content":"}","lastModifiedDate":"2024-08-22","isFullCredit":false}],"authorContributionMap":{"DKHB0207":12}},{"path":"src/main/java/Event.java","fileType":"java","lines":[{"lineNumber":1,"author":{"gitId":"DKHB0207"},"content":"public class Event extends Task {","lastModifiedDate":"2024-08-22","isFullCredit":false},{"lineNumber":2,"author":{"gitId":"DKHB0207"},"content":"    protected String start;","lastModifiedDate":"2024-08-22","isFullCredit":false},{"lineNumber":3,"author":{"gitId":"DKHB0207"},"content":"    protected String end;","lastModifiedDate":"2024-08-22","isFullCredit":false},{"lineNumber":4,"author":{"gitId":"DKHB0207"},"content":"    public Event(String description, String start, String end) {","lastModifiedDate":"2024-08-22","isFullCredit":false},{"lineNumber":5,"author":{"gitId":"DKHB0207"},"content":"        super(description);","lastModifiedDate":"2024-08-22","isFullCredit":false},{"lineNumber":6,"author":{"gitId":"DKHB0207"},"content":"        this.start \u003d start;","lastModifiedDate":"2024-08-22","isFullCredit":false},{"lineNumber":7,"author":{"gitId":"DKHB0207"},"content":"        this.end \u003d end;","lastModifiedDate":"2024-08-22","isFullCredit":false},{"lineNumber":8,"author":{"gitId":"DKHB0207"},"content":"    }","lastModifiedDate":"2024-08-22","isFullCredit":false},{"lineNumber":9,"author":{"gitId":"DKHB0207"},"content":"    @Override","lastModifiedDate":"2024-08-22","isFullCredit":false},{"lineNumber":10,"author":{"gitId":"DKHB0207"},"content":"    public String toString() {","lastModifiedDate":"2024-08-22","isFullCredit":false},{"lineNumber":11,"author":{"gitId":"DKHB0207"},"content":"        return \"[E]\" + super.toString() + \" (from: \" + start + \" to: \" + end + \")\";","lastModifiedDate":"2024-08-22","isFullCredit":false},{"lineNumber":12,"author":{"gitId":"DKHB0207"},"content":"    }","lastModifiedDate":"2024-08-22","isFullCredit":false},{"lineNumber":13,"author":{"gitId":"DKHB0207"},"content":"}","lastModifiedDate":"2024-08-22","isFullCredit":false}],"authorContributionMap":{"DKHB0207":13}},{"path":"src/main/java/Snipe.java","fileType":"java","lines":[{"lineNumber":1,"author":{"gitId":"DKHB0207"},"content":"import java.util.ArrayList;","lastModifiedDate":"2024-08-22","isFullCredit":false},{"lineNumber":2,"author":{"gitId":"DKHB0207"},"content":"import java.util.Scanner;","lastModifiedDate":"2024-08-22","isFullCredit":false},{"lineNumber":3,"author":{"gitId":"DKHB0207"},"content":"import java.io.IOException;","lastModifiedDate":"2024-08-22","isFullCredit":false},{"lineNumber":4,"author":{"gitId":"DKHB0207"},"content":"import java.nio.file.Files;","lastModifiedDate":"2024-08-22","isFullCredit":false},{"lineNumber":5,"author":{"gitId":"DKHB0207"},"content":"import java.nio.file.Paths;","lastModifiedDate":"2024-08-22","isFullCredit":false},{"lineNumber":6,"author":{"gitId":"DKHB0207"},"content":"public class Snipe {","lastModifiedDate":"2024-08-22","isFullCredit":false},{"lineNumber":7,"author":{"gitId":"DKHB0207"},"content":"    private static final String NAME \u003d \"Snipe\";","lastModifiedDate":"2024-08-22","isFullCredit":false},{"lineNumber":8,"author":{"gitId":"DKHB0207"},"content":"    private static final String LOGO","lastModifiedDate":"2024-08-22","isFullCredit":false},{"lineNumber":9,"author":{"gitId":"DKHB0207"},"content":"            \u003d \"  _________      .__               \\n\"","lastModifiedDate":"2024-08-22","isFullCredit":false},{"lineNumber":10,"author":{"gitId":"DKHB0207"},"content":"            + \" /   _____/ ____ |__|_____   ____  \\n\"","lastModifiedDate":"2024-08-22","isFullCredit":false},{"lineNumber":11,"author":{"gitId":"DKHB0207"},"content":"            + \" \\\\_____  \\\\ /    \\\\|  \\\\____ \\\\_/ __ \\\\ \\n\"","lastModifiedDate":"2024-08-22","isFullCredit":false},{"lineNumber":12,"author":{"gitId":"DKHB0207"},"content":"            + \" /        \\\\   |  \\\\  |  |_\u003e \u003e  ___/ \\n\"","lastModifiedDate":"2024-08-22","isFullCredit":false},{"lineNumber":13,"author":{"gitId":"DKHB0207"},"content":"            + \"/_______  /___|  /__|   __/ \\\\___  \u003e\\n\"","lastModifiedDate":"2024-08-22","isFullCredit":false},{"lineNumber":14,"author":{"gitId":"DKHB0207"},"content":"            + \"        \\\\/     \\\\/   |__|        \\\\/ \\n\";","lastModifiedDate":"2024-08-22","isFullCredit":false},{"lineNumber":15,"author":{"gitId":"DKHB0207"},"content":"    private static final String HORIZONTAL_LINE \u003d \"_\".repeat(60);","lastModifiedDate":"2024-08-22","isFullCredit":false},{"lineNumber":16,"author":{"gitId":"DKHB0207"},"content":"    private static ArrayList\u003cTask\u003e list \u003d new ArrayList\u003cTask\u003e();","lastModifiedDate":"2024-08-22","isFullCredit":false},{"lineNumber":17,"author":{"gitId":"DKHB0207"},"content":"    public void initChat() {","lastModifiedDate":"2024-08-22","isFullCredit":false},{"lineNumber":18,"author":{"gitId":"DKHB0207"},"content":"        greetUser();","lastModifiedDate":"2024-08-22","isFullCredit":false},{"lineNumber":19,"author":{"gitId":"DKHB0207"},"content":"        handleUserInput();","lastModifiedDate":"2024-08-22","isFullCredit":false},{"lineNumber":20,"author":{"gitId":"DKHB0207"},"content":"    }","lastModifiedDate":"2024-08-22","isFullCredit":false},{"lineNumber":21,"author":{"gitId":"DKHB0207"},"content":"","lastModifiedDate":"2024-08-22","isFullCredit":false},{"lineNumber":22,"author":{"gitId":"DKHB0207"},"content":"    private void greetUser() {","lastModifiedDate":"2024-08-22","isFullCredit":false},{"lineNumber":23,"author":{"gitId":"DKHB0207"},"content":"        String OPENING_MESSAGE \u003d \"Hello! I\u0027m\\n\" + NAME +\"\\nWhat can I do for you?\";","lastModifiedDate":"2024-08-22","isFullCredit":false},{"lineNumber":24,"author":{"gitId":"DKHB0207"},"content":"        printWithLines(OPENING_MESSAGE);","lastModifiedDate":"2024-08-22","isFullCredit":false},{"lineNumber":25,"author":{"gitId":"DKHB0207"},"content":"    }","lastModifiedDate":"2024-08-22","isFullCredit":false},{"lineNumber":26,"author":{"gitId":"DKHB0207"},"content":"    private void handleUserInput() {","lastModifiedDate":"2024-08-22","isFullCredit":false},{"lineNumber":27,"author":{"gitId":"DKHB0207"},"content":"        Scanner scanner \u003d new Scanner(System.in);","lastModifiedDate":"2024-08-22","isFullCredit":false},{"lineNumber":28,"author":{"gitId":"DKHB0207"},"content":"        while (true) {","lastModifiedDate":"2024-08-22","isFullCredit":false},{"lineNumber":29,"author":{"gitId":"DKHB0207"},"content":"            String userInput \u003d scanner.nextLine();","lastModifiedDate":"2024-08-22","isFullCredit":false},{"lineNumber":30,"author":{"gitId":"DKHB0207"},"content":"            if (userInput.equalsIgnoreCase(\"bye\")) {","lastModifiedDate":"2024-08-22","isFullCredit":false},{"lineNumber":31,"author":{"gitId":"DKHB0207"},"content":"                exitChat(scanner);","lastModifiedDate":"2024-08-22","isFullCredit":false},{"lineNumber":32,"author":{"gitId":"DKHB0207"},"content":"                break;","lastModifiedDate":"2024-08-22","isFullCredit":false},{"lineNumber":33,"author":{"gitId":"DKHB0207"},"content":"            }","lastModifiedDate":"2024-08-22","isFullCredit":false},{"lineNumber":34,"author":{"gitId":"DKHB0207"},"content":"            handleSpecialInputs(userInput, scanner);","lastModifiedDate":"2024-08-22","isFullCredit":false},{"lineNumber":35,"author":{"gitId":"DKHB0207"},"content":"        }","lastModifiedDate":"2024-08-22","isFullCredit":false},{"lineNumber":36,"author":{"gitId":"DKHB0207"},"content":"    }","lastModifiedDate":"2024-08-22","isFullCredit":false},{"lineNumber":37,"author":{"gitId":"DKHB0207"},"content":"    private boolean isValidInput(String userInput) {","lastModifiedDate":"2024-08-22","isFullCredit":false},{"lineNumber":38,"author":{"gitId":"DKHB0207"},"content":"        String[] validInputs \u003d {","lastModifiedDate":"2024-08-22","isFullCredit":false},{"lineNumber":39,"author":{"gitId":"DKHB0207"},"content":"                \"list\",","lastModifiedDate":"2024-08-22","isFullCredit":false},{"lineNumber":40,"author":{"gitId":"DKHB0207"},"content":"                \"mark\",","lastModifiedDate":"2024-08-22","isFullCredit":false},{"lineNumber":41,"author":{"gitId":"DKHB0207"},"content":"                \"unmark\",","lastModifiedDate":"2024-08-22","isFullCredit":false},{"lineNumber":42,"author":{"gitId":"DKHB0207"},"content":"                \"todo\",","lastModifiedDate":"2024-08-22","isFullCredit":false},{"lineNumber":43,"author":{"gitId":"DKHB0207"},"content":"                \"deadline\",","lastModifiedDate":"2024-08-22","isFullCredit":false},{"lineNumber":44,"author":{"gitId":"DKHB0207"},"content":"                \"event\",","lastModifiedDate":"2024-08-22","isFullCredit":false},{"lineNumber":45,"author":{"gitId":"DKHB0207"},"content":"                \"help\"","lastModifiedDate":"2024-08-22","isFullCredit":false},{"lineNumber":46,"author":{"gitId":"DKHB0207"},"content":"        };","lastModifiedDate":"2024-08-22","isFullCredit":false},{"lineNumber":47,"author":{"gitId":"DKHB0207"},"content":"        for (String validInput : validInputs) {","lastModifiedDate":"2024-08-22","isFullCredit":false},{"lineNumber":48,"author":{"gitId":"DKHB0207"},"content":"            if (userInput.startsWith(validInput)) {","lastModifiedDate":"2024-08-22","isFullCredit":false},{"lineNumber":49,"author":{"gitId":"DKHB0207"},"content":"                return true;","lastModifiedDate":"2024-08-22","isFullCredit":false},{"lineNumber":50,"author":{"gitId":"DKHB0207"},"content":"            }","lastModifiedDate":"2024-08-22","isFullCredit":false},{"lineNumber":51,"author":{"gitId":"DKHB0207"},"content":"        }","lastModifiedDate":"2024-08-22","isFullCredit":false},{"lineNumber":52,"author":{"gitId":"DKHB0207"},"content":"        return false;","lastModifiedDate":"2024-08-22","isFullCredit":false},{"lineNumber":53,"author":{"gitId":"DKHB0207"},"content":"    }","lastModifiedDate":"2024-08-22","isFullCredit":false},{"lineNumber":54,"author":{"gitId":"DKHB0207"},"content":"    private void handleSpecialInputs(String userInput, Scanner scanner) {","lastModifiedDate":"2024-08-22","isFullCredit":false},{"lineNumber":55,"author":{"gitId":"DKHB0207"},"content":"        try {","lastModifiedDate":"2024-08-22","isFullCredit":false},{"lineNumber":56,"author":{"gitId":"DKHB0207"},"content":"            if (isValidInput(userInput)) {","lastModifiedDate":"2024-08-22","isFullCredit":false},{"lineNumber":57,"author":{"gitId":"DKHB0207"},"content":"                if (userInput.equalsIgnoreCase(\"list\")) {","lastModifiedDate":"2024-08-22","isFullCredit":false},{"lineNumber":58,"author":{"gitId":"DKHB0207"},"content":"                    returnList();","lastModifiedDate":"2024-08-22","isFullCredit":false},{"lineNumber":59,"author":{"gitId":"DKHB0207"},"content":"                } else if (userInput.equalsIgnoreCase(\"help\")) {","lastModifiedDate":"2024-08-22","isFullCredit":false},{"lineNumber":60,"author":{"gitId":"DKHB0207"},"content":"                    String filePath \u003d \"src/main/txt/helpinstructions.txt\"; // Instructions manual","lastModifiedDate":"2024-08-22","isFullCredit":false},{"lineNumber":61,"author":{"gitId":"DKHB0207"},"content":"                    try {","lastModifiedDate":"2024-08-22","isFullCredit":false},{"lineNumber":62,"author":{"gitId":"DKHB0207"},"content":"                        String content \u003d new String(Files.readAllBytes(Paths.get(filePath)));","lastModifiedDate":"2024-08-22","isFullCredit":false},{"lineNumber":63,"author":{"gitId":"DKHB0207"},"content":"                        printWithLines(content); // Print the instructions","lastModifiedDate":"2024-08-22","isFullCredit":false},{"lineNumber":64,"author":{"gitId":"DKHB0207"},"content":"                    } catch (IOException e) {","lastModifiedDate":"2024-08-22","isFullCredit":false},{"lineNumber":65,"author":{"gitId":"DKHB0207"},"content":"                        System.out.println(\"Error reading the file: \" + e.getMessage());","lastModifiedDate":"2024-08-22","isFullCredit":false},{"lineNumber":66,"author":{"gitId":"DKHB0207"},"content":"                    }","lastModifiedDate":"2024-08-22","isFullCredit":false},{"lineNumber":67,"author":{"gitId":"DKHB0207"},"content":"                } else if (userInput.startsWith(\"mark\")) {","lastModifiedDate":"2024-08-22","isFullCredit":false},{"lineNumber":68,"author":{"gitId":"DKHB0207"},"content":"                    String[] split \u003d userInput.split(\" \");","lastModifiedDate":"2024-08-22","isFullCredit":false},{"lineNumber":69,"author":{"gitId":"DKHB0207"},"content":"                    int index \u003d Integer.valueOf(split[1]) - 1;","lastModifiedDate":"2024-08-22","isFullCredit":false},{"lineNumber":70,"author":{"gitId":"DKHB0207"},"content":"                    if (index \u003e list.size() - 1) {","lastModifiedDate":"2024-08-22","isFullCredit":false},{"lineNumber":71,"author":{"gitId":"DKHB0207"},"content":"                        throw new SnipeException(\"This list item does not exist!\\n\"","lastModifiedDate":"2024-08-22","isFullCredit":false},{"lineNumber":72,"author":{"gitId":"DKHB0207"},"content":"                                + String.format(\"You currently have %d %s in the list.\",","lastModifiedDate":"2024-08-22","isFullCredit":false},{"lineNumber":73,"author":{"gitId":"DKHB0207"},"content":"                                list.size(), list.size() \u003d\u003d 1 ? \"task\" : \"tasks\"));","lastModifiedDate":"2024-08-22","isFullCredit":false},{"lineNumber":74,"author":{"gitId":"DKHB0207"},"content":"                    }","lastModifiedDate":"2024-08-22","isFullCredit":false},{"lineNumber":75,"author":{"gitId":"DKHB0207"},"content":"                    if (list.get(index).getStatus()) {","lastModifiedDate":"2024-08-22","isFullCredit":false},{"lineNumber":76,"author":{"gitId":"DKHB0207"},"content":"                        printWithLines(\"This task is already marked done!\");","lastModifiedDate":"2024-08-22","isFullCredit":false},{"lineNumber":77,"author":{"gitId":"DKHB0207"},"content":"                    } else {","lastModifiedDate":"2024-08-22","isFullCredit":false},{"lineNumber":78,"author":{"gitId":"DKHB0207"},"content":"                        list.get(index).changeStatus();","lastModifiedDate":"2024-08-22","isFullCredit":false},{"lineNumber":79,"author":{"gitId":"DKHB0207"},"content":"                        printWithLines(\"Nice! I\u0027ve marked this task as done:\\n\" +","lastModifiedDate":"2024-08-22","isFullCredit":false},{"lineNumber":80,"author":{"gitId":"DKHB0207"},"content":"                                list.get(index).toString());","lastModifiedDate":"2024-08-22","isFullCredit":false},{"lineNumber":81,"author":{"gitId":"DKHB0207"},"content":"                    }","lastModifiedDate":"2024-08-22","isFullCredit":false},{"lineNumber":82,"author":{"gitId":"DKHB0207"},"content":"                } else if (userInput.startsWith(\"unmark\")) {","lastModifiedDate":"2024-08-22","isFullCredit":false},{"lineNumber":83,"author":{"gitId":"DKHB0207"},"content":"                    String[] split \u003d userInput.split(\" \");","lastModifiedDate":"2024-08-22","isFullCredit":false},{"lineNumber":84,"author":{"gitId":"DKHB0207"},"content":"                    int index \u003d Integer.valueOf(split[1]) - 1;","lastModifiedDate":"2024-08-22","isFullCredit":false},{"lineNumber":85,"author":{"gitId":"DKHB0207"},"content":"                    if (index \u003e list.size() - 1) {","lastModifiedDate":"2024-08-22","isFullCredit":false},{"lineNumber":86,"author":{"gitId":"DKHB0207"},"content":"                        throw new SnipeException(\"This list item does not exist!\\n\"","lastModifiedDate":"2024-08-22","isFullCredit":false},{"lineNumber":87,"author":{"gitId":"DKHB0207"},"content":"                                + String.format(\"You currently have %d %s in the list.\",","lastModifiedDate":"2024-08-22","isFullCredit":false},{"lineNumber":88,"author":{"gitId":"DKHB0207"},"content":"                                list.size(), list.size() \u003d\u003d 1 ? \"task\" : \"tasks\"));","lastModifiedDate":"2024-08-22","isFullCredit":false},{"lineNumber":89,"author":{"gitId":"DKHB0207"},"content":"                    }","lastModifiedDate":"2024-08-22","isFullCredit":false},{"lineNumber":90,"author":{"gitId":"DKHB0207"},"content":"                    if (!list.get(index).getStatus()) {","lastModifiedDate":"2024-08-22","isFullCredit":false},{"lineNumber":91,"author":{"gitId":"DKHB0207"},"content":"                        printWithLines(\"This task is currently not done yet!\");","lastModifiedDate":"2024-08-22","isFullCredit":false},{"lineNumber":92,"author":{"gitId":"DKHB0207"},"content":"                    } else {","lastModifiedDate":"2024-08-22","isFullCredit":false},{"lineNumber":93,"author":{"gitId":"DKHB0207"},"content":"                        list.get(index).changeStatus();","lastModifiedDate":"2024-08-22","isFullCredit":false},{"lineNumber":94,"author":{"gitId":"DKHB0207"},"content":"                        printWithLines(\"OK, I\u0027ve marked this task as not done yet:\\n\" +","lastModifiedDate":"2024-08-22","isFullCredit":false},{"lineNumber":95,"author":{"gitId":"DKHB0207"},"content":"                                list.get(index).toString());","lastModifiedDate":"2024-08-22","isFullCredit":false},{"lineNumber":96,"author":{"gitId":"DKHB0207"},"content":"                    }","lastModifiedDate":"2024-08-22","isFullCredit":false},{"lineNumber":97,"author":{"gitId":"DKHB0207"},"content":"                } else {","lastModifiedDate":"2024-08-22","isFullCredit":false},{"lineNumber":98,"author":{"gitId":"DKHB0207"},"content":"                    String[] split \u003d userInput.split(\" \", 2);","lastModifiedDate":"2024-08-22","isFullCredit":false},{"lineNumber":99,"author":{"gitId":"DKHB0207"},"content":"                    Task newTask \u003d addTask(split);","lastModifiedDate":"2024-08-22","isFullCredit":false},{"lineNumber":100,"author":{"gitId":"DKHB0207"},"content":"                    list.add(newTask);","lastModifiedDate":"2024-08-22","isFullCredit":false},{"lineNumber":101,"author":{"gitId":"DKHB0207"},"content":"                    int listSize \u003d list.size();","lastModifiedDate":"2024-08-22","isFullCredit":false},{"lineNumber":102,"author":{"gitId":"DKHB0207"},"content":"                    String message \u003d \" Got it. I\u0027ve added this task:\\n  \"","lastModifiedDate":"2024-08-22","isFullCredit":false},{"lineNumber":103,"author":{"gitId":"DKHB0207"},"content":"                            + newTask.toString()","lastModifiedDate":"2024-08-22","isFullCredit":false},{"lineNumber":104,"author":{"gitId":"DKHB0207"},"content":"                            + String.format(\"\\n Now you have %d %s in the list.\", listSize, listSize \u003d\u003d 1 ? \"task\" : \"tasks\");","lastModifiedDate":"2024-08-22","isFullCredit":false},{"lineNumber":105,"author":{"gitId":"DKHB0207"},"content":"                    printWithLines(message);","lastModifiedDate":"2024-08-22","isFullCredit":false},{"lineNumber":106,"author":{"gitId":"DKHB0207"},"content":"                }","lastModifiedDate":"2024-08-22","isFullCredit":false},{"lineNumber":107,"author":{"gitId":"DKHB0207"},"content":"            } else {","lastModifiedDate":"2024-08-22","isFullCredit":false},{"lineNumber":108,"author":{"gitId":"DKHB0207"},"content":"                throw new SnipeException(\"That is not a valid input!\\nTo see list of valid inputs, try the \u0027help\u0027 command\");","lastModifiedDate":"2024-08-22","isFullCredit":false},{"lineNumber":109,"author":{"gitId":"DKHB0207"},"content":"            }","lastModifiedDate":"2024-08-22","isFullCredit":false},{"lineNumber":110,"author":{"gitId":"DKHB0207"},"content":"        } catch(SnipeException e) {","lastModifiedDate":"2024-08-22","isFullCredit":false},{"lineNumber":111,"author":{"gitId":"DKHB0207"},"content":"            printWithLines(e.getMessage());","lastModifiedDate":"2024-08-22","isFullCredit":false},{"lineNumber":112,"author":{"gitId":"DKHB0207"},"content":"        }","lastModifiedDate":"2024-08-22","isFullCredit":false},{"lineNumber":113,"author":{"gitId":"DKHB0207"},"content":"    }","lastModifiedDate":"2024-08-22","isFullCredit":false},{"lineNumber":114,"author":{"gitId":"DKHB0207"},"content":"    private Task addTask(String[] split) throws SnipeException {","lastModifiedDate":"2024-08-22","isFullCredit":false},{"lineNumber":115,"author":{"gitId":"DKHB0207"},"content":"        try {","lastModifiedDate":"2024-08-22","isFullCredit":false},{"lineNumber":116,"author":{"gitId":"DKHB0207"},"content":"            if (split.length \u003c 2 || split[1].trim().isEmpty()) {","lastModifiedDate":"2024-08-22","isFullCredit":false},{"lineNumber":117,"author":{"gitId":"DKHB0207"},"content":"                throw new SnipeException(\"NOOOOO!! The description of a task cannot be empty.\\n\" +","lastModifiedDate":"2024-08-22","isFullCredit":false},{"lineNumber":118,"author":{"gitId":"DKHB0207"},"content":"                        \"To see how the commands can be implemented, use \u0027help\u0027.\");","lastModifiedDate":"2024-08-22","isFullCredit":false},{"lineNumber":119,"author":{"gitId":"DKHB0207"},"content":"            } else {","lastModifiedDate":"2024-08-22","isFullCredit":false},{"lineNumber":120,"author":{"gitId":"DKHB0207"},"content":"                String taskType \u003d split[0];","lastModifiedDate":"2024-08-22","isFullCredit":false},{"lineNumber":121,"author":{"gitId":"DKHB0207"},"content":"                if (taskType.equals(\"todo\")) {","lastModifiedDate":"2024-08-22","isFullCredit":false},{"lineNumber":122,"author":{"gitId":"DKHB0207"},"content":"                    return new ToDo(split[1]);","lastModifiedDate":"2024-08-22","isFullCredit":false},{"lineNumber":123,"author":{"gitId":"DKHB0207"},"content":"                } else if (taskType.equals(\"deadline\")) {","lastModifiedDate":"2024-08-22","isFullCredit":false},{"lineNumber":124,"author":{"gitId":"DKHB0207"},"content":"                    String[] toSplit \u003d split[1].split(\" /by \", 2);","lastModifiedDate":"2024-08-22","isFullCredit":false},{"lineNumber":125,"author":{"gitId":"DKHB0207"},"content":"                    String description \u003d toSplit[0];","lastModifiedDate":"2024-08-22","isFullCredit":false},{"lineNumber":126,"author":{"gitId":"DKHB0207"},"content":"                    String deadline \u003d toSplit[1];","lastModifiedDate":"2024-08-22","isFullCredit":false},{"lineNumber":127,"author":{"gitId":"DKHB0207"},"content":"                    return new Deadline(description, deadline);","lastModifiedDate":"2024-08-22","isFullCredit":false},{"lineNumber":128,"author":{"gitId":"DKHB0207"},"content":"                } else if (taskType.equals(\"event\")) {","lastModifiedDate":"2024-08-22","isFullCredit":false},{"lineNumber":129,"author":{"gitId":"DKHB0207"},"content":"                    String[] toSplit \u003d split[1].split(\" /from | /to \");","lastModifiedDate":"2024-08-22","isFullCredit":false},{"lineNumber":130,"author":{"gitId":"DKHB0207"},"content":"                    String description \u003d toSplit[0];","lastModifiedDate":"2024-08-22","isFullCredit":false},{"lineNumber":131,"author":{"gitId":"DKHB0207"},"content":"                    String start \u003d toSplit[1];","lastModifiedDate":"2024-08-22","isFullCredit":false},{"lineNumber":132,"author":{"gitId":"DKHB0207"},"content":"                    String end \u003d toSplit[2];","lastModifiedDate":"2024-08-22","isFullCredit":false},{"lineNumber":133,"author":{"gitId":"DKHB0207"},"content":"                    return new Event(description, start, end);","lastModifiedDate":"2024-08-22","isFullCredit":false},{"lineNumber":134,"author":{"gitId":"DKHB0207"},"content":"                }","lastModifiedDate":"2024-08-22","isFullCredit":false},{"lineNumber":135,"author":{"gitId":"DKHB0207"},"content":"                throw new SnipeException(\"Invalid Task given\");","lastModifiedDate":"2024-08-22","isFullCredit":false},{"lineNumber":136,"author":{"gitId":"DKHB0207"},"content":"            }","lastModifiedDate":"2024-08-22","isFullCredit":false},{"lineNumber":137,"author":{"gitId":"DKHB0207"},"content":"        } catch (Exception e) {","lastModifiedDate":"2024-08-22","isFullCredit":false},{"lineNumber":138,"author":{"gitId":"DKHB0207"},"content":"            throw new SnipeException(\"Your task input format is wrong!\");","lastModifiedDate":"2024-08-22","isFullCredit":false},{"lineNumber":139,"author":{"gitId":"DKHB0207"},"content":"        }","lastModifiedDate":"2024-08-22","isFullCredit":false},{"lineNumber":140,"author":{"gitId":"DKHB0207"},"content":"    }","lastModifiedDate":"2024-08-22","isFullCredit":false},{"lineNumber":141,"author":{"gitId":"DKHB0207"},"content":"    private void returnList() {","lastModifiedDate":"2024-08-22","isFullCredit":false},{"lineNumber":142,"author":{"gitId":"DKHB0207"},"content":"        System.out.println(HORIZONTAL_LINE);","lastModifiedDate":"2024-08-22","isFullCredit":false},{"lineNumber":143,"author":{"gitId":"DKHB0207"},"content":"        System.out.println(\"Here are the tasks in your list:\");","lastModifiedDate":"2024-08-22","isFullCredit":false},{"lineNumber":144,"author":{"gitId":"DKHB0207"},"content":"        for(int i \u003d 0; i \u003c list.size(); i++) {","lastModifiedDate":"2024-08-22","isFullCredit":false},{"lineNumber":145,"author":{"gitId":"DKHB0207"},"content":"            String item \u003d String.format(\"%d. \", i + 1) + list.get(i).toString();","lastModifiedDate":"2024-08-22","isFullCredit":false},{"lineNumber":146,"author":{"gitId":"DKHB0207"},"content":"            System.out.println(item);","lastModifiedDate":"2024-08-22","isFullCredit":false},{"lineNumber":147,"author":{"gitId":"DKHB0207"},"content":"        }","lastModifiedDate":"2024-08-22","isFullCredit":false},{"lineNumber":148,"author":{"gitId":"DKHB0207"},"content":"        System.out.println(HORIZONTAL_LINE);","lastModifiedDate":"2024-08-22","isFullCredit":false},{"lineNumber":149,"author":{"gitId":"DKHB0207"},"content":"    }","lastModifiedDate":"2024-08-22","isFullCredit":false},{"lineNumber":150,"author":{"gitId":"DKHB0207"},"content":"    private void printWithLines(String message) {","lastModifiedDate":"2024-08-22","isFullCredit":false},{"lineNumber":151,"author":{"gitId":"DKHB0207"},"content":"        System.out.println(HORIZONTAL_LINE);","lastModifiedDate":"2024-08-22","isFullCredit":false},{"lineNumber":152,"author":{"gitId":"DKHB0207"},"content":"        System.out.println(message);","lastModifiedDate":"2024-08-22","isFullCredit":false},{"lineNumber":153,"author":{"gitId":"DKHB0207"},"content":"        System.out.println(HORIZONTAL_LINE);","lastModifiedDate":"2024-08-22","isFullCredit":false},{"lineNumber":154,"author":{"gitId":"DKHB0207"},"content":"    }","lastModifiedDate":"2024-08-22","isFullCredit":false},{"lineNumber":155,"author":{"gitId":"DKHB0207"},"content":"    private void exitChat(Scanner scanner) {","lastModifiedDate":"2024-08-22","isFullCredit":false},{"lineNumber":156,"author":{"gitId":"DKHB0207"},"content":"        String CLOSING_MESSAGE \u003d \"Bye. Hope to see you again soon!\";","lastModifiedDate":"2024-08-22","isFullCredit":false},{"lineNumber":157,"author":{"gitId":"DKHB0207"},"content":"        printWithLines(CLOSING_MESSAGE);","lastModifiedDate":"2024-08-22","isFullCredit":false},{"lineNumber":158,"author":{"gitId":"DKHB0207"},"content":"        scanner.close();","lastModifiedDate":"2024-08-22","isFullCredit":false},{"lineNumber":159,"author":{"gitId":"DKHB0207"},"content":"    }","lastModifiedDate":"2024-08-22","isFullCredit":false},{"lineNumber":160,"author":{"gitId":"DKHB0207"},"content":"    public static void main(String[] args) {","lastModifiedDate":"2024-08-22","isFullCredit":false},{"lineNumber":161,"author":{"gitId":"DKHB0207"},"content":"        Snipe snipe \u003d new Snipe();","lastModifiedDate":"2024-08-22","isFullCredit":false},{"lineNumber":162,"author":{"gitId":"DKHB0207"},"content":"        snipe.initChat();","lastModifiedDate":"2024-08-22","isFullCredit":false},{"lineNumber":163,"author":{"gitId":"DKHB0207"},"content":"    }","lastModifiedDate":"2024-08-22","isFullCredit":false},{"lineNumber":164,"author":{"gitId":"DKHB0207"},"content":"}","lastModifiedDate":"2024-08-22","isFullCredit":false},{"lineNumber":165,"author":{"gitId":"DKHB0207"},"content":"","lastModifiedDate":"2024-08-22","isFullCredit":false},{"lineNumber":166,"author":{"gitId":"DKHB0207"},"content":"","lastModifiedDate":"2024-08-22","isFullCredit":false}],"authorContributionMap":{"DKHB0207":166}},{"path":"src/main/java/SnipeException.java","fileType":"java","lines":[{"lineNumber":1,"author":{"gitId":"DKHB0207"},"content":"public class SnipeException extends Exception{","lastModifiedDate":"2024-08-22","isFullCredit":false},{"lineNumber":2,"author":{"gitId":"DKHB0207"},"content":"    public SnipeException(String message) {","lastModifiedDate":"2024-08-22","isFullCredit":false},{"lineNumber":3,"author":{"gitId":"DKHB0207"},"content":"        super(message);","lastModifiedDate":"2024-08-22","isFullCredit":false},{"lineNumber":4,"author":{"gitId":"DKHB0207"},"content":"    }","lastModifiedDate":"2024-08-22","isFullCredit":false},{"lineNumber":5,"author":{"gitId":"DKHB0207"},"content":"}","lastModifiedDate":"2024-08-22","isFullCredit":false}],"authorContributionMap":{"DKHB0207":5}},{"path":"src/main/java/Task.java","fileType":"java","lines":[{"lineNumber":1,"author":{"gitId":"DKHB0207"},"content":"public class Task {","lastModifiedDate":"2024-08-22","isFullCredit":false},{"lineNumber":2,"author":{"gitId":"DKHB0207"},"content":"    protected String description;","lastModifiedDate":"2024-08-22","isFullCredit":false},{"lineNumber":3,"author":{"gitId":"DKHB0207"},"content":"    protected boolean isDone;","lastModifiedDate":"2024-08-22","isFullCredit":false},{"lineNumber":4,"author":{"gitId":"DKHB0207"},"content":"","lastModifiedDate":"2024-08-22","isFullCredit":false},{"lineNumber":5,"author":{"gitId":"DKHB0207"},"content":"    public Task(String description) {","lastModifiedDate":"2024-08-22","isFullCredit":false},{"lineNumber":6,"author":{"gitId":"DKHB0207"},"content":"        this.description \u003d description;","lastModifiedDate":"2024-08-22","isFullCredit":false},{"lineNumber":7,"author":{"gitId":"DKHB0207"},"content":"        this.isDone \u003d false;","lastModifiedDate":"2024-08-22","isFullCredit":false},{"lineNumber":8,"author":{"gitId":"DKHB0207"},"content":"    }","lastModifiedDate":"2024-08-22","isFullCredit":false},{"lineNumber":9,"author":{"gitId":"DKHB0207"},"content":"","lastModifiedDate":"2024-08-22","isFullCredit":false},{"lineNumber":10,"author":{"gitId":"DKHB0207"},"content":"    public boolean getStatus() {","lastModifiedDate":"2024-08-22","isFullCredit":false},{"lineNumber":11,"author":{"gitId":"DKHB0207"},"content":"        return this.isDone;","lastModifiedDate":"2024-08-22","isFullCredit":false},{"lineNumber":12,"author":{"gitId":"DKHB0207"},"content":"    }","lastModifiedDate":"2024-08-22","isFullCredit":false},{"lineNumber":13,"author":{"gitId":"DKHB0207"},"content":"    public String getDescription() {","lastModifiedDate":"2024-08-22","isFullCredit":false},{"lineNumber":14,"author":{"gitId":"DKHB0207"},"content":"        return this.description;","lastModifiedDate":"2024-08-22","isFullCredit":false},{"lineNumber":15,"author":{"gitId":"DKHB0207"},"content":"    }","lastModifiedDate":"2024-08-22","isFullCredit":false},{"lineNumber":16,"author":{"gitId":"DKHB0207"},"content":"","lastModifiedDate":"2024-08-22","isFullCredit":false},{"lineNumber":17,"author":{"gitId":"DKHB0207"},"content":"    public String stringStatus() {","lastModifiedDate":"2024-08-22","isFullCredit":false},{"lineNumber":18,"author":{"gitId":"DKHB0207"},"content":"        return (isDone ? \"X\" : \" \"); // mark done task with X","lastModifiedDate":"2024-08-22","isFullCredit":false},{"lineNumber":19,"author":{"gitId":"DKHB0207"},"content":"    }","lastModifiedDate":"2024-08-22","isFullCredit":false},{"lineNumber":20,"author":{"gitId":"DKHB0207"},"content":"    public void changeStatus() {","lastModifiedDate":"2024-08-22","isFullCredit":false},{"lineNumber":21,"author":{"gitId":"DKHB0207"},"content":"        this.isDone \u003d !isDone;","lastModifiedDate":"2024-08-22","isFullCredit":false},{"lineNumber":22,"author":{"gitId":"DKHB0207"},"content":"    }","lastModifiedDate":"2024-08-22","isFullCredit":false},{"lineNumber":23,"author":{"gitId":"DKHB0207"},"content":"    @Override","lastModifiedDate":"2024-08-22","isFullCredit":false},{"lineNumber":24,"author":{"gitId":"DKHB0207"},"content":"    public String toString() {","lastModifiedDate":"2024-08-22","isFullCredit":false},{"lineNumber":25,"author":{"gitId":"DKHB0207"},"content":"        return \"[\" + stringStatus() + \"] \" + this.description;","lastModifiedDate":"2024-08-22","isFullCredit":false},{"lineNumber":26,"author":{"gitId":"DKHB0207"},"content":"    }","lastModifiedDate":"2024-08-22","isFullCredit":false},{"lineNumber":27,"author":{"gitId":"DKHB0207"},"content":"}","lastModifiedDate":"2024-08-22","isFullCredit":false}],"authorContributionMap":{"DKHB0207":27}},{"path":"src/main/java/ToDo.java","fileType":"java","lines":[{"lineNumber":1,"author":{"gitId":"DKHB0207"},"content":"public class ToDo extends Task {","lastModifiedDate":"2024-08-22","isFullCredit":false},{"lineNumber":2,"author":{"gitId":"DKHB0207"},"content":"    public ToDo(String description) {","lastModifiedDate":"2024-08-22","isFullCredit":false},{"lineNumber":3,"author":{"gitId":"DKHB0207"},"content":"        super(description);","lastModifiedDate":"2024-08-22","isFullCredit":false},{"lineNumber":4,"author":{"gitId":"DKHB0207"},"content":"    }","lastModifiedDate":"2024-08-22","isFullCredit":false},{"lineNumber":5,"author":{"gitId":"DKHB0207"},"content":"    @Override","lastModifiedDate":"2024-08-22","isFullCredit":false},{"lineNumber":6,"author":{"gitId":"DKHB0207"},"content":"    public String toString() {","lastModifiedDate":"2024-08-22","isFullCredit":false},{"lineNumber":7,"author":{"gitId":"DKHB0207"},"content":"        return \"[T]\" + super.toString();","lastModifiedDate":"2024-08-22","isFullCredit":false},{"lineNumber":8,"author":{"gitId":"DKHB0207"},"content":"    }","lastModifiedDate":"2024-08-22","isFullCredit":false},{"lineNumber":9,"author":{"gitId":"DKHB0207"},"content":"}","lastModifiedDate":"2024-08-22","isFullCredit":false}],"authorContributionMap":{"DKHB0207":9}},{"path":"src/main/txt/helpinstructions.txt","fileType":"txt","lines":[{"lineNumber":1,"author":{"gitId":"DKHB0207"},"content":"Hello! Here are your list of helpful commands:","lastModifiedDate":"2024-08-22","isFullCredit":false},{"lineNumber":2,"author":{"gitId":"DKHB0207"},"content":"\u0027list\u0027 - shows you your current list of tasks","lastModifiedDate":"2024-08-22","isFullCredit":false},{"lineNumber":3,"author":{"gitId":"DKHB0207"},"content":"\u0027mark n\u0027 - marks the task on your list at number n as done","lastModifiedDate":"2024-08-22","isFullCredit":false},{"lineNumber":4,"author":{"gitId":"DKHB0207"},"content":"\u0027unmark n\u0027 - unmarks the task on your list at number n as not done","lastModifiedDate":"2024-08-22","isFullCredit":false},{"lineNumber":5,"author":{"gitId":"DKHB0207"},"content":"\u0027todo task_name\u0027 - adds a todo task with task_name to your list","lastModifiedDate":"2024-08-22","isFullCredit":false},{"lineNumber":6,"author":{"gitId":"DKHB0207"},"content":"\u0027deadline task_name /by due_date\u0027 - adds a deadline task with task_name to your list with a deadline of due_date","lastModifiedDate":"2024-08-22","isFullCredit":false},{"lineNumber":7,"author":{"gitId":"DKHB0207"},"content":"\u0027event task_name /from start_date /to end_date\u0027 - adds an event task with task_name with a start_date to end_date","lastModifiedDate":"2024-08-22","isFullCredit":false},{"lineNumber":8,"author":{"gitId":"DKHB0207"},"content":"\u0027help\u0027 - shows the list of useful commands","lastModifiedDate":"2024-08-22","isFullCredit":false}],"authorContributionMap":{"DKHB0207":8}},{"path":"text-ui-test/input.txt","fileType":"txt","lines":[{"lineNumber":1,"author":{"gitId":"DKHB0207"},"content":"todo read book","lastModifiedDate":"2024-08-22","isFullCredit":false},{"lineNumber":2,"author":{"gitId":"DKHB0207"},"content":"deadline submit assignment /by 2024-08-22","lastModifiedDate":"2024-08-22","isFullCredit":false},{"lineNumber":3,"author":{"gitId":"DKHB0207"},"content":"event team meeting /from 2024-08-23 14:00 /to 16:00","lastModifiedDate":"2024-08-22","isFullCredit":false},{"lineNumber":4,"author":{"gitId":"DKHB0207"},"content":"list","lastModifiedDate":"2024-08-22","isFullCredit":false},{"lineNumber":5,"author":{"gitId":"DKHB0207"},"content":"mark 2","lastModifiedDate":"2024-08-22","isFullCredit":false},{"lineNumber":6,"author":{"gitId":"DKHB0207"},"content":"list","lastModifiedDate":"2024-08-22","isFullCredit":false},{"lineNumber":7,"author":{"gitId":"DKHB0207"},"content":"unmark 2","lastModifiedDate":"2024-08-22","isFullCredit":false},{"lineNumber":8,"author":{"gitId":"DKHB0207"},"content":"list","lastModifiedDate":"2024-08-22","isFullCredit":false},{"lineNumber":9,"author":{"gitId":"DKHB0207"},"content":"bye","lastModifiedDate":"2024-08-22","isFullCredit":false}],"authorContributionMap":{"DKHB0207":9}},{"path":"text-ui-test/runtest.sh","fileType":"sh","lines":[{"lineNumber":1,"author":{"gitId":"-"},"content":"#!/usr/bin/env bash","lastModifiedDate":"2020-05-25","isFullCredit":false},{"lineNumber":2,"author":{"gitId":"-"},"content":"","lastModifiedDate":"2020-05-25","isFullCredit":false},{"lineNumber":3,"author":{"gitId":"-"},"content":"# create bin directory if it doesn\u0027t exist","lastModifiedDate":"2020-05-25","isFullCredit":false},{"lineNumber":4,"author":{"gitId":"-"},"content":"if [ ! -d \"../bin\" ]","lastModifiedDate":"2020-05-25","isFullCredit":false},{"lineNumber":5,"author":{"gitId":"-"},"content":"then","lastModifiedDate":"2020-05-25","isFullCredit":false},{"lineNumber":6,"author":{"gitId":"-"},"content":"    mkdir ../bin","lastModifiedDate":"2020-05-25","isFullCredit":false},{"lineNumber":7,"author":{"gitId":"-"},"content":"fi","lastModifiedDate":"2020-05-25","isFullCredit":false},{"lineNumber":8,"author":{"gitId":"-"},"content":"","lastModifiedDate":"2020-05-25","isFullCredit":false},{"lineNumber":9,"author":{"gitId":"-"},"content":"# delete output from previous run","lastModifiedDate":"2020-05-25","isFullCredit":false},{"lineNumber":10,"author":{"gitId":"-"},"content":"if [ -e \"./ACTUAL.TXT\" ]","lastModifiedDate":"2020-05-25","isFullCredit":false},{"lineNumber":11,"author":{"gitId":"-"},"content":"then","lastModifiedDate":"2020-05-25","isFullCredit":false},{"lineNumber":12,"author":{"gitId":"-"},"content":"    rm ACTUAL.TXT","lastModifiedDate":"2020-05-25","isFullCredit":false},{"lineNumber":13,"author":{"gitId":"-"},"content":"fi","lastModifiedDate":"2020-05-25","isFullCredit":false},{"lineNumber":14,"author":{"gitId":"-"},"content":"","lastModifiedDate":"2020-05-25","isFullCredit":false},{"lineNumber":15,"author":{"gitId":"-"},"content":"# compile the code into the bin folder, terminates if error occurred","lastModifiedDate":"2020-05-25","isFullCredit":false},{"lineNumber":16,"author":{"gitId":"-"},"content":"if ! javac -cp ../src/main/java -Xlint:none -d ../bin ../src/main/java/*.java","lastModifiedDate":"2020-08-25","isFullCredit":false},{"lineNumber":17,"author":{"gitId":"-"},"content":"then","lastModifiedDate":"2020-05-25","isFullCredit":false},{"lineNumber":18,"author":{"gitId":"-"},"content":"    echo \"********** BUILD FAILURE **********\"","lastModifiedDate":"2020-05-25","isFullCredit":false},{"lineNumber":19,"author":{"gitId":"-"},"content":"    exit 1","lastModifiedDate":"2020-05-25","isFullCredit":false},{"lineNumber":20,"author":{"gitId":"-"},"content":"fi","lastModifiedDate":"2020-05-25","isFullCredit":false},{"lineNumber":21,"author":{"gitId":"-"},"content":"","lastModifiedDate":"2020-05-25","isFullCredit":false},{"lineNumber":22,"author":{"gitId":"-"},"content":"# run the program, feed commands from input.txt file and redirect the output to the ACTUAL.TXT","lastModifiedDate":"2020-05-25","isFullCredit":false},{"lineNumber":23,"author":{"gitId":"DKHB0207"},"content":"java -classpath ../bin Snipe \u003c input.txt \u003e ACTUAL.TXT","lastModifiedDate":"2024-08-22","isFullCredit":false},{"lineNumber":24,"author":{"gitId":"-"},"content":"","lastModifiedDate":"2020-05-25","isFullCredit":false},{"lineNumber":25,"author":{"gitId":"-"},"content":"# convert to UNIX format","lastModifiedDate":"2020-05-25","isFullCredit":false},{"lineNumber":26,"author":{"gitId":"-"},"content":"cp EXPECTED.TXT EXPECTED-UNIX.TXT","lastModifiedDate":"2020-05-25","isFullCredit":false},{"lineNumber":27,"author":{"gitId":"-"},"content":"dos2unix ACTUAL.TXT EXPECTED-UNIX.TXT","lastModifiedDate":"2020-05-25","isFullCredit":false},{"lineNumber":28,"author":{"gitId":"-"},"content":"","lastModifiedDate":"2020-05-25","isFullCredit":false},{"lineNumber":29,"author":{"gitId":"-"},"content":"# compare the output to the expected output","lastModifiedDate":"2020-05-25","isFullCredit":false},{"lineNumber":30,"author":{"gitId":"-"},"content":"diff ACTUAL.TXT EXPECTED-UNIX.TXT","lastModifiedDate":"2020-05-25","isFullCredit":false},{"lineNumber":31,"author":{"gitId":"-"},"content":"if [ $? -eq 0 ]","lastModifiedDate":"2020-05-25","isFullCredit":false},{"lineNumber":32,"author":{"gitId":"-"},"content":"then","lastModifiedDate":"2020-05-25","isFullCredit":false},{"lineNumber":33,"author":{"gitId":"-"},"content":"    echo \"Test result: PASSED\"","lastModifiedDate":"2020-05-25","isFullCredit":false},{"lineNumber":34,"author":{"gitId":"-"},"content":"    exit 0","lastModifiedDate":"2020-05-25","isFullCredit":false},{"lineNumber":35,"author":{"gitId":"-"},"content":"else","lastModifiedDate":"2020-05-25","isFullCredit":false},{"lineNumber":36,"author":{"gitId":"-"},"content":"    echo \"Test result: FAILED\"","lastModifiedDate":"2020-05-25","isFullCredit":false},{"lineNumber":37,"author":{"gitId":"-"},"content":"    exit 1","lastModifiedDate":"2020-05-25","isFullCredit":false},{"lineNumber":38,"author":{"gitId":"-"},"content":"fi","lastModifiedDate":"2020-05-25","isFullCredit":false}],"authorContributionMap":{"DKHB0207":1,"-":37}}]
