{"authorDailyContributionsMap":{"DKHB0207":[{"date":"2024-08-22","commitResults":[{"hash":"47d9a2bb592ebfce8cbe401e60113b9a2d739965","isMergeCommit":false,"messageTitle":"clone Duke repo","messageBody":"","tags":["Level-0"],"fileTypesAndContributionMap":{"java":{"insertions":31,"deletions":10}}},{"hash":"660e791cebf7e1e4bc1fd000b106db816cf8ddc1","isMergeCommit":false,"messageTitle":"add echo and bye commands","messageBody":"","tags":["Level-1"],"fileTypesAndContributionMap":{"java":{"insertions":23,"deletions":7}}},{"hash":"3d59f51d54cc29bf93dee603bc34fdb04a6f11e6","isMergeCommit":false,"messageTitle":"add list function","messageBody":"","tags":["Level-2"],"fileTypesAndContributionMap":{"java":{"insertions":20,"deletions":1}}},{"hash":"7410c43383e528db881c35ed107de645f3294cb0","isMergeCommit":false,"messageTitle":"add mark and unmark tasks","messageBody":"","fileTypesAndContributionMap":{"java":{"insertions":25,"deletions":3}}},{"hash":"00c63b70fd223809b6158d3b107a784b6c9953dc","isMergeCommit":false,"messageTitle":"change implementation of tasks to new class Task","messageBody":"","tags":["Level-3"],"fileTypesAndContributionMap":{"java":{"insertions":32,"deletions":10}}},{"hash":"747a739cc29bde4042ad8479a198f586f73de9eb","isMergeCommit":false,"messageTitle":"add ToDo, Deadline, Event to types of tasks","messageBody":"","fileTypesAndContributionMap":{"java":{"insertions":103,"deletions":26}}},{"hash":"8ee7dcdaab4e3375403499112f37d60a91ed4b68","isMergeCommit":false,"messageTitle":"Add test files and refine kinks in chat output","messageBody":"","tags":["Level-4"],"fileTypesAndContributionMap":{"txt":{"insertions":9,"deletions":0},"java":{"insertions":2,"deletions":2}}},{"hash":"35f40483885a2c6385d4e6a8e548c65c15aeb3a9","isMergeCommit":false,"messageTitle":"Remove logo and fixed test cases","messageBody":"","tags":["A-TextUiTesting"],"fileTypesAndContributionMap":{"java":{"insertions":1,"deletions":1},"sh":{"insertions":1,"deletions":1}}},{"hash":"c001eb5b12095e2373a953473be441e71bc4365f","isMergeCommit":false,"messageTitle":"Add SnipeException Class","messageBody":"","fileTypesAndContributionMap":{"java":{"insertions":62,"deletions":45}}},{"hash":"3941ee2e40958823e29289e63760d0a9b7ca35cd","isMergeCommit":false,"messageTitle":"Add error handling and instructions for commands","messageBody":"","tags":["Level-5"],"fileTypesAndContributionMap":{"txt":{"insertions":8,"deletions":0},"java":{"insertions":50,"deletions":22}}},{"hash":"03737bb2785e73e39d01425473b4c6312107563d","isMergeCommit":false,"messageTitle":"Add delete and reformat functions","messageBody":"","tags":["Level-6"],"fileTypesAndContributionMap":{"txt":{"insertions":4,"deletions":2},"java":{"insertions":68,"deletions":57}}}]},{"date":"2024-08-23","commitResults":[{"hash":"21bdf28d059d065331c34c6c87b8ba618af39b4b","isMergeCommit":false,"messageTitle":"Add enum","messageBody":"","fileTypesAndContributionMap":{"java":{"insertions":136,"deletions":96}}},{"hash":"88b1a817d3f06f24a19b86b8563d5b2eb222a8fa","isMergeCommit":false,"messageTitle":"Add small change to output","messageBody":"","tags":["A-Enums"],"fileTypesAndContributionMap":{"java":{"insertions":1,"deletions":1}}}]}]},"authorFileTypeContributionMap":{"DKHB0207":{"java":283,"md":0,"fxml":0,"sh":1,"bat":0,"gradle":0,"txt":19}},"authorContributionVariance":{"DKHB0207":44272.75},"authorDisplayNameMap":{"DKHB0207":"DARY..BOON"}}
