{"authorDailyContributionsMap":{"DKHB0207":[{"date":"2024-08-22","commitResults":[{"hash":"47d9a2bb592ebfce8cbe401e60113b9a2d739965","isMergeCommit":false,"messageTitle":"clone Duke repo","messageBody":"","tags":["Level-0"],"fileTypesAndContributionMap":{"java":{"insertions":31,"deletions":10}}},{"hash":"660e791cebf7e1e4bc1fd000b106db816cf8ddc1","isMergeCommit":false,"messageTitle":"add echo and bye commands","messageBody":"","tags":["Level-1"],"fileTypesAndContributionMap":{"java":{"insertions":23,"deletions":7}}},{"hash":"3d59f51d54cc29bf93dee603bc34fdb04a6f11e6","isMergeCommit":false,"messageTitle":"add list function","messageBody":"","tags":["Level-2"],"fileTypesAndContributionMap":{"java":{"insertions":20,"deletions":1}}},{"hash":"7410c43383e528db881c35ed107de645f3294cb0","isMergeCommit":false,"messageTitle":"add mark and unmark tasks","messageBody":"","fileTypesAndContributionMap":{"java":{"insertions":25,"deletions":3}}},{"hash":"00c63b70fd223809b6158d3b107a784b6c9953dc","isMergeCommit":false,"messageTitle":"change implementation of tasks to new class Task","messageBody":"","tags":["Level-3"],"fileTypesAndContributionMap":{"java":{"insertions":32,"deletions":10}}},{"hash":"747a739cc29bde4042ad8479a198f586f73de9eb","isMergeCommit":false,"messageTitle":"add ToDo, Deadline, Event to types of tasks","messageBody":"","fileTypesAndContributionMap":{"java":{"insertions":103,"deletions":26}}},{"hash":"8ee7dcdaab4e3375403499112f37d60a91ed4b68","isMergeCommit":false,"messageTitle":"Add test files and refine kinks in chat output","messageBody":"","tags":["Level-4"],"fileTypesAndContributionMap":{"txt":{"insertions":9,"deletions":0},"java":{"insertions":2,"deletions":2}}},{"hash":"35f40483885a2c6385d4e6a8e548c65c15aeb3a9","isMergeCommit":false,"messageTitle":"Remove logo and fixed test cases","messageBody":"","tags":["A-TextUiTesting"],"fileTypesAndContributionMap":{"java":{"insertions":1,"deletions":1},"sh":{"insertions":1,"deletions":1}}},{"hash":"c001eb5b12095e2373a953473be441e71bc4365f","isMergeCommit":false,"messageTitle":"Add SnipeException Class","messageBody":"","fileTypesAndContributionMap":{"java":{"insertions":62,"deletions":45}}},{"hash":"3941ee2e40958823e29289e63760d0a9b7ca35cd","isMergeCommit":false,"messageTitle":"Add error handling and instructions for commands","messageBody":"","tags":["Level-5"],"fileTypesAndContributionMap":{"txt":{"insertions":8,"deletions":0},"java":{"insertions":50,"deletions":22}}},{"hash":"03737bb2785e73e39d01425473b4c6312107563d","isMergeCommit":false,"messageTitle":"Add delete and reformat functions","messageBody":"","tags":["Level-6"],"fileTypesAndContributionMap":{"txt":{"insertions":4,"deletions":2},"java":{"insertions":68,"deletions":57}}}]},{"date":"2024-08-23","commitResults":[{"hash":"21bdf28d059d065331c34c6c87b8ba618af39b4b","isMergeCommit":false,"messageTitle":"Add enum","messageBody":"","fileTypesAndContributionMap":{"java":{"insertions":136,"deletions":96}}},{"hash":"88b1a817d3f06f24a19b86b8563d5b2eb222a8fa","isMergeCommit":false,"messageTitle":"Add small change to output","messageBody":"","tags":["A-Enums"],"fileTypesAndContributionMap":{"java":{"insertions":1,"deletions":1}}},{"hash":"a8eec185d39cf4beb619e60b42ba631a9bca120c","isMergeCommit":false,"messageTitle":"Add javadoc comments","messageBody":"","fileTypesAndContributionMap":{"java":{"insertions":261,"deletions":32}}}]},{"date":"2024-08-27","commitResults":[{"hash":"e625dce1779e58c1a819f93175f83232e327464e","isMergeCommit":false,"messageTitle":"change style","messageBody":"","fileTypesAndContributionMap":{"java":{"insertions":22,"deletions":22}}},{"hash":"19b4794a7be46b502f2e62bcb3d058b74548c2c9","isMergeCommit":false,"messageTitle":"Add storage class","messageBody":"","fileTypesAndContributionMap":{"java":{"insertions":112,"deletions":0}}}]},{"date":"2024-08-28","commitResults":[{"hash":"23d552ee5989d87ef4fe934a16c7cb25a791b912","isMergeCommit":false,"messageTitle":"Implement storage class","messageBody":"","fileTypesAndContributionMap":{"txt":{"insertions":3,"deletions":0},"java":{"insertions":12,"deletions":4}}}]},{"date":"2024-08-29","commitResults":[{"hash":"32a2a73c106aeefd958ebbcfdc935165f049e11f","isMergeCommit":true,"messageTitle":"Merge branch-Level-7 to master","messageBody":"","tags":["Level-7"],"fileTypesAndContributionMap":{}},{"hash":"59bd3527164a6b180631fa1bd54f24e1de153ce3","isMergeCommit":false,"messageTitle":"Add date time formats","messageBody":"","fileTypesAndContributionMap":{"txt":{"insertions":2,"deletions":2},"java":{"insertions":67,"deletions":16}}},{"hash":"395b7ba78f37499b992b83e3bd4e56e9d3cc86e4","isMergeCommit":true,"messageTitle":"Merge branch \u0027branch-Level-8\u0027","messageBody":"","tags":["Level-8"],"fileTypesAndContributionMap":{}},{"hash":"d8d7a3aff6d48e2cc8fdd0c58378dbc3e3516112","isMergeCommit":false,"messageTitle":"Create new branch and add Parser, TaskList and Ui classes","messageBody":"","fileTypesAndContributionMap":{"java":{"insertions":6,"deletions":0}}},{"hash":"b653954f927fcaa6f56a10fdcd28b2615c5ac8d8","isMergeCommit":false,"messageTitle":"Refactor code to align to OOP principles","messageBody":"","fileTypesAndContributionMap":{"txt":{"insertions":2,"deletions":3},"java":{"insertions":359,"deletions":302}}},{"hash":"f495b5a2105d462d365673cd761df23043debf44","isMergeCommit":true,"messageTitle":"Merge branch \u0027branch-A-MoreOOP\u0027","messageBody":"","tags":["A-MoreOOP"],"fileTypesAndContributionMap":{}},{"hash":"e9ee44fd9e25e2ed84c3fb6cc621537ef4b3dcfc","isMergeCommit":false,"messageTitle":"Organise classes into packages and removed unused variables","messageBody":"","fileTypesAndContributionMap":{"txt":{"insertions":2,"deletions":1},"java":{"insertions":141,"deletions":66}}},{"hash":"3fbb4eb6839f8b5569f9b699996fedaad6ab4e9a","isMergeCommit":true,"messageTitle":"Merge branch \u0027branch-A-Packages\u0027","messageBody":"","tags":["A-Packages"],"fileTypesAndContributionMap":{}},{"hash":"9349a13e68a536d57dec1ccbcb5ee3627e7c2fcc","isMergeCommit":true,"messageTitle":"Merge commit \u002781a9c537afe8492675eb253968939364d65db091\u0027","messageBody":"","tags":["A-Gradle"],"fileTypesAndContributionMap":{}},{"hash":"63de60492385b497c04319bca2044ae844784550","isMergeCommit":false,"messageTitle":"Add JUnit tests and fixed minor output bugs","messageBody":"","tags":["A-JUnit"],"fileTypesAndContributionMap":{"txt":{"insertions":0,"deletions":1},"java":{"insertions":129,"deletions":3}}},{"hash":"68fe3269f116a5376a8b01f96d46f4f9b4287275","isMergeCommit":false,"messageTitle":"Package the App as a JAR file","messageBody":"","tags":["A-Jar"],"fileTypesAndContributionMap":{"txt":{"insertions":1,"deletions":0}}},{"hash":"d1851209468c758fd9acc9ddb41b3d8eaafa4d69","isMergeCommit":false,"messageTitle":"Add JavaDoc comments for classes in core package","messageBody":"","fileTypesAndContributionMap":{"java":{"insertions":63,"deletions":4}}},{"hash":"ec4d2a26b283e485207219421dc18b43b2acd370","isMergeCommit":false,"messageTitle":"Add JavaDoc comments for classes in command package","messageBody":"","fileTypesAndContributionMap":{"java":{"insertions":154,"deletions":0}}},{"hash":"0a65c2c47f8c070b6ee47b7509b2d67e9df14c62","isMergeCommit":false,"messageTitle":"Add JavaDoc comments for classes in storage package","messageBody":"","fileTypesAndContributionMap":{"java":{"insertions":32,"deletions":5}}},{"hash":"61754cf49d483630edd7a57f109b0f5dcf10f693","isMergeCommit":false,"messageTitle":"Add JavaDoc comments for classes in task package","messageBody":"","fileTypesAndContributionMap":{"java":{"insertions":49,"deletions":18}}},{"hash":"a3a3d8f902cf2725c3f1620822a86a507792df95","isMergeCommit":false,"messageTitle":"Add JavaDoc comments for classes in util package","messageBody":"","fileTypesAndContributionMap":{"java":{"insertions":57,"deletions":0}}}]},{"date":"2024-08-30","commitResults":[{"hash":"586bc4c47767c43cf399e6e5d05fd7e83a99c5f6","isMergeCommit":false,"messageTitle":"Refactor the code to comply with a coding standard","messageBody":"","fileTypesAndContributionMap":{"java":{"insertions":4,"deletions":1}}},{"hash":"7512a9918d1c82bde61acde59a0037c6dc62acbd","isMergeCommit":false,"messageTitle":"Add and integrate Find class into chatbot","messageBody":"","fileTypesAndContributionMap":{"txt":{"insertions":6,"deletions":1},"java":{"insertions":49,"deletions":3}}},{"hash":"25a7770b115b7ab477701606b7e7ea153d725b0a","isMergeCommit":true,"messageTitle":"Merge branch \u0027branch-A-JavaDoc\u0027","messageBody":"","tags":["A-JavaDoc"],"fileTypesAndContributionMap":{}},{"hash":"5de91720f24c85a68e103e6a19c815e989283a40","isMergeCommit":true,"messageTitle":"Merge branch \u0027branch-A-CodingStandard\u0027","messageBody":"","tags":["A-CodingStandard"],"fileTypesAndContributionMap":{}},{"hash":"f8a5fbcc4c1d3b2c47c8a243161fbe02f4c15089","isMergeCommit":false,"messageTitle":"Add JavaDoc comments for new class FindCommand and new methods","messageBody":"","fileTypesAndContributionMap":{"java":{"insertions":27,"deletions":0}}},{"hash":"4b6fdcbdb059f0f3b8db73e9264b70a1a5d61ba5","isMergeCommit":true,"messageTitle":"Merge branch \u0027branch-Level-9\u0027","messageBody":"","tags":["Level-9"],"fileTypesAndContributionMap":{}}]},{"date":"2024-09-05","commitResults":[{"hash":"f4dcb01fea20a1c97258d867ce60c4271b48f9bd","isMergeCommit":false,"messageTitle":"Add dependencies to build.gradle","messageBody":"","fileTypesAndContributionMap":{"gradle":{"insertions":15,"deletions":0}}},{"hash":"b09832d1d0264e460b099ea5c42b57a67fed49a8","isMergeCommit":false,"messageTitle":"Add gui packages and classes","messageBody":"","fileTypesAndContributionMap":{"gradle":{"insertions":1,"deletions":1},"fxml":{"insertions":41,"deletions":0},"txt":{"insertions":1,"deletions":1},"java":{"insertions":300,"deletions":80}}},{"hash":"df74ec73fb59bcc0965d764dd650844e290908fd","isMergeCommit":true,"messageTitle":"Merge branch \u0027branch-Level-10\u0027","messageBody":"","tags":["Level-10"],"fileTypesAndContributionMap":{}}]},{"date":"2024-09-06","commitResults":[{"hash":"76a390969537f45ed875a375eb75f2698c3b22ab","isMergeCommit":false,"messageTitle":"Refactor taskList.txt","messageBody":"","fileTypesAndContributionMap":{"txt":{"insertions":1,"deletions":6}}}]}]},"authorFileTypeContributionMap":{"DKHB0207":{"java":1571,"md":0,"fxml":41,"sh":1,"bat":0,"gradle":16,"txt":22}},"authorContributionVariance":{"DKHB0207":117774.48},"authorDisplayNameMap":{"DKHB0207":"CS2103T-T10-3 DARY..BOON"}}
