{"authorDailyContributionsMap":{"devivy":[{"date":"2024-08-23","commitResults":[{"hash":"f8ee03cd82c97ae5aba2f03afdea00543ac152be","isMergeCommit":false,"messageTitle":"Add streams.java with initial implementation","messageBody":"","fileTypesAndContributionMap":{"java":{"insertions":193,"deletions":0}}},{"hash":"b48c96e12188b7ac82232192e8653f9f5bf27da4","isMergeCommit":false,"messageTitle":"Add automated test","messageBody":"","tags":["v1.0"],"fileTypesAndContributionMap":{"txt":{"insertions":13,"deletions":0},"java":{"insertions":0,"deletions":10},"sh":{"insertions":3,"deletions":2}}},{"hash":"aeb08826695bac006dabcb51c5b00620f886dbfd","isMergeCommit":false,"messageTitle":"Revised Version of Bot v.2","messageBody":"","fileTypesAndContributionMap":{"java":{"insertions":8,"deletions":15}}},{"hash":"1a136938b8ee9eaf0d36d1229599b7c4772cfb69","isMergeCommit":false,"messageTitle":"Revised Version of Bot v3.0 (with delete mode)","messageBody":"","tags":["v3"],"fileTypesAndContributionMap":{"txt":{"insertions":3,"deletions":0},"java":{"insertions":17,"deletions":0}}},{"hash":"d1bb88de2c14cae8ffbe44ddbf75fc65643fee23","isMergeCommit":false,"messageTitle":"Revised Version with Enum","messageBody":"","fileTypesAndContributionMap":{"java":{"insertions":12,"deletions":4}}}]}]},"authorFileTypeContributionMap":{"devivy":{"java":211,"md":0,"fxml":0,"sh":3,"bat":0,"gradle":0,"txt":16}},"authorContributionVariance":{"devivy":8575.0},"authorDisplayNameMap":{"devivy":"LATH..IVYA"}}
