{"authorDailyContributionsMap":{"minhao23":[{"date":"2024-08-22","commitResults":[{"hash":"157263df7499828873d894b3e23f298e98d6ded5","isMergeCommit":false,"messageTitle":"test","messageBody":"","fileTypesAndContributionMap":{"txt":{"insertions":0,"deletions":0},"java":{"insertions":0,"deletions":0},"bat":{"insertions":0,"deletions":0},"sh":{"insertions":0,"deletions":0},"md":{"insertions":0,"deletions":0}}},{"hash":"0d193fb1074a1fd7a687c602871ee7e2a0f1dfbc","isMergeCommit":false,"messageTitle":"Level 0. Rename, Greet, Exit","messageBody":"","fileTypesAndContributionMap":{"java":{"insertions":15,"deletions":10}}},{"hash":"4bfce246a8f53f26676ca27d067b272b692fd4da","isMergeCommit":false,"messageTitle":"Level 1. Echo","messageBody":"","fileTypesAndContributionMap":{"java":{"insertions":16,"deletions":0}}},{"hash":"5e1808a31ee2367bb5c1cbfec5899696502ba69e","isMergeCommit":false,"messageTitle":"Level 2. Add, List","messageBody":"","tags":["v1.0"],"fileTypesAndContributionMap":{"java":{"insertions":37,"deletions":2}}},{"hash":"e984f7eb817fda5722c732cdaa04877f64421f9c","isMergeCommit":false,"messageTitle":"Level 3. Mark as Done","messageBody":"","fileTypesAndContributionMap":{"java":{"insertions":42,"deletions":6}}},{"hash":"b995f452e0820ba7fd1821cfad6719b5d5a65a4f","isMergeCommit":false,"messageTitle":"Level 4. ToDos, Events, Deadlines","messageBody":"","tags":["v2.0"],"fileTypesAndContributionMap":{"java":{"insertions":85,"deletions":16}}}]},{"date":"2024-08-23","commitResults":[{"hash":"85736e760b1b0a8bfdd839841a48ab19c9942197","isMergeCommit":false,"messageTitle":"Level-5: Handle Errors","messageBody":"","tags":["v3.0"],"fileTypesAndContributionMap":{"java":{"insertions":55,"deletions":40}}},{"hash":"8dbebe348e4a4f35b0ca5e1b9976951b1b59ca35","isMergeCommit":false,"messageTitle":"Level 6. Delete","messageBody":"","tags":["v4.0"],"fileTypesAndContributionMap":{"java":{"insertions":15,"deletions":7}}}]},{"date":"2024-08-28","commitResults":[{"hash":"cc6171b95954acaa644318a159a05e841629e452","isMergeCommit":false,"messageTitle":"Level 7. Save","messageBody":"","tags":["level-7"],"fileTypesAndContributionMap":{"txt":{"insertions":2,"deletions":0},"java":{"insertions":207,"deletions":40}}},{"hash":"3d5d35af641f34a7ffd87b5cbad59a0fde820b11","isMergeCommit":false,"messageTitle":"Level 7. Save","messageBody":"","tags":["level-7-master"],"fileTypesAndContributionMap":{"txt":{"insertions":2,"deletions":1},"java":{"insertions":25,"deletions":9}}},{"hash":"80c30a55bf18f49b311991c8485c66a642c80d58","isMergeCommit":true,"messageTitle":"Merge branch \u0027add-gradle-support\u0027","messageBody":"","fileTypesAndContributionMap":{}}]},{"date":"2024-08-29","commitResults":[{"hash":"1259f1c259f6b3a601ac2ebedfa55a5e886e996a","isMergeCommit":false,"messageTitle":"add test files","messageBody":"","fileTypesAndContributionMap":{"txt":{"insertions":2,"deletions":2},"java":{"insertions":95,"deletions":2}}},{"hash":"0c24c188bfb016f57838e3df1ee00d7b204d15da","isMergeCommit":false,"messageTitle":"Level 8","messageBody":"","fileTypesAndContributionMap":{"java":{"insertions":44,"deletions":5}}},{"hash":"f5873bc717b8619b3597fe60ffa3e5d99602d96b","isMergeCommit":false,"messageTitle":"Add Gradle to Level 8","messageBody":"","fileTypesAndContributionMap":{"txt":{"insertions":0,"deletions":2},"java":{"insertions":7,"deletions":13}}},{"hash":"191b0831513fa7a66603c79059d517864ba8ec7c","isMergeCommit":false,"messageTitle":"add branch level 9","messageBody":"","fileTypesAndContributionMap":{"gradle":{"insertions":49,"deletions":0},"txt":{"insertions":1,"deletions":0},"java":{"insertions":201,"deletions":51},"bat":{"insertions":92,"deletions":0}}},{"hash":"bd6353f9244066d3913306620d144950b24b20b6","isMergeCommit":false,"messageTitle":"add javadoc","messageBody":"","fileTypesAndContributionMap":{"java":{"insertions":4,"deletions":0}}},{"hash":"ba07497014c02943fb1e041c4daa9ee579a4d35d","isMergeCommit":true,"messageTitle":"Merge branch \u0027javadoc\u0027","messageBody":"# Conflicts:\n#\tip/src/main/java/jarvis/Parser.java\n","tags":["level-9","level-8","level-6","level-5","level-4","level-3","level-2","level-1","level-0","A-TextUiTesting","A-Packages","A-MoreOOP","A-JavaDoc","A-JUnit","A-Gradle","A-CodingStandard"],"fileTypesAndContributionMap":{}},{"hash":"dbb327d394001b0d5f39c6723ca9599fd936866b","isMergeCommit":false,"messageTitle":"add checkstyle","messageBody":"","fileTypesAndContributionMap":{"java":{"insertions":33,"deletions":30}}}]},{"date":"2024-08-30","commitResults":[{"hash":"78004851eecc3003bb888e4c6a05b8f8e47a899d","isMergeCommit":false,"messageTitle":"Add back the handleDelete() method","messageBody":"","fileTypesAndContributionMap":{"txt":{"insertions":1,"deletions":0},"java":{"insertions":10,"deletions":0}}},{"hash":"c86d141c3bfd29c19e0d2f13ec7a7ec555ddb500","isMergeCommit":false,"messageTitle":"test commit for repo sense","messageBody":"","fileTypesAndContributionMap":{"txt":{"insertions":1,"deletions":0}}},{"hash":"997130026d545e7ac3d286eb5a8ca1671a75d423","isMergeCommit":false,"messageTitle":"Change file directory, remove redundant ip directory","messageBody":"","tags":["A-Jar"],"fileTypesAndContributionMap":{"gradle":{"insertions":12,"deletions":53},"txt":{"insertions":0,"deletions":0},"java":{"insertions":0,"deletions":0},"bat":{"insertions":0,"deletions":92},"sh":{"insertions":0,"deletions":0},"md":{"insertions":0,"deletions":0}}}]},{"date":"2024-08-31","commitResults":[{"hash":"dc473911318fa3901b7832cd624351eb54d80f69","isMergeCommit":false,"messageTitle":"reorganise file directory, debug test","messageBody":"","fileTypesAndContributionMap":{"txt":{"insertions":0,"deletions":2},"java":{"insertions":128,"deletions":28}}}]}]},"authorFileTypeContributionMap":{"minhao23":{"java":766,"md":0,"fxml":0,"sh":0,"bat":0,"gradle":12,"txt":2}},"authorContributionVariance":{"minhao23":27733.5},"authorDisplayNameMap":{"minhao23":"CS2103-F09-2 HE M..NHAO"}}
