[{"path":"README.md","fileType":"md","lines":[{"lineNumber":1,"author":{"gitId":"stanleytangzh"},"content":"# Stan project template","lastModifiedDate":"2024-08-21","isFullCredit":false},{"lineNumber":2,"author":{"gitId":"-"},"content":"","lastModifiedDate":"2020-05-25","isFullCredit":false},{"lineNumber":3,"author":{"gitId":"stanleytangzh"},"content":"This is a project template for a greenfield Java project. It\u0027s named after the Java mascot _Stan_. Given below are instructions on how to use it.","lastModifiedDate":"2024-08-21","isFullCredit":false},{"lineNumber":4,"author":{"gitId":"-"},"content":"","lastModifiedDate":"2020-05-25","isFullCredit":false},{"lineNumber":5,"author":{"gitId":"-"},"content":"## Setting up in Intellij","lastModifiedDate":"2020-05-25","isFullCredit":false},{"lineNumber":6,"author":{"gitId":"-"},"content":"","lastModifiedDate":"2020-05-25","isFullCredit":false},{"lineNumber":7,"author":{"gitId":"-"},"content":"Prerequisites: JDK 17, update Intellij to the most recent version.","lastModifiedDate":"2024-07-11","isFullCredit":false},{"lineNumber":8,"author":{"gitId":"-"},"content":"","lastModifiedDate":"2020-05-25","isFullCredit":false},{"lineNumber":9,"author":{"gitId":"-"},"content":"1. Open Intellij (if you are not in the welcome screen, click `File` \u003e `Close Project` to close the existing project first)","lastModifiedDate":"2021-01-17","isFullCredit":false},{"lineNumber":10,"author":{"gitId":"-"},"content":"1. Open the project into Intellij as follows:","lastModifiedDate":"2021-01-17","isFullCredit":false},{"lineNumber":11,"author":{"gitId":"-"},"content":"   1. Click `Open`.","lastModifiedDate":"2021-01-17","isFullCredit":false},{"lineNumber":12,"author":{"gitId":"-"},"content":"   1. Select the project directory, and click `OK`.","lastModifiedDate":"2021-01-17","isFullCredit":false},{"lineNumber":13,"author":{"gitId":"-"},"content":"   1. If there are any further prompts, accept the defaults.","lastModifiedDate":"2020-05-25","isFullCredit":false},{"lineNumber":14,"author":{"gitId":"-"},"content":"1. Configure the project to use **JDK 17** (not other versions) as explained in [here](https://www.jetbrains.com/help/idea/sdk.html#set-up-jdk).\u003cbr\u003e","lastModifiedDate":"2024-07-11","isFullCredit":false},{"lineNumber":15,"author":{"gitId":"-"},"content":"   In the same dialog, set the **Project language level** field to the `SDK default` option.","lastModifiedDate":"2021-07-29","isFullCredit":false},{"lineNumber":16,"author":{"gitId":"stanleytangzh"},"content":"3. After that, locate the `src/main/java/Stan.java` file, right-click it, and choose `Run Stan.main()` (if the code editor is showing compile errors, try restarting the IDE). If the setup is correct, you should see something like the below as the output:","lastModifiedDate":"2024-08-21","isFullCredit":false},{"lineNumber":17,"author":{"gitId":"-"},"content":"   ```","lastModifiedDate":"2020-05-25","isFullCredit":false},{"lineNumber":18,"author":{"gitId":"-"},"content":"   Hello from","lastModifiedDate":"2020-05-25","isFullCredit":false},{"lineNumber":19,"author":{"gitId":"stanleytangzh"},"content":"","lastModifiedDate":"2024-08-21","isFullCredit":false},{"lineNumber":20,"author":{"gitId":"stanleytangzh"},"content":"   Stan","lastModifiedDate":"2024-08-21","isFullCredit":false},{"lineNumber":21,"author":{"gitId":"-"},"content":"   ```","lastModifiedDate":"2020-05-25","isFullCredit":false}],"authorContributionMap":{"stanleytangzh":5,"-":16}},{"path":"docs/README.md","fileType":"md","lines":[{"lineNumber":1,"author":{"gitId":"stanleytangzh"},"content":"# Stan User Guide","lastModifiedDate":"2024-08-21","isFullCredit":false},{"lineNumber":2,"author":{"gitId":"-"},"content":"","lastModifiedDate":"2019-07-29","isFullCredit":false},{"lineNumber":3,"author":{"gitId":"-"},"content":"// Update the title above to match the actual product name","lastModifiedDate":"2024-01-07","isFullCredit":false},{"lineNumber":4,"author":{"gitId":"-"},"content":"","lastModifiedDate":"2019-07-29","isFullCredit":false},{"lineNumber":5,"author":{"gitId":"-"},"content":"// Product screenshot goes here","lastModifiedDate":"2024-01-07","isFullCredit":false},{"lineNumber":6,"author":{"gitId":"-"},"content":"","lastModifiedDate":"2021-07-17","isFullCredit":false},{"lineNumber":7,"author":{"gitId":"-"},"content":"// Product intro goes here","lastModifiedDate":"2024-01-07","isFullCredit":false},{"lineNumber":8,"author":{"gitId":"-"},"content":"","lastModifiedDate":"2021-07-17","isFullCredit":false},{"lineNumber":9,"author":{"gitId":"-"},"content":"## Adding deadlines","lastModifiedDate":"2024-01-07","isFullCredit":false},{"lineNumber":10,"author":{"gitId":"-"},"content":"","lastModifiedDate":"2021-07-17","isFullCredit":false},{"lineNumber":11,"author":{"gitId":"-"},"content":"// Describe the action and its outcome.","lastModifiedDate":"2024-01-07","isFullCredit":false},{"lineNumber":12,"author":{"gitId":"-"},"content":"","lastModifiedDate":"2019-07-29","isFullCredit":false},{"lineNumber":13,"author":{"gitId":"-"},"content":"// Give examples of usage","lastModifiedDate":"2024-01-07","isFullCredit":false},{"lineNumber":14,"author":{"gitId":"-"},"content":"","lastModifiedDate":"2019-07-29","isFullCredit":false},{"lineNumber":15,"author":{"gitId":"-"},"content":"Example: `keyword (optional arguments)`","lastModifiedDate":"2024-01-07","isFullCredit":false},{"lineNumber":16,"author":{"gitId":"-"},"content":"","lastModifiedDate":"2019-07-29","isFullCredit":false},{"lineNumber":17,"author":{"gitId":"-"},"content":"// A description of the expected outcome goes here","lastModifiedDate":"2024-01-07","isFullCredit":false},{"lineNumber":18,"author":{"gitId":"-"},"content":"","lastModifiedDate":"2019-07-29","isFullCredit":false},{"lineNumber":19,"author":{"gitId":"-"},"content":"```","lastModifiedDate":"2024-01-07","isFullCredit":false},{"lineNumber":20,"author":{"gitId":"-"},"content":"expected output","lastModifiedDate":"2024-01-07","isFullCredit":false},{"lineNumber":21,"author":{"gitId":"-"},"content":"```","lastModifiedDate":"2024-01-07","isFullCredit":false},{"lineNumber":22,"author":{"gitId":"-"},"content":"","lastModifiedDate":"2019-07-29","isFullCredit":false},{"lineNumber":23,"author":{"gitId":"-"},"content":"## Feature ABC","lastModifiedDate":"2024-01-07","isFullCredit":false},{"lineNumber":24,"author":{"gitId":"-"},"content":"","lastModifiedDate":"2019-07-29","isFullCredit":false},{"lineNumber":25,"author":{"gitId":"-"},"content":"// Feature details","lastModifiedDate":"2024-01-07","isFullCredit":false},{"lineNumber":26,"author":{"gitId":"-"},"content":"","lastModifiedDate":"2019-07-29","isFullCredit":false},{"lineNumber":27,"author":{"gitId":"-"},"content":"","lastModifiedDate":"2021-07-17","isFullCredit":false},{"lineNumber":28,"author":{"gitId":"-"},"content":"## Feature XYZ","lastModifiedDate":"2024-01-07","isFullCredit":false},{"lineNumber":29,"author":{"gitId":"-"},"content":"","lastModifiedDate":"2024-01-07","isFullCredit":false},{"lineNumber":30,"author":{"gitId":"-"},"content":"// Feature details","lastModifiedDate":"2024-01-07","isFullCredit":false}],"authorContributionMap":{"stanleytangzh":1,"-":29}},{"path":"src/main/java/CommandType.java","fileType":"java","lines":[{"lineNumber":1,"author":{"gitId":"stanleytangzh"},"content":"public enum CommandType {","lastModifiedDate":"2024-08-21","isFullCredit":false},{"lineNumber":2,"author":{"gitId":"stanleytangzh"},"content":"    BYE, LIST, TODO, EVENT, DEADLINE, MARK, UNMARK, DELETE","lastModifiedDate":"2024-08-21","isFullCredit":false},{"lineNumber":3,"author":{"gitId":"stanleytangzh"},"content":"}","lastModifiedDate":"2024-08-21","isFullCredit":false}],"authorContributionMap":{"stanleytangzh":3}},{"path":"src/main/java/Deadline.java","fileType":"java","lines":[{"lineNumber":1,"author":{"gitId":"stanleytangzh"},"content":"public class Deadline extends Task {","lastModifiedDate":"2024-08-21","isFullCredit":false},{"lineNumber":2,"author":{"gitId":"stanleytangzh"},"content":"    protected String by;","lastModifiedDate":"2024-08-21","isFullCredit":false},{"lineNumber":3,"author":{"gitId":"stanleytangzh"},"content":"","lastModifiedDate":"2024-08-21","isFullCredit":false},{"lineNumber":4,"author":{"gitId":"stanleytangzh"},"content":"    public Deadline(String description, String by) {","lastModifiedDate":"2024-08-21","isFullCredit":false},{"lineNumber":5,"author":{"gitId":"stanleytangzh"},"content":"        super(description);","lastModifiedDate":"2024-08-21","isFullCredit":false},{"lineNumber":6,"author":{"gitId":"stanleytangzh"},"content":"        this.by \u003d by;","lastModifiedDate":"2024-08-21","isFullCredit":false},{"lineNumber":7,"author":{"gitId":"stanleytangzh"},"content":"    }","lastModifiedDate":"2024-08-21","isFullCredit":false},{"lineNumber":8,"author":{"gitId":"stanleytangzh"},"content":"","lastModifiedDate":"2024-08-21","isFullCredit":false},{"lineNumber":9,"author":{"gitId":"stanleytangzh"},"content":"    @Override","lastModifiedDate":"2024-08-21","isFullCredit":false},{"lineNumber":10,"author":{"gitId":"stanleytangzh"},"content":"    public String toString() {","lastModifiedDate":"2024-08-21","isFullCredit":false},{"lineNumber":11,"author":{"gitId":"stanleytangzh"},"content":"        return \"[D]\" + super.toString() + \" (by: \" + by + \")\";","lastModifiedDate":"2024-08-21","isFullCredit":false},{"lineNumber":12,"author":{"gitId":"stanleytangzh"},"content":"    }","lastModifiedDate":"2024-08-21","isFullCredit":false},{"lineNumber":13,"author":{"gitId":"stanleytangzh"},"content":"}","lastModifiedDate":"2024-08-21","isFullCredit":false},{"lineNumber":14,"author":{"gitId":"stanleytangzh"},"content":"","lastModifiedDate":"2024-08-21","isFullCredit":false}],"authorContributionMap":{"stanleytangzh":14}},{"path":"src/main/java/Event.java","fileType":"java","lines":[{"lineNumber":1,"author":{"gitId":"stanleytangzh"},"content":"public class Event extends Task {","lastModifiedDate":"2024-08-21","isFullCredit":false},{"lineNumber":2,"author":{"gitId":"stanleytangzh"},"content":"    protected String from;","lastModifiedDate":"2024-08-21","isFullCredit":false},{"lineNumber":3,"author":{"gitId":"stanleytangzh"},"content":"    protected String to;","lastModifiedDate":"2024-08-21","isFullCredit":false},{"lineNumber":4,"author":{"gitId":"stanleytangzh"},"content":"","lastModifiedDate":"2024-08-21","isFullCredit":false},{"lineNumber":5,"author":{"gitId":"stanleytangzh"},"content":"    public Event(String description, String from, String to) {","lastModifiedDate":"2024-08-21","isFullCredit":false},{"lineNumber":6,"author":{"gitId":"stanleytangzh"},"content":"        super(description);","lastModifiedDate":"2024-08-21","isFullCredit":false},{"lineNumber":7,"author":{"gitId":"stanleytangzh"},"content":"        this.from \u003d from;","lastModifiedDate":"2024-08-21","isFullCredit":false},{"lineNumber":8,"author":{"gitId":"stanleytangzh"},"content":"        this.to \u003d to;","lastModifiedDate":"2024-08-21","isFullCredit":false},{"lineNumber":9,"author":{"gitId":"stanleytangzh"},"content":"    }","lastModifiedDate":"2024-08-21","isFullCredit":false},{"lineNumber":10,"author":{"gitId":"stanleytangzh"},"content":"","lastModifiedDate":"2024-08-21","isFullCredit":false},{"lineNumber":11,"author":{"gitId":"stanleytangzh"},"content":"    @Override","lastModifiedDate":"2024-08-21","isFullCredit":false},{"lineNumber":12,"author":{"gitId":"stanleytangzh"},"content":"    public String toString() {","lastModifiedDate":"2024-08-21","isFullCredit":false},{"lineNumber":13,"author":{"gitId":"stanleytangzh"},"content":"        return \"[E]\" + super.toString() + \" (from: \" + from + \" to: \" + to + \")\";","lastModifiedDate":"2024-08-21","isFullCredit":false},{"lineNumber":14,"author":{"gitId":"stanleytangzh"},"content":"    }","lastModifiedDate":"2024-08-21","isFullCredit":false},{"lineNumber":15,"author":{"gitId":"stanleytangzh"},"content":"}","lastModifiedDate":"2024-08-21","isFullCredit":false}],"authorContributionMap":{"stanleytangzh":15}},{"path":"src/main/java/Stan.java","fileType":"java","lines":[{"lineNumber":1,"author":{"gitId":"stanleytangzh"},"content":"import java.util.ArrayList;","lastModifiedDate":"2024-08-21","isFullCredit":false},{"lineNumber":2,"author":{"gitId":"stanleytangzh"},"content":"import java.util.Scanner;","lastModifiedDate":"2024-08-21","isFullCredit":false},{"lineNumber":3,"author":{"gitId":"stanleytangzh"},"content":"","lastModifiedDate":"2024-08-21","isFullCredit":false},{"lineNumber":4,"author":{"gitId":"stanleytangzh"},"content":"public class Stan {","lastModifiedDate":"2024-08-21","isFullCredit":false},{"lineNumber":5,"author":{"gitId":"stanleytangzh"},"content":"    private static ArrayList\u003cTask\u003e tasks \u003d new ArrayList\u003c\u003e();","lastModifiedDate":"2024-08-21","isFullCredit":false},{"lineNumber":6,"author":{"gitId":"stanleytangzh"},"content":"","lastModifiedDate":"2024-08-21","isFullCredit":false},{"lineNumber":7,"author":{"gitId":"stanleytangzh"},"content":"    public static void main(String[] args) {","lastModifiedDate":"2024-08-21","isFullCredit":false},{"lineNumber":8,"author":{"gitId":"stanleytangzh"},"content":"        greet();","lastModifiedDate":"2024-08-21","isFullCredit":false},{"lineNumber":9,"author":{"gitId":"stanleytangzh"},"content":"","lastModifiedDate":"2024-08-22","isFullCredit":false},{"lineNumber":10,"author":{"gitId":"stanleytangzh"},"content":"        Scanner scanner \u003d new Scanner(System.in);","lastModifiedDate":"2024-08-21","isFullCredit":false},{"lineNumber":11,"author":{"gitId":"stanleytangzh"},"content":"        String input;","lastModifiedDate":"2024-08-21","isFullCredit":false},{"lineNumber":12,"author":{"gitId":"stanleytangzh"},"content":"","lastModifiedDate":"2024-08-21","isFullCredit":false},{"lineNumber":13,"author":{"gitId":"stanleytangzh"},"content":"        while (true) {","lastModifiedDate":"2024-08-21","isFullCredit":false},{"lineNumber":14,"author":{"gitId":"stanleytangzh"},"content":"            input \u003d scanner.nextLine();","lastModifiedDate":"2024-08-21","isFullCredit":false},{"lineNumber":15,"author":{"gitId":"stanleytangzh"},"content":"            String[] words \u003d input.split(\" \", 2);","lastModifiedDate":"2024-08-21","isFullCredit":false},{"lineNumber":16,"author":{"gitId":"stanleytangzh"},"content":"            System.out.println(\" \" + input);","lastModifiedDate":"2024-08-21","isFullCredit":false},{"lineNumber":17,"author":{"gitId":"stanleytangzh"},"content":"            System.out.println(\"____________________________________________________________\");","lastModifiedDate":"2024-08-21","isFullCredit":false},{"lineNumber":18,"author":{"gitId":"stanleytangzh"},"content":"","lastModifiedDate":"2024-08-21","isFullCredit":false},{"lineNumber":19,"author":{"gitId":"stanleytangzh"},"content":"            try {","lastModifiedDate":"2024-08-21","isFullCredit":false},{"lineNumber":20,"author":{"gitId":"stanleytangzh"},"content":"                CommandType commandType \u003d getCommandType(words[0]);","lastModifiedDate":"2024-08-21","isFullCredit":false},{"lineNumber":21,"author":{"gitId":"stanleytangzh"},"content":"","lastModifiedDate":"2024-08-21","isFullCredit":false},{"lineNumber":22,"author":{"gitId":"stanleytangzh"},"content":"                switch (commandType) {","lastModifiedDate":"2024-08-21","isFullCredit":false},{"lineNumber":23,"author":{"gitId":"stanleytangzh"},"content":"                    case BYE:","lastModifiedDate":"2024-08-21","isFullCredit":false},{"lineNumber":24,"author":{"gitId":"stanleytangzh"},"content":"                        System.out.println(\" Bye. Hope to see you again soon!\");","lastModifiedDate":"2024-08-21","isFullCredit":false},{"lineNumber":25,"author":{"gitId":"stanleytangzh"},"content":"                        System.out.println(\"____________________________________________________________\");","lastModifiedDate":"2024-08-21","isFullCredit":false},{"lineNumber":26,"author":{"gitId":"stanleytangzh"},"content":"                        return;","lastModifiedDate":"2024-08-21","isFullCredit":false},{"lineNumber":27,"author":{"gitId":"stanleytangzh"},"content":"","lastModifiedDate":"2024-08-21","isFullCredit":false},{"lineNumber":28,"author":{"gitId":"stanleytangzh"},"content":"                    case LIST:","lastModifiedDate":"2024-08-21","isFullCredit":false},{"lineNumber":29,"author":{"gitId":"stanleytangzh"},"content":"                        getList();","lastModifiedDate":"2024-08-21","isFullCredit":false},{"lineNumber":30,"author":{"gitId":"stanleytangzh"},"content":"                        break;","lastModifiedDate":"2024-08-21","isFullCredit":false},{"lineNumber":31,"author":{"gitId":"stanleytangzh"},"content":"","lastModifiedDate":"2024-08-21","isFullCredit":false},{"lineNumber":32,"author":{"gitId":"stanleytangzh"},"content":"                    case MARK:","lastModifiedDate":"2024-08-21","isFullCredit":false},{"lineNumber":33,"author":{"gitId":"stanleytangzh"},"content":"                        handleMarkUnmark(words, true);","lastModifiedDate":"2024-08-21","isFullCredit":false},{"lineNumber":34,"author":{"gitId":"stanleytangzh"},"content":"                        break;","lastModifiedDate":"2024-08-21","isFullCredit":false},{"lineNumber":35,"author":{"gitId":"stanleytangzh"},"content":"","lastModifiedDate":"2024-08-21","isFullCredit":false},{"lineNumber":36,"author":{"gitId":"stanleytangzh"},"content":"                    case UNMARK:","lastModifiedDate":"2024-08-21","isFullCredit":false},{"lineNumber":37,"author":{"gitId":"stanleytangzh"},"content":"                        handleMarkUnmark(words, false);","lastModifiedDate":"2024-08-21","isFullCredit":false},{"lineNumber":38,"author":{"gitId":"stanleytangzh"},"content":"                        break;","lastModifiedDate":"2024-08-21","isFullCredit":false},{"lineNumber":39,"author":{"gitId":"stanleytangzh"},"content":"","lastModifiedDate":"2024-08-21","isFullCredit":false},{"lineNumber":40,"author":{"gitId":"stanleytangzh"},"content":"                    case TODO:","lastModifiedDate":"2024-08-21","isFullCredit":false},{"lineNumber":41,"author":{"gitId":"stanleytangzh"},"content":"                        handleTodoCommand(words);","lastModifiedDate":"2024-08-21","isFullCredit":false},{"lineNumber":42,"author":{"gitId":"stanleytangzh"},"content":"                        break;","lastModifiedDate":"2024-08-21","isFullCredit":false},{"lineNumber":43,"author":{"gitId":"stanleytangzh"},"content":"","lastModifiedDate":"2024-08-21","isFullCredit":false},{"lineNumber":44,"author":{"gitId":"stanleytangzh"},"content":"                    case DEADLINE:","lastModifiedDate":"2024-08-21","isFullCredit":false},{"lineNumber":45,"author":{"gitId":"stanleytangzh"},"content":"                        handleDeadlineCommand(words);","lastModifiedDate":"2024-08-21","isFullCredit":false},{"lineNumber":46,"author":{"gitId":"stanleytangzh"},"content":"                        break;","lastModifiedDate":"2024-08-21","isFullCredit":false},{"lineNumber":47,"author":{"gitId":"stanleytangzh"},"content":"","lastModifiedDate":"2024-08-21","isFullCredit":false},{"lineNumber":48,"author":{"gitId":"stanleytangzh"},"content":"                    case EVENT:","lastModifiedDate":"2024-08-21","isFullCredit":false},{"lineNumber":49,"author":{"gitId":"stanleytangzh"},"content":"                        handleEventCommand(words);","lastModifiedDate":"2024-08-21","isFullCredit":false},{"lineNumber":50,"author":{"gitId":"stanleytangzh"},"content":"                        break;","lastModifiedDate":"2024-08-21","isFullCredit":false},{"lineNumber":51,"author":{"gitId":"stanleytangzh"},"content":"","lastModifiedDate":"2024-08-21","isFullCredit":false},{"lineNumber":52,"author":{"gitId":"stanleytangzh"},"content":"                    case DELETE:","lastModifiedDate":"2024-08-21","isFullCredit":false},{"lineNumber":53,"author":{"gitId":"stanleytangzh"},"content":"                        handleDeleteCommand(words);","lastModifiedDate":"2024-08-21","isFullCredit":false},{"lineNumber":54,"author":{"gitId":"stanleytangzh"},"content":"                        break;","lastModifiedDate":"2024-08-21","isFullCredit":false},{"lineNumber":55,"author":{"gitId":"stanleytangzh"},"content":"","lastModifiedDate":"2024-08-21","isFullCredit":false},{"lineNumber":56,"author":{"gitId":"stanleytangzh"},"content":"                    default:","lastModifiedDate":"2024-08-21","isFullCredit":false},{"lineNumber":57,"author":{"gitId":"stanleytangzh"},"content":"                        throw new StanInvalidCommandException();","lastModifiedDate":"2024-08-22","isFullCredit":false},{"lineNumber":58,"author":{"gitId":"stanleytangzh"},"content":"                }","lastModifiedDate":"2024-08-21","isFullCredit":false},{"lineNumber":59,"author":{"gitId":"stanleytangzh"},"content":"","lastModifiedDate":"2024-08-21","isFullCredit":false},{"lineNumber":60,"author":{"gitId":"stanleytangzh"},"content":"            } catch (StanException e) {","lastModifiedDate":"2024-08-21","isFullCredit":false},{"lineNumber":61,"author":{"gitId":"stanleytangzh"},"content":"                System.out.println(\" OOPS!!! \" + e.getMessage());","lastModifiedDate":"2024-08-21","isFullCredit":false},{"lineNumber":62,"author":{"gitId":"stanleytangzh"},"content":"                System.out.println(\"____________________________________________________________\");","lastModifiedDate":"2024-08-21","isFullCredit":false},{"lineNumber":63,"author":{"gitId":"stanleytangzh"},"content":"            } catch (NumberFormatException e) {","lastModifiedDate":"2024-08-21","isFullCredit":false},{"lineNumber":64,"author":{"gitId":"stanleytangzh"},"content":"                System.out.println(\" OOPS!!! The task number must be a valid integer.\");","lastModifiedDate":"2024-08-21","isFullCredit":false},{"lineNumber":65,"author":{"gitId":"stanleytangzh"},"content":"                System.out.println(\"____________________________________________________________\");","lastModifiedDate":"2024-08-21","isFullCredit":false},{"lineNumber":66,"author":{"gitId":"stanleytangzh"},"content":"            }","lastModifiedDate":"2024-08-21","isFullCredit":false},{"lineNumber":67,"author":{"gitId":"stanleytangzh"},"content":"        }","lastModifiedDate":"2024-08-21","isFullCredit":false},{"lineNumber":68,"author":{"gitId":"stanleytangzh"},"content":"    }","lastModifiedDate":"2024-08-21","isFullCredit":false},{"lineNumber":69,"author":{"gitId":"stanleytangzh"},"content":"","lastModifiedDate":"2024-08-22","isFullCredit":false},{"lineNumber":70,"author":{"gitId":"stanleytangzh"},"content":"    private static void greet() {","lastModifiedDate":"2024-08-21","isFullCredit":false},{"lineNumber":71,"author":{"gitId":"stanleytangzh"},"content":"        String logo \u003d \"Stan\";","lastModifiedDate":"2024-08-21","isFullCredit":false},{"lineNumber":72,"author":{"gitId":"stanleytangzh"},"content":"        System.out.println(\"____________________________________________________________\");","lastModifiedDate":"2024-08-21","isFullCredit":false},{"lineNumber":73,"author":{"gitId":"stanleytangzh"},"content":"        System.out.println(\" Hello! I\u0027m \" + logo);","lastModifiedDate":"2024-08-21","isFullCredit":false},{"lineNumber":74,"author":{"gitId":"stanleytangzh"},"content":"        System.out.println(\" What can I do for you today?\");","lastModifiedDate":"2024-08-21","isFullCredit":false},{"lineNumber":75,"author":{"gitId":"stanleytangzh"},"content":"        System.out.println(\"____________________________________________________________\");","lastModifiedDate":"2024-08-21","isFullCredit":false},{"lineNumber":76,"author":{"gitId":"stanleytangzh"},"content":"    }","lastModifiedDate":"2024-08-21","isFullCredit":false},{"lineNumber":77,"author":{"gitId":"stanleytangzh"},"content":"","lastModifiedDate":"2024-08-22","isFullCredit":false},{"lineNumber":78,"author":{"gitId":"stanleytangzh"},"content":"    private static CommandType getCommandType(String command) throws StanInvalidCommandException {","lastModifiedDate":"2024-08-22","isFullCredit":false},{"lineNumber":79,"author":{"gitId":"stanleytangzh"},"content":"        try {","lastModifiedDate":"2024-08-22","isFullCredit":false},{"lineNumber":80,"author":{"gitId":"stanleytangzh"},"content":"            return CommandType.valueOf(command.toUpperCase());","lastModifiedDate":"2024-08-22","isFullCredit":false},{"lineNumber":81,"author":{"gitId":"stanleytangzh"},"content":"        } catch (IllegalArgumentException e) {","lastModifiedDate":"2024-08-22","isFullCredit":false},{"lineNumber":82,"author":{"gitId":"stanleytangzh"},"content":"            throw new StanInvalidCommandException();","lastModifiedDate":"2024-08-22","isFullCredit":false},{"lineNumber":83,"author":{"gitId":"stanleytangzh"},"content":"        }","lastModifiedDate":"2024-08-22","isFullCredit":false},{"lineNumber":84,"author":{"gitId":"stanleytangzh"},"content":"    }","lastModifiedDate":"2024-08-22","isFullCredit":false},{"lineNumber":85,"author":{"gitId":"stanleytangzh"},"content":"","lastModifiedDate":"2024-08-22","isFullCredit":false},{"lineNumber":86,"author":{"gitId":"stanleytangzh"},"content":"    private static void getList() {","lastModifiedDate":"2024-08-21","isFullCredit":false},{"lineNumber":87,"author":{"gitId":"stanleytangzh"},"content":"        System.out.println(\"Here are the tasks in your list:\");","lastModifiedDate":"2024-08-21","isFullCredit":false},{"lineNumber":88,"author":{"gitId":"stanleytangzh"},"content":"        for (int i \u003d 0; i \u003c tasks.size(); i++) {","lastModifiedDate":"2024-08-21","isFullCredit":false},{"lineNumber":89,"author":{"gitId":"stanleytangzh"},"content":"            System.out.println(\" \" + (i + 1) + \". \" + tasks.get(i));","lastModifiedDate":"2024-08-21","isFullCredit":false},{"lineNumber":90,"author":{"gitId":"stanleytangzh"},"content":"        }","lastModifiedDate":"2024-08-21","isFullCredit":false},{"lineNumber":91,"author":{"gitId":"stanleytangzh"},"content":"        System.out.println(\"_____________________________________________________________\");","lastModifiedDate":"2024-08-21","isFullCredit":false},{"lineNumber":92,"author":{"gitId":"stanleytangzh"},"content":"    }","lastModifiedDate":"2024-08-21","isFullCredit":false},{"lineNumber":93,"author":{"gitId":"stanleytangzh"},"content":"","lastModifiedDate":"2024-08-21","isFullCredit":false},{"lineNumber":94,"author":{"gitId":"stanleytangzh"},"content":"    private static void handleMarkUnmark(String[] words, boolean isMark) throws StanException {","lastModifiedDate":"2024-08-21","isFullCredit":false},{"lineNumber":95,"author":{"gitId":"stanleytangzh"},"content":"        if (words.length \u003c 2) {","lastModifiedDate":"2024-08-21","isFullCredit":false},{"lineNumber":96,"author":{"gitId":"stanleytangzh"},"content":"            throw new StanMissingArgumentException(\"You need to specify the task number to \" + (isMark ? \"mark\" : \"unmark\") + \".\");","lastModifiedDate":"2024-08-22","isFullCredit":false},{"lineNumber":97,"author":{"gitId":"stanleytangzh"},"content":"        }","lastModifiedDate":"2024-08-21","isFullCredit":false},{"lineNumber":98,"author":{"gitId":"stanleytangzh"},"content":"        int taskNumber \u003d Integer.parseInt(words[1]) - 1;","lastModifiedDate":"2024-08-21","isFullCredit":false},{"lineNumber":99,"author":{"gitId":"stanleytangzh"},"content":"        if (taskNumber \u003c 0 || taskNumber \u003e\u003d tasks.size()) {","lastModifiedDate":"2024-08-21","isFullCredit":false},{"lineNumber":100,"author":{"gitId":"stanleytangzh"},"content":"            throw new StanInvalidArgumentException(\"The task number is out of range.\");","lastModifiedDate":"2024-08-22","isFullCredit":false},{"lineNumber":101,"author":{"gitId":"stanleytangzh"},"content":"        }","lastModifiedDate":"2024-08-21","isFullCredit":false},{"lineNumber":102,"author":{"gitId":"stanleytangzh"},"content":"        Task task \u003d tasks.get(taskNumber);","lastModifiedDate":"2024-08-21","isFullCredit":false},{"lineNumber":103,"author":{"gitId":"stanleytangzh"},"content":"        if (isMark) {","lastModifiedDate":"2024-08-21","isFullCredit":false},{"lineNumber":104,"author":{"gitId":"stanleytangzh"},"content":"            task.markAsDone();","lastModifiedDate":"2024-08-21","isFullCredit":false},{"lineNumber":105,"author":{"gitId":"stanleytangzh"},"content":"            System.out.println(\" Nice! I\u0027ve marked this task as done:\");","lastModifiedDate":"2024-08-21","isFullCredit":false},{"lineNumber":106,"author":{"gitId":"stanleytangzh"},"content":"        } else {","lastModifiedDate":"2024-08-21","isFullCredit":false},{"lineNumber":107,"author":{"gitId":"stanleytangzh"},"content":"            task.markAsNotDone();","lastModifiedDate":"2024-08-21","isFullCredit":false},{"lineNumber":108,"author":{"gitId":"stanleytangzh"},"content":"            System.out.println(\" OK, I\u0027ve marked this task as not done yet:\");","lastModifiedDate":"2024-08-21","isFullCredit":false},{"lineNumber":109,"author":{"gitId":"stanleytangzh"},"content":"        }","lastModifiedDate":"2024-08-21","isFullCredit":false},{"lineNumber":110,"author":{"gitId":"stanleytangzh"},"content":"        System.out.println(\"   \" + task);","lastModifiedDate":"2024-08-21","isFullCredit":false},{"lineNumber":111,"author":{"gitId":"stanleytangzh"},"content":"        System.out.println(\"____________________________________________________________\");","lastModifiedDate":"2024-08-21","isFullCredit":false},{"lineNumber":112,"author":{"gitId":"stanleytangzh"},"content":"    }","lastModifiedDate":"2024-08-21","isFullCredit":false},{"lineNumber":113,"author":{"gitId":"stanleytangzh"},"content":"","lastModifiedDate":"2024-08-21","isFullCredit":false},{"lineNumber":114,"author":{"gitId":"stanleytangzh"},"content":"    private static void handleTodoCommand(String[] words) throws StanMissingArgumentException {","lastModifiedDate":"2024-08-22","isFullCredit":false},{"lineNumber":115,"author":{"gitId":"stanleytangzh"},"content":"        if (words.length \u003c 2 || words[1].trim().isEmpty()) {","lastModifiedDate":"2024-08-21","isFullCredit":false},{"lineNumber":116,"author":{"gitId":"stanleytangzh"},"content":"            throw new StanMissingArgumentException(\"The description of a todo cannot be empty.\");","lastModifiedDate":"2024-08-22","isFullCredit":false},{"lineNumber":117,"author":{"gitId":"stanleytangzh"},"content":"        }","lastModifiedDate":"2024-08-21","isFullCredit":false},{"lineNumber":118,"author":{"gitId":"stanleytangzh"},"content":"        tasks.add(new Todo(words[1]));","lastModifiedDate":"2024-08-21","isFullCredit":false},{"lineNumber":119,"author":{"gitId":"stanleytangzh"},"content":"        System.out.println(\" Got it. I\u0027ve added this task:\");","lastModifiedDate":"2024-08-21","isFullCredit":false},{"lineNumber":120,"author":{"gitId":"stanleytangzh"},"content":"        System.out.println(\"   \" + tasks.get(tasks.size() - 1));","lastModifiedDate":"2024-08-21","isFullCredit":false},{"lineNumber":121,"author":{"gitId":"stanleytangzh"},"content":"        System.out.println(\" Now you have \" + tasks.size() + \" tasks in the list.\");","lastModifiedDate":"2024-08-21","isFullCredit":false},{"lineNumber":122,"author":{"gitId":"stanleytangzh"},"content":"        System.out.println(\"____________________________________________________________\");","lastModifiedDate":"2024-08-21","isFullCredit":false},{"lineNumber":123,"author":{"gitId":"stanleytangzh"},"content":"    }","lastModifiedDate":"2024-08-21","isFullCredit":false},{"lineNumber":124,"author":{"gitId":"stanleytangzh"},"content":"","lastModifiedDate":"2024-08-21","isFullCredit":false},{"lineNumber":125,"author":{"gitId":"stanleytangzh"},"content":"    private static void handleDeadlineCommand(String[] words) throws StanMissingArgumentException, StanInvalidArgumentException {","lastModifiedDate":"2024-08-22","isFullCredit":false},{"lineNumber":126,"author":{"gitId":"stanleytangzh"},"content":"        if (words.length \u003c 2 || !words[1].contains(\"/by\")) {","lastModifiedDate":"2024-08-21","isFullCredit":false},{"lineNumber":127,"author":{"gitId":"stanleytangzh"},"content":"            throw new StanMissingArgumentException(\"The description of a deadline must include a \u0027/by\u0027 clause.\");","lastModifiedDate":"2024-08-22","isFullCredit":false},{"lineNumber":128,"author":{"gitId":"stanleytangzh"},"content":"        }","lastModifiedDate":"2024-08-21","isFullCredit":false},{"lineNumber":129,"author":{"gitId":"stanleytangzh"},"content":"        String[] parts \u003d words[1].split(\" /by \");","lastModifiedDate":"2024-08-21","isFullCredit":false},{"lineNumber":130,"author":{"gitId":"stanleytangzh"},"content":"        if (parts.length \u003c 2 || parts[0].trim().isEmpty() || parts[1].trim().isEmpty()) {","lastModifiedDate":"2024-08-21","isFullCredit":false},{"lineNumber":131,"author":{"gitId":"stanleytangzh"},"content":"            throw new StanInvalidArgumentException(\"The deadline description or time cannot be empty.\");","lastModifiedDate":"2024-08-22","isFullCredit":false},{"lineNumber":132,"author":{"gitId":"stanleytangzh"},"content":"        }","lastModifiedDate":"2024-08-21","isFullCredit":false},{"lineNumber":133,"author":{"gitId":"stanleytangzh"},"content":"        tasks.add(new Deadline(parts[0], parts[1]));","lastModifiedDate":"2024-08-21","isFullCredit":false},{"lineNumber":134,"author":{"gitId":"stanleytangzh"},"content":"        System.out.println(\" Got it. I\u0027ve added this task:\");","lastModifiedDate":"2024-08-21","isFullCredit":false},{"lineNumber":135,"author":{"gitId":"stanleytangzh"},"content":"        System.out.println(\"   \" + tasks.get(tasks.size() - 1));","lastModifiedDate":"2024-08-21","isFullCredit":false},{"lineNumber":136,"author":{"gitId":"stanleytangzh"},"content":"        System.out.println(\" Now you have \" + tasks.size() + \" tasks in the list.\");","lastModifiedDate":"2024-08-21","isFullCredit":false},{"lineNumber":137,"author":{"gitId":"stanleytangzh"},"content":"        System.out.println(\"____________________________________________________________\");","lastModifiedDate":"2024-08-21","isFullCredit":false},{"lineNumber":138,"author":{"gitId":"stanleytangzh"},"content":"    }","lastModifiedDate":"2024-08-21","isFullCredit":false},{"lineNumber":139,"author":{"gitId":"stanleytangzh"},"content":"","lastModifiedDate":"2024-08-21","isFullCredit":false},{"lineNumber":140,"author":{"gitId":"stanleytangzh"},"content":"    private static void handleEventCommand(String[] words) throws StanMissingArgumentException, StanInvalidArgumentException {","lastModifiedDate":"2024-08-22","isFullCredit":false},{"lineNumber":141,"author":{"gitId":"stanleytangzh"},"content":"        if (words.length \u003c 2 || !words[1].contains(\"/from\") || !words[1].contains(\"/to\")) {","lastModifiedDate":"2024-08-21","isFullCredit":false},{"lineNumber":142,"author":{"gitId":"stanleytangzh"},"content":"            throw new StanMissingArgumentException(\"The description of an event must include \u0027/from\u0027 and \u0027/to\u0027 clauses.\");","lastModifiedDate":"2024-08-22","isFullCredit":false},{"lineNumber":143,"author":{"gitId":"stanleytangzh"},"content":"        }","lastModifiedDate":"2024-08-21","isFullCredit":false},{"lineNumber":144,"author":{"gitId":"stanleytangzh"},"content":"        String[] parts \u003d words[1].split(\" /from \");","lastModifiedDate":"2024-08-21","isFullCredit":false},{"lineNumber":145,"author":{"gitId":"stanleytangzh"},"content":"        String[] times \u003d parts[1].split(\" /to \");","lastModifiedDate":"2024-08-21","isFullCredit":false},{"lineNumber":146,"author":{"gitId":"stanleytangzh"},"content":"        if (parts.length \u003c 2 || parts[0].trim().isEmpty() || times[0].trim().isEmpty() || times[1].trim().isEmpty()) {","lastModifiedDate":"2024-08-21","isFullCredit":false},{"lineNumber":147,"author":{"gitId":"stanleytangzh"},"content":"            throw new StanInvalidArgumentException(\"The event description, start, or end time cannot be empty.\");","lastModifiedDate":"2024-08-22","isFullCredit":false},{"lineNumber":148,"author":{"gitId":"stanleytangzh"},"content":"        }","lastModifiedDate":"2024-08-21","isFullCredit":false},{"lineNumber":149,"author":{"gitId":"stanleytangzh"},"content":"        tasks.add(new Event(parts[0], times[0], times[1]));","lastModifiedDate":"2024-08-21","isFullCredit":false},{"lineNumber":150,"author":{"gitId":"stanleytangzh"},"content":"        System.out.println(\" Got it. I\u0027ve added this task:\");","lastModifiedDate":"2024-08-21","isFullCredit":false},{"lineNumber":151,"author":{"gitId":"stanleytangzh"},"content":"        System.out.println(\"   \" + tasks.get(tasks.size() - 1));","lastModifiedDate":"2024-08-21","isFullCredit":false},{"lineNumber":152,"author":{"gitId":"stanleytangzh"},"content":"        System.out.println(\" Now you have \" + tasks.size() + \" tasks in the list.\");","lastModifiedDate":"2024-08-21","isFullCredit":false},{"lineNumber":153,"author":{"gitId":"stanleytangzh"},"content":"        System.out.println(\"____________________________________________________________\");","lastModifiedDate":"2024-08-21","isFullCredit":false},{"lineNumber":154,"author":{"gitId":"stanleytangzh"},"content":"    }","lastModifiedDate":"2024-08-21","isFullCredit":false},{"lineNumber":155,"author":{"gitId":"stanleytangzh"},"content":"","lastModifiedDate":"2024-08-21","isFullCredit":false},{"lineNumber":156,"author":{"gitId":"stanleytangzh"},"content":"    private static void handleDeleteCommand(String[] words) throws StanMissingArgumentException, StanInvalidArgumentException {","lastModifiedDate":"2024-08-22","isFullCredit":false},{"lineNumber":157,"author":{"gitId":"stanleytangzh"},"content":"        if (words.length \u003c 2) {","lastModifiedDate":"2024-08-21","isFullCredit":false},{"lineNumber":158,"author":{"gitId":"stanleytangzh"},"content":"            throw new StanMissingArgumentException(\"You need to specify the task number to delete.\");","lastModifiedDate":"2024-08-22","isFullCredit":false},{"lineNumber":159,"author":{"gitId":"stanleytangzh"},"content":"        }","lastModifiedDate":"2024-08-21","isFullCredit":false},{"lineNumber":160,"author":{"gitId":"stanleytangzh"},"content":"        int taskNumber \u003d Integer.parseInt(words[1]) - 1;","lastModifiedDate":"2024-08-21","isFullCredit":false},{"lineNumber":161,"author":{"gitId":"stanleytangzh"},"content":"        if (taskNumber \u003c 0 || taskNumber \u003e\u003d tasks.size()) {","lastModifiedDate":"2024-08-21","isFullCredit":false},{"lineNumber":162,"author":{"gitId":"stanleytangzh"},"content":"            throw new StanInvalidArgumentException(\"The task number is out of range.\");","lastModifiedDate":"2024-08-22","isFullCredit":false},{"lineNumber":163,"author":{"gitId":"stanleytangzh"},"content":"        }","lastModifiedDate":"2024-08-21","isFullCredit":false},{"lineNumber":164,"author":{"gitId":"stanleytangzh"},"content":"        Task removedTask \u003d tasks.remove(taskNumber);","lastModifiedDate":"2024-08-21","isFullCredit":false},{"lineNumber":165,"author":{"gitId":"stanleytangzh"},"content":"        System.out.println(\" Noted. I\u0027ve removed this task:\");","lastModifiedDate":"2024-08-21","isFullCredit":false},{"lineNumber":166,"author":{"gitId":"stanleytangzh"},"content":"        System.out.println(\"   \" + removedTask);","lastModifiedDate":"2024-08-21","isFullCredit":false},{"lineNumber":167,"author":{"gitId":"stanleytangzh"},"content":"        System.out.println(\" Now you have \" + tasks.size() + \" tasks in the list.\");","lastModifiedDate":"2024-08-21","isFullCredit":false},{"lineNumber":168,"author":{"gitId":"stanleytangzh"},"content":"        System.out.println(\"____________________________________________________________\");","lastModifiedDate":"2024-08-21","isFullCredit":false},{"lineNumber":169,"author":{"gitId":"stanleytangzh"},"content":"    }","lastModifiedDate":"2024-08-21","isFullCredit":false},{"lineNumber":170,"author":{"gitId":"stanleytangzh"},"content":"}","lastModifiedDate":"2024-08-21","isFullCredit":false}],"authorContributionMap":{"stanleytangzh":170}},{"path":"src/main/java/StanException.java","fileType":"java","lines":[{"lineNumber":1,"author":{"gitId":"stanleytangzh"},"content":"public class StanException extends Exception {","lastModifiedDate":"2024-08-21","isFullCredit":false},{"lineNumber":2,"author":{"gitId":"stanleytangzh"},"content":"    public StanException(String message) {","lastModifiedDate":"2024-08-21","isFullCredit":false},{"lineNumber":3,"author":{"gitId":"stanleytangzh"},"content":"        super(message);","lastModifiedDate":"2024-08-21","isFullCredit":false},{"lineNumber":4,"author":{"gitId":"stanleytangzh"},"content":"    }","lastModifiedDate":"2024-08-21","isFullCredit":false},{"lineNumber":5,"author":{"gitId":"stanleytangzh"},"content":"}","lastModifiedDate":"2024-08-21","isFullCredit":false},{"lineNumber":6,"author":{"gitId":"stanleytangzh"},"content":"","lastModifiedDate":"2024-08-21","isFullCredit":false}],"authorContributionMap":{"stanleytangzh":6}},{"path":"src/main/java/StanInvalidArgumentException.java","fileType":"java","lines":[{"lineNumber":1,"author":{"gitId":"stanleytangzh"},"content":"public class StanInvalidArgumentException extends StanException {","lastModifiedDate":"2024-08-22","isFullCredit":false},{"lineNumber":2,"author":{"gitId":"stanleytangzh"},"content":"    public StanInvalidArgumentException(String message) {","lastModifiedDate":"2024-08-22","isFullCredit":false},{"lineNumber":3,"author":{"gitId":"stanleytangzh"},"content":"        super(message);","lastModifiedDate":"2024-08-22","isFullCredit":false},{"lineNumber":4,"author":{"gitId":"stanleytangzh"},"content":"    }","lastModifiedDate":"2024-08-22","isFullCredit":false},{"lineNumber":5,"author":{"gitId":"stanleytangzh"},"content":"}","lastModifiedDate":"2024-08-22","isFullCredit":false},{"lineNumber":6,"author":{"gitId":"stanleytangzh"},"content":"","lastModifiedDate":"2024-08-22","isFullCredit":false}],"authorContributionMap":{"stanleytangzh":6}},{"path":"src/main/java/StanInvalidCommandException.java","fileType":"java","lines":[{"lineNumber":1,"author":{"gitId":"stanleytangzh"},"content":"public class StanInvalidCommandException extends StanException {","lastModifiedDate":"2024-08-22","isFullCredit":false},{"lineNumber":2,"author":{"gitId":"stanleytangzh"},"content":"    public StanInvalidCommandException() {","lastModifiedDate":"2024-08-22","isFullCredit":false},{"lineNumber":3,"author":{"gitId":"stanleytangzh"},"content":"        super(\"I\u0027m sorry, but I don\u0027t understand that command.\");","lastModifiedDate":"2024-08-22","isFullCredit":false},{"lineNumber":4,"author":{"gitId":"stanleytangzh"},"content":"    }","lastModifiedDate":"2024-08-22","isFullCredit":false},{"lineNumber":5,"author":{"gitId":"stanleytangzh"},"content":"}","lastModifiedDate":"2024-08-22","isFullCredit":false},{"lineNumber":6,"author":{"gitId":"stanleytangzh"},"content":"","lastModifiedDate":"2024-08-22","isFullCredit":false}],"authorContributionMap":{"stanleytangzh":6}},{"path":"src/main/java/StanMissingArgumentException.java","fileType":"java","lines":[{"lineNumber":1,"author":{"gitId":"stanleytangzh"},"content":"public class StanMissingArgumentException extends StanException {","lastModifiedDate":"2024-08-22","isFullCredit":false},{"lineNumber":2,"author":{"gitId":"stanleytangzh"},"content":"    public StanMissingArgumentException(String message) {","lastModifiedDate":"2024-08-22","isFullCredit":false},{"lineNumber":3,"author":{"gitId":"stanleytangzh"},"content":"        super(message);","lastModifiedDate":"2024-08-22","isFullCredit":false},{"lineNumber":4,"author":{"gitId":"stanleytangzh"},"content":"    }","lastModifiedDate":"2024-08-22","isFullCredit":false},{"lineNumber":5,"author":{"gitId":"stanleytangzh"},"content":"}","lastModifiedDate":"2024-08-22","isFullCredit":false},{"lineNumber":6,"author":{"gitId":"stanleytangzh"},"content":"","lastModifiedDate":"2024-08-22","isFullCredit":false},{"lineNumber":7,"author":{"gitId":"stanleytangzh"},"content":"","lastModifiedDate":"2024-08-22","isFullCredit":false}],"authorContributionMap":{"stanleytangzh":7}},{"path":"src/main/java/Task.java","fileType":"java","lines":[{"lineNumber":1,"author":{"gitId":"stanleytangzh"},"content":"public abstract class Task {","lastModifiedDate":"2024-08-21","isFullCredit":false},{"lineNumber":2,"author":{"gitId":"stanleytangzh"},"content":"    protected String description;","lastModifiedDate":"2024-08-21","isFullCredit":false},{"lineNumber":3,"author":{"gitId":"stanleytangzh"},"content":"    protected boolean isDone;","lastModifiedDate":"2024-08-21","isFullCredit":false},{"lineNumber":4,"author":{"gitId":"stanleytangzh"},"content":"","lastModifiedDate":"2024-08-21","isFullCredit":false},{"lineNumber":5,"author":{"gitId":"stanleytangzh"},"content":"    public Task(String description) {","lastModifiedDate":"2024-08-21","isFullCredit":false},{"lineNumber":6,"author":{"gitId":"stanleytangzh"},"content":"        this.description \u003d description;","lastModifiedDate":"2024-08-21","isFullCredit":false},{"lineNumber":7,"author":{"gitId":"stanleytangzh"},"content":"        this.isDone \u003d false;","lastModifiedDate":"2024-08-21","isFullCredit":false},{"lineNumber":8,"author":{"gitId":"stanleytangzh"},"content":"    }","lastModifiedDate":"2024-08-21","isFullCredit":false},{"lineNumber":9,"author":{"gitId":"stanleytangzh"},"content":"","lastModifiedDate":"2024-08-21","isFullCredit":false},{"lineNumber":10,"author":{"gitId":"stanleytangzh"},"content":"    public String getStatus() {","lastModifiedDate":"2024-08-21","isFullCredit":false},{"lineNumber":11,"author":{"gitId":"stanleytangzh"},"content":"        return (isDone ? \"X\" : \" \"); // mark done task with X","lastModifiedDate":"2024-08-21","isFullCredit":false},{"lineNumber":12,"author":{"gitId":"stanleytangzh"},"content":"    }","lastModifiedDate":"2024-08-21","isFullCredit":false},{"lineNumber":13,"author":{"gitId":"stanleytangzh"},"content":"","lastModifiedDate":"2024-08-21","isFullCredit":false},{"lineNumber":14,"author":{"gitId":"stanleytangzh"},"content":"    public void markAsDone(){","lastModifiedDate":"2024-08-21","isFullCredit":false},{"lineNumber":15,"author":{"gitId":"stanleytangzh"},"content":"        this.isDone \u003d true;","lastModifiedDate":"2024-08-21","isFullCredit":false},{"lineNumber":16,"author":{"gitId":"stanleytangzh"},"content":"    }","lastModifiedDate":"2024-08-21","isFullCredit":false},{"lineNumber":17,"author":{"gitId":"stanleytangzh"},"content":"","lastModifiedDate":"2024-08-21","isFullCredit":false},{"lineNumber":18,"author":{"gitId":"stanleytangzh"},"content":"    public void markAsNotDone(){","lastModifiedDate":"2024-08-21","isFullCredit":false},{"lineNumber":19,"author":{"gitId":"stanleytangzh"},"content":"        this.isDone \u003d false;","lastModifiedDate":"2024-08-21","isFullCredit":false},{"lineNumber":20,"author":{"gitId":"stanleytangzh"},"content":"    }","lastModifiedDate":"2024-08-21","isFullCredit":false},{"lineNumber":21,"author":{"gitId":"stanleytangzh"},"content":"","lastModifiedDate":"2024-08-21","isFullCredit":false},{"lineNumber":22,"author":{"gitId":"stanleytangzh"},"content":"    @Override","lastModifiedDate":"2024-08-21","isFullCredit":false},{"lineNumber":23,"author":{"gitId":"stanleytangzh"},"content":"    public String toString() {","lastModifiedDate":"2024-08-21","isFullCredit":false},{"lineNumber":24,"author":{"gitId":"stanleytangzh"},"content":"        return \"[\" + getStatus() + \"] \" + description;","lastModifiedDate":"2024-08-21","isFullCredit":false},{"lineNumber":25,"author":{"gitId":"stanleytangzh"},"content":"    }","lastModifiedDate":"2024-08-21","isFullCredit":false},{"lineNumber":26,"author":{"gitId":"stanleytangzh"},"content":"","lastModifiedDate":"2024-08-21","isFullCredit":false},{"lineNumber":27,"author":{"gitId":"stanleytangzh"},"content":"}","lastModifiedDate":"2024-08-21","isFullCredit":false}],"authorContributionMap":{"stanleytangzh":27}},{"path":"src/main/java/Todo.java","fileType":"java","lines":[{"lineNumber":1,"author":{"gitId":"stanleytangzh"},"content":"public class Todo extends Task {","lastModifiedDate":"2024-08-21","isFullCredit":false},{"lineNumber":2,"author":{"gitId":"stanleytangzh"},"content":"    public Todo(String description) {","lastModifiedDate":"2024-08-21","isFullCredit":false},{"lineNumber":3,"author":{"gitId":"stanleytangzh"},"content":"        super(description);","lastModifiedDate":"2024-08-21","isFullCredit":false},{"lineNumber":4,"author":{"gitId":"stanleytangzh"},"content":"    }","lastModifiedDate":"2024-08-21","isFullCredit":false},{"lineNumber":5,"author":{"gitId":"stanleytangzh"},"content":"","lastModifiedDate":"2024-08-21","isFullCredit":false},{"lineNumber":6,"author":{"gitId":"stanleytangzh"},"content":"    @Override","lastModifiedDate":"2024-08-21","isFullCredit":false},{"lineNumber":7,"author":{"gitId":"stanleytangzh"},"content":"    public String toString() {","lastModifiedDate":"2024-08-21","isFullCredit":false},{"lineNumber":8,"author":{"gitId":"stanleytangzh"},"content":"        return \"[T]\" + super.toString();","lastModifiedDate":"2024-08-21","isFullCredit":false},{"lineNumber":9,"author":{"gitId":"stanleytangzh"},"content":"    }","lastModifiedDate":"2024-08-21","isFullCredit":false},{"lineNumber":10,"author":{"gitId":"stanleytangzh"},"content":"}","lastModifiedDate":"2024-08-21","isFullCredit":false}],"authorContributionMap":{"stanleytangzh":10}},{"path":"text-ui-test/input.txt","fileType":"txt","lines":[{"lineNumber":1,"author":{"gitId":"stanleytangzh"},"content":"todo borrow book","lastModifiedDate":"2024-08-21","isFullCredit":false},{"lineNumber":2,"author":{"gitId":"stanleytangzh"},"content":"deadline return book /by Sunday","lastModifiedDate":"2024-08-21","isFullCredit":false},{"lineNumber":3,"author":{"gitId":"stanleytangzh"},"content":"event project meeting /from Mon 2pm /to 4pm","lastModifiedDate":"2024-08-21","isFullCredit":false},{"lineNumber":4,"author":{"gitId":"stanleytangzh"},"content":"list","lastModifiedDate":"2024-08-21","isFullCredit":false},{"lineNumber":5,"author":{"gitId":"stanleytangzh"},"content":"mark 2","lastModifiedDate":"2024-08-21","isFullCredit":false},{"lineNumber":6,"author":{"gitId":"stanleytangzh"},"content":"unmark 2","lastModifiedDate":"2024-08-21","isFullCredit":false},{"lineNumber":7,"author":{"gitId":"stanleytangzh"},"content":"list","lastModifiedDate":"2024-08-22","isFullCredit":false},{"lineNumber":8,"author":{"gitId":"stanleytangzh"},"content":"event arron lecture /from Tue 2pm /to 4pm","lastModifiedDate":"2024-08-22","isFullCredit":false},{"lineNumber":9,"author":{"gitId":"stanleytangzh"},"content":"delete 2","lastModifiedDate":"2024-08-22","isFullCredit":false},{"lineNumber":10,"author":{"gitId":"stanleytangzh"},"content":"mark 4","lastModifiedDate":"2024-08-22","isFullCredit":false},{"lineNumber":11,"author":{"gitId":"stanleytangzh"},"content":"invalid command","lastModifiedDate":"2024-08-22","isFullCredit":false},{"lineNumber":12,"author":{"gitId":"stanleytangzh"},"content":"deadline","lastModifiedDate":"2024-08-22","isFullCredit":false},{"lineNumber":13,"author":{"gitId":"stanleytangzh"},"content":"todo","lastModifiedDate":"2024-08-22","isFullCredit":false},{"lineNumber":14,"author":{"gitId":"stanleytangzh"},"content":"event sleep /from","lastModifiedDate":"2024-08-22","isFullCredit":false},{"lineNumber":15,"author":{"gitId":"stanleytangzh"},"content":"delete 1","lastModifiedDate":"2024-08-22","isFullCredit":false},{"lineNumber":16,"author":{"gitId":"stanleytangzh"},"content":"bye","lastModifiedDate":"2024-08-21","isFullCredit":false}],"authorContributionMap":{"stanleytangzh":16}},{"path":"text-ui-test/runtest.bat","fileType":"bat","lines":[{"lineNumber":1,"author":{"gitId":"-"},"content":"@ECHO OFF","lastModifiedDate":"2020-05-25","isFullCredit":false},{"lineNumber":2,"author":{"gitId":"-"},"content":"","lastModifiedDate":"2020-05-25","isFullCredit":false},{"lineNumber":3,"author":{"gitId":"-"},"content":"REM create bin directory if it doesn\u0027t exist","lastModifiedDate":"2020-05-25","isFullCredit":false},{"lineNumber":4,"author":{"gitId":"-"},"content":"if not exist ..\\bin mkdir ..\\bin","lastModifiedDate":"2020-05-25","isFullCredit":false},{"lineNumber":5,"author":{"gitId":"-"},"content":"","lastModifiedDate":"2020-05-25","isFullCredit":false},{"lineNumber":6,"author":{"gitId":"-"},"content":"REM delete output from previous run","lastModifiedDate":"2020-05-25","isFullCredit":false},{"lineNumber":7,"author":{"gitId":"-"},"content":"if exist ACTUAL.TXT del ACTUAL.TXT","lastModifiedDate":"2020-08-25","isFullCredit":false},{"lineNumber":8,"author":{"gitId":"-"},"content":"","lastModifiedDate":"2020-05-25","isFullCredit":false},{"lineNumber":9,"author":{"gitId":"-"},"content":"REM compile the code into the bin folder","lastModifiedDate":"2020-05-25","isFullCredit":false},{"lineNumber":10,"author":{"gitId":"-"},"content":"javac  -cp ..\\src\\main\\java -Xlint:none -d ..\\bin ..\\src\\main\\java\\*.java","lastModifiedDate":"2020-08-25","isFullCredit":false},{"lineNumber":11,"author":{"gitId":"-"},"content":"IF ERRORLEVEL 1 (","lastModifiedDate":"2020-05-25","isFullCredit":false},{"lineNumber":12,"author":{"gitId":"-"},"content":"    echo ********** BUILD FAILURE **********","lastModifiedDate":"2020-05-25","isFullCredit":false},{"lineNumber":13,"author":{"gitId":"-"},"content":"    exit /b 1","lastModifiedDate":"2020-05-25","isFullCredit":false},{"lineNumber":14,"author":{"gitId":"-"},"content":")","lastModifiedDate":"2020-05-25","isFullCredit":false},{"lineNumber":15,"author":{"gitId":"-"},"content":"REM no error here, errorlevel \u003d\u003d 0","lastModifiedDate":"2020-05-25","isFullCredit":false},{"lineNumber":16,"author":{"gitId":"-"},"content":"","lastModifiedDate":"2020-05-25","isFullCredit":false},{"lineNumber":17,"author":{"gitId":"-"},"content":"REM run the program, feed commands from input.txt file and redirect the output to the ACTUAL.TXT","lastModifiedDate":"2020-05-25","isFullCredit":false},{"lineNumber":18,"author":{"gitId":"stanleytangzh"},"content":"java -classpath ..\\bin Stan \u003c input.txt \u003e ACTUAL.TXT","lastModifiedDate":"2024-08-21","isFullCredit":false},{"lineNumber":19,"author":{"gitId":"-"},"content":"","lastModifiedDate":"2020-05-25","isFullCredit":false},{"lineNumber":20,"author":{"gitId":"-"},"content":"REM compare the output to the expected output","lastModifiedDate":"2020-05-25","isFullCredit":false},{"lineNumber":21,"author":{"gitId":"-"},"content":"FC ACTUAL.TXT EXPECTED.TXT","lastModifiedDate":"2020-05-25","isFullCredit":false}],"authorContributionMap":{"stanleytangzh":1,"-":20}},{"path":"text-ui-test/runtest.sh","fileType":"sh","lines":[{"lineNumber":1,"author":{"gitId":"-"},"content":"#!/usr/bin/env bash","lastModifiedDate":"2020-05-25","isFullCredit":false},{"lineNumber":2,"author":{"gitId":"-"},"content":"","lastModifiedDate":"2020-05-25","isFullCredit":false},{"lineNumber":3,"author":{"gitId":"-"},"content":"# create bin directory if it doesn\u0027t exist","lastModifiedDate":"2020-05-25","isFullCredit":false},{"lineNumber":4,"author":{"gitId":"-"},"content":"if [ ! -d \"../bin\" ]","lastModifiedDate":"2020-05-25","isFullCredit":false},{"lineNumber":5,"author":{"gitId":"-"},"content":"then","lastModifiedDate":"2020-05-25","isFullCredit":false},{"lineNumber":6,"author":{"gitId":"-"},"content":"    mkdir ../bin","lastModifiedDate":"2020-05-25","isFullCredit":false},{"lineNumber":7,"author":{"gitId":"-"},"content":"fi","lastModifiedDate":"2020-05-25","isFullCredit":false},{"lineNumber":8,"author":{"gitId":"-"},"content":"","lastModifiedDate":"2020-05-25","isFullCredit":false},{"lineNumber":9,"author":{"gitId":"-"},"content":"# delete output from previous run","lastModifiedDate":"2020-05-25","isFullCredit":false},{"lineNumber":10,"author":{"gitId":"-"},"content":"if [ -e \"./ACTUAL.TXT\" ]","lastModifiedDate":"2020-05-25","isFullCredit":false},{"lineNumber":11,"author":{"gitId":"-"},"content":"then","lastModifiedDate":"2020-05-25","isFullCredit":false},{"lineNumber":12,"author":{"gitId":"-"},"content":"    rm ACTUAL.TXT","lastModifiedDate":"2020-05-25","isFullCredit":false},{"lineNumber":13,"author":{"gitId":"-"},"content":"fi","lastModifiedDate":"2020-05-25","isFullCredit":false},{"lineNumber":14,"author":{"gitId":"-"},"content":"","lastModifiedDate":"2020-05-25","isFullCredit":false},{"lineNumber":15,"author":{"gitId":"-"},"content":"# compile the code into the bin folder, terminates if error occurred","lastModifiedDate":"2020-05-25","isFullCredit":false},{"lineNumber":16,"author":{"gitId":"-"},"content":"if ! javac -cp ../src/main/java -Xlint:none -d ../bin ../src/main/java/*.java","lastModifiedDate":"2020-08-25","isFullCredit":false},{"lineNumber":17,"author":{"gitId":"-"},"content":"then","lastModifiedDate":"2020-05-25","isFullCredit":false},{"lineNumber":18,"author":{"gitId":"-"},"content":"    echo \"********** BUILD FAILURE **********\"","lastModifiedDate":"2020-05-25","isFullCredit":false},{"lineNumber":19,"author":{"gitId":"-"},"content":"    exit 1","lastModifiedDate":"2020-05-25","isFullCredit":false},{"lineNumber":20,"author":{"gitId":"-"},"content":"fi","lastModifiedDate":"2020-05-25","isFullCredit":false},{"lineNumber":21,"author":{"gitId":"-"},"content":"","lastModifiedDate":"2020-05-25","isFullCredit":false},{"lineNumber":22,"author":{"gitId":"-"},"content":"# run the program, feed commands from input.txt file and redirect the output to the ACTUAL.TXT","lastModifiedDate":"2020-05-25","isFullCredit":false},{"lineNumber":23,"author":{"gitId":"stanleytangzh"},"content":"java -classpath ../bin Stan \u003c input.txt \u003e ACTUAL.TXT","lastModifiedDate":"2024-08-21","isFullCredit":false},{"lineNumber":24,"author":{"gitId":"-"},"content":"","lastModifiedDate":"2020-05-25","isFullCredit":false},{"lineNumber":25,"author":{"gitId":"-"},"content":"# convert to UNIX format","lastModifiedDate":"2020-05-25","isFullCredit":false},{"lineNumber":26,"author":{"gitId":"-"},"content":"cp EXPECTED.TXT EXPECTED-UNIX.TXT","lastModifiedDate":"2020-05-25","isFullCredit":false},{"lineNumber":27,"author":{"gitId":"-"},"content":"dos2unix ACTUAL.TXT EXPECTED-UNIX.TXT","lastModifiedDate":"2020-05-25","isFullCredit":false},{"lineNumber":28,"author":{"gitId":"-"},"content":"","lastModifiedDate":"2020-05-25","isFullCredit":false},{"lineNumber":29,"author":{"gitId":"-"},"content":"# compare the output to the expected output","lastModifiedDate":"2020-05-25","isFullCredit":false},{"lineNumber":30,"author":{"gitId":"-"},"content":"diff ACTUAL.TXT EXPECTED-UNIX.TXT","lastModifiedDate":"2020-05-25","isFullCredit":false},{"lineNumber":31,"author":{"gitId":"-"},"content":"if [ $? -eq 0 ]","lastModifiedDate":"2020-05-25","isFullCredit":false},{"lineNumber":32,"author":{"gitId":"-"},"content":"then","lastModifiedDate":"2020-05-25","isFullCredit":false},{"lineNumber":33,"author":{"gitId":"-"},"content":"    echo \"Test result: PASSED\"","lastModifiedDate":"2020-05-25","isFullCredit":false},{"lineNumber":34,"author":{"gitId":"-"},"content":"    exit 0","lastModifiedDate":"2020-05-25","isFullCredit":false},{"lineNumber":35,"author":{"gitId":"-"},"content":"else","lastModifiedDate":"2020-05-25","isFullCredit":false},{"lineNumber":36,"author":{"gitId":"-"},"content":"    echo \"Test result: FAILED\"","lastModifiedDate":"2020-05-25","isFullCredit":false},{"lineNumber":37,"author":{"gitId":"-"},"content":"    exit 1","lastModifiedDate":"2020-05-25","isFullCredit":false},{"lineNumber":38,"author":{"gitId":"-"},"content":"fi","lastModifiedDate":"2020-05-25","isFullCredit":false}],"authorContributionMap":{"stanleytangzh":1,"-":37}}]
