{"authorDailyContributionsMap":{"FlyingDonkeys":[{"date":"2024-08-22","commitResults":[{"hash":"3d3e3689f24f7b722caf97c44e5f66276fc59f78","isMergeCommit":false,"messageTitle":"first commit","messageBody":"","fileTypesAndContributionMap":{"java":{"insertions":2,"deletions":1}}}]},{"date":"2024-08-23","commitResults":[{"hash":"5634469f479d1b5cbb440c214c1e53608718730d","isMergeCommit":false,"messageTitle":"modified stuff","messageBody":"","fileTypesAndContributionMap":{"java":{"insertions":6,"deletions":7}}},{"hash":"964695c849be631906268412ca51600fe223165e","isMergeCommit":false,"messageTitle":"level 0","messageBody":"","fileTypesAndContributionMap":{"java":{"insertions":16,"deletions":3}}}]}]},"authorFileTypeContributionMap":{"FlyingDonkeys":{"java":18,"md":0,"fxml":0,"sh":0,"bat":0,"gradle":0,"txt":0}},"authorContributionVariance":{"FlyingDonkeys":109.984375},"authorDisplayNameMap":{"FlyingDonkeys":"CHUA..SUAN"}}
