{"authorDailyContributionsMap":{"FlyingDonkeys":[{"date":"2024-08-22","commitResults":[{"hash":"3d3e3689f24f7b722caf97c44e5f66276fc59f78","isMergeCommit":false,"messageTitle":"first commit","messageBody":"","fileTypesAndContributionMap":{"java":{"insertions":2,"deletions":1}}}]},{"date":"2024-08-23","commitResults":[{"hash":"5634469f479d1b5cbb440c214c1e53608718730d","isMergeCommit":false,"messageTitle":"modified stuff","messageBody":"","fileTypesAndContributionMap":{"java":{"insertions":6,"deletions":7}}},{"hash":"964695c849be631906268412ca51600fe223165e","isMergeCommit":false,"messageTitle":"level 0","messageBody":"","fileTypesAndContributionMap":{"java":{"insertions":16,"deletions":3}}},{"hash":"e0abc2f253df8403e7886edc35b237b9c9111d32","isMergeCommit":false,"messageTitle":"done with level 0","messageBody":"","tags":["level-1","level-0"],"fileTypesAndContributionMap":{"java":{"insertions":6,"deletions":2}}},{"hash":"294a5f2dd1b011da0118aa1dc6b93695f8ca07f2","isMergeCommit":false,"messageTitle":"done with level 2","messageBody":"","tags":["level-2"],"fileTypesAndContributionMap":{"java":{"insertions":16,"deletions":3}}},{"hash":"9c94d14d9b2a0c622c76d200cac9798c7137cf6e","isMergeCommit":false,"messageTitle":"done with level 2 v1","messageBody":"","tags":["level-2-v1"],"fileTypesAndContributionMap":{"java":{"insertions":6,"deletions":2}}},{"hash":"e38233dbf75396b5792ea0730091149f1a1295ed","isMergeCommit":false,"messageTitle":"done with level 3","messageBody":"","tags":["level-3"],"fileTypesAndContributionMap":{"java":{"insertions":63,"deletions":5}}},{"hash":"89dd0d2f45a67b20a2ce088bef8cfab9f007ef94","isMergeCommit":false,"messageTitle":"Done with level 4","messageBody":"","tags":["level-4"],"fileTypesAndContributionMap":{"java":{"insertions":96,"deletions":9}}},{"hash":"78978327ccef822284084fa106d0f4ab420e3809","isMergeCommit":false,"messageTitle":"done with level 4","messageBody":"","tags":["level-4-v1"],"fileTypesAndContributionMap":{"java":{"insertions":9,"deletions":9}}},{"hash":"9641a7415ead1c4e9be258578a3163a308e0d167","isMergeCommit":false,"messageTitle":"done with level 4","messageBody":"","tags":["level-4-v2"],"fileTypesAndContributionMap":{"java":{"insertions":1,"deletions":3}}},{"hash":"6509c2bd051ec08313d45993e149675c11e94753","isMergeCommit":false,"messageTitle":"done with level 4","messageBody":"","tags":["level-4-v3"],"fileTypesAndContributionMap":{"java":{"insertions":1,"deletions":0}}},{"hash":"1493439a96c1d4949c83108d79f43078281e6600","isMergeCommit":false,"messageTitle":"done with the text ui testing feature","messageBody":"","tags":["A-TextUiTesting"],"fileTypesAndContributionMap":{"txt":{"insertions":9,"deletions":0},"java":{"insertions":19,"deletions":21},"bat":{"insertions":1,"deletions":1},"sh":{"insertions":2,"deletions":2}}},{"hash":"fe6975202f59906d4df717f1499d6a66615b23fe","isMergeCommit":false,"messageTitle":"done with level 5","messageBody":"","tags":["level-5"],"fileTypesAndContributionMap":{"java":{"insertions":44,"deletions":8}}},{"hash":"5f54bcc70607f639e8191bce124ebbced214904a","isMergeCommit":false,"messageTitle":"Done with week 2","messageBody":"","tags":["level-6"],"fileTypesAndContributionMap":{"java":{"insertions":31,"deletions":5}}}]},{"date":"2024-08-28","commitResults":[{"hash":"94f2b30bc56e45a4669cbb9287935e642053d3d7","isMergeCommit":false,"messageTitle":"Done with saving the tasks to file, need to update code such that tasks in file updates ArrayList of tasks upon starting App","messageBody":"","tags":["Level-7-v1"],"fileTypesAndContributionMap":{"java":{"insertions":35,"deletions":1}}}]},{"date":"2024-08-29","commitResults":[{"hash":"80a12ddf3d101910f8daeb4d2557706f2f6e792e","isMergeCommit":false,"messageTitle":"Done with level 7","messageBody":"","tags":["Level-7"],"fileTypesAndContributionMap":{"java":{"insertions":47,"deletions":9}}},{"hash":"887a8415ffe26592220a1f72693611a149084618","isMergeCommit":false,"messageTitle":"Done with date feature for deadline tasks","messageBody":"","tags":["Level-8","Level-7-v2","A-Packages"],"fileTypesAndContributionMap":{"java":{"insertions":17,"deletions":4}}},{"hash":"062e105dc267382e4be71f1b6b21c8a56bdbd21a","isMergeCommit":false,"messageTitle":"Making code more OOP","messageBody":"","fileTypesAndContributionMap":{"java":{"insertions":256,"deletions":1}}},{"hash":"63ffd1ece9f32fa6218a64c16daf9feb61148d07","isMergeCommit":false,"messageTitle":"Done with MoreOOP","messageBody":"","tags":["A-MoreOOP"],"fileTypesAndContributionMap":{"java":{"insertions":35,"deletions":210}}}]},{"date":"2024-08-30","commitResults":[{"hash":"bfbef682053e61902ed727e12e872ed9a5224232","isMergeCommit":false,"messageTitle":"Fixed some issues","messageBody":"","fileTypesAndContributionMap":{"java":{"insertions":1,"deletions":1}}},{"hash":"7b8be8bc33d09dace5c5285ace10f1354c960854","isMergeCommit":false,"messageTitle":"Changed filepath","messageBody":"","fileTypesAndContributionMap":{"java":{"insertions":1,"deletions":1}}},{"hash":"939b0ac173c5fe873d3ad40b84d541976e9c3d08","isMergeCommit":true,"messageTitle":"Merge branch \u0027master\u0027 into add-gradle-support","messageBody":"","fileTypesAndContributionMap":{}},{"hash":"2d5281906e67993cb7dc9c8283b80da4b44c5284","isMergeCommit":true,"messageTitle":"Merge branch \u0027master\u0027 into add-gradle-support-v1","messageBody":"","fileTypesAndContributionMap":{}},{"hash":"cf24cf7d77db3228d8a303cc445117acd41a25ed","isMergeCommit":false,"messageTitle":"done with gradle","messageBody":"","tags":["A-Gradle"],"fileTypesAndContributionMap":{"gradle":{"insertions":1,"deletions":1},"java":{"insertions":0,"deletions":413}}}]},{"date":"2024-09-01","commitResults":[{"hash":"0dc7aa159c445d828a9bfd4889e6f44c566134f5","isMergeCommit":false,"messageTitle":"Done with JUnit tests","messageBody":"","tags":["A-JUnit"],"fileTypesAndContributionMap":{"java":{"insertions":76,"deletions":0}}},{"hash":"ecb4e5139bb6069b4e7fe561ece26582e8549c23","isMergeCommit":false,"messageTitle":"Made JAR file","messageBody":"","tags":["A-Jar"],"fileTypesAndContributionMap":{"gradle":{"insertions":1,"deletions":1}}}]},{"date":"2024-09-02","commitResults":[{"hash":"cdb7cb8e8e105c0c4a9c09cc764e3353a57174ca","isMergeCommit":false,"messageTitle":"Done with JavaDocs","messageBody":"","tags":["A-JavaDoc","A-CodingStandard"],"fileTypesAndContributionMap":{"java":{"insertions":462,"deletions":0}}},{"hash":"77593973ebd0bfd6202e25f1bfe0a724f11c2f40","isMergeCommit":false,"messageTitle":"Done with find task","messageBody":"","tags":["Level-9"],"fileTypesAndContributionMap":{"java":{"insertions":36,"deletions":3}}}]},{"date":"2024-09-08","commitResults":[{"hash":"2da558f1aa2fe9ce31d7ffe9d2622f32d31782ea","isMergeCommit":false,"messageTitle":"Fixed the issues brought up using peer review","messageBody":"","fileTypesAndContributionMap":{"java":{"insertions":13,"deletions":18}}},{"hash":"110810de457849686e10fb6430ccc490e599f946","isMergeCommit":false,"messageTitle":"Level-10","messageBody":"","tags":["Level-10"],"fileTypesAndContributionMap":{"gradle":{"insertions":16,"deletions":1},"fxml":{"insertions":42,"deletions":0},"java":{"insertions":649,"deletions":3}}}]},{"date":"2024-09-09","commitResults":[{"hash":"b1ddd726ce1744bd5ee21802dda891ea70b080de","isMergeCommit":false,"messageTitle":"Done with Assertions","messageBody":"","fileTypesAndContributionMap":{"gradle":{"insertions":1,"deletions":0},"java":{"insertions":6,"deletions":13}}},{"hash":"6cf19f19a8c504829de81079197771adefab533d","isMergeCommit":false,"messageTitle":"Done with code quality checks","messageBody":"","fileTypesAndContributionMap":{"java":{"insertions":15,"deletions":13}}}]},{"date":"2024-09-13","commitResults":[{"hash":"33373caf263ee6d39e410c47fb98a2b50a25f4a3","isMergeCommit":true,"messageTitle":"Merge pull request #1 from FlyingDonkeys/A-CodeQuality","messageBody":"Check code quality","fileTypesAndContributionMap":{}},{"hash":"2c926aafbf898a8d450b6dc3a993785a3932df3c","isMergeCommit":true,"messageTitle":"Merge branch \u0027master\u0027 into A-Assertions","messageBody":"","fileTypesAndContributionMap":{}},{"hash":"9bf0eb5c90b7d969da77b1da85687d6014e5bb14","isMergeCommit":true,"messageTitle":"Merge pull request #3 from FlyingDonkeys/A-Assertions","messageBody":"Add Assertions","fileTypesAndContributionMap":{}},{"hash":"ab1206eed321e90439daa23eba199169fb535996","isMergeCommit":false,"messageTitle":"Fixing deadline datetime issues","messageBody":"","fileTypesAndContributionMap":{"java":{"insertions":22,"deletions":7}}},{"hash":"760c9f2ce04d5a5b529dded6e143b1e382fd0ee2","isMergeCommit":false,"messageTitle":"Fixed deadline datetime issues again","messageBody":"","fileTypesAndContributionMap":{"java":{"insertions":12,"deletions":1}}}]},{"date":"2024-09-14","commitResults":[{"hash":"ee6f9700e61df34b478bf75b86561071a5f502e8","isMergeCommit":false,"messageTitle":"done with reminder extension","messageBody":"","fileTypesAndContributionMap":{"java":{"insertions":35,"deletions":0}}},{"hash":"979170f63804f1168a477d05386145d29b965493","isMergeCommit":false,"messageTitle":"done with extension feature","messageBody":"","fileTypesAndContributionMap":{"java":{"insertions":3,"deletions":1}}},{"hash":"4f3e88c7c176b301efb2466ea9c1ac4e74b79186","isMergeCommit":true,"messageTitle":"Merge branch \u0027master\u0027 of https://github.com/FlyingDonkeys/ip","messageBody":"","tags":["BCD-Extension","A-FullCommitMessage","A-CodeQuality","A-Assertions"],"fileTypesAndContributionMap":{}}]},{"date":"2024-09-16","commitResults":[{"hash":"c5245833d7f7c0a3d526a3c5fe3616bdc3dfc96e","isMergeCommit":false,"messageTitle":"Fix code quality issues by autograder","messageBody":"","fileTypesAndContributionMap":{"fxml":{"insertions":1,"deletions":1},"java":{"insertions":98,"deletions":89},"bat":{"insertions":1,"deletions":1}}},{"hash":"a12185b9d07975253c39225babe627ed7312b156","isMergeCommit":false,"messageTitle":"Handle unknown command using GUI instead of exception","messageBody":"","fileTypesAndContributionMap":{"gradle":{"insertions":1,"deletions":1},"java":{"insertions":3,"deletions":4}}}]},{"date":"2024-09-17","commitResults":[{"hash":"bd8a8bc547c29ffaae651ab5623fc0e6e65dfc6d","isMergeCommit":false,"messageTitle":"Implement more user friendly remind function which returns sorted list of deadlines. Implement sort function which refactors task list to display deadlines first in sorted order.","messageBody":"","tags":["A-MoreErrorHandling"],"fileTypesAndContributionMap":{"java":{"insertions":83,"deletions":10}}}]},{"date":"2024-09-18","commitResults":[{"hash":"2d2c2da2f968a59cf6f8ac74e32b88a25ee41b2b","isMergeCommit":false,"messageTitle":"Make user guide","messageBody":"","tags":["A-UserGuide"],"fileTypesAndContributionMap":{"md":{"insertions":27,"deletions":17}}},{"hash":"d47e69eac2860e506bebc442b40bcc3fddad8efd","isMergeCommit":false,"messageTitle":"Add more JavaDOCS","messageBody":"","fileTypesAndContributionMap":{"java":{"insertions":26,"deletions":1}}},{"hash":"7e15add9732fd263e9b13a625338737318a0c853","isMergeCommit":false,"messageTitle":"Make more unit tests, complete level 10 forgotten earlier","messageBody":"","tags":["A-Release"],"fileTypesAndContributionMap":{"java":{"insertions":39,"deletions":0}}},{"hash":"6b860f0b613e0709a59f7920f19c3fe856aca06b","isMergeCommit":false,"messageTitle":"Update README.md","messageBody":"","fileTypesAndContributionMap":{"md":{"insertions":40,"deletions":24}}},{"hash":"a84bb7a6b2c475ebccc875df2841ffa9238dffd9","isMergeCommit":false,"messageTitle":"Update README.md","messageBody":"","fileTypesAndContributionMap":{"md":{"insertions":1,"deletions":1}}},{"hash":"d8a122924e1ab664db5b293ffd77bc31762e8883","isMergeCommit":false,"messageTitle":"Update README.md","messageBody":"","fileTypesAndContributionMap":{"md":{"insertions":1,"deletions":1}}}]},{"date":"2024-09-23","commitResults":[{"hash":"e670061f457caebb5211533d9cc45638e2e3dc60","isMergeCommit":false,"messageTitle":"Fix file path issues","messageBody":"","fileTypesAndContributionMap":{"java":{"insertions":7,"deletions":4}}},{"hash":"8aff09729eaf8c7d4e1df655f1e0e54698af53f6","isMergeCommit":true,"messageTitle":"Merge branch \u0027master\u0027 of https://github.com/FlyingDonkeys/ip","messageBody":"","fileTypesAndContributionMap":{}}]},{"date":"2024-10-06","commitResults":[{"hash":"31237d5ef7ae6b22e9174f831729b9402b2184c0","isMergeCommit":false,"messageTitle":"Update README.md","messageBody":"","fileTypesAndContributionMap":{"md":{"insertions":6,"deletions":2}}}]}]},"authorFileTypeContributionMap":{"FlyingDonkeys":{"java":1418,"md":71,"fxml":42,"sh":2,"bat":1,"gradle":18,"txt":9}},"authorContributionVariance":{"FlyingDonkeys":25973.246},"authorDisplayNameMap":{"FlyingDonkeys":"CS2103T-F14b-2 CHUA..SUAN"}}
