{"authorDailyContributionsMap":{"Gilbb":[{"date":"2024-08-18","commitResults":[{"hash":"cd8d30d0662653f221a50f57f0cc6b175bafc982","isMergeCommit":false,"messageTitle":"Add greet and exit texts","messageBody":"","tags":["Level-0"],"fileTypesAndContributionMap":{"java":{"insertions":19,"deletions":10}}},{"hash":"13f40f9457f01435e8a45d549d40d32ee19d5ad9","isMergeCommit":false,"messageTitle":"Add echo functionality","messageBody":"","tags":["Level-1"],"fileTypesAndContributionMap":{"java":{"insertions":23,"deletions":6}}},{"hash":"a84edb6d996a68c23df29ba6c1c9a34ebc2c72a7","isMergeCommit":false,"messageTitle":"Add list functionality","messageBody":"","tags":["Level-2"],"fileTypesAndContributionMap":{"java":{"insertions":38,"deletions":2}}},{"hash":"3d743a5b0158f77927c2d6a7ad06548a90f70058","isMergeCommit":false,"messageTitle":"Add mark and unmark functionality","messageBody":"","tags":["Level-3"],"fileTypesAndContributionMap":{"java":{"insertions":38,"deletions":7}}}]},{"date":"2024-08-19","commitResults":[{"hash":"e46ade601e9e068efa1bcf7376be49a9d612556f","isMergeCommit":false,"messageTitle":"Add support for tracking ToDos, Deadlines, Events","messageBody":"","tags":["Level-4"],"fileTypesAndContributionMap":{"java":{"insertions":123,"deletions":33}}},{"hash":"95055bcb725f6c0d51f2d7455606dc8a2d168864","isMergeCommit":false,"messageTitle":"Add automated text ui testing","messageBody":"","tags":["A-TextUiTesting"],"fileTypesAndContributionMap":{"txt":{"insertions":11,"deletions":0},"bat":{"insertions":1,"deletions":1},"sh":{"insertions":1,"deletions":1}}},{"hash":"e7aef1894fd3a5f6fa346d3bed387ac8f67a6753","isMergeCommit":false,"messageTitle":"Add error handling for some incorrect inputs","messageBody":"","tags":["Level-5"],"fileTypesAndContributionMap":{"java":{"insertions":40,"deletions":7}}},{"hash":"3fe6a373496db6c208534d613c38a285d8ac8372","isMergeCommit":false,"messageTitle":"Add support for deleting tasks from list","messageBody":"","tags":["Level-6"],"fileTypesAndContributionMap":{"java":{"insertions":38,"deletions":10}}}]},{"date":"2024-08-24","commitResults":[{"hash":"6ee7ae8881d0ba4111ee99aedeb39f38940dd0fe","isMergeCommit":false,"messageTitle":"Add support to save tasks into .txt and load file on start up","messageBody":"","fileTypesAndContributionMap":{"java":{"insertions":131,"deletions":1}}},{"hash":"7be5261512d5adee7d97f0beceb3016e20b0bc68","isMergeCommit":false,"messageTitle":"Edit import statements in Cookie class","messageBody":"","tags":["Level-7"],"fileTypesAndContributionMap":{"java":{"insertions":6,"deletions":5}}},{"hash":"aa389713cd8dc15add81b23d2778dbc179597fac","isMergeCommit":false,"messageTitle":"Add support for LocalDate input for deadlines and events","messageBody":"","tags":["Level-8"],"fileTypesAndContributionMap":{"java":{"insertions":48,"deletions":4}}}]},{"date":"2024-08-25","commitResults":[{"hash":"a6e7e1b8ecabf8c899de8b49cbc7199ca5a133f3","isMergeCommit":false,"messageTitle":"Refactor code and create new classes","messageBody":"","tags":["A-MoreOOP"],"fileTypesAndContributionMap":{"java":{"insertions":326,"deletions":253}}},{"hash":"e44abece997e452a11eb1d0817cec62da783cbd1","isMergeCommit":false,"messageTitle":"Move classes into Cookie package","messageBody":"","tags":["A-Packages"],"fileTypesAndContributionMap":{"java":{"insertions":18,"deletions":0}}},{"hash":"167cda4f39b40d9dd495865d555d9892d70a4106","isMergeCommit":true,"messageTitle":"Merge branch \u0027add-gradle-support\u0027","messageBody":"","tags":["A-Gradle"],"fileTypesAndContributionMap":{}},{"hash":"558356cdd20feae3546bcb12a58676efedd0b026","isMergeCommit":false,"messageTitle":"Implement JUnit test for task classes","messageBody":"","tags":["A-JUnit"],"fileTypesAndContributionMap":{"java":{"insertions":209,"deletions":0}}},{"hash":"021788841b190b61265530605d7c654d19a74ed1","isMergeCommit":false,"messageTitle":"Package app as executable JAR","messageBody":"","tags":["A-Jar"],"fileTypesAndContributionMap":{"gradle":{"insertions":3,"deletions":2},"java":{"insertions":0,"deletions":3}}},{"hash":"b45d6dad57cbed15ed90f671f6ab2e76b5d857f4","isMergeCommit":false,"messageTitle":"Add Javadoc comments to public methods","messageBody":"","tags":["A-JavaDoc"],"fileTypesAndContributionMap":{"java":{"insertions":239,"deletions":3}}},{"hash":"a66f4617b36a3eccd0d9bcebd16e3c46b0a82401","isMergeCommit":false,"messageTitle":"Tweak code to comply with coding standard","messageBody":"","fileTypesAndContributionMap":{"java":{"insertions":2,"deletions":2}}},{"hash":"c1e0a54402d871673cb840b267645a59a8ae0e1a","isMergeCommit":true,"messageTitle":"Merge branch \u0027branch-A-CodingStandard\u0027","messageBody":"","tags":["A-CodingStandard"],"fileTypesAndContributionMap":{}},{"hash":"ccce631fe9bd43a856264573a8a3fe3e83f28bf2","isMergeCommit":false,"messageTitle":"Add find command for searching task by keyword","messageBody":"","fileTypesAndContributionMap":{"java":{"insertions":46,"deletions":4}}},{"hash":"ec8ff833f968bdf500314153e4af3d8ad02f8b37","isMergeCommit":true,"messageTitle":"Merge branch \u0027branch-Level-9\u0027","messageBody":"","tags":["Level-9"],"fileTypesAndContributionMap":{}},{"hash":"0485e3f0a7145d57272d32cab7d3c1845c1efc2d","isMergeCommit":false,"messageTitle":"Fix spacing in Ui class","messageBody":"","fileTypesAndContributionMap":{"java":{"insertions":3,"deletions":3},"bat":{"insertions":1,"deletions":1}}}]},{"date":"2024-08-28","commitResults":[{"hash":"a74c9702c3121abe09270f0bd4cc831ee5b99e2f","isMergeCommit":false,"messageTitle":"Add checkstyle to project and remove .idea file","messageBody":"","tags":["A-CheckStyle"],"fileTypesAndContributionMap":{"gradle":{"insertions":5,"deletions":0},"java":{"insertions":65,"deletions":64}}}]},{"date":"2024-09-01","commitResults":[{"hash":"10e15e8215982418deef59246e998e4b8e9948ea","isMergeCommit":false,"messageTitle":"Add a GUI to Cookie","messageBody":"","tags":["Level-10"],"fileTypesAndContributionMap":{"gradle":{"insertions":20,"deletions":1},"fxml":{"insertions":44,"deletions":0},"java":{"insertions":294,"deletions":129}}}]},{"date":"2024-09-07","commitResults":[{"hash":"05b3508963b99e798d175a6b99d5aba97e507660","isMergeCommit":false,"messageTitle":"Add java assertions to Cookie class","messageBody":"Currently the program runs without checking for programming mistakes.\n\nWith assertions, programmer mistakes can be easily identified and bugs\ncan be fixed early.\n","fileTypesAndContributionMap":{"gradle":{"insertions":2,"deletions":1},"fxml":{"insertions":1,"deletions":1},"java":{"insertions":81,"deletions":24}}},{"hash":"d012c45e62be60c357e628f4deea00c82d3ae6a8","isMergeCommit":true,"messageTitle":"Merge pull request #1 from Gilbb/A-Assertions","messageBody":"Add java assertions to Cookie class","fileTypesAndContributionMap":{}},{"hash":"20b38e4067e983874b072e2e52a638a83f31b484","isMergeCommit":false,"messageTitle":"Add java assertions to Cookie class Currently the program runs without checking for programming mistakes.","messageBody":"With assertions, programmer mistakes can be easily identified and bugs\ncan be fixed early.\n","fileTypesAndContributionMap":{"java":{"insertions":8,"deletions":0}}},{"hash":"f03b6d0c1f9dc6945bef6bb06a2467cfcf0afc84","isMergeCommit":true,"messageTitle":"Merge pull request #2 from Gilbb/branch-A-Assertions","messageBody":"Add java assertions to Cookie class","fileTypesAndContributionMap":{}},{"hash":"1563317ab2e49482f03fdb40031cb90f608cbc0b","isMergeCommit":false,"messageTitle":"Refactor command handling and input parsing","messageBody":"The `Cookie` class currently handles multiple command types directly, which makes it complex\nand difficult to maintain. The `Parser` class handles minimal parsing of user input, leading\nless modular codebase.\n\nThis approach complicates command management and makes the code harder to extend or modify.\nCentralizing command logic and improving modularity will simplify maintenance and improve code readability.\n\n- Move command handling logic from the `Cookie` class to new command classes (`ByeCommand`, `DeadlineCommand`,\n    `DeleteCommand`, `EventCommand`, `FindCommand`, `ListCommand`, `MarkCommand`, `ToDoCommand`, `UnmarkCommand`).\n- Refactor the `Parser` class to handle all input parsing and convert user inputs into command objects.\n- Update the `Cookie` class to use the `Parser` class for command instantiation and delegate command execution to the\n    newly created command classes.\n\nIsolate command-specific logic into dedicated classes to improve modularity and separation of concerns. Centralize input\nparsing in the `Parser` class to streamline command creation and ensure a single point of input processing.\n\nThis refactoring also includes more comprehensive JavaDoc header comments.\n","tags":["A-FullCommitMessage","A-CodeQuality"],"fileTypesAndContributionMap":{"java":{"insertions":586,"deletions":241}}},{"hash":"d3c86e16ccd79f1df55e749e8b02dcbac67af695","isMergeCommit":true,"messageTitle":"Merge pull request #3 from Gilbb/branch-A-CodeQuality","messageBody":"Refactor command handling and input parsing","fileTypesAndContributionMap":{}},{"hash":"6fd3ceaeb7b6b8aba260e55db8a64894b20b3156","isMergeCommit":false,"messageTitle":"Add assertions to Deadline, Event, Find, and ToDo","messageBody":"Currently, the Deadline, Event, Find, and ToDo commands accept user inputs without enforcing\nany assertions to validate key fields like task descriptions or deadlines. This leaves potential room\nfor errors where commands could be executed with invalid or missing data.\n\nWithout basic assertions in place, commands can be executed with empty or invalid fields, leading to\ninconsistent behavior or runtime exceptions. For example, a user may accidentally create a task with\nan empty description or a missing deadline, which violates the expected behavior of the application.\n\nAdd assertions in the constructors of the Deadline, Event, Find, and ToDo commands to check that the\ntask description and other critical fields (like deadline for DeadlineCommand) are not empty. Additionally,\nerror handling logic is strengthened in the `executeCommand` method to throw a `CookieException` if validation fails.\n\nUsing assertions helps catch errors early during execution, ensuring that the commands always receive valid input.\nAssertions are efficient because they validate conditions only during development/testing, while the error\nhandling in `executeCommand` ensures graceful handling in production.\n\nThis update improves code reliability and reduces the risk of handling incomplete or erroneous inputs.\nWhile assertions are only active during testing, explicit error handling covers production use cases,\nmaking the solution robust across environments.\n","tags":["A-Assertions"],"fileTypesAndContributionMap":{"java":{"insertions":15,"deletions":3}}},{"hash":"5b0075432d8a78243c0b2db796b60d32bcc388ae","isMergeCommit":true,"messageTitle":"Merge pull request #4 from Gilbb/branch-A-Assertions","messageBody":"Add assertions to Deadline, Event, Find, and ToDo","fileTypesAndContributionMap":{}},{"hash":"2e1748eac1743d668ad351984c635074eb0415e1","isMergeCommit":false,"messageTitle":"Add javadoc comments for Classes","messageBody":"","fileTypesAndContributionMap":{"java":{"insertions":125,"deletions":46}}},{"hash":"0e2822e3adda2acc366988fe6b7224c1f476438e","isMergeCommit":false,"messageTitle":"Fix checkstyle errors","messageBody":"","fileTypesAndContributionMap":{"java":{"insertions":40,"deletions":31}}},{"hash":"fbd22ce84ebbf97b62598163bbae7daa36c4ae68","isMergeCommit":false,"messageTitle":"Fix ordering of import statements","messageBody":"","fileTypesAndContributionMap":{"java":{"insertions":1,"deletions":2}}},{"hash":"155684d4a28fe580cc4e3039653426c82d1c3fee","isMergeCommit":false,"messageTitle":"Fix unit test assertion","messageBody":"","fileTypesAndContributionMap":{"java":{"insertions":2,"deletions":2}}},{"hash":"38380bb89da0e88a9a39114c57e6ef0f58abb587","isMergeCommit":false,"messageTitle":"Fix unit test assertion for TaskList","messageBody":"","tags":["A-CI"],"fileTypesAndContributionMap":{"java":{"insertions":1,"deletions":1}}},{"hash":"76080c70f96057d77974af7bf56a03fe5a85e71f","isMergeCommit":true,"messageTitle":"Merge pull request #5 from Gilbb/branch-A-CI","messageBody":"Branch a ci","fileTypesAndContributionMap":{}}]},{"date":"2024-09-08","commitResults":[{"hash":"363876ea4b89b612f6bc651e36a5e42c5f9ca7ee","isMergeCommit":false,"messageTitle":"Add support for user-defined aliases","messageBody":"- Implemented functionality to allow users to define their own command aliases.\n- Updated parser to resolve commands using aliases, improving user experience.\n- Added error handling for invalid alias definitions and command resolution.\n\nThis update enhances the user interface by making command inputs more flexible\nand customizable.\n","fileTypesAndContributionMap":{"java":{"insertions":129,"deletions":14}}},{"hash":"4c5fc0186616704f6319278640da2c0d737777cc","isMergeCommit":false,"messageTitle":"Add support for users to view aliases","messageBody":"","tags":["BCD-Extension"],"fileTypesAndContributionMap":{"java":{"insertions":114,"deletions":33}}},{"hash":"f495305bd016fa81e74f5790ce6801a0e749fc88","isMergeCommit":true,"messageTitle":"Merge pull request #6 from Gilbb/branch-BCD-Extension","messageBody":"Branch bcd extension","fileTypesAndContributionMap":{}},{"hash":"7935229cb5db74d3b9b3195efa109b86047ca393","isMergeCommit":false,"messageTitle":"Fix build.gradle mainClass.set","messageBody":"","fileTypesAndContributionMap":{"gradle":{"insertions":1,"deletions":5}}}]},{"date":"2024-09-14","commitResults":[{"hash":"b55fa9caf814abb36312a7a9c8c62f9c35086edf","isMergeCommit":false,"messageTitle":"Add more detailed execption messages","messageBody":"","fileTypesAndContributionMap":{"java":{"insertions":8,"deletions":5}}},{"hash":"350bdf75a195b98aeb08a78459cb6c72d2cc9500","isMergeCommit":true,"messageTitle":"Merge pull request #7 from Gilbb/branch-DetailedExceptions","messageBody":"Add more detailed execption messages","fileTypesAndContributionMap":{}},{"hash":"87e6268429bed61e556324940159238434e89351","isMergeCommit":false,"messageTitle":"Add features list to README.md","messageBody":"","fileTypesAndContributionMap":{"java":{"insertions":2,"deletions":2},"md":{"insertions":115,"deletions":14}}},{"hash":"ddd17383dfda6618deffaabe781213ee82c97b31","isMergeCommit":false,"messageTitle":"Add details for exiting to READme","messageBody":"","tags":["A-UserGuide"],"fileTypesAndContributionMap":{"md":{"insertions":7,"deletions":1}}},{"hash":"48fffff392c7250943499bad02a48ad10dfbb7e0","isMergeCommit":false,"messageTitle":"Fix minor typo","messageBody":"","fileTypesAndContributionMap":{"md":{"insertions":3,"deletions":2}}}]},{"date":"2024-09-15","commitResults":[{"hash":"5a5ed30763d517149f73524adff9f6b2260cdb94","isMergeCommit":false,"messageTitle":"Add error prevention for corrupted file","messageBody":"","fileTypesAndContributionMap":{"gradle":{"insertions":0,"deletions":1},"java":{"insertions":35,"deletions":19}}},{"hash":"cab0ae9b69917775e608ad65a2a09198b3c44bda","isMergeCommit":true,"messageTitle":"Merge pull request #9 from Gilbb/branch-CorruptedFile","messageBody":"Add error prevention for corrupted file","fileTypesAndContributionMap":{}}]},{"date":"2024-09-19","commitResults":[{"hash":"1c91698acec6f73eaf071b49653d44a080453cb9","isMergeCommit":false,"messageTitle":"Save tasklist after every command","messageBody":"","tags":["A-Release"],"fileTypesAndContributionMap":{"java":{"insertions":3,"deletions":1}}},{"hash":"89b5f220cc475c20fa1ffa45aa7c4176f9969c4a","isMergeCommit":false,"messageTitle":"Add exception handling for nfe","messageBody":"","fileTypesAndContributionMap":{"gradle":{"insertions":1,"deletions":0},"java":{"insertions":6,"deletions":2}}}]}]},"authorFileTypeContributionMap":{"Gilbb":{"java":1908,"md":122,"fxml":44,"sh":1,"bat":2,"gradle":24,"txt":11}},"authorContributionVariance":{"Gilbb":78551.29},"authorDisplayNameMap":{"Gilbb":"CS2103T-T10-4 GILB..NDAR"}}
