{"authorDailyContributionsMap":{"rachelyeohm":[{"date":"2024-08-20","commitResults":[{"hash":"b1bcc343cfcdc259e156f4605f9db1c8e0a81a3a","isMergeCommit":false,"messageTitle":"Add hello and bye functions, remove mentions of Duke","messageBody":"","tags":["Level-0"],"fileTypesAndContributionMap":{"java":{"insertions":9,"deletions":10},"md":{"insertions":2,"deletions":23}}},{"hash":"85108889ff4687d737b7c854eb38305ac54f4351","isMergeCommit":false,"messageTitle":"Add functionality for echoing input + abstract horizontal lines in string","messageBody":"","tags":["Level-1"],"fileTypesAndContributionMap":{"java":{"insertions":21,"deletions":3}}},{"hash":"6dd6dee78ee2ec78a2e88e7f812abda1683bff5a","isMergeCommit":false,"messageTitle":"Implement storing and displaying texts in list form","messageBody":"","tags":["Level-2"],"fileTypesAndContributionMap":{"java":{"insertions":24,"deletions":2}}},{"hash":"8fb028a1de5a52a477cd71f9a3b17f7ece66ae64","isMergeCommit":false,"messageTitle":"Add Task class and ability to mark done/undone","messageBody":"","tags":["Level-3"],"fileTypesAndContributionMap":{"java":{"insertions":74,"deletions":6}}}]},{"date":"2024-08-21","commitResults":[{"hash":"61baa44e7e0c12f33f55ca78ecac604833121393","isMergeCommit":false,"messageTitle":"Add different types of task","messageBody":"","tags":["Level-4","A-Inheritance"],"fileTypesAndContributionMap":{"java":{"insertions":127,"deletions":2}}},{"hash":"4789acbade13b296d32c10466d967375bed9ba7c","isMergeCommit":false,"messageTitle":"Add semi-automated testing with .bat file","messageBody":"","tags":["A-TextUiTesting"],"fileTypesAndContributionMap":{"txt":{"insertions":3,"deletions":0},"java":{"insertions":7,"deletions":6},"bat":{"insertions":1,"deletions":1}}},{"hash":"248a0f71b0ddb62d2028423c114c5f4daa2c6a99","isMergeCommit":false,"messageTitle":"Add error handling with exceptions","messageBody":"","tags":["Level-5","A-Exceptions"],"fileTypesAndContributionMap":{"java":{"insertions":72,"deletions":38}}},{"hash":"b97126079239937216c692e94643e89291e39601","isMergeCommit":false,"messageTitle":"Add delete functionality","messageBody":"","tags":["Level-6","A-Collections"],"fileTypesAndContributionMap":{"java":{"insertions":34,"deletions":1}}},{"hash":"ce88d1683d70b3a1ec5d4c9c1c16c4f2bca0ca9d","isMergeCommit":false,"messageTitle":"Add enumeration for mark status","messageBody":"","tags":["A-Enums"],"fileTypesAndContributionMap":{"java":{"insertions":12,"deletions":7}}}]},{"date":"2024-08-26","commitResults":[{"hash":"d49c979037301f3ca2e4fe213c7c7007e0337213","isMergeCommit":false,"messageTitle":"Add load and save functions","messageBody":"","fileTypesAndContributionMap":{"java":{"insertions":205,"deletions":47}}},{"hash":"80b8f3f5e0d6905b0d7c94fe136bd8594357a63f","isMergeCommit":true,"messageTitle":"Merge branch \u0027branch-Level-7\u0027","messageBody":"","tags":["Level-7"],"fileTypesAndContributionMap":{}},{"hash":"2727f8f1fc287f0e64c5bfd00dbb50534efe91ca","isMergeCommit":false,"messageTitle":"Add classes for more OOP structure","messageBody":"","fileTypesAndContributionMap":{"java":{"insertions":203,"deletions":101}}},{"hash":"c83222d8498a0a1af91549e063c57c0a733a2e8c","isMergeCommit":false,"messageTitle":"Implement OOP structure","messageBody":"","fileTypesAndContributionMap":{"java":{"insertions":136,"deletions":119}}},{"hash":"a3c7aec2ca3487e93d8b2a48ca2b6b8a361185e1","isMergeCommit":false,"messageTitle":"Implement more OOP structure","messageBody":"","fileTypesAndContributionMap":{"java":{"insertions":60,"deletions":34}}},{"hash":"53b37606fc5a6960bd74374db2fbe889feaadac9","isMergeCommit":true,"messageTitle":"Merge branch \u0027A-MoreOOP\u0027","messageBody":"","tags":["A-MoreOOP"],"fileTypesAndContributionMap":{}}]},{"date":"2024-08-27","commitResults":[{"hash":"1d19cfe30563d6c2d196f31795e2bcf1c6dc82b4","isMergeCommit":false,"messageTitle":"Add date parsing and output formatting","messageBody":"","fileTypesAndContributionMap":{"java":{"insertions":107,"deletions":32}}},{"hash":"1260d547d56c83cad69b68bf086536075631f3b7","isMergeCommit":true,"messageTitle":"Merge branch \u0027branch-Level-8\u0027","messageBody":"","tags":["branch-Level-8"],"fileTypesAndContributionMap":{}},{"hash":"99d73c572d93dcc1c8fba2590022757f9b5616f2","isMergeCommit":false,"messageTitle":"Add packages","messageBody":"","fileTypesAndContributionMap":{"java":{"insertions":137,"deletions":38}}},{"hash":"5966b6baed0ada2e99af58e359e092c866d12c84","isMergeCommit":true,"messageTitle":"Merge branch \u0027A-Packages\u0027","messageBody":"","tags":["A-Packages"],"fileTypesAndContributionMap":{}},{"hash":"5fede0b340a44cb5f1a4cb47927913865e19f97c","isMergeCommit":true,"messageTitle":"Merge remote-tracking branch \u0027remotes/origin/add-gradle-support\u0027","messageBody":"","tags":["A-Gradle"],"fileTypesAndContributionMap":{}},{"hash":"b64769a0484cdb4ce8183ccd4480753d67f2426a","isMergeCommit":false,"messageTitle":"Add JUnit tests for Save, ToDo and Parser class","messageBody":"","fileTypesAndContributionMap":{"java":{"insertions":280,"deletions":5}}},{"hash":"2c281adaf58072a0c8c0c6dc53ee6180a273ae3c","isMergeCommit":true,"messageTitle":"Merge branch \u0027A-JUnit\u0027","messageBody":"","tags":["A-JUnit"],"fileTypesAndContributionMap":{}},{"hash":"4dc56713469ee0af25e848825f181880a20f1a80","isMergeCommit":false,"messageTitle":"Edit build.gradle file to match package structure and create jar file","messageBody":"","fileTypesAndContributionMap":{"gradle":{"insertions":2,"deletions":2}}},{"hash":"f41a37a84955c6136a47f65709d06b7f2a43aa5a","isMergeCommit":true,"messageTitle":"Merge branch \u0027A-Jar\u0027","messageBody":"","tags":["A-Jar"],"fileTypesAndContributionMap":{}},{"hash":"8572708d0526f341e40e82c5b0cb9f87854e8519","isMergeCommit":false,"messageTitle":"Add find command","messageBody":"","fileTypesAndContributionMap":{"java":{"insertions":40,"deletions":1}}}]},{"date":"2024-08-28","commitResults":[{"hash":"336178bc1fcfa8da8d151754cd95c7bbdd135a8f","isMergeCommit":false,"messageTitle":"Add Javadoc header comments for classes and methods","messageBody":"","fileTypesAndContributionMap":{"java":{"insertions":271,"deletions":12}}},{"hash":"f9a59db8e9efa2f46c99694c8d3b76f9bd202d9f","isMergeCommit":true,"messageTitle":"Merge branch \u0027A-JavaDoc\u0027","messageBody":"","fileTypesAndContributionMap":{}},{"hash":"b9242c4d44ef342bd0cc5b4203c9a3e28964924b","isMergeCommit":false,"messageTitle":"Add Javadoc headers for methods and classes of Command and its subclasses","messageBody":"","fileTypesAndContributionMap":{"java":{"insertions":102,"deletions":4}}},{"hash":"d5e2027b02f431c170ce14087c213fb43c3c4cbe","isMergeCommit":true,"messageTitle":"Merge branch \u0027A-JavaDoc\u0027","messageBody":"","fileTypesAndContributionMap":{}},{"hash":"d74e96b8d97aca343d127461726cae60e434ce3c","isMergeCommit":false,"messageTitle":"Adhere to coding standard","messageBody":"","fileTypesAndContributionMap":{"java":{"insertions":50,"deletions":36}}},{"hash":"b2c3919bc2d8460349b1aea47a1ff78ad3f8f262","isMergeCommit":true,"messageTitle":"Merge branch \u0027branch-A-CodingStandard\u0027","messageBody":"","tags":["branch-A-CodingStandard","Level-9","A-JavaDoc","A-CodingStandard"],"fileTypesAndContributionMap":{}}]},{"date":"2024-08-29","commitResults":[{"hash":"ac3dd456b5750614a9c47d7fd919f328c0722a42","isMergeCommit":false,"messageTitle":"Update README.md","messageBody":"","fileTypesAndContributionMap":{"md":{"insertions":3,"deletions":1}}},{"hash":"403659f820f299ce2ebd083440729125939bb811","isMergeCommit":false,"messageTitle":"Update README.md","messageBody":"","fileTypesAndContributionMap":{"md":{"insertions":3,"deletions":1}}},{"hash":"ae434cd17ee0d539b56d6df05569eceaa3668b34","isMergeCommit":false,"messageTitle":"Updae README.md","messageBody":"","fileTypesAndContributionMap":{"md":{"insertions":2,"deletions":0}}}]},{"date":"2024-09-01","commitResults":[{"hash":"d65256a027fd011fa0b70f1e94efdbd5286390fa","isMergeCommit":false,"messageTitle":"Add GUI functionality","messageBody":"","fileTypesAndContributionMap":{"gradle":{"insertions":18,"deletions":1},"txt":{"insertions":1,"deletions":0},"fxml":{"insertions":63,"deletions":0},"java":{"insertions":273,"deletions":57}}},{"hash":"d7d7d37ef2148bccf500f3d8c0f1cef7735d88d4","isMergeCommit":true,"messageTitle":"Merge branch \u0027branch-Level-10\u0027","messageBody":"","tags":["Level-10"],"fileTypesAndContributionMap":{}}]},{"date":"2024-09-10","commitResults":[{"hash":"f37006bd27a391e19441ac5990a46248b72c9102","isMergeCommit":false,"messageTitle":"Add assertions statements","messageBody":"The code lacks assertions, making error detection during development less effective and increasing the risk of unnoticed bugs.\n\nErrors need to be caught early to ensure code robustness and maintainability.\n\nLet\u0027s add assertions to validate critical assumptions within the code. Use assertions to provide immediate feedback when conditions are violated.\n\nThis method is chosen for its simplicity and effectiveness in catching errors during development without impacting production performance.\n\nAssertions will improve code reliability and aid in quicker debugging.\n","fileTypesAndContributionMap":{"gradle":{"insertions":1,"deletions":1},"java":{"insertions":3,"deletions":0}}},{"hash":"e47197949a193d1cc5a38c9ded02e45584c3edfc","isMergeCommit":true,"messageTitle":"Merge pull request #1 from rachelyeohm/branch-A-Assertions","messageBody":"Add assertions statements","fileTypesAndContributionMap":{}},{"hash":"e4b556bff68b08f7b05c3d4953f42c96f44f36f1","isMergeCommit":false,"messageTitle":"Add Scheduler Feature to Show Events on Date","messageBody":"The to-do list app lacks a scheduling feature that allows users to view\nevents filtered by specific dates. Users cannot easily see what tasks or\n events are scheduled for a particular day, which reduces the app’s\n effectiveness in managing time-sensitive tasks.\n\nA scheduler is needed to provide a clear view of events, helping users\nmanage their daily schedules more effectively and stay organized.\n\nLet\u0027s implement a scheduler command that accepts a specific date\n(schedule YYYY-MM-DD) to display events starting and ending on that day.\n Additionally, allow the command schedule today to show events scheduled\n  for the current day.\n\nThis approach offers flexibility and enhances usability by making it\neasy to filter and view relevant events based on the user\u0027s query,\nimproving the overall user experience.\n\nThe new feature will help users stay on top of their tasks and events,\nmaking the app more valuable for daily planning.\n","fileTypesAndContributionMap":{"java":{"insertions":158,"deletions":39}}},{"hash":"e53561e401a8fa3fda48f617448e304fd41ec1fc","isMergeCommit":true,"messageTitle":"Merge pull request #2 from rachelyeohm/branch-B-ViewSchedules","messageBody":"Add Scheduler Feature to Show Events on Date","fileTypesAndContributionMap":{}},{"hash":"8604c014cbe2769e6ce527278a1e8225aade96e2","isMergeCommit":false,"messageTitle":"Fix code of poor quality","messageBody":"","fileTypesAndContributionMap":{"java":{"insertions":38,"deletions":18}}},{"hash":"71548675a7bb6bee459c95a94283920a54df918d","isMergeCommit":true,"messageTitle":"Merge pull request #3 from rachelyeohm/branch-A-CodeQuality","messageBody":"Fix code of poor quality","tags":["B-ViewSchedules","A-CodeQuality","A-Assertions"],"fileTypesAndContributionMap":{}},{"hash":"c42674a01161d54fd0aa957818b92326a4ad6b46","isMergeCommit":false,"messageTitle":"Add tags","messageBody":"","tags":["BCD-Extension"],"fileTypesAndContributionMap":{"java":{"insertions":1,"deletions":1}}}]},{"date":"2024-09-15","commitResults":[{"hash":"adf3492b2b9277ed3180f5b277fed6fac6b85b7f","isMergeCommit":false,"messageTitle":"Update README","messageBody":"","fileTypesAndContributionMap":{"md":{"insertions":6,"deletions":1}}},{"hash":"a49a33f3a1cf04d633d78bac6f779055a77ebcc9","isMergeCommit":false,"messageTitle":"Update README","messageBody":"","fileTypesAndContributionMap":{"md":{"insertions":3,"deletions":2}}},{"hash":"61b055e07379ca36aaf76acd3e77dbb3640d8589","isMergeCommit":false,"messageTitle":"Update README","messageBody":"","fileTypesAndContributionMap":{"md":{"insertions":4,"deletions":1}}},{"hash":"e723520c4a58be138b130da094010bc21aa24487","isMergeCommit":false,"messageTitle":"Update README","messageBody":"","fileTypesAndContributionMap":{"md":{"insertions":4,"deletions":1}}},{"hash":"6d9ac516de5487927b1174fd964ce1d5eb964a77","isMergeCommit":false,"messageTitle":"Update README","messageBody":"","fileTypesAndContributionMap":{"md":{"insertions":6,"deletions":0}}},{"hash":"25dc38c7d96f8e548c54f06ccb305d2bee2c4276","isMergeCommit":true,"messageTitle":"Merge pull request #5 from rachelyeohm/FixREADME","messageBody":"Fix readme","fileTypesAndContributionMap":{}}]}]},"authorFileTypeContributionMap":{"rachelyeohm":{"java":1835,"md":23,"fxml":63,"sh":0,"bat":1,"gradle":19,"txt":4}},"authorContributionVariance":{"rachelyeohm":48095.83},"authorDisplayNameMap":{"rachelyeohm":"CS2103T-F12-4 RACH.. MIN"}}
