{"authorDailyContributionsMap":{"rachelyeohm":[{"date":"2024-08-20","commitResults":[{"hash":"b1bcc343cfcdc259e156f4605f9db1c8e0a81a3a","isMergeCommit":false,"messageTitle":"Add hello and bye functions, remove mentions of Duke","messageBody":"","tags":["Level-0"],"fileTypesAndContributionMap":{"java":{"insertions":9,"deletions":10},"md":{"insertions":2,"deletions":23}}},{"hash":"85108889ff4687d737b7c854eb38305ac54f4351","isMergeCommit":false,"messageTitle":"Add functionality for echoing input + abstract horizontal lines in string","messageBody":"","tags":["Level-1"],"fileTypesAndContributionMap":{"java":{"insertions":21,"deletions":3}}},{"hash":"6dd6dee78ee2ec78a2e88e7f812abda1683bff5a","isMergeCommit":false,"messageTitle":"Implement storing and displaying texts in list form","messageBody":"","tags":["Level-2"],"fileTypesAndContributionMap":{"java":{"insertions":24,"deletions":2}}},{"hash":"8fb028a1de5a52a477cd71f9a3b17f7ece66ae64","isMergeCommit":false,"messageTitle":"Add Task class and ability to mark done/undone","messageBody":"","tags":["Level-3"],"fileTypesAndContributionMap":{"java":{"insertions":74,"deletions":6}}}]},{"date":"2024-08-21","commitResults":[{"hash":"61baa44e7e0c12f33f55ca78ecac604833121393","isMergeCommit":false,"messageTitle":"Add different types of task","messageBody":"","tags":["Level-4","A-Inheritance"],"fileTypesAndContributionMap":{"java":{"insertions":127,"deletions":2}}},{"hash":"4789acbade13b296d32c10466d967375bed9ba7c","isMergeCommit":false,"messageTitle":"Add semi-automated testing with .bat file","messageBody":"","tags":["A-TextUiTesting"],"fileTypesAndContributionMap":{"txt":{"insertions":3,"deletions":0},"java":{"insertions":7,"deletions":6},"bat":{"insertions":1,"deletions":1}}},{"hash":"248a0f71b0ddb62d2028423c114c5f4daa2c6a99","isMergeCommit":false,"messageTitle":"Add error handling with exceptions","messageBody":"","tags":["Level-5","A-Exceptions"],"fileTypesAndContributionMap":{"java":{"insertions":72,"deletions":38}}},{"hash":"b97126079239937216c692e94643e89291e39601","isMergeCommit":false,"messageTitle":"Add delete functionality","messageBody":"","tags":["Level-6","A-Collections"],"fileTypesAndContributionMap":{"java":{"insertions":34,"deletions":1}}},{"hash":"ce88d1683d70b3a1ec5d4c9c1c16c4f2bca0ca9d","isMergeCommit":false,"messageTitle":"Add enumeration for mark status","messageBody":"","tags":["A-Enums"],"fileTypesAndContributionMap":{"java":{"insertions":12,"deletions":7}}}]},{"date":"2024-08-26","commitResults":[{"hash":"d49c979037301f3ca2e4fe213c7c7007e0337213","isMergeCommit":false,"messageTitle":"Add load and save functions","messageBody":"","fileTypesAndContributionMap":{"java":{"insertions":205,"deletions":47}}},{"hash":"80b8f3f5e0d6905b0d7c94fe136bd8594357a63f","isMergeCommit":true,"messageTitle":"Merge branch \u0027branch-Level-7\u0027","messageBody":"","tags":["Level-7"],"fileTypesAndContributionMap":{}},{"hash":"2727f8f1fc287f0e64c5bfd00dbb50534efe91ca","isMergeCommit":false,"messageTitle":"Add classes for more OOP structure","messageBody":"","fileTypesAndContributionMap":{"java":{"insertions":203,"deletions":101}}},{"hash":"c83222d8498a0a1af91549e063c57c0a733a2e8c","isMergeCommit":false,"messageTitle":"Implement OOP structure","messageBody":"","fileTypesAndContributionMap":{"java":{"insertions":136,"deletions":119}}},{"hash":"a3c7aec2ca3487e93d8b2a48ca2b6b8a361185e1","isMergeCommit":false,"messageTitle":"Implement more OOP structure","messageBody":"","fileTypesAndContributionMap":{"java":{"insertions":60,"deletions":34}}},{"hash":"53b37606fc5a6960bd74374db2fbe889feaadac9","isMergeCommit":true,"messageTitle":"Merge branch \u0027A-MoreOOP\u0027","messageBody":"","tags":["A-MoreOOP"],"fileTypesAndContributionMap":{}}]}]},"authorFileTypeContributionMap":{"rachelyeohm":{"java":618,"md":2,"fxml":0,"sh":0,"bat":1,"gradle":0,"txt":3}},"authorContributionVariance":{"rachelyeohm":70034.23},"authorDisplayNameMap":{"rachelyeohm":"CS2103T-F12-4 RACH.. MIN"}}
