{"authorDailyContributionsMap":{"Dinoman44":[{"date":"2024-08-17","commitResults":[{"hash":"352ae6e620942a12884d5c9e6cfa4b3ddc1c1191","isMergeCommit":false,"messageTitle":"Add files via upload","messageBody":"","fileTypesAndContributionMap":{"java":{"insertions":16,"deletions":0},"md":{"insertions":1,"deletions":1}}}]},{"date":"2024-08-18","commitResults":[{"hash":"bf8a127da5ed3088a39d3bac95c62789bae2a514","isMergeCommit":false,"messageTitle":"Complete Level-1 requirements","messageBody":"","fileTypesAndContributionMap":{"java":{"insertions":26,"deletions":6}}},{"hash":"079ab1795a318e372ab32df5de425092a4105cc9","isMergeCommit":false,"messageTitle":"Delete src/main/java/Duke.java","messageBody":"","fileTypesAndContributionMap":{"java":{"insertions":0,"deletions":10}}},{"hash":"41a530a5e9f7c1168bc880869c24f9bb01e4d29b","isMergeCommit":false,"messageTitle":"Add task tracker for Level 2","messageBody":"","fileTypesAndContributionMap":{"java":{"insertions":68,"deletions":3},"sh":{"insertions":1,"deletions":1}}},{"hash":"0e9cbc452f00916252eb7485536b96a39c534e45","isMergeCommit":false,"messageTitle":"Add feature: marking/unmarking task completion","messageBody":"","fileTypesAndContributionMap":{"java":{"insertions":136,"deletions":28}}}]},{"date":"2024-08-19","commitResults":[{"hash":"7a56b694dc3bb4c655277e1ff64ca58635d44c02","isMergeCommit":false,"messageTitle":"Add handling for different task types","messageBody":"","fileTypesAndContributionMap":{"txt":{"insertions":4,"deletions":0},"java":{"insertions":108,"deletions":27}}},{"hash":"6fc44684c4ff072c9b4d3394bad6268d50e6dd4a","isMergeCommit":false,"messageTitle":"Add task deletion functionality","messageBody":"","fileTypesAndContributionMap":{"java":{"insertions":32,"deletions":1}}}]}]},"authorFileTypeContributionMap":{"Dinoman44":{"java":321,"md":1,"fxml":0,"sh":1,"bat":0,"gradle":0,"txt":4}},"authorContributionVariance":{"Dinoman44":13189.6875},"authorDisplayNameMap":{"Dinoman44":"PRAK..INGH"}}
