[{"path":"README.md","fileType":"md","lines":[{"lineNumber":1,"author":{"gitId":"Rachael-Chan"},"content":"# Spiderman project template","lastModifiedDate":"2024-08-22","isFullCredit":false},{"lineNumber":2,"author":{"gitId":"-"},"content":"","lastModifiedDate":"2020-05-25","isFullCredit":false},{"lineNumber":3,"author":{"gitId":"-"},"content":"This is a project template for a greenfield Java project. It\u0027s named after the Java mascot _Duke_. Given below are instructions on how to use it.","lastModifiedDate":"2020-05-25","isFullCredit":false},{"lineNumber":4,"author":{"gitId":"-"},"content":"","lastModifiedDate":"2020-05-25","isFullCredit":false},{"lineNumber":5,"author":{"gitId":"-"},"content":"## Setting up in Intellij","lastModifiedDate":"2020-05-25","isFullCredit":false},{"lineNumber":6,"author":{"gitId":"-"},"content":"","lastModifiedDate":"2020-05-25","isFullCredit":false},{"lineNumber":7,"author":{"gitId":"-"},"content":"Prerequisites: JDK 17, update Intellij to the most recent version.","lastModifiedDate":"2024-07-11","isFullCredit":false},{"lineNumber":8,"author":{"gitId":"-"},"content":"","lastModifiedDate":"2020-05-25","isFullCredit":false},{"lineNumber":9,"author":{"gitId":"-"},"content":"1. Open Intellij (if you are not in the welcome screen, click `File` \u003e `Close Project` to close the existing project first)","lastModifiedDate":"2021-01-17","isFullCredit":false},{"lineNumber":10,"author":{"gitId":"-"},"content":"1. Open the project into Intellij as follows:","lastModifiedDate":"2021-01-17","isFullCredit":false},{"lineNumber":11,"author":{"gitId":"-"},"content":"   1. Click `Open`.","lastModifiedDate":"2021-01-17","isFullCredit":false},{"lineNumber":12,"author":{"gitId":"-"},"content":"   1. Select the project directory, and click `OK`.","lastModifiedDate":"2021-01-17","isFullCredit":false},{"lineNumber":13,"author":{"gitId":"-"},"content":"   1. If there are any further prompts, accept the defaults.","lastModifiedDate":"2020-05-25","isFullCredit":false},{"lineNumber":14,"author":{"gitId":"-"},"content":"1. Configure the project to use **JDK 17** (not other versions) as explained in [here](https://www.jetbrains.com/help/idea/sdk.html#set-up-jdk).\u003cbr\u003e","lastModifiedDate":"2024-07-11","isFullCredit":false},{"lineNumber":15,"author":{"gitId":"-"},"content":"   In the same dialog, set the **Project language level** field to the `SDK default` option.","lastModifiedDate":"2021-07-29","isFullCredit":false},{"lineNumber":16,"author":{"gitId":"Rachael-Chan"},"content":"3. After that, locate the `src/main/java/Spiderman.java` file, right-click it, and choose `Run Spiderman.main()` (if the code editor is showing compile errors, try restarting the IDE). If the setup is correct, you should see something like the below as the output:","lastModifiedDate":"2024-08-22","isFullCredit":false},{"lineNumber":17,"author":{"gitId":"-"},"content":"   ```","lastModifiedDate":"2020-05-25","isFullCredit":false},{"lineNumber":18,"author":{"gitId":"-"},"content":"   Hello from","lastModifiedDate":"2020-05-25","isFullCredit":false},{"lineNumber":19,"author":{"gitId":"-"},"content":"    ____        _        ","lastModifiedDate":"2020-05-25","isFullCredit":false},{"lineNumber":20,"author":{"gitId":"-"},"content":"   |  _ \\ _   _| | _____ ","lastModifiedDate":"2020-05-25","isFullCredit":false},{"lineNumber":21,"author":{"gitId":"-"},"content":"   | | | | | | | |/ / _ \\","lastModifiedDate":"2020-05-25","isFullCredit":false},{"lineNumber":22,"author":{"gitId":"-"},"content":"   | |_| | |_| |   \u003c  __/","lastModifiedDate":"2020-05-25","isFullCredit":false},{"lineNumber":23,"author":{"gitId":"-"},"content":"   |____/ \\__,_|_|\\_\\___|","lastModifiedDate":"2020-05-25","isFullCredit":false},{"lineNumber":24,"author":{"gitId":"-"},"content":"   ```","lastModifiedDate":"2020-05-25","isFullCredit":false}],"authorContributionMap":{"Rachael-Chan":2,"-":22}},{"path":"docs/README.md","fileType":"md","lines":[{"lineNumber":1,"author":{"gitId":"Rachael-Chan"},"content":"# Spiderman User Guide","lastModifiedDate":"2024-08-22","isFullCredit":false},{"lineNumber":2,"author":{"gitId":"-"},"content":"","lastModifiedDate":"2019-07-29","isFullCredit":false},{"lineNumber":3,"author":{"gitId":"-"},"content":"// Update the title above to match the actual product name","lastModifiedDate":"2024-01-07","isFullCredit":false},{"lineNumber":4,"author":{"gitId":"-"},"content":"","lastModifiedDate":"2019-07-29","isFullCredit":false},{"lineNumber":5,"author":{"gitId":"-"},"content":"// Product screenshot goes here","lastModifiedDate":"2024-01-07","isFullCredit":false},{"lineNumber":6,"author":{"gitId":"-"},"content":"","lastModifiedDate":"2021-07-17","isFullCredit":false},{"lineNumber":7,"author":{"gitId":"-"},"content":"// Product intro goes here","lastModifiedDate":"2024-01-07","isFullCredit":false},{"lineNumber":8,"author":{"gitId":"-"},"content":"","lastModifiedDate":"2021-07-17","isFullCredit":false},{"lineNumber":9,"author":{"gitId":"-"},"content":"## Adding deadlines","lastModifiedDate":"2024-01-07","isFullCredit":false},{"lineNumber":10,"author":{"gitId":"-"},"content":"","lastModifiedDate":"2021-07-17","isFullCredit":false},{"lineNumber":11,"author":{"gitId":"-"},"content":"// Describe the action and its outcome.","lastModifiedDate":"2024-01-07","isFullCredit":false},{"lineNumber":12,"author":{"gitId":"-"},"content":"","lastModifiedDate":"2019-07-29","isFullCredit":false},{"lineNumber":13,"author":{"gitId":"-"},"content":"// Give examples of usage","lastModifiedDate":"2024-01-07","isFullCredit":false},{"lineNumber":14,"author":{"gitId":"-"},"content":"","lastModifiedDate":"2019-07-29","isFullCredit":false},{"lineNumber":15,"author":{"gitId":"-"},"content":"Example: `keyword (optional arguments)`","lastModifiedDate":"2024-01-07","isFullCredit":false},{"lineNumber":16,"author":{"gitId":"-"},"content":"","lastModifiedDate":"2019-07-29","isFullCredit":false},{"lineNumber":17,"author":{"gitId":"-"},"content":"// A description of the expected outcome goes here","lastModifiedDate":"2024-01-07","isFullCredit":false},{"lineNumber":18,"author":{"gitId":"-"},"content":"","lastModifiedDate":"2019-07-29","isFullCredit":false},{"lineNumber":19,"author":{"gitId":"-"},"content":"```","lastModifiedDate":"2024-01-07","isFullCredit":false},{"lineNumber":20,"author":{"gitId":"-"},"content":"expected output","lastModifiedDate":"2024-01-07","isFullCredit":false},{"lineNumber":21,"author":{"gitId":"-"},"content":"```","lastModifiedDate":"2024-01-07","isFullCredit":false},{"lineNumber":22,"author":{"gitId":"-"},"content":"","lastModifiedDate":"2019-07-29","isFullCredit":false},{"lineNumber":23,"author":{"gitId":"-"},"content":"## Feature ABC","lastModifiedDate":"2024-01-07","isFullCredit":false},{"lineNumber":24,"author":{"gitId":"-"},"content":"","lastModifiedDate":"2019-07-29","isFullCredit":false},{"lineNumber":25,"author":{"gitId":"-"},"content":"// Feature details","lastModifiedDate":"2024-01-07","isFullCredit":false},{"lineNumber":26,"author":{"gitId":"-"},"content":"","lastModifiedDate":"2019-07-29","isFullCredit":false},{"lineNumber":27,"author":{"gitId":"-"},"content":"","lastModifiedDate":"2021-07-17","isFullCredit":false},{"lineNumber":28,"author":{"gitId":"-"},"content":"## Feature XYZ","lastModifiedDate":"2024-01-07","isFullCredit":false},{"lineNumber":29,"author":{"gitId":"-"},"content":"","lastModifiedDate":"2024-01-07","isFullCredit":false},{"lineNumber":30,"author":{"gitId":"-"},"content":"// Feature details","lastModifiedDate":"2024-01-07","isFullCredit":false}],"authorContributionMap":{"Rachael-Chan":1,"-":29}},{"path":"src/main/java/Deadline.java","fileType":"java","lines":[{"lineNumber":1,"author":{"gitId":"Rachael-Chan"},"content":"public class Deadline extends Task{","lastModifiedDate":"2024-08-28","isFullCredit":false},{"lineNumber":2,"author":{"gitId":"Rachael-Chan"},"content":"    protected String by;","lastModifiedDate":"2024-08-28","isFullCredit":false},{"lineNumber":3,"author":{"gitId":"Rachael-Chan"},"content":"","lastModifiedDate":"2024-08-28","isFullCredit":false},{"lineNumber":4,"author":{"gitId":"Rachael-Chan"},"content":"    public Deadline(String description, String by) {","lastModifiedDate":"2024-08-28","isFullCredit":false},{"lineNumber":5,"author":{"gitId":"Rachael-Chan"},"content":"        super(description);","lastModifiedDate":"2024-08-28","isFullCredit":false},{"lineNumber":6,"author":{"gitId":"Rachael-Chan"},"content":"        this.by \u003d by;","lastModifiedDate":"2024-08-28","isFullCredit":false},{"lineNumber":7,"author":{"gitId":"Rachael-Chan"},"content":"    }","lastModifiedDate":"2024-08-28","isFullCredit":false},{"lineNumber":8,"author":{"gitId":"Rachael-Chan"},"content":"","lastModifiedDate":"2024-08-28","isFullCredit":false},{"lineNumber":9,"author":{"gitId":"Rachael-Chan"},"content":"    @Override","lastModifiedDate":"2024-08-28","isFullCredit":false},{"lineNumber":10,"author":{"gitId":"Rachael-Chan"},"content":"    public String toString() {","lastModifiedDate":"2024-08-28","isFullCredit":false},{"lineNumber":11,"author":{"gitId":"Rachael-Chan"},"content":"        return \"[D]\" + super.toString() + \" (by: \" + by + \")\";","lastModifiedDate":"2024-08-28","isFullCredit":false},{"lineNumber":12,"author":{"gitId":"Rachael-Chan"},"content":"    }","lastModifiedDate":"2024-08-28","isFullCredit":false},{"lineNumber":13,"author":{"gitId":"Rachael-Chan"},"content":"}","lastModifiedDate":"2024-08-28","isFullCredit":false}],"authorContributionMap":{"Rachael-Chan":13}},{"path":"src/main/java/Event.java","fileType":"java","lines":[{"lineNumber":1,"author":{"gitId":"Rachael-Chan"},"content":"public class Event extends Task{","lastModifiedDate":"2024-08-28","isFullCredit":false},{"lineNumber":2,"author":{"gitId":"Rachael-Chan"},"content":"    protected String from;","lastModifiedDate":"2024-08-28","isFullCredit":false},{"lineNumber":3,"author":{"gitId":"Rachael-Chan"},"content":"    protected String to;","lastModifiedDate":"2024-08-28","isFullCredit":false},{"lineNumber":4,"author":{"gitId":"Rachael-Chan"},"content":"","lastModifiedDate":"2024-08-28","isFullCredit":false},{"lineNumber":5,"author":{"gitId":"Rachael-Chan"},"content":"    public Event(String description, String from, String to) {","lastModifiedDate":"2024-08-28","isFullCredit":false},{"lineNumber":6,"author":{"gitId":"Rachael-Chan"},"content":"        super(description);","lastModifiedDate":"2024-08-28","isFullCredit":false},{"lineNumber":7,"author":{"gitId":"Rachael-Chan"},"content":"        this.from \u003d from;","lastModifiedDate":"2024-08-28","isFullCredit":false},{"lineNumber":8,"author":{"gitId":"Rachael-Chan"},"content":"        this.to \u003d to;","lastModifiedDate":"2024-08-28","isFullCredit":false},{"lineNumber":9,"author":{"gitId":"Rachael-Chan"},"content":"    }","lastModifiedDate":"2024-08-28","isFullCredit":false},{"lineNumber":10,"author":{"gitId":"Rachael-Chan"},"content":"","lastModifiedDate":"2024-08-28","isFullCredit":false},{"lineNumber":11,"author":{"gitId":"Rachael-Chan"},"content":"    @Override","lastModifiedDate":"2024-08-28","isFullCredit":false},{"lineNumber":12,"author":{"gitId":"Rachael-Chan"},"content":"    public String toString() {","lastModifiedDate":"2024-08-28","isFullCredit":false},{"lineNumber":13,"author":{"gitId":"Rachael-Chan"},"content":"        return \"[E]\" + super.toString() + \" (from: \" + from + \", to: \" + to + \")\";","lastModifiedDate":"2024-08-28","isFullCredit":false},{"lineNumber":14,"author":{"gitId":"Rachael-Chan"},"content":"    }","lastModifiedDate":"2024-08-28","isFullCredit":false},{"lineNumber":15,"author":{"gitId":"Rachael-Chan"},"content":"}","lastModifiedDate":"2024-08-28","isFullCredit":false}],"authorContributionMap":{"Rachael-Chan":15}},{"path":"src/main/java/Spiderman.java","fileType":"java","lines":[{"lineNumber":1,"author":{"gitId":"Rachael-Chan"},"content":"import java.util.Arrays;","lastModifiedDate":"2024-08-28","isFullCredit":false},{"lineNumber":2,"author":{"gitId":"Rachael-Chan"},"content":"import java.util.Scanner;  // Import the Scanner class","lastModifiedDate":"2024-08-22","isFullCredit":false},{"lineNumber":3,"author":{"gitId":"Rachael-Chan"},"content":"import java.util.ArrayList; // import the ArrayList class","lastModifiedDate":"2024-08-22","isFullCredit":false},{"lineNumber":4,"author":{"gitId":"Rachael-Chan"},"content":"","lastModifiedDate":"2024-08-22","isFullCredit":false},{"lineNumber":5,"author":{"gitId":"Rachael-Chan"},"content":"public class Spiderman {","lastModifiedDate":"2024-08-22","isFullCredit":false},{"lineNumber":6,"author":{"gitId":"-"},"content":"    public static void main(String[] args) {","lastModifiedDate":"2019-07-29","isFullCredit":false},{"lineNumber":7,"author":{"gitId":"Rachael-Chan"},"content":"        // Initialise scanner","lastModifiedDate":"2024-08-22","isFullCredit":false},{"lineNumber":8,"author":{"gitId":"Rachael-Chan"},"content":"        Scanner scan \u003d new Scanner(System.in);  // Create a Scanner object","lastModifiedDate":"2024-08-22","isFullCredit":false},{"lineNumber":9,"author":{"gitId":"Rachael-Chan"},"content":"","lastModifiedDate":"2024-08-26","isFullCredit":false},{"lineNumber":10,"author":{"gitId":"Rachael-Chan"},"content":"        // Initialise arrays for tasks","lastModifiedDate":"2024-08-26","isFullCredit":false},{"lineNumber":11,"author":{"gitId":"Rachael-Chan"},"content":"        ArrayList\u003cTask\u003e taskList \u003d new ArrayList\u003c\u003e();","lastModifiedDate":"2024-08-26","isFullCredit":false},{"lineNumber":12,"author":{"gitId":"Rachael-Chan"},"content":"","lastModifiedDate":"2024-08-22","isFullCredit":false},{"lineNumber":13,"author":{"gitId":"Rachael-Chan"},"content":"        // Greeting users","lastModifiedDate":"2024-08-22","isFullCredit":false},{"lineNumber":14,"author":{"gitId":"Rachael-Chan"},"content":"        System.out.println(\"Hello! This is your friendly neighbourhood Spiderman.\");","lastModifiedDate":"2024-08-22","isFullCredit":false},{"lineNumber":15,"author":{"gitId":"Rachael-Chan"},"content":"        System.out.println(\"What can I do for you?\");","lastModifiedDate":"2024-08-22","isFullCredit":false},{"lineNumber":16,"author":{"gitId":"Rachael-Chan"},"content":"","lastModifiedDate":"2024-08-22","isFullCredit":false},{"lineNumber":17,"author":{"gitId":"Rachael-Chan"},"content":"        while (true) {","lastModifiedDate":"2024-08-22","isFullCredit":false},{"lineNumber":18,"author":{"gitId":"Rachael-Chan"},"content":"            // Get users input","lastModifiedDate":"2024-08-22","isFullCredit":false},{"lineNumber":19,"author":{"gitId":"Rachael-Chan"},"content":"            String input \u003d scan.nextLine();","lastModifiedDate":"2024-08-22","isFullCredit":false},{"lineNumber":20,"author":{"gitId":"Rachael-Chan"},"content":"            String[] splitInput \u003d input.split(\"\\\\s+\");","lastModifiedDate":"2024-08-26","isFullCredit":false},{"lineNumber":21,"author":{"gitId":"Rachael-Chan"},"content":"            String[] splitInputByCommand \u003d input.split(\"/\");","lastModifiedDate":"2024-08-28","isFullCredit":false},{"lineNumber":22,"author":{"gitId":"Rachael-Chan"},"content":"//            System.out.println(\"User input: \" + Arrays.toString(splitInput));","lastModifiedDate":"2024-08-28","isFullCredit":false},{"lineNumber":23,"author":{"gitId":"Rachael-Chan"},"content":"//            System.out.println(\"User input split by /: \" + Arrays.toString(splitInputByCommand));","lastModifiedDate":"2024-08-28","isFullCredit":false},{"lineNumber":24,"author":{"gitId":"Rachael-Chan"},"content":"","lastModifiedDate":"2024-08-22","isFullCredit":false},{"lineNumber":25,"author":{"gitId":"Rachael-Chan"},"content":"            // User types bye; program terminates","lastModifiedDate":"2024-08-22","isFullCredit":false},{"lineNumber":26,"author":{"gitId":"Rachael-Chan"},"content":"            if (input.equals(\"bye\")) {","lastModifiedDate":"2024-08-22","isFullCredit":false},{"lineNumber":27,"author":{"gitId":"Rachael-Chan"},"content":"                break;","lastModifiedDate":"2024-08-22","isFullCredit":false},{"lineNumber":28,"author":{"gitId":"Rachael-Chan"},"content":"            }","lastModifiedDate":"2024-08-22","isFullCredit":false},{"lineNumber":29,"author":{"gitId":"Rachael-Chan"},"content":"","lastModifiedDate":"2024-08-22","isFullCredit":false},{"lineNumber":30,"author":{"gitId":"Rachael-Chan"},"content":"            // User types list; display list","lastModifiedDate":"2024-08-22","isFullCredit":false},{"lineNumber":31,"author":{"gitId":"Rachael-Chan"},"content":"            if (input.equals(\"list\")) {","lastModifiedDate":"2024-08-22","isFullCredit":false},{"lineNumber":32,"author":{"gitId":"Rachael-Chan"},"content":"                for (int i \u003d 0; i \u003c taskList.size(); i++) {","lastModifiedDate":"2024-08-26","isFullCredit":false},{"lineNumber":33,"author":{"gitId":"Rachael-Chan"},"content":"                    System.out.println((i+1) + \". \" + taskList.get(i).toString());","lastModifiedDate":"2024-08-28","isFullCredit":false},{"lineNumber":34,"author":{"gitId":"Rachael-Chan"},"content":"                }","lastModifiedDate":"2024-08-26","isFullCredit":false},{"lineNumber":35,"author":{"gitId":"Rachael-Chan"},"content":"                continue;","lastModifiedDate":"2024-08-26","isFullCredit":false},{"lineNumber":36,"author":{"gitId":"Rachael-Chan"},"content":"            }","lastModifiedDate":"2024-08-22","isFullCredit":false},{"lineNumber":37,"author":{"gitId":"Rachael-Chan"},"content":"","lastModifiedDate":"2024-08-26","isFullCredit":false},{"lineNumber":38,"author":{"gitId":"Rachael-Chan"},"content":"            // User types mark; mark as done","lastModifiedDate":"2024-08-26","isFullCredit":false},{"lineNumber":39,"author":{"gitId":"Rachael-Chan"},"content":"            if (splitInput[0].equals(\"mark\")) {","lastModifiedDate":"2024-08-26","isFullCredit":false},{"lineNumber":40,"author":{"gitId":"Rachael-Chan"},"content":"                int number \u003d Integer.parseInt(splitInput[1]) - 1;","lastModifiedDate":"2024-08-26","isFullCredit":false},{"lineNumber":41,"author":{"gitId":"Rachael-Chan"},"content":"                taskList.get(number).markAsDone();","lastModifiedDate":"2024-08-26","isFullCredit":false},{"lineNumber":42,"author":{"gitId":"Rachael-Chan"},"content":"                System.out.println(\"Great! I\u0027ve marked this task as done:\");","lastModifiedDate":"2024-08-26","isFullCredit":false},{"lineNumber":43,"author":{"gitId":"Rachael-Chan"},"content":"                System.out.println(taskList.get(number).toString());","lastModifiedDate":"2024-08-28","isFullCredit":false},{"lineNumber":44,"author":{"gitId":"Rachael-Chan"},"content":"                continue;","lastModifiedDate":"2024-08-26","isFullCredit":false},{"lineNumber":45,"author":{"gitId":"Rachael-Chan"},"content":"            }","lastModifiedDate":"2024-08-26","isFullCredit":false},{"lineNumber":46,"author":{"gitId":"Rachael-Chan"},"content":"","lastModifiedDate":"2024-08-26","isFullCredit":false},{"lineNumber":47,"author":{"gitId":"Rachael-Chan"},"content":"            // User types unmark; mark as not done","lastModifiedDate":"2024-08-26","isFullCredit":false},{"lineNumber":48,"author":{"gitId":"Rachael-Chan"},"content":"            if (splitInput[0].equals(\"unmark\")) {","lastModifiedDate":"2024-08-26","isFullCredit":false},{"lineNumber":49,"author":{"gitId":"Rachael-Chan"},"content":"                int number \u003d Integer.parseInt(splitInput[1]) - 1;","lastModifiedDate":"2024-08-26","isFullCredit":false},{"lineNumber":50,"author":{"gitId":"Rachael-Chan"},"content":"                taskList.get(number).markAsNotDone();","lastModifiedDate":"2024-08-26","isFullCredit":false},{"lineNumber":51,"author":{"gitId":"Rachael-Chan"},"content":"                System.out.println(\"OK, this task will be marked as not done yet:\");","lastModifiedDate":"2024-08-26","isFullCredit":false},{"lineNumber":52,"author":{"gitId":"Rachael-Chan"},"content":"                System.out.println(taskList.get(number).toString());","lastModifiedDate":"2024-08-28","isFullCredit":false},{"lineNumber":53,"author":{"gitId":"Rachael-Chan"},"content":"                continue;","lastModifiedDate":"2024-08-22","isFullCredit":false},{"lineNumber":54,"author":{"gitId":"Rachael-Chan"},"content":"            }","lastModifiedDate":"2024-08-22","isFullCredit":false},{"lineNumber":55,"author":{"gitId":"Rachael-Chan"},"content":"","lastModifiedDate":"2024-08-22","isFullCredit":false},{"lineNumber":56,"author":{"gitId":"Rachael-Chan"},"content":"            // Store users input into tasks","lastModifiedDate":"2024-08-22","isFullCredit":false},{"lineNumber":57,"author":{"gitId":"Rachael-Chan"},"content":"            // Check what kind of tasks to add","lastModifiedDate":"2024-08-28","isFullCredit":false},{"lineNumber":58,"author":{"gitId":"Rachael-Chan"},"content":"            if (splitInput[0].equals(\"deadline\")) {","lastModifiedDate":"2024-08-28","isFullCredit":false},{"lineNumber":59,"author":{"gitId":"Rachael-Chan"},"content":"                String description \u003d splitInputByCommand[0].replaceAll(\"deadline \", \"\");","lastModifiedDate":"2024-08-28","isFullCredit":false},{"lineNumber":60,"author":{"gitId":"Rachael-Chan"},"content":"                String by \u003d splitInputByCommand[1].replaceAll(\"by \", \"\");","lastModifiedDate":"2024-08-28","isFullCredit":false},{"lineNumber":61,"author":{"gitId":"Rachael-Chan"},"content":"","lastModifiedDate":"2024-08-22","isFullCredit":false},{"lineNumber":62,"author":{"gitId":"Rachael-Chan"},"content":"                taskList.add(new Deadline(description, by));","lastModifiedDate":"2024-08-28","isFullCredit":false},{"lineNumber":63,"author":{"gitId":"Rachael-Chan"},"content":"            } else if (splitInput[0].equals(\"event\")) {","lastModifiedDate":"2024-08-28","isFullCredit":false},{"lineNumber":64,"author":{"gitId":"Rachael-Chan"},"content":"                String description \u003d splitInputByCommand[0].replaceAll(\"deadline \", \"\");","lastModifiedDate":"2024-08-28","isFullCredit":false},{"lineNumber":65,"author":{"gitId":"Rachael-Chan"},"content":"                String from \u003d splitInputByCommand[1].replaceAll(\"from \", \"\");","lastModifiedDate":"2024-08-28","isFullCredit":false},{"lineNumber":66,"author":{"gitId":"Rachael-Chan"},"content":"                String to \u003d splitInputByCommand[2].replaceAll(\"to \", \"\");","lastModifiedDate":"2024-08-28","isFullCredit":false},{"lineNumber":67,"author":{"gitId":"Rachael-Chan"},"content":"","lastModifiedDate":"2024-08-28","isFullCredit":false},{"lineNumber":68,"author":{"gitId":"Rachael-Chan"},"content":"                taskList.add(new Event(description, from, to));","lastModifiedDate":"2024-08-28","isFullCredit":false},{"lineNumber":69,"author":{"gitId":"Rachael-Chan"},"content":"            } else {","lastModifiedDate":"2024-08-28","isFullCredit":false},{"lineNumber":70,"author":{"gitId":"Rachael-Chan"},"content":"                taskList.add(new Todo(splitInput[1] + \" \" ));","lastModifiedDate":"2024-08-28","isFullCredit":false},{"lineNumber":71,"author":{"gitId":"Rachael-Chan"},"content":"            }","lastModifiedDate":"2024-08-28","isFullCredit":false},{"lineNumber":72,"author":{"gitId":"Rachael-Chan"},"content":"","lastModifiedDate":"2024-08-28","isFullCredit":false},{"lineNumber":73,"author":{"gitId":"Rachael-Chan"},"content":"            System.out.println(\"Cool! I\u0027ll add this to your task list!\");","lastModifiedDate":"2024-08-28","isFullCredit":false},{"lineNumber":74,"author":{"gitId":"Rachael-Chan"},"content":"            System.out.println(\"You now have \" + taskList.size() + \" tasks in your task list.\");","lastModifiedDate":"2024-08-28","isFullCredit":false},{"lineNumber":75,"author":{"gitId":"Rachael-Chan"},"content":"        }","lastModifiedDate":"2024-08-22","isFullCredit":false},{"lineNumber":76,"author":{"gitId":"Rachael-Chan"},"content":"","lastModifiedDate":"2024-08-22","isFullCredit":false},{"lineNumber":77,"author":{"gitId":"Rachael-Chan"},"content":"        // Exit program message","lastModifiedDate":"2024-08-22","isFullCredit":false},{"lineNumber":78,"author":{"gitId":"Rachael-Chan"},"content":"        System.out.println(\"Bye. Hope to see you again soon!\");","lastModifiedDate":"2024-08-22","isFullCredit":false},{"lineNumber":79,"author":{"gitId":"-"},"content":"    }","lastModifiedDate":"2019-07-29","isFullCredit":false},{"lineNumber":80,"author":{"gitId":"-"},"content":"}","lastModifiedDate":"2019-07-29","isFullCredit":false}],"authorContributionMap":{"Rachael-Chan":77,"-":3}},{"path":"src/main/java/Task.java","fileType":"java","lines":[{"lineNumber":1,"author":{"gitId":"Rachael-Chan"},"content":"public class Task {","lastModifiedDate":"2024-08-26","isFullCredit":false},{"lineNumber":2,"author":{"gitId":"Rachael-Chan"},"content":"    protected String description;","lastModifiedDate":"2024-08-26","isFullCredit":false},{"lineNumber":3,"author":{"gitId":"Rachael-Chan"},"content":"    protected boolean isDone;","lastModifiedDate":"2024-08-26","isFullCredit":false},{"lineNumber":4,"author":{"gitId":"Rachael-Chan"},"content":"","lastModifiedDate":"2024-08-26","isFullCredit":false},{"lineNumber":5,"author":{"gitId":"Rachael-Chan"},"content":"    public Task(String description) {","lastModifiedDate":"2024-08-26","isFullCredit":false},{"lineNumber":6,"author":{"gitId":"Rachael-Chan"},"content":"        this.description \u003d description;","lastModifiedDate":"2024-08-26","isFullCredit":false},{"lineNumber":7,"author":{"gitId":"Rachael-Chan"},"content":"        this.isDone \u003d false;","lastModifiedDate":"2024-08-26","isFullCredit":false},{"lineNumber":8,"author":{"gitId":"Rachael-Chan"},"content":"    }","lastModifiedDate":"2024-08-26","isFullCredit":false},{"lineNumber":9,"author":{"gitId":"Rachael-Chan"},"content":"","lastModifiedDate":"2024-08-26","isFullCredit":false},{"lineNumber":10,"author":{"gitId":"Rachael-Chan"},"content":"    public String getDescription() {","lastModifiedDate":"2024-08-26","isFullCredit":false},{"lineNumber":11,"author":{"gitId":"Rachael-Chan"},"content":"        return this.description;","lastModifiedDate":"2024-08-26","isFullCredit":false},{"lineNumber":12,"author":{"gitId":"Rachael-Chan"},"content":"    }","lastModifiedDate":"2024-08-26","isFullCredit":false},{"lineNumber":13,"author":{"gitId":"Rachael-Chan"},"content":"","lastModifiedDate":"2024-08-26","isFullCredit":false},{"lineNumber":14,"author":{"gitId":"Rachael-Chan"},"content":"    public String getStatusIcon() {","lastModifiedDate":"2024-08-26","isFullCredit":false},{"lineNumber":15,"author":{"gitId":"Rachael-Chan"},"content":"        return (isDone ? \"X\" : \" \"); // mark done task with X","lastModifiedDate":"2024-08-26","isFullCredit":false},{"lineNumber":16,"author":{"gitId":"Rachael-Chan"},"content":"    }","lastModifiedDate":"2024-08-26","isFullCredit":false},{"lineNumber":17,"author":{"gitId":"Rachael-Chan"},"content":"","lastModifiedDate":"2024-08-26","isFullCredit":false},{"lineNumber":18,"author":{"gitId":"Rachael-Chan"},"content":"    public void markAsDone() {","lastModifiedDate":"2024-08-26","isFullCredit":false},{"lineNumber":19,"author":{"gitId":"Rachael-Chan"},"content":"        this.isDone \u003d true;","lastModifiedDate":"2024-08-26","isFullCredit":false},{"lineNumber":20,"author":{"gitId":"Rachael-Chan"},"content":"    }","lastModifiedDate":"2024-08-26","isFullCredit":false},{"lineNumber":21,"author":{"gitId":"Rachael-Chan"},"content":"","lastModifiedDate":"2024-08-26","isFullCredit":false},{"lineNumber":22,"author":{"gitId":"Rachael-Chan"},"content":"    public void markAsNotDone() {","lastModifiedDate":"2024-08-26","isFullCredit":false},{"lineNumber":23,"author":{"gitId":"Rachael-Chan"},"content":"        this.isDone \u003d false;","lastModifiedDate":"2024-08-26","isFullCredit":false},{"lineNumber":24,"author":{"gitId":"Rachael-Chan"},"content":"    }","lastModifiedDate":"2024-08-26","isFullCredit":false},{"lineNumber":25,"author":{"gitId":"Rachael-Chan"},"content":"","lastModifiedDate":"2024-08-28","isFullCredit":false},{"lineNumber":26,"author":{"gitId":"Rachael-Chan"},"content":"    @Override","lastModifiedDate":"2024-08-28","isFullCredit":false},{"lineNumber":27,"author":{"gitId":"Rachael-Chan"},"content":"    public String toString() {","lastModifiedDate":"2024-08-28","isFullCredit":false},{"lineNumber":28,"author":{"gitId":"Rachael-Chan"},"content":"        return \"[\" + this.getStatusIcon() + \"] \" + this.description;","lastModifiedDate":"2024-08-28","isFullCredit":false},{"lineNumber":29,"author":{"gitId":"Rachael-Chan"},"content":"    }","lastModifiedDate":"2024-08-28","isFullCredit":false},{"lineNumber":30,"author":{"gitId":"Rachael-Chan"},"content":"}","lastModifiedDate":"2024-08-26","isFullCredit":false}],"authorContributionMap":{"Rachael-Chan":30}},{"path":"src/main/java/Todo.java","fileType":"java","lines":[{"lineNumber":1,"author":{"gitId":"Rachael-Chan"},"content":"public class Todo extends Task{","lastModifiedDate":"2024-08-28","isFullCredit":false},{"lineNumber":2,"author":{"gitId":"Rachael-Chan"},"content":"    public Todo (String description) {","lastModifiedDate":"2024-08-28","isFullCredit":false},{"lineNumber":3,"author":{"gitId":"Rachael-Chan"},"content":"        super(description);","lastModifiedDate":"2024-08-28","isFullCredit":false},{"lineNumber":4,"author":{"gitId":"Rachael-Chan"},"content":"    }","lastModifiedDate":"2024-08-28","isFullCredit":false},{"lineNumber":5,"author":{"gitId":"Rachael-Chan"},"content":"}","lastModifiedDate":"2024-08-28","isFullCredit":false}],"authorContributionMap":{"Rachael-Chan":5}},{"path":"text-ui-test/runtest.bat","fileType":"bat","lines":[{"lineNumber":1,"author":{"gitId":"-"},"content":"@ECHO OFF","lastModifiedDate":"2020-05-25","isFullCredit":false},{"lineNumber":2,"author":{"gitId":"-"},"content":"","lastModifiedDate":"2020-05-25","isFullCredit":false},{"lineNumber":3,"author":{"gitId":"-"},"content":"REM create bin directory if it doesn\u0027t exist","lastModifiedDate":"2020-05-25","isFullCredit":false},{"lineNumber":4,"author":{"gitId":"-"},"content":"if not exist ..\\bin mkdir ..\\bin","lastModifiedDate":"2020-05-25","isFullCredit":false},{"lineNumber":5,"author":{"gitId":"-"},"content":"","lastModifiedDate":"2020-05-25","isFullCredit":false},{"lineNumber":6,"author":{"gitId":"-"},"content":"REM delete output from previous run","lastModifiedDate":"2020-05-25","isFullCredit":false},{"lineNumber":7,"author":{"gitId":"-"},"content":"if exist ACTUAL.TXT del ACTUAL.TXT","lastModifiedDate":"2020-08-25","isFullCredit":false},{"lineNumber":8,"author":{"gitId":"-"},"content":"","lastModifiedDate":"2020-05-25","isFullCredit":false},{"lineNumber":9,"author":{"gitId":"-"},"content":"REM compile the code into the bin folder","lastModifiedDate":"2020-05-25","isFullCredit":false},{"lineNumber":10,"author":{"gitId":"-"},"content":"javac  -cp ..\\src\\main\\java -Xlint:none -d ..\\bin ..\\src\\main\\java\\*.java","lastModifiedDate":"2020-08-25","isFullCredit":false},{"lineNumber":11,"author":{"gitId":"-"},"content":"IF ERRORLEVEL 1 (","lastModifiedDate":"2020-05-25","isFullCredit":false},{"lineNumber":12,"author":{"gitId":"-"},"content":"    echo ********** BUILD FAILURE **********","lastModifiedDate":"2020-05-25","isFullCredit":false},{"lineNumber":13,"author":{"gitId":"-"},"content":"    exit /b 1","lastModifiedDate":"2020-05-25","isFullCredit":false},{"lineNumber":14,"author":{"gitId":"-"},"content":")","lastModifiedDate":"2020-05-25","isFullCredit":false},{"lineNumber":15,"author":{"gitId":"-"},"content":"REM no error here, errorlevel \u003d\u003d 0","lastModifiedDate":"2020-05-25","isFullCredit":false},{"lineNumber":16,"author":{"gitId":"-"},"content":"","lastModifiedDate":"2020-05-25","isFullCredit":false},{"lineNumber":17,"author":{"gitId":"-"},"content":"REM run the program, feed commands from input.txt file and redirect the output to the ACTUAL.TXT","lastModifiedDate":"2020-05-25","isFullCredit":false},{"lineNumber":18,"author":{"gitId":"Rachael-Chan"},"content":"java -classpath ..\\bin Spiderman \u003c input.txt \u003e ACTUAL.TXT","lastModifiedDate":"2024-08-22","isFullCredit":false},{"lineNumber":19,"author":{"gitId":"-"},"content":"","lastModifiedDate":"2020-05-25","isFullCredit":false},{"lineNumber":20,"author":{"gitId":"-"},"content":"REM compare the output to the expected output","lastModifiedDate":"2020-05-25","isFullCredit":false},{"lineNumber":21,"author":{"gitId":"-"},"content":"FC ACTUAL.TXT EXPECTED.TXT","lastModifiedDate":"2020-05-25","isFullCredit":false}],"authorContributionMap":{"Rachael-Chan":1,"-":20}}]
