{"authorDailyContributionsMap":{"Rachael-Chan":[{"date":"2024-08-22","commitResults":[{"hash":"ff1f6d7cdba410bf80c31e583043e58eec0c94c3","isMergeCommit":false,"messageTitle":"Renamed Duke to Spiderman","messageBody":"","fileTypesAndContributionMap":{"java":{"insertions":1,"deletions":1},"bat":{"insertions":1,"deletions":1},"md":{"insertions":3,"deletions":3}}},{"hash":"6aa6d5774e1e10e022ec357d8ebf7cc75d278399","isMergeCommit":false,"messageTitle":"Added greeting and goodbye message","messageBody":"","tags":["Level-0"],"fileTypesAndContributionMap":{"java":{"insertions":6,"deletions":6}}},{"hash":"d4ac0934284512b762fe0f44535abdb13d9c8096","isMergeCommit":false,"messageTitle":"feat: Add support for echo","messageBody":"","tags":["Level-1"],"fileTypesAndContributionMap":{"java":{"insertions":19,"deletions":2}}},{"hash":"426269b3a6fc3217feabebdc1568b4f8fe076534","isMergeCommit":false,"messageTitle":"feat: Add support for adding lists","messageBody":"","fileTypesAndContributionMap":{"java":{"insertions":15,"deletions":2}}},{"hash":"d17a86e51100e15fe923ae649be2e5108eda0b80","isMergeCommit":false,"messageTitle":"style: Removed unnecessary type argument","messageBody":"","tags":["Level-2"],"fileTypesAndContributionMap":{"java":{"insertions":1,"deletions":1}}}]},{"date":"2024-08-26","commitResults":[{"hash":"854437789bef1c41a4276588f50abc4925a153ca","isMergeCommit":false,"messageTitle":"feat: Tasks can be marked as done and undone","messageBody":"","tags":["Level-3"],"fileTypesAndContributionMap":{"java":{"insertions":50,"deletions":4}}}]},{"date":"2024-08-28","commitResults":[{"hash":"bfa77287c0b20483c8bf1e7969ef84b3e54c3dee","isMergeCommit":false,"messageTitle":"feat: Added deadline, event and todo","messageBody":"","fileTypesAndContributionMap":{"java":{"insertions":62,"deletions":5}}},{"hash":"52528996f32f9ca895eeff008b7d8ba047d39d9c","isMergeCommit":false,"messageTitle":"fix: todo task not correctly displayed in list","messageBody":"","tags":["Level-4"],"fileTypesAndContributionMap":{"java":{"insertions":8,"deletions":3}}},{"hash":"7f8f7b357b22c792f1502cc4e0a182004ce2c2e1","isMergeCommit":false,"messageTitle":"test: Added text ui testing","messageBody":"","tags":["A-TextUiTesting"],"fileTypesAndContributionMap":{"txt":{"insertions":5,"deletions":0},"java":{"insertions":0,"deletions":2},"sh":{"insertions":1,"deletions":1}}},{"hash":"dca49b4dbd6c7f93e888e955f32944c5128e896d","isMergeCommit":false,"messageTitle":"feat: Added error handling","messageBody":"","tags":["Level-5"],"fileTypesAndContributionMap":{"java":{"insertions":51,"deletions":15}}},{"hash":"dc9afe44a78a99254179165efc162e15048c46c0","isMergeCommit":false,"messageTitle":"feat: Added deletion of tasks","messageBody":"","tags":["Level-6"],"fileTypesAndContributionMap":{"java":{"insertions":11,"deletions":1}}}]},{"date":"2024-08-30","commitResults":[{"hash":"10d38964e0c978f1e2588b883ff2448380a32374","isMergeCommit":false,"messageTitle":"feat: Tasks added to hard disk","messageBody":"","fileTypesAndContributionMap":{"java":{"insertions":97,"deletions":5}}},{"hash":"50358c67cca7c2b85d7f3fd9df56fa5db0cdc394","isMergeCommit":true,"messageTitle":"Merge pull request #1 from Rachael-Chan/branch-Level-7","messageBody":"Merge branch-Level-7 to master","tags":["Level-7"],"fileTypesAndContributionMap":{}}]},{"date":"2024-09-02","commitResults":[{"hash":"9b84bfc05a285e4b1a34da7d294be4f6d013723b","isMergeCommit":false,"messageTitle":"feat: Tasks support datetime","messageBody":"","fileTypesAndContributionMap":{"java":{"insertions":43,"deletions":15}}},{"hash":"ab167dccaa25381a180af26fcd469106da20123d","isMergeCommit":true,"messageTitle":"Merge pull request #2 from Rachael-Chan/branch-Level-8","messageBody":"Merge branch-Level-8 to master","tags":["Level-8"],"fileTypesAndContributionMap":{}},{"hash":"0e836d2bae9e0044213b12cf26068e755a86b9ca","isMergeCommit":false,"messageTitle":"test: Updated test to support package","messageBody":"","fileTypesAndContributionMap":{"txt":{"insertions":3,"deletions":3},"bat":{"insertions":1,"deletions":1},"sh":{"insertions":2,"deletions":2}}},{"hash":"7e22b1c5e7eae716e4ae2455959c5129872f96e4","isMergeCommit":false,"messageTitle":"feat: Added package spiderman","messageBody":"","tags":["A-Packages"],"fileTypesAndContributionMap":{"java":{"insertions":16,"deletions":9},"md":{"insertions":3,"deletions":3}}},{"hash":"74d983a3422c1bd70edb70175916cf93a670209c","isMergeCommit":true,"messageTitle":"Merge remote-tracking branch \u0027origin/add-gradle-support\u0027","messageBody":"","fileTypesAndContributionMap":{}},{"hash":"7475dac74e277417984769ba3f5dd0158d6d784d","isMergeCommit":false,"messageTitle":"refactor: Modified build.gradle","messageBody":"","fileTypesAndContributionMap":{"gradle":{"insertions":1,"deletions":1},"md":{"insertions":5,"deletions":5}}},{"hash":"22f65e7f200d24211b86b7d8ff2907cfba0c3531","isMergeCommit":false,"messageTitle":"Modified build.gradle","messageBody":"","tags":["A-Gradle"],"fileTypesAndContributionMap":{"gradle":{"insertions":1,"deletions":1}}},{"hash":"77ca128454f74839a5ef17145061d81706072d61","isMergeCommit":false,"messageTitle":"test: Added JUnit tests for Deadline and Todo Class","messageBody":"","tags":["v0.1","A-Jar","A-JUnit"],"fileTypesAndContributionMap":{"java":{"insertions":63,"deletions":1}}},{"hash":"71d83a6f6e0e0929a1ba2f84886b0757e0ea3c68","isMergeCommit":false,"messageTitle":"docs: Added JavaDoc comments.","messageBody":"","fileTypesAndContributionMap":{"java":{"insertions":76,"deletions":0}}},{"hash":"a2d8a766230ea07288cb992ece7f25e89485d6e7","isMergeCommit":false,"messageTitle":"Updated code to follow coding convention","messageBody":"","fileTypesAndContributionMap":{"java":{"insertions":19,"deletions":13}}},{"hash":"907caff31839ac651fb02b89478f46d5379890fa","isMergeCommit":false,"messageTitle":"feat: Added find function","messageBody":"","fileTypesAndContributionMap":{"java":{"insertions":25,"deletions":0}}},{"hash":"f0935de84a3dc07f7084ce0fc0d752d86c6065cc","isMergeCommit":true,"messageTitle":"Merge pull request #3 from Rachael-Chan/branch-A-JavaDoc","messageBody":"Merge branch-A-JavaDoc to master","tags":["A-JavaDoc"],"fileTypesAndContributionMap":{}},{"hash":"da8ce60e802f8c927077dbdf8ed8d1619764f0d2","isMergeCommit":true,"messageTitle":"Merge pull request #4 from Rachael-Chan/branch-A-CodingStandard","messageBody":"Merge branch-A-CodingStandard to master","tags":["A-CodingStandard"],"fileTypesAndContributionMap":{}},{"hash":"a7b9a35f4362a7ac8f1efbd2f267632d769b55cd","isMergeCommit":true,"messageTitle":"Merge pull request #5 from Rachael-Chan/branch-Level-9","messageBody":"Merge branch-Level-9 to master","tags":["Level-9"],"fileTypesAndContributionMap":{}}]},{"date":"2024-09-03","commitResults":[{"hash":"6c370d255d48eaaf78ce5e3bb13ec65cd6dcde42","isMergeCommit":false,"messageTitle":"refactor: Refactored spiderman with OOP","messageBody":"","tags":["A-MoreOOP"],"fileTypesAndContributionMap":{"java":{"insertions":355,"deletions":225}}}]}]},"authorFileTypeContributionMap":{"Rachael-Chan":{"java":617,"md":7,"fxml":0,"sh":2,"bat":1,"gradle":2,"txt":5}},"authorContributionVariance":{"Rachael-Chan":20661.777},"authorDisplayNameMap":{"Rachael-Chan":"CS2103-F10-2 CHAN..HAEL"}}
