{"authorDailyContributionsMap":{"Arnaxx54":[{"date":"2024-08-22","commitResults":[{"hash":"a7691aa702ec9fca7ead0fb7f167a7823f805d51","isMergeCommit":false,"messageTitle":"Update name and add greeting/exit messages","messageBody":"","tags":["Level-1"],"fileTypesAndContributionMap":{"java":{"insertions":21,"deletions":10}}},{"hash":"1e3cba53af6fd96e87f4b9155036bdcd8b093ffa","isMergeCommit":false,"messageTitle":"Update ability to echo user response if not bye","messageBody":"","tags":["Level-2"],"fileTypesAndContributionMap":{"java":{"insertions":23,"deletions":3}}},{"hash":"8c135ff98678ebeeebf28a419d32dbe783b8a91c","isMergeCommit":false,"messageTitle":"Add support for list","messageBody":"","fileTypesAndContributionMap":{"java":{"insertions":33,"deletions":1}}},{"hash":"82a11823b78d1489aad423bd26273bc9e87f0475","isMergeCommit":false,"messageTitle":"Add support for tasks","messageBody":"","tags":["Level-3"],"fileTypesAndContributionMap":{"java":{"insertions":30,"deletions":7}}},{"hash":"9fc8b78506920bac6d0d998d7924f8157ce56393","isMergeCommit":false,"messageTitle":"Add support for marking and unmarking tasks","messageBody":"","tags":["Level-4"],"fileTypesAndContributionMap":{"java":{"insertions":27,"deletions":3}}},{"hash":"dfd64bd3857f4dad923817e8e7befcb02e1f13a7","isMergeCommit":false,"messageTitle":"Add support for todo, event and deadlines","messageBody":"","fileTypesAndContributionMap":{"java":{"insertions":80,"deletions":12}}}]},{"date":"2024-08-23","commitResults":[{"hash":"549b61e5ebedb428f280048f972813a3df1a1bfc","isMergeCommit":false,"messageTitle":"Update testing files","messageBody":"","tags":["Level-5","A-TextUiTesting"],"fileTypesAndContributionMap":{"txt":{"insertions":10,"deletions":0},"java":{"insertions":86,"deletions":94},"bat":{"insertions":2,"deletions":2},"sh":{"insertions":1,"deletions":1}}}]},{"date":"2024-08-24","commitResults":[{"hash":"d3bdbbbc7706e6ed59eac59cf58fc565bd2b6f84","isMergeCommit":false,"messageTitle":"Handle errors","messageBody":"","tags":["Level-6"],"fileTypesAndContributionMap":{"java":{"insertions":130,"deletions":40}}},{"hash":"4439bb597e21a10c0e19a276d28695e84cbac228","isMergeCommit":false,"messageTitle":"Add delete","messageBody":"","tags":["Level-7"],"fileTypesAndContributionMap":{"java":{"insertions":25,"deletions":1}}}]},{"date":"2024-09-01","commitResults":[{"hash":"f39d0273e3f8aa498d61698ba626036f33d0490c","isMergeCommit":false,"messageTitle":"Update save functionality","messageBody":"","fileTypesAndContributionMap":{"txt":{"insertions":4,"deletions":0},"java":{"insertions":143,"deletions":51}}},{"hash":"d40602a9a0c649fa9d382c97d8536f5f145c1925","isMergeCommit":false,"messageTitle":"Fix functionality for adding tasks to file","messageBody":"","fileTypesAndContributionMap":{"java":{"insertions":3,"deletions":3}}},{"hash":"0ca58d90fdf0a9702c58a9fc279b1517d2f0d3cc","isMergeCommit":false,"messageTitle":"Implement ability to handle date time formatting","messageBody":"","fileTypesAndContributionMap":{"java":{"insertions":20,"deletions":13}}},{"hash":"73ac2055aa7b33024b511a3d548143ab5cc50c3f","isMergeCommit":true,"messageTitle":"Merge branch \u0027branch-Level-8\u0027","messageBody":"","tags":["Level-8"],"fileTypesAndContributionMap":{}},{"hash":"dc1274995a80b74eab7204769764a0811104bc41","isMergeCommit":false,"messageTitle":"Transfer UI functionality to UI.java","messageBody":"","fileTypesAndContributionMap":{"java":{"insertions":104,"deletions":30}}},{"hash":"a063ed226bd928096598db5bbc4cd0d7386ef412","isMergeCommit":false,"messageTitle":"Transfer parsing code to Parser.java","messageBody":"","fileTypesAndContributionMap":{"java":{"insertions":112,"deletions":1}}},{"hash":"283bd566fbde2ffb4456c71dbda49c4be53d1c76","isMergeCommit":false,"messageTitle":"Fix error handling and data-time parsing","messageBody":"","fileTypesAndContributionMap":{"java":{"insertions":9,"deletions":10}}},{"hash":"22a1e8e3fc565042bc118cc5b91713bf0cc19e66","isMergeCommit":false,"messageTitle":"Extract code to individual classes to follow OOP","messageBody":"","fileTypesAndContributionMap":{"txt":{"insertions":6,"deletions":4},"java":{"insertions":216,"deletions":232}}},{"hash":"f2c5f312eff667c3231a893635328add62280b0e","isMergeCommit":true,"messageTitle":"Merge branch \u0027branch-A-MoreOOP\u0027 implementing A-MoreOOP","messageBody":"","tags":["A-MoreOOP"],"fileTypesAndContributionMap":{}},{"hash":"4b6d52d218f1f6fe2ade4ded4e7a7e0a0b4cb39b","isMergeCommit":false,"messageTitle":"Divide classes into packages","messageBody":"","tags":["A-Packages"],"fileTypesAndContributionMap":{"java":{"insertions":651,"deletions":0}}},{"hash":"5906f57663e8bcf236efde54a5627c162fd165b1","isMergeCommit":false,"messageTitle":"Update test files","messageBody":"","fileTypesAndContributionMap":{"bat":{"insertions":1,"deletions":1}}},{"hash":"d968b56fc5c86fcffdb909b7de3f68a40e463f82","isMergeCommit":true,"messageTitle":"Add gradle support","messageBody":"","fileTypesAndContributionMap":{}},{"hash":"2b8dbec30c643ddbc2a585671d6ee3c5d9a905c8","isMergeCommit":false,"messageTitle":"Delete old file","messageBody":"","fileTypesAndContributionMap":{"java":{"insertions":0,"deletions":561}}},{"hash":"d8d32cc05da2cf24dc855a27f6d7c8322291c379","isMergeCommit":false,"messageTitle":"Use gradle","messageBody":"","tags":["A-Gradle"],"fileTypesAndContributionMap":{"gradle":{"insertions":1,"deletions":1}}}]},{"date":"2024-09-03","commitResults":[{"hash":"d6c7a3dcbf5c455d978b449fa0dcff4d19a0eddc","isMergeCommit":false,"messageTitle":"Add JUnit test","messageBody":"","tags":["A-Jar","A-JUnit"],"fileTypesAndContributionMap":{"java":{"insertions":158,"deletions":0}}},{"hash":"de5828fc80bbf614fbcb4e06866e3f9bd4f7776a","isMergeCommit":false,"messageTitle":"Add JavaDoc comments","messageBody":"","fileTypesAndContributionMap":{"java":{"insertions":494,"deletions":16}}},{"hash":"e9b726f567c388745a984cfcdb2430fa1dd604ec","isMergeCommit":true,"messageTitle":"Merge branch implementing JavaDoc comments","messageBody":"","tags":["A-JavaDoc"],"fileTypesAndContributionMap":{}},{"hash":"713eda2820f05191f0432b663f86ce54ae21a46a","isMergeCommit":false,"messageTitle":"Comply with coding standards","messageBody":"","fileTypesAndContributionMap":{"java":{"insertions":122,"deletions":100}}},{"hash":"dbac55c159b45995d69d7a1d3bdd58c1e45f786d","isMergeCommit":true,"messageTitle":"Resolved merge conflicts and merged branch-A-CodingStandard","messageBody":"","tags":["A-CodingStandard"],"fileTypesAndContributionMap":{}},{"hash":"c0507e6dfebfc358f7dd990522685fe22ca8e363","isMergeCommit":false,"messageTitle":"Implement find","messageBody":"","fileTypesAndContributionMap":{"java":{"insertions":83,"deletions":0}}},{"hash":"f81af14cbfc2075b0203884ec476495ed3b4821d","isMergeCommit":true,"messageTitle":"Resolve merge conflicts and merge branch-Level-9","messageBody":"","tags":["Level-9"],"fileTypesAndContributionMap":{}}]},{"date":"2024-09-04","commitResults":[{"hash":"14c87f5d7d08318df74863305685ac771f7e613b","isMergeCommit":false,"messageTitle":"Fix OOP encapsulation","messageBody":"","fileTypesAndContributionMap":{"java":{"insertions":104,"deletions":84}}}]}]},"authorFileTypeContributionMap":{"Arnaxx54":{"java":1421,"md":0,"fxml":0,"sh":1,"bat":1,"gradle":1,"txt":16}},"authorContributionVariance":{"Arnaxx54":253435.7},"authorDisplayNameMap":{"Arnaxx54":"CS2103T-F12-2 GOEL..RNAV"}}
