{"authorDailyContributionsMap":{"bbbbcccd":[{"date":"2024-08-19","commitResults":[{"hash":"ff1ea719d39e457a837a214684772310fbbc9cf3","isMergeCommit":false,"messageTitle":"Rename chat bot","messageBody":"","fileTypesAndContributionMap":{"java":{"insertions":1,"deletions":1}}}]},{"date":"2024-08-20","commitResults":[{"hash":"18c4186a9920755e34b0fc76fc83f338b0cfaa8d","isMergeCommit":false,"messageTitle":"Implement an initial skeletal version of chatbot","messageBody":"- Greet user\n- Exit\n","tags":["v0.0","Level-0"],"fileTypesAndContributionMap":{"java":{"insertions":32,"deletions":6}}},{"hash":"be4d070797839ccc87d58d7789040a4717dd9bba","isMergeCommit":false,"messageTitle":"Finish Level 1. Echo","messageBody":"- Echo commands entered by user\n- Exits when user types command bye\n","tags":["v1.0","Level-1"],"fileTypesAndContributionMap":{"java":{"insertions":26,"deletions":7}}},{"hash":"5cb71d6e086ec4922f405b60e6cb7f72700252cb","isMergeCommit":false,"messageTitle":"Shift greet and exit to Ui","messageBody":"","fileTypesAndContributionMap":{"java":{"insertions":28,"deletions":18}}},{"hash":"f47af8aeca1ce8be167ef436dffd160c5d89e27e","isMergeCommit":false,"messageTitle":"Create Storage and Task classes","messageBody":"","fileTypesAndContributionMap":{"java":{"insertions":30,"deletions":0}}},{"hash":"e42fb90d2b67284274231e8fdac2d6c44bf67b40","isMergeCommit":false,"messageTitle":"Complete Level 2","messageBody":"- Store task entered by user\n- List all tasks\n","tags":["v2.0","Level-2"],"fileTypesAndContributionMap":{"java":{"insertions":26,"deletions":3}}},{"hash":"bcb01700335fcbd2836bc41a53b84abf634b04c9","isMergeCommit":false,"messageTitle":"Add feature to mark task as done / undone","messageBody":"","fileTypesAndContributionMap":{"java":{"insertions":18,"deletions":1}}},{"hash":"6471405210266299f0398a33466a95985c7c5979","isMergeCommit":false,"messageTitle":"Complete Level 3","messageBody":"- Add feature to mark tasks as done / undone\n- Add exception handling for invalid commands\n","tags":["v3.0","Level-3"],"fileTypesAndContributionMap":{"java":{"insertions":52,"deletions":7}}},{"hash":"4004d9170d3b66d2c83bf37c3b6112e13ba98e0b","isMergeCommit":false,"messageTitle":"Create subclasses of Task","messageBody":"","fileTypesAndContributionMap":{"java":{"insertions":37,"deletions":4}}},{"hash":"ef86ff87f4ef3baf54cb602f800ce3e62be5b496","isMergeCommit":false,"messageTitle":"Add feature to create Todo, Deadline and Task","messageBody":"","fileTypesAndContributionMap":{"java":{"insertions":31,"deletions":4}}},{"hash":"6173e94ae44e3f260e5e12ece0a58611ff89a4ce","isMergeCommit":false,"messageTitle":"Update UI when a new task is added","messageBody":"","tags":["v4.0","Level-4"],"fileTypesAndContributionMap":{"java":{"insertions":9,"deletions":3}}},{"hash":"b57661c94ed4af1f8ecbb61d0436220116254ead","isMergeCommit":false,"messageTitle":"Add automated text UI testing","messageBody":"","tags":["v4.1","A-TextUiTesting"],"fileTypesAndContributionMap":{"txt":{"insertions":9,"deletions":0},"sh":{"insertions":1,"deletions":1}}}]},{"date":"2024-08-21","commitResults":[{"hash":"e3ef8b3877c607c7d93d5560f6847b2cbaa736fa","isMergeCommit":false,"messageTitle":"Add exceptions","messageBody":"","fileTypesAndContributionMap":{"java":{"insertions":44,"deletions":0}}},{"hash":"0c04373c65ae1b10686e1ff7720e2a09bf9c5bde","isMergeCommit":false,"messageTitle":"Throw exceptions when creating tasks","messageBody":"","fileTypesAndContributionMap":{"java":{"insertions":52,"deletions":6}}},{"hash":"65d6e7914379150b95fdb04167e92f85cf46510a","isMergeCommit":false,"messageTitle":"Remove todo","messageBody":"","fileTypesAndContributionMap":{"java":{"insertions":0,"deletions":1}}},{"hash":"59ca9a2c74c55af932f7c05814bc5e16b7ea3f4d","isMergeCommit":false,"messageTitle":"Add exceptions for todo command","messageBody":"","tags":["v5.0","Level-5","A-Exceptions"],"fileTypesAndContributionMap":{"java":{"insertions":21,"deletions":23}}},{"hash":"fc83808c2bdf93ae58cf81528938d63902bdb50c","isMergeCommit":false,"messageTitle":"Fix seperation of concerns issue","messageBody":"","fileTypesAndContributionMap":{"java":{"insertions":1,"deletions":1}}},{"hash":"7c0a13b3d8854b3ac550da0fbf8955fd7a1f58d3","isMergeCommit":false,"messageTitle":"Add support for deleting tasks from list","messageBody":"","fileTypesAndContributionMap":{"java":{"insertions":28,"deletions":0}}},{"hash":"dfbdb9f61cd6d4d58c93aaa70699ad1f21ddd5c4","isMergeCommit":false,"messageTitle":"Add exception for mark, unmark and delete","messageBody":"- InvalidArgumentException if user inputs multi-word task index\n","fileTypesAndContributionMap":{"java":{"insertions":12,"deletions":0}}},{"hash":"ebff070235620418cf5a4ab2e9b2e88da243dd97","isMergeCommit":false,"messageTitle":"Add exception for invalid commands","messageBody":"","tags":["v6.0","Level-6","A-Collections"],"fileTypesAndContributionMap":{"java":{"insertions":1,"deletions":1}}}]},{"date":"2024-08-26","commitResults":[{"hash":"c7da81fca17a0f6c07c152a6f439a76197a84f61","isMergeCommit":false,"messageTitle":"Create file to store tasks","messageBody":"","fileTypesAndContributionMap":{"txt":{"insertions":4,"deletions":0}}}]},{"date":"2024-08-28","commitResults":[{"hash":"e0de40d06f52a7fb279ce39b82b4afe9c206368e","isMergeCommit":false,"messageTitle":"Separate Storage and TaskList class","messageBody":"","fileTypesAndContributionMap":{"java":{"insertions":69,"deletions":29}}},{"hash":"6773d5b4b9e7e75b5ef6005dd35edb3434f71850","isMergeCommit":false,"messageTitle":"Create Parser class","messageBody":"","fileTypesAndContributionMap":{"java":{"insertions":53,"deletions":0}}},{"hash":"16e1eb2a2fbed757a6daa1df771c30a4c0a23656","isMergeCommit":false,"messageTitle":"Update File format","messageBody":"","fileTypesAndContributionMap":{"txt":{"insertions":3,"deletions":4}}},{"hash":"532caa4edd311151da4190e1f6cf7a7db6fb146b","isMergeCommit":false,"messageTitle":"Create new Exception for invalid storage file","messageBody":"","fileTypesAndContributionMap":{"java":{"insertions":5,"deletions":0}}},{"hash":"ae9ab7f2c1fe09d1d2de4c7f05ac68cfded2494f","isMergeCommit":false,"messageTitle":"Update load function","messageBody":"","fileTypesAndContributionMap":{"java":{"insertions":6,"deletions":3}}},{"hash":"f1ed8c237c420d0d5f655266eb1c346e97b90c44","isMergeCommit":false,"messageTitle":"Remove unused imports","messageBody":"","fileTypesAndContributionMap":{"java":{"insertions":0,"deletions":3}}},{"hash":"9364425320e27cce28d736574b82341e56273850","isMergeCommit":false,"messageTitle":"Fix bug: close scanner","messageBody":"","fileTypesAndContributionMap":{"java":{"insertions":2,"deletions":1}}},{"hash":"2d4fbd1de5e5b6e02cd95ad096a446492146226f","isMergeCommit":false,"messageTitle":"Create new file if not existing","messageBody":"","fileTypesAndContributionMap":{"java":{"insertions":6,"deletions":4}}},{"hash":"11711236417cc1760b838fdde95faceadb25c867","isMergeCommit":false,"messageTitle":"Throw exceptions if file format is invalid","messageBody":"","fileTypesAndContributionMap":{"java":{"insertions":2,"deletions":3}}},{"hash":"ad2677e425471eb8be310fa63378f329e0306537","isMergeCommit":false,"messageTitle":"Load tasks from storage into taskList","messageBody":"","fileTypesAndContributionMap":{"java":{"insertions":14,"deletions":5}}}]},{"date":"2024-08-29","commitResults":[{"hash":"702d0f502cadf50b1957d65e70f909c05f215d71","isMergeCommit":false,"messageTitle":"Update storage file whenever task list changes","messageBody":"","fileTypesAndContributionMap":{"java":{"insertions":30,"deletions":2}}},{"hash":"61941d2bfcc1c298bfe22463ea55f2b1c14e1d03","isMergeCommit":false,"messageTitle":"Fix bug: Add break to delete case","messageBody":"","fileTypesAndContributionMap":{"java":{"insertions":1,"deletions":0}}},{"hash":"8f65a1cf67fb161f87f28230e27a4c6368673a32","isMergeCommit":false,"messageTitle":"Handle file / directory not existing","messageBody":"","fileTypesAndContributionMap":{"java":{"insertions":40,"deletions":21}}},{"hash":"4c62cac5012cbb944286b532be846c26ac9921f3","isMergeCommit":true,"messageTitle":"Merge branch \u0027branch-level-7\u0027 into master","messageBody":"","tags":["Level-7"],"fileTypesAndContributionMap":{}},{"hash":"2b22ec69fc30be7f001362ffd6c52f197b64d131","isMergeCommit":false,"messageTitle":"Create function to parse user date","messageBody":"","fileTypesAndContributionMap":{"java":{"insertions":68,"deletions":43}}},{"hash":"0e7cb0506de7b1d7998cf5036cd69bdc928fc245","isMergeCommit":false,"messageTitle":"Parse dates from user input when adding task","messageBody":"","fileTypesAndContributionMap":{"java":{"insertions":25,"deletions":6}}},{"hash":"8179fd9bdc5c77acfff74d57426ad5a1e4e97b95","isMergeCommit":false,"messageTitle":"Ignore storage file","messageBody":"","tags":["Level-8"],"fileTypesAndContributionMap":{"txt":{"insertions":0,"deletions":3}}}]},{"date":"2024-08-30","commitResults":[{"hash":"33197cffbf07d00c9db3e32de37df8a3d0cc9da3","isMergeCommit":false,"messageTitle":"Add command classes to execute user command","messageBody":"","fileTypesAndContributionMap":{"java":{"insertions":216,"deletions":0}}},{"hash":"24460b364934125cdad0e672b693257ec91351b5","isMergeCommit":false,"messageTitle":"Add parsing method for user commands","messageBody":"","fileTypesAndContributionMap":{"java":{"insertions":11,"deletions":0}}},{"hash":"e3b82c47a25aa7cb6aa3aadd57240051fd5b0f96","isMergeCommit":false,"messageTitle":"Parse user commands using Parser and UserCommands","messageBody":"","tags":["A-MoreOOP"],"fileTypesAndContributionMap":{"java":{"insertions":6,"deletions":155}}},{"hash":"bc06323680a56dfbcdbf05f228955a540745f6a3","isMergeCommit":false,"messageTitle":"Remove unused imports","messageBody":"","fileTypesAndContributionMap":{"java":{"insertions":0,"deletions":2}}},{"hash":"cec4fd9a33e87bbbbb94e3a8175482435e955c90","isMergeCommit":false,"messageTitle":"Create comand package","messageBody":"","fileTypesAndContributionMap":{"java":{"insertions":258,"deletions":0}}},{"hash":"2acb195e3e0c807934fba55e979455fc0c53fe98","isMergeCommit":false,"messageTitle":"Add exception package","messageBody":"","fileTypesAndContributionMap":{"java":{"insertions":59,"deletions":0}}},{"hash":"d2f60c99a9354446a42dd3175551e84d8ed7a508","isMergeCommit":false,"messageTitle":"Add task package","messageBody":"","fileTypesAndContributionMap":{"java":{"insertions":77,"deletions":0}}},{"hash":"b0c9747ea5faf336d7bfe6c0c43f769a6908955d","isMergeCommit":false,"messageTitle":"Add ui package","messageBody":"","fileTypesAndContributionMap":{"java":{"insertions":4,"deletions":0}}},{"hash":"598260edff1e56269c71b33b062fc7f8412a693d","isMergeCommit":false,"messageTitle":"Add utility pacakge","messageBody":"","fileTypesAndContributionMap":{"java":{"insertions":5,"deletions":0}}},{"hash":"6b875ea9d9838f290f027d44ac3b552c3b756866","isMergeCommit":false,"messageTitle":"Remove old files","messageBody":"","fileTypesAndContributionMap":{"java":{"insertions":0,"deletions":327}}},{"hash":"df062aa9f9360f0b567d1ff293d6705b0cefa214","isMergeCommit":false,"messageTitle":"Add levelhundred package","messageBody":"","fileTypesAndContributionMap":{"java":{"insertions":7,"deletions":0}}},{"hash":"41a5168a1c44a6ff013cb27c1450194852fca8e3","isMergeCommit":true,"messageTitle":"Merge branch \u0027master\u0027 into branch-a-packages","messageBody":"","tags":["A-Packages"],"fileTypesAndContributionMap":{}}]},{"date":"2024-08-31","commitResults":[{"hash":"8244c5a87eae731bf17ad8619ebd5dc20d8fc053","isMergeCommit":true,"messageTitle":"Merge branch \u0027add-gradle-support\u0027","messageBody":"","fileTypesAndContributionMap":{}},{"hash":"b0cab3eec00879eae0201968147670d72dabd377","isMergeCommit":false,"messageTitle":"Update build file with entry point + checkstyle","messageBody":"","fileTypesAndContributionMap":{"gradle":{"insertions":6,"deletions":1}}},{"hash":"289ff298c92b7226d543d494a4fa1d97652ea299","isMergeCommit":false,"messageTitle":"Add test for UserCommand","messageBody":"","fileTypesAndContributionMap":{"java":{"insertions":45,"deletions":0}}},{"hash":"7d3d3b2ad2262173ee0346436f0c026bd957e1ec","isMergeCommit":false,"messageTitle":"Reorder imports to follow checkstyle","messageBody":"","fileTypesAndContributionMap":{"java":{"insertions":3,"deletions":3}}},{"hash":"ef12dc9b13548977e2e8809e5bc337be99f5c7fd","isMergeCommit":false,"messageTitle":"Add test for Parser","messageBody":"","tags":["A-Jar","A-JUnit"],"fileTypesAndContributionMap":{"java":{"insertions":26,"deletions":0}}},{"hash":"b4d1d6d47399d65a34f9487130815f021c5a9f94","isMergeCommit":false,"messageTitle":"Rename shadowJar file","messageBody":"","fileTypesAndContributionMap":{"gradle":{"insertions":1,"deletions":1}}},{"hash":"f506ebe5cdad0f8bf4fcb8bfe612c927a6fc6e20","isMergeCommit":false,"messageTitle":"Add JavaDocs for command package","messageBody":"","fileTypesAndContributionMap":{"java":{"insertions":43,"deletions":8}}},{"hash":"b13f1245d9f511d8a90f6e922c508231d836f48c","isMergeCommit":false,"messageTitle":"Add JavaDocs for exception package","messageBody":"","fileTypesAndContributionMap":{"java":{"insertions":21,"deletions":0}}},{"hash":"b0294054b72ca58ff1f89b7f39a2532f870d5e7a","isMergeCommit":false,"messageTitle":"Add JavaDocs for task package","messageBody":"","fileTypesAndContributionMap":{"java":{"insertions":37,"deletions":2}}},{"hash":"205b0d3216f9ace7e47edd7fd9e42b1bb3625c6a","isMergeCommit":false,"messageTitle":"Add JavaDocs for ui package","messageBody":"","fileTypesAndContributionMap":{"java":{"insertions":36,"deletions":0}}},{"hash":"30879f49b4d29cc5df7de0bc6966ca4ac08925ff","isMergeCommit":false,"messageTitle":"Add JavaDocs for utility package","messageBody":"","fileTypesAndContributionMap":{"java":{"insertions":10,"deletions":4}}},{"hash":"08afb8eaa770f6dab2059c3abf4f48c1344fb637","isMergeCommit":false,"messageTitle":"Add JavaDocs for levelhundred package","messageBody":"","fileTypesAndContributionMap":{"java":{"insertions":8,"deletions":1}}},{"hash":"0fbfa1f87539dbbe269903bf14d31e548d875927","isMergeCommit":false,"messageTitle":"Fix style","messageBody":"","fileTypesAndContributionMap":{"java":{"insertions":118,"deletions":86}}}]},{"date":"2024-09-01","commitResults":[{"hash":"0b766d0f3acb223e0129d0cd5a57b032ebaeeae3","isMergeCommit":true,"messageTitle":"Merge branch \u0027branch-A-JavaDoc\u0027","messageBody":"","fileTypesAndContributionMap":{}},{"hash":"d774ac74497697c9674d4662edb22b9566fd4648","isMergeCommit":true,"messageTitle":"Merge branch \u0027branch-A-CodingStandard\u0027","messageBody":"","tags":["A-JavaDoc","A-CodingStandard"],"fileTypesAndContributionMap":{}}]},{"date":"2024-09-03","commitResults":[{"hash":"4fda5552fb4ba23fcb57c36a7d62015b76096579","isMergeCommit":false,"messageTitle":"Fix coding standard","messageBody":"","fileTypesAndContributionMap":{"gradle":{"insertions":8,"deletions":0},"java":{"insertions":28,"deletions":9}}},{"hash":"79716f3245bcf8234edecd2a7316dc6414587cda","isMergeCommit":false,"messageTitle":"Fix Level 9","messageBody":"","tags":["A-CheckStyle"],"fileTypesAndContributionMap":{"java":{"insertions":81,"deletions":0}}}]},{"date":"2024-09-06","commitResults":[{"hash":"8b3663e39a9fad9fb252c09a5fa129d83b19d282","isMergeCommit":false,"messageTitle":"Add Gui for chatbot","messageBody":"","fileTypesAndContributionMap":{"gradle":{"insertions":17,"deletions":1},"fxml":{"insertions":49,"deletions":0},"java":{"insertions":167,"deletions":0}}},{"hash":"ab89199191643362b88fcb8c7a1aa027aa27ffc7","isMergeCommit":false,"messageTitle":"Add chatbot response to the GUI","messageBody":"","tags":["Level-10","A-Varargs"],"fileTypesAndContributionMap":{"java":{"insertions":84,"deletions":14}}}]},{"date":"2024-09-12","commitResults":[{"hash":"a92dd80af78bca7326c77e8c95cc53f51de6624d","isMergeCommit":false,"messageTitle":"Update build.gradle to enableAssertions","messageBody":"","fileTypesAndContributionMap":{"gradle":{"insertions":1,"deletions":0}}},{"hash":"699314dc87077050ebe32cff8e542b4625c97cd3","isMergeCommit":false,"messageTitle":"Add assertions to the execute method in commands","messageBody":"Assertions were added to check for any constraint\nbreaking errors that were not accounted for.\n","fileTypesAndContributionMap":{"java":{"insertions":9,"deletions":0}}},{"hash":"4f3580182e6d9321c39f6f34e5b7117c0d390af0","isMergeCommit":true,"messageTitle":"Merge pull request #1 from bbbbcccd/branch-A-Assertions","messageBody":"Branch a assertions","tags":["A-FullCommitMessage","A-Assertions"],"fileTypesAndContributionMap":{}},{"hash":"65dec1bd3bdc4a80f62517c866b178c2c8d6994f","isMergeCommit":false,"messageTitle":"Extract createTask into createTodo, createDeadline, createEvent","messageBody":"","fileTypesAndContributionMap":{"java":{"insertions":86,"deletions":72}}},{"hash":"01537d1e72fd214d4a25759c56fa3ad26a209ab8","isMergeCommit":false,"messageTitle":"Align code quality to the expected standard","messageBody":"AddCommand.java: Extract functions to follow SLAP\nParser.java: Fix typo\n","fileTypesAndContributionMap":{"java":{"insertions":1,"deletions":1}}},{"hash":"20b40a8ae4c7c7f4ca288f624ddd749af7596242","isMergeCommit":true,"messageTitle":"Merge pull request #2 from bbbbcccd/branch-A-CodeQuality","messageBody":"Branch a code quality","tags":["A-Streams","A-CodeQuality"],"fileTypesAndContributionMap":{}},{"hash":"95bdb5090049509c4a3558acf6f3612220232d53","isMergeCommit":false,"messageTitle":"Update compile path to java files","messageBody":"","fileTypesAndContributionMap":{"sh":{"insertions":1,"deletions":1}}},{"hash":"954d04cf7c873417e3cc490ee90b9400952f5432","isMergeCommit":false,"messageTitle":"Revert runtest.sh back and remove demo action","messageBody":"","fileTypesAndContributionMap":{"sh":{"insertions":1,"deletions":1}}}]}]},"authorFileTypeContributionMap":{"bbbbcccd":{"java":1332,"md":0,"fxml":49,"sh":1,"bat":0,"gradle":30,"txt":9}},"authorContributionVariance":{"bbbbcccd":54677.855},"authorDisplayNameMap":{"bbbbcccd":"CS2103T-F11-1 ZACH..YUAN"}}
