{"authorDailyContributionsMap":{"SamuelFoo":[{"date":"2024-08-22","commitResults":[{"hash":"c663bc2e79b533de8e770163e33f79ad8535e3aa","isMergeCommit":false,"messageTitle":"Rename \"Duke\" as \"Duck\"","messageBody":"","fileTypesAndContributionMap":{"java":{"insertions":5,"deletions":10},"bat":{"insertions":1,"deletions":1},"sh":{"insertions":1,"deletions":1},"md":{"insertions":13,"deletions":12}}},{"hash":"20dd2c9656137edf4603310bf278c254f6643980","isMergeCommit":false,"messageTitle":"Add simple greeting.","messageBody":"","fileTypesAndContributionMap":{"java":{"insertions":13,"deletions":1}}},{"hash":"b276d213960b9f463975d640d4380334b12b18b4","isMergeCommit":false,"messageTitle":"Add simple greeting","messageBody":"","tags":["Level-0"],"fileTypesAndContributionMap":{"java":{"insertions":13,"deletions":1}}},{"hash":"ac63275366565fef4023c56f32055e49cefb076c","isMergeCommit":false,"messageTitle":"Modify greeting","messageBody":"","fileTypesAndContributionMap":{"java":{"insertions":0,"deletions":2}}},{"hash":"90ba5af853120ecfe1c0ac62bab283be5065e26d","isMergeCommit":false,"messageTitle":"Make the chatbot capable of echoing user input","messageBody":"","tags":["Level-1"],"fileTypesAndContributionMap":{"java":{"insertions":55,"deletions":7}}},{"hash":"2159d2a54e9e5eaa11a5d3fc70ab0d30f1772301","isMergeCommit":false,"messageTitle":"Add the ability to store whatever text entered by the user and display them back to the user when requested","messageBody":"","tags":["Level-2"],"fileTypesAndContributionMap":{"java":{"insertions":26,"deletions":1}}},{"hash":"baf80e9b0788d95e0c352697e44fd1531258bb92","isMergeCommit":false,"messageTitle":"Rename \"List\" class as \"TaskList\"","messageBody":"","fileTypesAndContributionMap":{"java":{"insertions":2,"deletions":2}}},{"hash":"272cb74c4c7bebfc6860b35334de9fb1dfda976b","isMergeCommit":false,"messageTitle":"Add a `Task` class to represent tasks","messageBody":"","tags":["A-Classes"],"fileTypesAndContributionMap":{"java":{"insertions":23,"deletions":3}}},{"hash":"60709f836bcbe70f1b9cdd24049b83a1593d29f5","isMergeCommit":false,"messageTitle":"Replace Scanner with new Reader class","messageBody":"","fileTypesAndContributionMap":{"java":{"insertions":76,"deletions":5}}},{"hash":"bd351db8af91b926f4686ff1cc693898e673eb66","isMergeCommit":false,"messageTitle":"Add the ability to mark tasks as done","messageBody":"","fileTypesAndContributionMap":{"java":{"insertions":30,"deletions":25}}},{"hash":"f9c9c013f346cd7e01e1f6cb4b63f050e9d82e31","isMergeCommit":false,"messageTitle":"Add the ability to change the status back to not done","messageBody":"","tags":["Level-3"],"fileTypesAndContributionMap":{"java":{"insertions":24,"deletions":4}}},{"hash":"782dd5727aebdd259e3db254c903b3690e51bb2b","isMergeCommit":false,"messageTitle":"Added \"enums\"","messageBody":"","tags":["A-Enums"],"fileTypesAndContributionMap":{"java":{"insertions":15,"deletions":4}}},{"hash":"8d7be0950b07a48ea8f9a2666f8d64791357cd05","isMergeCommit":false,"messageTitle":"Add different task types","messageBody":"","tags":["A-Inheritance"],"fileTypesAndContributionMap":{"java":{"insertions":121,"deletions":19}}},{"hash":"75a8c7ddf1f0be60d42c4fd9518ba620044d758c","isMergeCommit":false,"messageTitle":"Add String placeholders for deadline and event tasks","messageBody":"","tags":["Level-4"],"fileTypesAndContributionMap":{"java":{"insertions":147,"deletions":21}}},{"hash":"de67f48cb76744c5b11b542d8a823906a9bbbb45","isMergeCommit":false,"messageTitle":"Update README.md","messageBody":"","fileTypesAndContributionMap":{"md":{"insertions":0,"deletions":2}}},{"hash":"46302bdd32830fced8c4ae3f22aec49c6675f91a","isMergeCommit":false,"messageTitle":"Refactor","messageBody":"","fileTypesAndContributionMap":{"java":{"insertions":45,"deletions":11}}},{"hash":"25cc55e6ab8bcbe8f89da0c36a913e1b6048296d","isMergeCommit":false,"messageTitle":"Reorg","messageBody":"","fileTypesAndContributionMap":{"txt":{"insertions":1,"deletions":0},"sh":{"insertions":0,"deletions":0}}},{"hash":"e434ce146451b319caaf3569c2914972ead3f013","isMergeCommit":false,"messageTitle":"Remove unused runtest.bat","messageBody":"","fileTypesAndContributionMap":{"bat":{"insertions":0,"deletions":21}}},{"hash":"e2cc7fe36b907703cc4858075a61248535c8181b","isMergeCommit":false,"messageTitle":"Semi-automate testing with multiple input files","messageBody":"","tags":["A-TextUiTesting"],"fileTypesAndContributionMap":{"txt":{"insertions":42,"deletions":0},"sh":{"insertions":45,"deletions":17}}},{"hash":"6422acbd6005f33d99ff378df9222d23c2749811","isMergeCommit":false,"messageTitle":"Fix null pointer exception when running test cases","messageBody":"","fileTypesAndContributionMap":{"txt":{"insertions":59,"deletions":2},"java":{"insertions":5,"deletions":4}}}]},{"date":"2024-08-23","commitResults":[{"hash":"4c61927667c6fc30b7854eba877e7ecf8a02f42c","isMergeCommit":false,"messageTitle":"Add usage exceptions","messageBody":"","tags":["Level-5","A-Exceptions"],"fileTypesAndContributionMap":{"java":{"insertions":116,"deletions":10}}},{"hash":"06c5f892832621dad984cfd87b3e7032289d3702","isMergeCommit":false,"messageTitle":"Add support for deleting tasks from the list","messageBody":"","tags":["Level-6","A-Collections"],"fileTypesAndContributionMap":{"java":{"insertions":25,"deletions":8}}}]},{"date":"2024-08-30","commitResults":[{"hash":"e68766edadf4b8ac53f2220c19711e9078670f66","isMergeCommit":false,"messageTitle":"Add the capability to save and load tasks from the disk","messageBody":"","fileTypesAndContributionMap":{"java":{"insertions":133,"deletions":0}}},{"hash":"8916dbb4a4e0a8a4afa63627a20c05f89ac3d81a","isMergeCommit":true,"messageTitle":"Merge branch \u0027branch-Level-7\u0027","messageBody":"","tags":["Level-7"],"fileTypesAndContributionMap":{}},{"hash":"aabd8b950f62ab2fb47993ef3d6ab22c00331718","isMergeCommit":false,"messageTitle":"Store deadline dates as a java.time.LocalDate in the task objects","messageBody":"","fileTypesAndContributionMap":{"java":{"insertions":46,"deletions":14}}},{"hash":"d54355effa00d28304e1198c490239e70bbafe8b","isMergeCommit":true,"messageTitle":"Merge branch \u0027branch-Level-8\u0027","messageBody":"","tags":["Level-8"],"fileTypesAndContributionMap":{}},{"hash":"b4b40669e36e1fd9dbb583c2d2dccfd33f2ecc7f","isMergeCommit":false,"messageTitle":"Rename CSVHandler as Storage","messageBody":"","fileTypesAndContributionMap":{"java":{"insertions":3,"deletions":3}}},{"hash":"8a68be638acdaf1bcd2be879b72eb10a0c782790","isMergeCommit":false,"messageTitle":"Rename CommandBuffer as Parser","messageBody":"","fileTypesAndContributionMap":{"java":{"insertions":3,"deletions":3}}},{"hash":"b27299eb9058c8e843c32e94abcbd7aaaabc0835","isMergeCommit":false,"messageTitle":"Change storage file path to be relative to project directory","messageBody":"","fileTypesAndContributionMap":{"java":{"insertions":3,"deletions":2}}},{"hash":"1e02c542451ec2d10f8f3773d2f9c2fc56ac49ff","isMergeCommit":true,"messageTitle":"Merge branch \u0027branch-A-MoreOOP\u0027","messageBody":"","tags":["A-Packages","A-MoreOOP"],"fileTypesAndContributionMap":{}},{"hash":"49d37126bee43825ed5ce616e9f3607be2aa5102","isMergeCommit":true,"messageTitle":"Merge remote-tracking branch \u0027upstream/add-gradle-support\u0027","messageBody":"","fileTypesAndContributionMap":{}},{"hash":"6dcb8c3a345c0ee151ce08dab00dec1dbdf7d337","isMergeCommit":false,"messageTitle":"Change main class name for gradle","messageBody":"","tags":["A-Jar","A-Gradle"],"fileTypesAndContributionMap":{"gradle":{"insertions":2,"deletions":2}}},{"hash":"0ff0cd27af05f2a32a8fa7f66755982afcb639c9","isMergeCommit":false,"messageTitle":"Add unit tests for deadline and todo","messageBody":"","fileTypesAndContributionMap":{"java":{"insertions":60,"deletions":0}}},{"hash":"f94b936d6bf5271214a71683488ce0a9f1de2d40","isMergeCommit":true,"messageTitle":"Merge branch \u0027branch-A-JUnit\u0027","messageBody":"","tags":["A-JUnit"],"fileTypesAndContributionMap":{}},{"hash":"d6b1c3514f5a381cca715b8c23bfc9745aad7571","isMergeCommit":false,"messageTitle":"Fix bug where tasks data file is not updated after marking or unmarking tasks","messageBody":"","fileTypesAndContributionMap":{"java":{"insertions":2,"deletions":0}}},{"hash":"8698c189085b6dfe1bd0fea7d8bb02cbb672c45e","isMergeCommit":false,"messageTitle":"Add documentation","messageBody":"","fileTypesAndContributionMap":{"java":{"insertions":65,"deletions":7}}},{"hash":"6334c6bf9470401c0e82a2e980dd6b323ada6082","isMergeCommit":false,"messageTitle":"Remove unneeded Reader class","messageBody":"","fileTypesAndContributionMap":{"java":{"insertions":0,"deletions":77}}},{"hash":"c1cde2bc4eba758b000c94429f0609e5a857715c","isMergeCommit":true,"messageTitle":"Merge branch \u0027branch-A-JavaDoc\u0027","messageBody":"","tags":["A-JavaDoc"],"fileTypesAndContributionMap":{}},{"hash":"706e5d0b014a48cdd9202df9dee248143bc7155f","isMergeCommit":false,"messageTitle":"Add checkstyle to gradle","messageBody":"","fileTypesAndContributionMap":{"gradle":{"insertions":14,"deletions":1}}},{"hash":"a7ae3ad433fc7387bf10d5b457f461949f614109","isMergeCommit":false,"messageTitle":"Sort imports and remove trailing whitespaces","messageBody":"","fileTypesAndContributionMap":{"java":{"insertions":29,"deletions":31}}},{"hash":"5bc075da794f3d2b79188567ab2274c8b845b2b3","isMergeCommit":true,"messageTitle":"Merge branch \u0027branch-A-CodingStandard\u0027","messageBody":"","tags":["A-CodingStandard"],"fileTypesAndContributionMap":{}},{"hash":"485032699f5c05cb5456e0faa6aa0d34966347ef","isMergeCommit":false,"messageTitle":"Use checkstyle config from addressbook","messageBody":"","fileTypesAndContributionMap":{"gradle":{"insertions":1,"deletions":1}}},{"hash":"68d7b2622f382b71ba4632936e3d99740c3d9d41","isMergeCommit":false,"messageTitle":"Add changes to follow coding standards","messageBody":"","fileTypesAndContributionMap":{"java":{"insertions":19,"deletions":21}}},{"hash":"4b749ed7fa1c86614e59653378cb2dd6088c61b5","isMergeCommit":false,"messageTitle":"Give users a way to find a task by searching for a keyword in the task description","messageBody":"","fileTypesAndContributionMap":{"java":{"insertions":34,"deletions":18}}},{"hash":"f2ffb445c84fbfb53386662bd24e92535e8aefb0","isMergeCommit":true,"messageTitle":"Merge branch \u0027branch-Level-9\u0027","messageBody":"","tags":["Level-9"],"fileTypesAndContributionMap":{}}]},{"date":"2024-09-06","commitResults":[{"hash":"9bebd546aacd12299508a7c4d5739dfc4d4af1b1","isMergeCommit":false,"messageTitle":"Add Java FX to gradle build file","messageBody":"","fileTypesAndContributionMap":{"gradle":{"insertions":14,"deletions":0}}},{"hash":"2b39d36db7a74b6f7d888b1c45d1f0a4276ff500","isMergeCommit":false,"messageTitle":"Add barebones gui","messageBody":"","tags":["Level-10"],"fileTypesAndContributionMap":{"java":{"insertions":141,"deletions":0}}}]},{"date":"2024-09-12","commitResults":[{"hash":"714621d07ccf951135bfadf442261a4d2cdc32a7","isMergeCommit":false,"messageTitle":"Update GUI styling","messageBody":"","fileTypesAndContributionMap":{"gradle":{"insertions":1,"deletions":1},"fxml":{"insertions":41,"deletions":0},"java":{"insertions":117,"deletions":98}}},{"hash":"0f555e5e6a12546d0b0b67b74443048018393f33","isMergeCommit":false,"messageTitle":"Add response for GUI","messageBody":"","fileTypesAndContributionMap":{"java":{"insertions":97,"deletions":97}}},{"hash":"362e88f6f7dde0fa104011571f1398c97be58817","isMergeCommit":false,"messageTitle":"Re-organise classes into packages","messageBody":"","fileTypesAndContributionMap":{"gradle":{"insertions":1,"deletions":1},"fxml":{"insertions":1,"deletions":1},"java":{"insertions":59,"deletions":45}}},{"hash":"4f493945c1e57f830e1c987ed7c58e423cf5d938","isMergeCommit":false,"messageTitle":"Add error handling for wrong datetime format","messageBody":"","fileTypesAndContributionMap":{"java":{"insertions":12,"deletions":5}}},{"hash":"79698bdee683dcb30a11a9bdebe5808a10989f3e","isMergeCommit":false,"messageTitle":"Add greeting and tasks loading when starting up","messageBody":"","fileTypesAndContributionMap":{"java":{"insertions":16,"deletions":16}}},{"hash":"fbcb378288c998999e20cbbab5f81c22e0a337ee","isMergeCommit":false,"messageTitle":"Enable assertions in gradle run","messageBody":"","fileTypesAndContributionMap":{"gradle":{"insertions":1,"deletions":0}}},{"hash":"46d63a63703ef8fcaaec5ecb814320926cbc268a","isMergeCommit":false,"messageTitle":"Add indentation to tasks listing","messageBody":"","fileTypesAndContributionMap":{"java":{"insertions":1,"deletions":1}}},{"hash":"17b36a8bd19223409302a620759b4ed86bd3bb32","isMergeCommit":false,"messageTitle":"Add assertions when loading from storage","messageBody":"","fileTypesAndContributionMap":{"java":{"insertions":5,"deletions":1}}},{"hash":"1ef7deb809b5dd1175203366da197548b6cd3a81","isMergeCommit":true,"messageTitle":"Merge pull request #1 from SamuelFoo/branch-A-Assertions","messageBody":"Add assertions","tags":["A-Assertions"],"fileTypesAndContributionMap":{}}]},{"date":"2024-09-13","commitResults":[{"hash":"639f28bab45cb0711f39872a6357bb0d42669b2b","isMergeCommit":false,"messageTitle":"Refactor commands as classes","messageBody":"Code to handle the Todo, Deadline and Event\ncommands in the main class is extracted out into\nindividual command classes.\n\nThis improves code quality.\n","tags":["A-FullCommitMessage"],"fileTypesAndContributionMap":{"java":{"insertions":147,"deletions":49}}},{"hash":"976edeec688fc625a2e264a421b23c0964a3f074","isMergeCommit":false,"messageTitle":"Reduce levels of abstraction for path variables","messageBody":"","fileTypesAndContributionMap":{"java":{"insertions":5,"deletions":3}}},{"hash":"915c2328058866edd70aafd0bd9a73900cfbcada","isMergeCommit":false,"messageTitle":"Refactor command classes","messageBody":"Code to handle the Delete, Mark and Unmark\ncommands in the main class is extracted out into\nindividual command classes.\n","fileTypesAndContributionMap":{"java":{"insertions":184,"deletions":79}}},{"hash":"a53035e400806395bf9eda6a672e107a83f7ca4e","isMergeCommit":true,"messageTitle":"Merge pull request #2 from SamuelFoo/branch-A-CodeQuality","messageBody":"Refactor to improve the code quality","tags":["A-CodeQuality"],"fileTypesAndContributionMap":{}},{"hash":"23608f62cda41e416a025b0fe57e72aae2fe4501","isMergeCommit":false,"messageTitle":"Add do-after tasks","messageBody":"","tags":["BCD-Extension"],"fileTypesAndContributionMap":{"java":{"insertions":131,"deletions":13}}}]},{"date":"2024-09-20","commitResults":[{"hash":"11c5a96c81d53569d369aebb8a9fd71e57a6d4e3","isMergeCommit":false,"messageTitle":"Move all exception handling to command classes","messageBody":"","fileTypesAndContributionMap":{"java":{"insertions":95,"deletions":109}}},{"hash":"fc3a2fa07472ac71ae07485d76bd2490e0f51947","isMergeCommit":false,"messageTitle":"Change do-after task naming","messageBody":"","fileTypesAndContributionMap":{"java":{"insertions":1,"deletions":1}}},{"hash":"8c5f0d5d1fb89b97ec369369e14b53e0ecd677b6","isMergeCommit":false,"messageTitle":"Change naming from time to date","messageBody":"","fileTypesAndContributionMap":{"java":{"insertions":2,"deletions":2}}},{"hash":"80e61d78bd2ebbcae2d1afb24515e742a078efa0","isMergeCommit":false,"messageTitle":"Update deadline naming","messageBody":"","fileTypesAndContributionMap":{"java":{"insertions":1,"deletions":1}}},{"hash":"e3520405dd58b025c114e54d786d37c2cecd1336","isMergeCommit":false,"messageTitle":"Add user guide","messageBody":"","tags":["A-UserGuide"],"fileTypesAndContributionMap":{"md":{"insertions":128,"deletions":13}}},{"hash":"93d0183ce91e16f416d4b2f34070a541c65aad9f","isMergeCommit":false,"messageTitle":"Add test for user guide quick-start commands","messageBody":"","fileTypesAndContributionMap":{"java":{"insertions":55,"deletions":0}}},{"hash":"3917d8505da6c4dfa250618b038018149c0b9e1e","isMergeCommit":false,"messageTitle":"Refactor command handling","messageBody":"","fileTypesAndContributionMap":{"java":{"insertions":152,"deletions":50},"md":{"insertions":7,"deletions":7}}},{"hash":"816805b5ca6e99b75648630b80193fbc28b50909","isMergeCommit":false,"messageTitle":"Add Parser unit tests","messageBody":"","fileTypesAndContributionMap":{"java":{"insertions":26,"deletions":0}}},{"hash":"2d02be8153edf05c71fe5951fbea215a124ae77d","isMergeCommit":false,"messageTitle":"Edit display string when there are missing args","messageBody":"","tags":["A-Release"],"fileTypesAndContributionMap":{"java":{"insertions":10,"deletions":1}}}]},{"date":"2024-09-21","commitResults":[{"hash":"2e5a33f6d2c885ea74058bd9684aa415702723c5","isMergeCommit":false,"messageTitle":"Refactor TaskList","messageBody":"","fileTypesAndContributionMap":{"java":{"insertions":33,"deletions":27}}},{"hash":"ac22bc2f306da1cca68f033e81572ed13830727e","isMergeCommit":false,"messageTitle":"Handle bye for GUI","messageBody":"","fileTypesAndContributionMap":{"java":{"insertions":7,"deletions":0}}}]}]},"authorFileTypeContributionMap":{"SamuelFoo":{"java":1521,"md":137,"fxml":41,"sh":37,"bat":0,"gradle":29,"txt":100}},"authorContributionVariance":{"SamuelFoo":56425.785},"authorDisplayNameMap":{"SamuelFoo":"CS2103T-T15-4 SAMU..ENZE"}}
