{"authorDailyContributionsMap":{"accountexeregister":[{"date":"2024-08-22","commitResults":[{"hash":"9c7123f507b4236f4a0b3e7d75607daeffd0eb99","isMergeCommit":false,"messageTitle":"Rename chatbot, add skeleton greeting","messageBody":"","tags":["Level-0"],"fileTypesAndContributionMap":{"java":{"insertions":12,"deletions":10}}},{"hash":"589d161fa7a33acb4185da0c937a1f3a7bfd722b","isMergeCommit":false,"messageTitle":"Add OOP, add echo","messageBody":"","tags":["Level-1"],"fileTypesAndContributionMap":{"java":{"insertions":36,"deletions":4}}},{"hash":"7f50892372dcf3f90fa45e8854eae109f396533b","isMergeCommit":false,"messageTitle":"Add ability to store text in list and display list of texts stored","messageBody":"","tags":["Level-2"],"fileTypesAndContributionMap":{"java":{"insertions":25,"deletions":1}}},{"hash":"76e786a563c228de99b5f64c76375a41c6fe82f6","isMergeCommit":false,"messageTitle":"Add Task class, integrate Task in CancelGPT","messageBody":"","fileTypesAndContributionMap":{"java":{"insertions":41,"deletions":10}}},{"hash":"f6e3b499f0b53a50d10241c4a24a85bac72fba0a","isMergeCommit":false,"messageTitle":"Add mark and unmark task","messageBody":"","fileTypesAndContributionMap":{"java":{"insertions":18,"deletions":0}}},{"hash":"ccc435f8072fe11ebe436d9908afa83e8e8f93c6","isMergeCommit":false,"messageTitle":"Modify print output when mark/unmark task, displaying list","messageBody":"","tags":["Level-3"],"fileTypesAndContributionMap":{"java":{"insertions":10,"deletions":6}}},{"hash":"8318d1be83c5052faab74aef5c171a75961369c6","isMergeCommit":false,"messageTitle":"Add task subclasses, add support for tracking different types of tasks","messageBody":"","tags":["Level-4"],"fileTypesAndContributionMap":{"java":{"insertions":72,"deletions":6}}},{"hash":"0e1d34423390de575327f10bdd82cd85a9d90a1a","isMergeCommit":false,"messageTitle":"Add automated text UI testing","messageBody":"","tags":["A-TextUiTesting"],"fileTypesAndContributionMap":{"txt":{"insertions":13,"deletions":0},"bat":{"insertions":1,"deletions":1}}},{"hash":"2182b6b0df5ede911a7702fd221e35e376681195","isMergeCommit":false,"messageTitle":"Add error handling","messageBody":"","tags":["Level-5"],"fileTypesAndContributionMap":{"java":{"insertions":213,"deletions":36}}},{"hash":"a4b7f3e6840a5cfb8406baf1697b2d0544d9da01","isMergeCommit":false,"messageTitle":"Add support for deleting tasks","messageBody":"","fileTypesAndContributionMap":{"java":{"insertions":32,"deletions":1}}},{"hash":"ac5828cf21d34ad97a491fda0f127a79f1099399","isMergeCommit":false,"messageTitle":"Refactor CancelGPT: remove unused methods, rename methods to more suitable names","messageBody":"","tags":["Level-6"],"fileTypesAndContributionMap":{"java":{"insertions":10,"deletions":40}}}]},{"date":"2024-08-23","commitResults":[{"hash":"8fb292a886ebd17064a1e016f187bd7ad3e11bb0","isMergeCommit":false,"messageTitle":"Add command enums","messageBody":"","fileTypesAndContributionMap":{"java":{"insertions":29,"deletions":8}}},{"hash":"fbda9fcb335bea4dd09899cf7ed52e0476d120da","isMergeCommit":false,"messageTitle":"Fix parsing task command creating Task objects with wrong description format","messageBody":"","fileTypesAndContributionMap":{"java":{"insertions":14,"deletions":10}}},{"hash":"10081bd9eb0b3495ebea72b1f741e581f70a609f","isMergeCommit":false,"messageTitle":"Update text-ui-test to include new commands and error handling","messageBody":"","tags":["A-Enums"],"fileTypesAndContributionMap":{"txt":{"insertions":16,"deletions":0}}}]},{"date":"2024-08-29","commitResults":[{"hash":"9ed47d53b7be9e1044e3a3cb532f2c38d39e6605","isMergeCommit":false,"messageTitle":"Add tasksStorage field to read and save tasks","messageBody":"","fileTypesAndContributionMap":{"java":{"insertions":22,"deletions":0}}},{"hash":"0aca9d98844d19ec9f43f6fa038296dcf2711d12","isMergeCommit":false,"messageTitle":"Fix: add missing task storage reader","messageBody":"","fileTypesAndContributionMap":{"java":{"insertions":4,"deletions":2}}},{"hash":"c7c5fe21a0d213d7db2a2f68e2a24f6e084ac702","isMergeCommit":false,"messageTitle":"Add Task methods to create task object from saved data in tasks storage","messageBody":"","fileTypesAndContributionMap":{"java":{"insertions":69,"deletions":21}}},{"hash":"fe2e8c1f3fef045339689247df41d1e6eae725b9","isMergeCommit":false,"messageTitle":"Integrate reading and saving tasks to tasks storage file","messageBody":"","fileTypesAndContributionMap":{"java":{"insertions":34,"deletions":13}}},{"hash":"ae5d03f95dce8c9aa05048edbeb001b9a81c9de3","isMergeCommit":true,"messageTitle":"Merge branch \u0027branch-Level-7\u0027","messageBody":"","tags":["Level-7"],"fileTypesAndContributionMap":{}}]}]},"authorFileTypeContributionMap":{"accountexeregister":{"java":483,"md":0,"fxml":0,"sh":0,"bat":1,"gradle":0,"txt":29}},"authorContributionVariance":{"accountexeregister":24311.285},"authorDisplayNameMap":{"accountexeregister":"CS2103T-F14b-2 YEOH..G YI"}}
