{"authorDailyContributionsMap":{"Johnwz123":[{"date":"2024-08-21","commitResults":[{"hash":"68b41e0b980cf006e7d3fb33ddf7dd28fb5e7760","isMergeCommit":false,"messageTitle":"Rename chatbot","messageBody":"","fileTypesAndContributionMap":{"java":{"insertions":1,"deletions":1},"bat":{"insertions":1,"deletions":1},"sh":{"insertions":1,"deletions":1},"md":{"insertions":1,"deletions":1}}},{"hash":"e20501df41e9cb1e8622a5d407e82a6ce01fd250","isMergeCommit":false,"messageTitle":"Implement initial skeleton","messageBody":"","tags":["Level-0"],"fileTypesAndContributionMap":{"java":{"insertions":3,"deletions":6}}},{"hash":"241db84a164def82cc85941331c58bf076b67faa","isMergeCommit":false,"messageTitle":"Implement echo command and exit functionality","messageBody":"","tags":["Level-1"],"fileTypesAndContributionMap":{"java":{"insertions":21,"deletions":1}}},{"hash":"57e308ba6d2bef886e7faf26bf19be9b841d4395","isMergeCommit":false,"messageTitle":"Implement add and list functionality","messageBody":"","tags":["Level-2"],"fileTypesAndContributionMap":{"java":{"insertions":13,"deletions":2}}},{"hash":"51b7c38244d5b2be71e904b1d93339697766acbb","isMergeCommit":false,"messageTitle":"Create Task class","messageBody":"","fileTypesAndContributionMap":{"java":{"insertions":26,"deletions":0}}},{"hash":"cccc286768dcdb7da8ae0e5734098d024eb761b1","isMergeCommit":false,"messageTitle":"Add feature to mark tasks as done or not done","messageBody":"","tags":["Level-3"],"fileTypesAndContributionMap":{"java":{"insertions":112,"deletions":8}}},{"hash":"26613e28b14cfbcb32ad4547e4f127b53fac06cd","isMergeCommit":false,"messageTitle":"Create ToDo, Deadline and Event class","messageBody":"","fileTypesAndContributionMap":{"java":{"insertions":78,"deletions":10}}},{"hash":"e76b93361582b15594b246e84a0bea4fe95e6bd1","isMergeCommit":false,"messageTitle":"Add support for tracking ToDos, Events and Deadlines","messageBody":"","tags":["Level-4"],"fileTypesAndContributionMap":{"java":{"insertions":40,"deletions":8}}},{"hash":"80dd2d79c4069a20add4c2899f3fd3653437d371","isMergeCommit":false,"messageTitle":"Update tests","messageBody":"","tags":["A-TextUiTesting"],"fileTypesAndContributionMap":{"txt":{"insertions":10,"deletions":0}}}]},{"date":"2024-08-22","commitResults":[{"hash":"b93234ac1b6ec0ddbb9490337733c1b3843778ff","isMergeCommit":false,"messageTitle":"Add error handling for commands","messageBody":"","tags":["Level-5"],"fileTypesAndContributionMap":{"java":{"insertions":22,"deletions":1}}},{"hash":"98a2ab7a218dcde3068452f10d456fcc0d81d4ba","isMergeCommit":false,"messageTitle":"Add feature for deleting tasks","messageBody":"","tags":["Level-6"],"fileTypesAndContributionMap":{"java":{"insertions":31,"deletions":0}}},{"hash":"83d64bad70434594430532f030951bee26edaeb9","isMergeCommit":false,"messageTitle":"Add GitHub Copilot acknowledgement","messageBody":"","fileTypesAndContributionMap":{"md":{"insertions":3,"deletions":0}}},{"hash":"c0e9dcda817ca876652c81f1b05c51d1f52a252b","isMergeCommit":false,"messageTitle":"Refactor to use enums for task type","messageBody":"","tags":["A-Enums"],"fileTypesAndContributionMap":{"java":{"insertions":36,"deletions":31}}}]},{"date":"2024-08-27","commitResults":[{"hash":"d1bc36c0c6b67b96d8f33fc01fe67d258a5d3032","isMergeCommit":false,"messageTitle":"Add ability to save and load from hard disk","messageBody":"","fileTypesAndContributionMap":{"java":{"insertions":188,"deletions":3}}},{"hash":"5b6e1ee051e33160c4ebc7f9236e00ccf21e4b3b","isMergeCommit":true,"messageTitle":"Merge branch \u0027branch-Level-7\u0027","messageBody":"","tags":["Level-7"],"fileTypesAndContributionMap":{}},{"hash":"bc76f51907a985e050b678808474ac1b855cd623","isMergeCommit":false,"messageTitle":"Add date and time parsing","messageBody":"","fileTypesAndContributionMap":{"txt":{"insertions":5,"deletions":0},"java":{"insertions":83,"deletions":15}}},{"hash":"acb91ed37a8fdb2a54e5294fed6ca4df3cbcf17a","isMergeCommit":true,"messageTitle":"Merge branch \u0027branch-Level-8\u0027","messageBody":"","tags":["Level-8"],"fileTypesAndContributionMap":{}},{"hash":"cf948f74909413bab104e8446a005ad1407fa5f2","isMergeCommit":false,"messageTitle":"Refactor code","messageBody":"","tags":["A-MoreOOP"],"fileTypesAndContributionMap":{"java":{"insertions":305,"deletions":259},"bat":{"insertions":3,"deletions":0}}},{"hash":"5d139a66b90310deaf66e1de2c6662806fc3e6e1","isMergeCommit":false,"messageTitle":"Organize classes into packages","messageBody":"","tags":["A-Packages"],"fileTypesAndContributionMap":{"java":{"insertions":264,"deletions":170}}},{"hash":"1f98f5626758bd4dd9c8e66d17db03942349809c","isMergeCommit":false,"messageTitle":"Remove unused import statement","messageBody":"","fileTypesAndContributionMap":{"java":{"insertions":2,"deletions":13}}}]}]},"authorFileTypeContributionMap":{"Johnwz123":{"java":706,"md":3,"fxml":0,"sh":1,"bat":4,"gradle":0,"txt":15}},"authorContributionVariance":{"Johnwz123":132263.22},"authorDisplayNameMap":{"Johnwz123":"CS2103T-T13-1 WONG..JOHN"}}
