{"authorDailyContributionsMap":{"rayray39":[{"date":"2024-08-19","commitResults":[{"hash":"62618452aef8c4242267b0787db1cc7d35677c53","isMergeCommit":false,"messageTitle":"Add Level 0","messageBody":"","tags":["Level-0"],"fileTypesAndContributionMap":{"java":{"insertions":26,"deletions":10}}},{"hash":"5977fb1d4efc17fc19465818d1843664865cbe91","isMergeCommit":false,"messageTitle":"Add Level-1","messageBody":"","tags":["Level-1"],"fileTypesAndContributionMap":{"java":{"insertions":31,"deletions":3}}},{"hash":"703efa24d3befd4d3a14bdcd539768b1ec80c529","isMergeCommit":false,"messageTitle":"Add fields - listOfTasks, taskIndex","messageBody":"","fileTypesAndContributionMap":{"java":{"insertions":7,"deletions":0}}},{"hash":"82b1e8cc7c20064b08d16334661b9fc54e41a2e6","isMergeCommit":false,"messageTitle":"Add method showList()","messageBody":"","fileTypesAndContributionMap":{"java":{"insertions":21,"deletions":0}}},{"hash":"56755ff3cc6b680f83114f993a7cf41700dc5ffc","isMergeCommit":false,"messageTitle":"Add method addTaskToList()","messageBody":"","fileTypesAndContributionMap":{"java":{"insertions":11,"deletions":0}}},{"hash":"7ad204fafd91961e55364aeeea5518ea7ca03179","isMergeCommit":false,"messageTitle":"Add Level-2","messageBody":"","tags":["Level-2"],"fileTypesAndContributionMap":{"java":{"insertions":9,"deletions":2}}},{"hash":"76e4425e4793c0a1f1b50236d95394b933ad7bf3","isMergeCommit":false,"messageTitle":"Add class Task","messageBody":"","fileTypesAndContributionMap":{"java":{"insertions":31,"deletions":0}}},{"hash":"1ec1fcaebc6c4821de46b30ba7cdd82778759238","isMergeCommit":false,"messageTitle":"Add overloaded method addTaskToList()","messageBody":"","fileTypesAndContributionMap":{"java":{"insertions":17,"deletions":4}}},{"hash":"5240aabac1c282302704c8c6b1689fa1ea5fe3da","isMergeCommit":false,"messageTitle":"Add description getter","messageBody":"","fileTypesAndContributionMap":{"java":{"insertions":4,"deletions":0}}},{"hash":"782dba2d98b4e8b08fc13a2fe97040a20c18bacc","isMergeCommit":false,"messageTitle":"Add method markAsDone","messageBody":"","fileTypesAndContributionMap":{"java":{"insertions":18,"deletions":0}}},{"hash":"3960cbf8a64fe9d391f1822f26938a47cf10fafd","isMergeCommit":false,"messageTitle":"Add method unmark","messageBody":"","fileTypesAndContributionMap":{"java":{"insertions":18,"deletions":0}}},{"hash":"5dd6c0d46d0b8ef80e7bb7c389bc988bcd6f43a8","isMergeCommit":false,"messageTitle":"Add Level-3","messageBody":"","tags":["Level-3"],"fileTypesAndContributionMap":{"java":{"insertions":15,"deletions":3}}},{"hash":"4891f230e28737b635c05a15247d4bb20e3e3287","isMergeCommit":false,"messageTitle":"Add ToDo class","messageBody":"","fileTypesAndContributionMap":{"java":{"insertions":6,"deletions":0}}},{"hash":"543fab0dcc1505184d56e84a710cad1cffd2e816","isMergeCommit":false,"messageTitle":"Add Deadline class","messageBody":"","fileTypesAndContributionMap":{"java":{"insertions":6,"deletions":0}}},{"hash":"868cadced55cd5626d921eb6c6224cc78923f5e2","isMergeCommit":false,"messageTitle":"Add Event class","messageBody":"","fileTypesAndContributionMap":{"java":{"insertions":6,"deletions":0}}},{"hash":"7f2bd635d142887d76faa058acce7848dc83d8b4","isMergeCommit":false,"messageTitle":"Add private fields","messageBody":"","fileTypesAndContributionMap":{"java":{"insertions":8,"deletions":2}}},{"hash":"1106da49c26fa9c11c423fa977e2d9631fd49345","isMergeCommit":false,"messageTitle":"Add private field symbol in Task","messageBody":"","fileTypesAndContributionMap":{"java":{"insertions":8,"deletions":5}}},{"hash":"ed3e79a9ce4d73691b79caf547b192977c5ba45d","isMergeCommit":false,"messageTitle":"Update constructor of Task\u0027s children","messageBody":"","fileTypesAndContributionMap":{"java":{"insertions":6,"deletions":6}}},{"hash":"85b66b310ee2adaa44d450a64b970accbdee387b","isMergeCommit":false,"messageTitle":"Add toString to Deadline and Event","messageBody":"","fileTypesAndContributionMap":{"java":{"insertions":10,"deletions":0}}},{"hash":"4632d9b2ac5612a707c5759b1827c63d88714e69","isMergeCommit":false,"messageTitle":"Add code to handle ToDo, Deadline and Event","messageBody":"","fileTypesAndContributionMap":{"java":{"insertions":14,"deletions":4}}}]},{"date":"2024-08-20","commitResults":[{"hash":"b67ac71e4046ce8bc5d1492c939ef5fe40e81dc5","isMergeCommit":false,"messageTitle":"Add method findDeadlineDueDate in Main","messageBody":"","fileTypesAndContributionMap":{"java":{"insertions":14,"deletions":2}}},{"hash":"5fb760a452257997e933fed5dc7197bda0025009","isMergeCommit":false,"messageTitle":"Update findDeadlineDueDate to findDeadlineDetails in Main","messageBody":"","fileTypesAndContributionMap":{"java":{"insertions":14,"deletions":4}}},{"hash":"26e7e5a69ff39cfd4a621a08d842ef22473b5a14","isMergeCommit":false,"messageTitle":"Update Main to handle deadline tasks","messageBody":"","fileTypesAndContributionMap":{"java":{"insertions":7,"deletions":3}}},{"hash":"7fd58a562ea930d3f24c5ab90bd7d0b5bb8da556","isMergeCommit":false,"messageTitle":"Add method findEventDetails to Main","messageBody":"","fileTypesAndContributionMap":{"java":{"insertions":28,"deletions":0}}},{"hash":"29aa06ba97a8684025d3659531567f87c253adf0","isMergeCommit":false,"messageTitle":"Update Main to handle event","messageBody":"","tags":["Level-4"],"fileTypesAndContributionMap":{"java":{"insertions":5,"deletions":1}}},{"hash":"38fe55537df62be1716cb8deef1153c2683ff904","isMergeCommit":false,"messageTitle":"Update EXPECTED.TXT, input.txt, runtest.bat for automated testing","messageBody":"","tags":["A-TextUiTesting"],"fileTypesAndContributionMap":{"txt":{"insertions":8,"deletions":0},"bat":{"insertions":1,"deletions":1}}},{"hash":"fcbda101cb88931f96b50b8032f9ecbcdc70586f","isMergeCommit":false,"messageTitle":"Add JanetException class","messageBody":"","fileTypesAndContributionMap":{"java":{"insertions":6,"deletions":0}}},{"hash":"cab680de40bb129a4104b3057bcc978e2188a4a4","isMergeCommit":false,"messageTitle":"Add method checkTaskDescription that throws JanetException","messageBody":"","fileTypesAndContributionMap":{"java":{"insertions":15,"deletions":0}}},{"hash":"76cc274a037100673effb0a2111b1a79bf1e74f8","isMergeCommit":false,"messageTitle":"Update logic in validateCommand","messageBody":"","fileTypesAndContributionMap":{"java":{"insertions":9,"deletions":5}}},{"hash":"cda0837aee9f95cd984a3b8f4a3710d3f573f86e","isMergeCommit":false,"messageTitle":"Update error message in JanetException","messageBody":"","fileTypesAndContributionMap":{"java":{"insertions":2,"deletions":2}}},{"hash":"f7506db7bd79320511e75dbd558a7651f8915a60","isMergeCommit":false,"messageTitle":"Add taskIndex getter","messageBody":"","fileTypesAndContributionMap":{"java":{"insertions":7,"deletions":0}}},{"hash":"7f7c24e70b31e245459172250c5941b7e207455b","isMergeCommit":false,"messageTitle":"Update validateCommand to handle taskNumber \u003c\u003d 0","messageBody":"","tags":["Level-5"],"fileTypesAndContributionMap":{"java":{"insertions":17,"deletions":7}}},{"hash":"e19c4a04a3d687f2dfc44bccda0eb09950e351eb","isMergeCommit":false,"messageTitle":"Update datatype of listOfTasks from Array to ArrayList\u003cTask\u003e","messageBody":"","fileTypesAndContributionMap":{"java":{"insertions":10,"deletions":8}}},{"hash":"7a70010507b4e6b051a839bba1b00e0e47d3284d","isMergeCommit":false,"messageTitle":"Add comment in validateCommand","messageBody":"","fileTypesAndContributionMap":{"java":{"insertions":1,"deletions":2}}},{"hash":"cb4a0fb84f0dfe904b329511cd05daa6ca067b5f","isMergeCommit":false,"messageTitle":"Add method deleteTask in Janet","messageBody":"","fileTypesAndContributionMap":{"java":{"insertions":12,"deletions":0}}},{"hash":"3223461e18e56d97c2fdc7b3d1b2cf09b8dec0cd","isMergeCommit":false,"messageTitle":"Add if clause to handle deletion of task in Main","messageBody":"","fileTypesAndContributionMap":{"java":{"insertions":4,"deletions":0}}},{"hash":"5593d027e32defd6bbc7272591977a54af428569","isMergeCommit":false,"messageTitle":"Update if clause that handles deletion of task in Main","messageBody":"","fileTypesAndContributionMap":{"java":{"insertions":2,"deletions":2}}},{"hash":"6c539cb4ce28632db8e61454480320853c6b8328","isMergeCommit":false,"messageTitle":"Add newline character to return message in deleteTask","messageBody":"","fileTypesAndContributionMap":{"java":{"insertions":1,"deletions":1}}},{"hash":"0cf22bd1bc780829586b381b3acd8b868d944906","isMergeCommit":false,"messageTitle":"Update if clause to handle mark, unmark, delete task","messageBody":"","tags":["Level-6"],"fileTypesAndContributionMap":{"java":{"insertions":1,"deletions":1}}},{"hash":"3972a00e92721f944e865b5e6a26ab31686a4c2a","isMergeCommit":false,"messageTitle":"Add method listIsEmpty in Janet","messageBody":"","fileTypesAndContributionMap":{"java":{"insertions":8,"deletions":0}}}]},{"date":"2024-08-21","commitResults":[{"hash":"3becd99b7139d1ed3993af7782416b24486cf07e","isMergeCommit":false,"messageTitle":"Add checkInaccurateCommand to handle exceptions due to inaccurate commands","messageBody":"","fileTypesAndContributionMap":{"java":{"insertions":30,"deletions":6}}},{"hash":"fc670f560382644e292629a9574d04b88126832c","isMergeCommit":false,"messageTitle":"Update validateCommand to handle case where taskNumber \u003e numOfTaskInList","messageBody":"","fileTypesAndContributionMap":{"java":{"insertions":6,"deletions":4}}},{"hash":"07f2c969d8252cf74f49416f3c75cb86c7202947","isMergeCommit":false,"messageTitle":"Update javadoc of deleteTask in Janet","messageBody":"","fileTypesAndContributionMap":{"java":{"insertions":1,"deletions":0}}},{"hash":"b49f89904333b9c187bb917ddf119494a75e45c1","isMergeCommit":false,"messageTitle":"Add TaskType enum class to handle TODO, DEADLINE, EVENT","messageBody":"","fileTypesAndContributionMap":{"java":{"insertions":3,"deletions":0}}},{"hash":"0822f13fda67df0b5a13f8b4fee5a74fbbecce32","isMergeCommit":false,"messageTitle":"Update if clauses for todo, deadline, event into a switch case using TaskType enum","messageBody":"","tags":["A-Enums"],"fileTypesAndContributionMap":{"java":{"insertions":31,"deletions":25}}}]},{"date":"2024-08-24","commitResults":[{"hash":"146f2c955f689eb128f391fc688c24262d97970b","isMergeCommit":false,"messageTitle":"Update TaskType.java to CommandType.java","messageBody":"","fileTypesAndContributionMap":{"java":{"insertions":3,"deletions":3}}},{"hash":"da9e531bbb872ec21f3ce6ece4f3dc0e63d5acbf","isMergeCommit":false,"messageTitle":"Update EXPECTED.TXT and input.txt for new automated tests","messageBody":"","fileTypesAndContributionMap":{"txt":{"insertions":4,"deletions":0}}},{"hash":"21a54152f6421d6eaa91b49e220887d0a4b3d84d","isMergeCommit":false,"messageTitle":"Update if-else block into switch case","messageBody":"","fileTypesAndContributionMap":{"java":{"insertions":40,"deletions":41}}},{"hash":"545081dcf34d6e02ac39fda70a52ed2432b0371d","isMergeCommit":false,"messageTitle":"Deadline.java: Add getter for dueDate","messageBody":"","fileTypesAndContributionMap":{"java":{"insertions":7,"deletions":0}}},{"hash":"0170552f1072c9a6720cdac31328e32c041a639f","isMergeCommit":false,"messageTitle":"Event.java: Add getter for startDate and endDate","messageBody":"","fileTypesAndContributionMap":{"java":{"insertions":14,"deletions":0}}},{"hash":"31d049714bf92773c1bd6ddaabf968b42a5499eb","isMergeCommit":false,"messageTitle":"Task.java: Add getter for symbol","messageBody":"","fileTypesAndContributionMap":{"java":{"insertions":11,"deletions":1}}},{"hash":"35ae958b914efea85886baf85e775e19b4e62489","isMergeCommit":false,"messageTitle":"Janet.java: Add getter for listOfTasks","messageBody":"","fileTypesAndContributionMap":{"java":{"insertions":8,"deletions":0}}},{"hash":"c29a9008e6d96c10882d36c59f74ee889909cd8b","isMergeCommit":false,"messageTitle":"Main.java: Add method to save tasks to text file","messageBody":"","fileTypesAndContributionMap":{"java":{"insertions":37,"deletions":4}}},{"hash":"e7776229a70c280b32ac5ba3c8a93cf8c56863ac","isMergeCommit":false,"messageTitle":"Janet.java: Add overloaded constructor taking in listOfTasks","messageBody":"","fileTypesAndContributionMap":{"java":{"insertions":5,"deletions":0}}},{"hash":"0d51e72572866a108f0093cea849af48f1d38ebb","isMergeCommit":false,"messageTitle":"Main.java: Add if-else block to check if janet.txt exists","messageBody":"","fileTypesAndContributionMap":{"java":{"insertions":14,"deletions":3}}},{"hash":"9777f85d62da97c5341aa645c43cd46520e04923","isMergeCommit":false,"messageTitle":"Janet.java: Update taskIndex in overloaded constructor","messageBody":"","fileTypesAndContributionMap":{"java":{"insertions":1,"deletions":1}}},{"hash":"973a75e897b36b6cbbe3b80c69e5cc2f31f30302","isMergeCommit":false,"messageTitle":"Janet.java: Update taskIndex in overloaded constructor","messageBody":"","fileTypesAndContributionMap":{"java":{"insertions":1,"deletions":1}}},{"hash":"04593fbdab6ea0f01fa73a0cc4cc366ed992f0ac","isMergeCommit":false,"messageTitle":"Main.java: Add method to load .txt content into ArrayList","messageBody":"","fileTypesAndContributionMap":{"java":{"insertions":41,"deletions":6}}}]},{"date":"2024-08-25","commitResults":[{"hash":"af0fb7e5a4922965643cf7e8c09a20d27be5a574","isMergeCommit":false,"messageTitle":"Main.java: Add deadline and event to textFileToArrayList","messageBody":"","fileTypesAndContributionMap":{"java":{"insertions":9,"deletions":2}}},{"hash":"18b3e105e02dab8514a5daa67692819cf3f6bf20","isMergeCommit":false,"messageTitle":"Main.java: Remove commented out code","messageBody":"","fileTypesAndContributionMap":{"java":{"insertions":1,"deletions":6}}},{"hash":"6921a03f85141ce9a188a898dddb7f10d3d2b1ea","isMergeCommit":false,"messageTitle":"Main.java: Add javadoc to textFileToArrayList","messageBody":"","tags":["Level-7"],"fileTypesAndContributionMap":{"java":{"insertions":5,"deletions":0}}},{"hash":"3f7a03664fa063fdfb25b9d63417e0d497317d69","isMergeCommit":false,"messageTitle":"Main.java: Update findDeadlineDetails for LocalDate","messageBody":"","fileTypesAndContributionMap":{"java":{"insertions":10,"deletions":3}}},{"hash":"e24602fff5a5f652ccf85605b5d2a58e1a17bd31","isMergeCommit":false,"messageTitle":"Main.java: Remove commented code","messageBody":"","fileTypesAndContributionMap":{"java":{"insertions":1,"deletions":5}}},{"hash":"928f051692c58949f4a9ac131ff550b9a9c2c782","isMergeCommit":false,"messageTitle":"Main.java: Update findEventDetails for LocalDate","messageBody":"","fileTypesAndContributionMap":{"java":{"insertions":11,"deletions":5}}},{"hash":"14a7f27a9b736f96b248ab640a26bfa2a79b9e98","isMergeCommit":false,"messageTitle":"Main.java: Remove commented code","messageBody":"","fileTypesAndContributionMap":{"java":{"insertions":2,"deletions":6}}},{"hash":"3e4ff405952122f59a15a9459f6af07fdc4c2aef","isMergeCommit":false,"messageTitle":"Main.java: Update findDeadlineDetails to take in time","messageBody":"","fileTypesAndContributionMap":{"java":{"insertions":10,"deletions":4}}},{"hash":"b296ef85b4d2b891f69f89abb5b143f83f69a028","isMergeCommit":false,"messageTitle":"Main.java: Update javadoc of findDeadlineDetails","messageBody":"","fileTypesAndContributionMap":{"java":{"insertions":1,"deletions":0}}},{"hash":"0874c65510ec4a19b5b1b15d231096a318ce6306","isMergeCommit":false,"messageTitle":"Main.java: Update findEventDetails to take in time","messageBody":"","fileTypesAndContributionMap":{"java":{"insertions":9,"deletions":1}}},{"hash":"ad868906c66121189a2e589fc133e02d68f8231e","isMergeCommit":false,"messageTitle":"Deadline.java: Update datatype of dueDate to LocalDateTime","messageBody":"","fileTypesAndContributionMap":{"java":{"insertions":8,"deletions":3}}},{"hash":"2abfc3f55eb21d75dd5d2084efaa52f9e60fca13","isMergeCommit":false,"messageTitle":"Deadline.java: Update whitespace separator to - in dueDate","messageBody":"","fileTypesAndContributionMap":{"java":{"insertions":1,"deletions":1}}},{"hash":"2c9b699e6f8e2e91275c83381b3abfe60cfdbc6e","isMergeCommit":false,"messageTitle":"Main.java: Add creation of Deadline with LocalDateTime","messageBody":"","fileTypesAndContributionMap":{"java":{"insertions":4,"deletions":1}}},{"hash":"898c8f0ea45566e8f4adc54a0146cfccfa5b4276","isMergeCommit":false,"messageTitle":"Deadline.java: Update delimeter of dueDate to whitespace","messageBody":"","fileTypesAndContributionMap":{"java":{"insertions":1,"deletions":1}}},{"hash":"2340b26e7bb98e4dadb08baa522f55985a7a8d0c","isMergeCommit":false,"messageTitle":"Main.java: Add method createDeadlineFromJanetTextFile","messageBody":"","fileTypesAndContributionMap":{"java":{"insertions":21,"deletions":6}}},{"hash":"588ab49e8433a0cb476ea36b18efcd4f52dc3211","isMergeCommit":false,"messageTitle":"Deadline.java: Update toString of Deadline","messageBody":"","fileTypesAndContributionMap":{"java":{"insertions":1,"deletions":1}}},{"hash":"7044eeea8948b42e1c56df4ee6ec51678c75f3bb","isMergeCommit":false,"messageTitle":"Main.java: Update DEADLINE case to accept LocalDateTime","messageBody":"","fileTypesAndContributionMap":{"java":{"insertions":4,"deletions":1}}},{"hash":"1867d2ea1830f5046283a60f949c966524277f73","isMergeCommit":false,"messageTitle":"Main.java: Remove commented code in textFileToArrayList","messageBody":"","fileTypesAndContributionMap":{"java":{"insertions":0,"deletions":6}}},{"hash":"90f17b2845a9ac22edb5e03f385cf420d80dff14","isMergeCommit":false,"messageTitle":"Main.java: Add javadoc to createDeadlineFromJanetTextFile","messageBody":"","fileTypesAndContributionMap":{"java":{"insertions":7,"deletions":0}}},{"hash":"7119a72e356388a480077069a438b3084fd096cc","isMergeCommit":false,"messageTitle":"Event.java: Update startDate and endDate to LocalDateTime type","messageBody":"","fileTypesAndContributionMap":{"java":{"insertions":13,"deletions":6}}},{"hash":"18902427700377b877976a4b01443fb448fd382a","isMergeCommit":false,"messageTitle":"Main.java: Remove unused import package","messageBody":"","fileTypesAndContributionMap":{"java":{"insertions":0,"deletions":1}}},{"hash":"9ccb02d463930b20b4aeef8d01282b754e14a6ed","isMergeCommit":false,"messageTitle":"Main.java: Add method createEventFromJanetTextFile","messageBody":"","fileTypesAndContributionMap":{"java":{"insertions":20,"deletions":5}}},{"hash":"f947416f81a967ebab76e31de8dfeffb267929b9","isMergeCommit":false,"messageTitle":"Main.java: Add javadoc to createEventFromJanetTextFile","messageBody":"","fileTypesAndContributionMap":{"java":{"insertions":5,"deletions":0}}},{"hash":"3c9beb122ee9039dfb3bdd7cf1f89986cf2e88de","isMergeCommit":false,"messageTitle":"Main.java: Update findEventDetails to convert user input to datetime format","messageBody":"","fileTypesAndContributionMap":{"java":{"insertions":14,"deletions":12}}},{"hash":"7527a528378a3a19c6198c07e9cb207e004e4e6d","isMergeCommit":false,"messageTitle":"Main.java: Update switch case for EVENT to accept LocalDateTime","messageBody":"","fileTypesAndContributionMap":{"java":{"insertions":7,"deletions":1}}},{"hash":"6e3b26260d3338df10959f55ebe6626fd2473556","isMergeCommit":false,"messageTitle":"Main.java: Update outputEndTime to outputEndDate in findEventDetails","messageBody":"","tags":["Level-8"],"fileTypesAndContributionMap":{"java":{"insertions":1,"deletions":1}}}]},{"date":"2024-08-26","commitResults":[{"hash":"8e46c659891ebc3e26afcde20c4f1d53c408cd6c","isMergeCommit":false,"messageTitle":"Main.java: Add description to javadoc of all public methods","messageBody":"","fileTypesAndContributionMap":{"java":{"insertions":52,"deletions":19}}},{"hash":"27f05573c160a71e4a706f4432fca2e1d43b905a","isMergeCommit":false,"messageTitle":"Main.java: Add method createToDoFromJanetTextFile","messageBody":"","fileTypesAndContributionMap":{"java":{"insertions":9,"deletions":0}}},{"hash":"0501248928c2f3369da80fdff30d748f31ad45e8","isMergeCommit":false,"messageTitle":"Main.java: Add javadoc to method createToDoFromJanetTextFile","messageBody":"","fileTypesAndContributionMap":{"java":{"insertions":8,"deletions":0}}},{"hash":"ede82817640aa7d9baa29abb9cc52ad06f152f08","isMergeCommit":false,"messageTitle":"Main.java: Update textFileToArrayList to use createToDoFromJanetTextFile","messageBody":"","fileTypesAndContributionMap":{"java":{"insertions":1,"deletions":2}}}]},{"date":"2024-08-27","commitResults":[{"hash":"90511ef997aca150a8953caab3b107cb4ae382a5","isMergeCommit":false,"messageTitle":"Storage.java: Add methods for loading and reading of .txt file","messageBody":"","fileTypesAndContributionMap":{"java":{"insertions":152,"deletions":0}}},{"hash":"ae93614db135f2cb5326324d43ccb5c0bbe1d0e4","isMergeCommit":false,"messageTitle":"Main.java: Remove methods for loading and reading of .txt file","messageBody":"","fileTypesAndContributionMap":{"java":{"insertions":4,"deletions":140}}},{"hash":"f223075cb2b78aa7f42c73e14e6c1b9408e13071","isMergeCommit":false,"messageTitle":"Storage.java: Update switch case in textFileToArrayList to follow code style","messageBody":"","fileTypesAndContributionMap":{"java":{"insertions":12,"deletions":12}}},{"hash":"5f596dc33bd9564acbffbbc69f519fb380263f96","isMergeCommit":false,"messageTitle":"Main.java: Update comments in main method","messageBody":"","fileTypesAndContributionMap":{"java":{"insertions":4,"deletions":3}}},{"hash":"11c40a00a9c8e3b53bebab656dc99c794d10de44","isMergeCommit":false,"messageTitle":"TaskList.java: Add methods to operate on listOfTasks","messageBody":"","fileTypesAndContributionMap":{"java":{"insertions":83,"deletions":0}}},{"hash":"81221dfe7851f12e9453130273c1e68ceb8e5e8f","isMergeCommit":false,"messageTitle":"TaskList.java: Add getter for task in listOfTasks","messageBody":"","fileTypesAndContributionMap":{"java":{"insertions":5,"deletions":0}}},{"hash":"3dbf55e83bc0bcd1424e7237a1fdb8c1e9d82ca1","isMergeCommit":false,"messageTitle":"Janet.java: Update methods to use TaskList","messageBody":"","fileTypesAndContributionMap":{"java":{"insertions":21,"deletions":20}}},{"hash":"a6c04543dc9eed1bb2f903f8fa22a90029973c5d","isMergeCommit":false,"messageTitle":"Janet.java: Update deleteTask to remove correct task from list","messageBody":"","fileTypesAndContributionMap":{"java":{"insertions":6,"deletions":1}}},{"hash":"13914f6b1fdb6b38671cfb929ea1b8db2fea5888","isMergeCommit":false,"messageTitle":"Parser.java: Add methods to parse lines for deadline and event","messageBody":"","fileTypesAndContributionMap":{"java":{"insertions":110,"deletions":1}}},{"hash":"037ef774cdbdb09f6c1502d3ad66657b788b105b","isMergeCommit":false,"messageTitle":"Main.java: Remove findDeadlineDetails and findEventDetails","messageBody":"","fileTypesAndContributionMap":{"java":{"insertions":2,"deletions":92}}},{"hash":"f0ce8a03c7c902e47167b86f490103928141814a","isMergeCommit":false,"messageTitle":"TaskList.java: Add boolean method isEmpty for listOfTasks","messageBody":"","fileTypesAndContributionMap":{"java":{"insertions":14,"deletions":2}}},{"hash":"541b414ca375387124cc913f8b738ec1658dbe91","isMergeCommit":false,"messageTitle":"Storage.java: Update catch clause to print message instead","messageBody":"","fileTypesAndContributionMap":{"java":{"insertions":2,"deletions":1}}},{"hash":"e961856a1341736c38c57c3fd2fe382c1711155d","isMergeCommit":false,"messageTitle":"Ui.java: Add methods to print different command messages","messageBody":"","fileTypesAndContributionMap":{"java":{"insertions":71,"deletions":2}}},{"hash":"6687a49ae69a9eb8fc26d7939108f885deebe97d","isMergeCommit":false,"messageTitle":"Main.java: Update main method to use Ui and TaskList instead of Janet","messageBody":"","fileTypesAndContributionMap":{"java":{"insertions":33,"deletions":26}}},{"hash":"c92d025122b7fb8eafce6d69b4a43ba68360dc24","isMergeCommit":false,"messageTitle":"Main.java: Remove unused import packages","messageBody":"","fileTypesAndContributionMap":{"java":{"insertions":0,"deletions":7}}},{"hash":"f51e12909783fd4012227c9a6467f491129eff9f","isMergeCommit":false,"messageTitle":"Janet.java: Remove methods that are a duplicate of TaskList\u0027s","messageBody":"","fileTypesAndContributionMap":{"java":{"insertions":0,"deletions":105}}},{"hash":"2b33993be243b517d93b287de90e617c45b02bbc","isMergeCommit":false,"messageTitle":"Main.java: Remove commented out code","messageBody":"","fileTypesAndContributionMap":{"java":{"insertions":0,"deletions":14}}},{"hash":"7b77236de225d191a9deb739a9cf4b187e5e7228","isMergeCommit":false,"messageTitle":"Storage.java: Update textFileToArrayList to throw JanetException","messageBody":"","fileTypesAndContributionMap":{"java":{"insertions":3,"deletions":3}}},{"hash":"0919cc780ef4573fd72c58c2c352fb3c953f20ac","isMergeCommit":false,"messageTitle":"Main.java: Update main method to surround taskList with try-catch","messageBody":"","fileTypesAndContributionMap":{"java":{"insertions":7,"deletions":1}}},{"hash":"8d49f44d2d19cbbe89925ed6ed541dbcb2498422","isMergeCommit":false,"messageTitle":"Ui.java: Add showLoadingError method","messageBody":"","fileTypesAndContributionMap":{"java":{"insertions":4,"deletions":0}}},{"hash":"ca968b20833ee8686f41c2f583e41345aa5208c1","isMergeCommit":false,"messageTitle":"Janet.java: Remove duplicated code from Ui.java and TaskList.java","messageBody":"","fileTypesAndContributionMap":{"java":{"insertions":0,"deletions":37}}},{"hash":"10a9e3b39d3b3125dc64d497c8ab37970c62e527","isMergeCommit":false,"messageTitle":"Deadline.java: Update constructor to use static methods","messageBody":"","fileTypesAndContributionMap":{"java":{"insertions":56,"deletions":0}}},{"hash":"fd1c97e2b2521d7354575a8577caacfd092609e2","isMergeCommit":false,"messageTitle":"Deadline.java: Add comments into constructors","messageBody":"","fileTypesAndContributionMap":{"java":{"insertions":2,"deletions":0}}},{"hash":"9c343e2f6ed64f745682de43b0b935d35d3acd1c","isMergeCommit":false,"messageTitle":"Deadline.java: Update field to accept .dueDate instead of getter","messageBody":"","fileTypesAndContributionMap":{"java":{"insertions":1,"deletions":1}}},{"hash":"90c0f76635ae584026490fbed7a1333b84ce5b95","isMergeCommit":false,"messageTitle":"Deadline.java: Remove unused getter, getDueDateAndTime","messageBody":"","fileTypesAndContributionMap":{"java":{"insertions":0,"deletions":3}}},{"hash":"b6f505f5c7d36d4a37bd1d6e8815c9272c00c721","isMergeCommit":false,"messageTitle":"Event.java: Update constructor to use static methods","messageBody":"","fileTypesAndContributionMap":{"java":{"insertions":71,"deletions":0}}},{"hash":"7a17cb7b81a08d1ad53605228c330eb0415337a9","isMergeCommit":false,"messageTitle":"Event.java: Add comment to constructor","messageBody":"","fileTypesAndContributionMap":{"java":{"insertions":1,"deletions":0}}},{"hash":"978b7fabde7d7ebad78948f52646a09834064c23","isMergeCommit":false,"messageTitle":"Parser.java: Remove duplicate methods and unused package imports","messageBody":"","fileTypesAndContributionMap":{"java":{"insertions":0,"deletions":109}}},{"hash":"5a57184526a32ae70e0fdceecc74dab75df0fbba","isMergeCommit":false,"messageTitle":"Main.java: Update event and deadline to be created by new constructors","messageBody":"","fileTypesAndContributionMap":{"java":{"insertions":5,"deletions":5}}},{"hash":"764fd5b51a3968c238cb1625baca7e36daa23ac8","isMergeCommit":false,"messageTitle":"ToDo.java: Add static createToDo method and new constructor","messageBody":"","fileTypesAndContributionMap":{"java":{"insertions":14,"deletions":0}}},{"hash":"77b5935b06607c10a4a7e2c3a0fc713424e3081f","isMergeCommit":false,"messageTitle":"ToDo.java: Add comments into constructors","messageBody":"","fileTypesAndContributionMap":{"java":{"insertions":2,"deletions":0}}},{"hash":"acaf49a382ff42601dee0286c184444389b1cda0","isMergeCommit":false,"messageTitle":"Main.java: Update todo to be created by new constructors","messageBody":"","fileTypesAndContributionMap":{"java":{"insertions":1,"deletions":3}}},{"hash":"a9004c31b690b3b7bb145bd06e81fb535e957bb8","isMergeCommit":false,"messageTitle":"Main.java: Add comment into switch case for todo","messageBody":"","fileTypesAndContributionMap":{"java":{"insertions":1,"deletions":1}}},{"hash":"70d1c586183c08d18079da1ad1e0fee6933979df","isMergeCommit":false,"messageTitle":"CommandType.java: Add BYE and LIST as new commands in enum","messageBody":"","fileTypesAndContributionMap":{"java":{"insertions":1,"deletions":1}}},{"hash":"9858a4d0302ef74ef18ac6f1762ccb4513c0368e","isMergeCommit":false,"messageTitle":"Parser.java: Add methods for exception handling and processing user inputs","messageBody":"","fileTypesAndContributionMap":{"java":{"insertions":64,"deletions":0}}},{"hash":"aa41ac860a964fa64164d72df9de9ccb40632ca6","isMergeCommit":false,"messageTitle":"Main.java: Remove duplicate methods for exception handling","messageBody":"","fileTypesAndContributionMap":{"java":{"insertions":56,"deletions":108}}},{"hash":"e2e8984c30c3a19e2ff17e6fd85d2cecb9b69a8a","isMergeCommit":false,"messageTitle":"Janet.java: Update run method using code from Main.main()","messageBody":"","fileTypesAndContributionMap":{"java":{"insertions":69,"deletions":12}}}]},{"date":"2024-08-28","commitResults":[{"hash":"1c8eaf57659d21f7fdf7d37a3dda0be05914c6a5","isMergeCommit":false,"messageTitle":"Janet.java: Add boolean flag hasTypedBye to break out of while loop","messageBody":"","fileTypesAndContributionMap":{"java":{"insertions":7,"deletions":1}}},{"hash":"30f97faa6a33d7925cda0f0f3d3228fa0f2cd7b7","isMergeCommit":false,"messageTitle":"Delete Main.java and Command.java","messageBody":"","fileTypesAndContributionMap":{"java":{"insertions":0,"deletions":95}}},{"hash":"ddac100f18e8be51fd3cc08425c15eba403dde4b","isMergeCommit":true,"messageTitle":"Merge branch \u0027branch-A-MoreOOP\u0027","messageBody":"","tags":["A-MoreOOP"],"fileTypesAndContributionMap":{}},{"hash":"1db4e175b31cbfa7a15cd52950952e3a44157442","isMergeCommit":false,"messageTitle":"Parser.java: Add new if-clause to handle empty input lines","messageBody":"","fileTypesAndContributionMap":{"java":{"insertions":3,"deletions":0}}},{"hash":"09c40355dfc444308e4f57bae8e10490eb70cf50","isMergeCommit":false,"messageTitle":"Janet.java: Move Janet.java into janet package","messageBody":"","fileTypesAndContributionMap":{"java":{"insertions":2,"deletions":0}}},{"hash":"0526a2de714212807fe491bc6109a0af72800aac","isMergeCommit":false,"messageTitle":"Move all files into janet package","messageBody":"","fileTypesAndContributionMap":{"java":{"insertions":54,"deletions":34}}},{"hash":"2b5d07efebfb6e7d1fd6230f1e361844eff6a057","isMergeCommit":true,"messageTitle":"Merge branch \u0027branch-A-Packages\u0027","messageBody":"","tags":["A-Packages"],"fileTypesAndContributionMap":{}},{"hash":"a62cacd533be7c4c88f9ddb116441111c98a29c4","isMergeCommit":true,"messageTitle":"Merge branch \u0027add-gradle-support\u0027","messageBody":"","fileTypesAndContributionMap":{}},{"hash":"cab94889271908a5455399f6c03b0a75bee3b295","isMergeCommit":false,"messageTitle":"build.gradle: Update parameter in mainClass.set() to janet.Janet","messageBody":"","fileTypesAndContributionMap":{"gradle":{"insertions":2,"deletions":2}}},{"hash":"a56fa2924f71af67fe446eb786714d6f53343e15","isMergeCommit":false,"messageTitle":"Storage.java: Remove commented code","messageBody":"","fileTypesAndContributionMap":{"java":{"insertions":0,"deletions":1}}},{"hash":"9341f067c2bd9759866bd1f74a370cda0b89de8c","isMergeCommit":false,"messageTitle":"Storage.java: Add comments","messageBody":"","fileTypesAndContributionMap":{"java":{"insertions":1,"deletions":0}}},{"hash":"18bbe9f3e0e6f4612e6bbc690912554885b0515c","isMergeCommit":false,"messageTitle":"Storage.java: Update saveToJanetTextFile to throw JanetException","messageBody":"","fileTypesAndContributionMap":{"java":{"insertions":15,"deletions":13}}},{"hash":"cc4f95988184b5b6adb3b60b3ee0676a7ac620b0","isMergeCommit":false,"messageTitle":"Ui.java: Add showSavingError to print message when error in saving .txt file","messageBody":"","fileTypesAndContributionMap":{"java":{"insertions":4,"deletions":0}}},{"hash":"d86d59f39919a584fda150682b03bed044ce2ead","isMergeCommit":false,"messageTitle":"Janet.java: Add try-catch to storage.saveToJanetTextFile in run method","messageBody":"","fileTypesAndContributionMap":{"java":{"insertions":5,"deletions":1}}},{"hash":"68336c67e7022fec0cac47c91ee7dd0f83e48e89","isMergeCommit":false,"messageTitle":"Parser.java: Add comments for clarity and remove unneeded comments","messageBody":"","fileTypesAndContributionMap":{"java":{"insertions":1,"deletions":1}}},{"hash":"56e3db7feac7c9bb5beaf8f2ed3bbe93bf4762e4","isMergeCommit":false,"messageTitle":"Parser.java: Update if clause in checkInaccurateCommand to be more general","messageBody":"","fileTypesAndContributionMap":{"java":{"insertions":4,"deletions":4}}},{"hash":"b8d3954f99749f7b8b91be175acc18c09b9085a7","isMergeCommit":false,"messageTitle":"Parser.java: Add method getCommandTypes","messageBody":"","fileTypesAndContributionMap":{"java":{"insertions":9,"deletions":0}}},{"hash":"69e3ff458aa6c3b05beaf89c9f7a9bb9db916f08","isMergeCommit":false,"messageTitle":"Parser.java: Update if-clause in checkInaccurateCommand to be more general","messageBody":"","fileTypesAndContributionMap":{"java":{"insertions":3,"deletions":3}}},{"hash":"ef31cf41e507fa326449ba777d950c00582ce5ab","isMergeCommit":false,"messageTitle":"Janet.java: Remove unneeded throw IOException statement","messageBody":"","fileTypesAndContributionMap":{"java":{"insertions":1,"deletions":1}}},{"hash":"65167a301a037d1f7ccf71ec87311fce6baaadc8","isMergeCommit":false,"messageTitle":"Parser.java: Add methods to validate user command for deadline \u0026 event","messageBody":"","fileTypesAndContributionMap":{"java":{"insertions":43,"deletions":0}}},{"hash":"b2fbb36d8d787cdd615f4e20e9f43a73fda5af1f","isMergeCommit":false,"messageTitle":"Parser.java: Add checkUserInput method to run all checks together","messageBody":"","fileTypesAndContributionMap":{"java":{"insertions":9,"deletions":0}}},{"hash":"72a23123c3c469fe8d41f62f733c908ba1946530","isMergeCommit":false,"messageTitle":"Parser.java: Add validateByeAndList method and add into checkUserInput","messageBody":"","fileTypesAndContributionMap":{"java":{"insertions":9,"deletions":1}}},{"hash":"68ab18cf8435e98b5473acad44a7d9128329ea24","isMergeCommit":false,"messageTitle":"Janet.java: Update try block to use Parser.checkUserInput and remove comments","messageBody":"","fileTypesAndContributionMap":{"java":{"insertions":1,"deletions":3}}},{"hash":"02bb5f9ba5596232fead74db151774d24914cfc4","isMergeCommit":false,"messageTitle":"Add DeadlineTest and EventTest to JUnit testing","messageBody":"","fileTypesAndContributionMap":{"java":{"insertions":8,"deletions":0}}},{"hash":"850ecec39d79c785527eb45e73b0437d54951435","isMergeCommit":false,"messageTitle":"Delete DeadlineTest and replace with ParserTest","messageBody":"","fileTypesAndContributionMap":{"java":{"insertions":4,"deletions":4}}},{"hash":"f30d7aae31a79dd2f1ce46e927ea729f054dc360","isMergeCommit":false,"messageTitle":"EventTest.java: Add method to test successful instantiation of Event object","messageBody":"","fileTypesAndContributionMap":{"java":{"insertions":33,"deletions":0}}},{"hash":"f4988685e3b2729935675230f3c2b4f7fc386e38","isMergeCommit":false,"messageTitle":"EventTest.java: Update test to give correct output","messageBody":"","fileTypesAndContributionMap":{"java":{"insertions":4,"deletions":4}}},{"hash":"23e50b00e28d9892709648345bbc3c897057926f","isMergeCommit":false,"messageTitle":"ParserTest.java: Add test methods to check correct exception messages","messageBody":"","fileTypesAndContributionMap":{"java":{"insertions":45,"deletions":0}}},{"hash":"daf377a2723c302d4193b639631cd029ec6b330a","isMergeCommit":true,"messageTitle":"Merge branch \u0027branch-A-JUnit\u0027","messageBody":"","tags":["A-Jar","A-JUnit"],"fileTypesAndContributionMap":{}}]},{"date":"2024-08-29","commitResults":[{"hash":"dbda178f93d9dd3ab52f9c43e0c733d73fe92d7a","isMergeCommit":false,"messageTitle":"Event.java: Add JavaDoc to class and public method createEventCommand","messageBody":"","fileTypesAndContributionMap":{"java":{"insertions":10,"deletions":0}}},{"hash":"7895766cf8bfb02f60c907da72dff3d169e1bca5","isMergeCommit":false,"messageTitle":"Parser.java: Add JavaDoc to all public methods","messageBody":"","fileTypesAndContributionMap":{"java":{"insertions":61,"deletions":4}}},{"hash":"af0c92fb9fa5d8f29b02183ce120a6d6ed360452","isMergeCommit":false,"messageTitle":"ToDo.java: Add JavaDoc to public methods and class","messageBody":"","fileTypesAndContributionMap":{"java":{"insertions":11,"deletions":0}}},{"hash":"c4018a6e95d3b493373c3cfb3f9b3dbf9a25dc64","isMergeCommit":false,"messageTitle":"Deadline.java: Add JavaDoc to public methods and class","messageBody":"","fileTypesAndContributionMap":{"java":{"insertions":10,"deletions":0}}},{"hash":"072f99d707cff20ac27718313b5a4ac40958eb34","isMergeCommit":false,"messageTitle":"Task.java: Add JavaDoc to class","messageBody":"","fileTypesAndContributionMap":{"java":{"insertions":3,"deletions":0}}},{"hash":"7e039b162ef7b20a64b79788c12d66316198a166","isMergeCommit":false,"messageTitle":"TaskList.java: Add JavaDoc to public methods and class","messageBody":"","fileTypesAndContributionMap":{"java":{"insertions":26,"deletions":12}}},{"hash":"d2a4a7fa168e8f16fb23f678b42d4b12f69d223a","isMergeCommit":false,"messageTitle":"TaskList.java: Remove unneeded comment","messageBody":"","fileTypesAndContributionMap":{"java":{"insertions":0,"deletions":1}}},{"hash":"fd5535094596a8f1578b452b4dbfa7193fda1568","isMergeCommit":false,"messageTitle":"Ui.java: Add JavaDoc to public methods and class","messageBody":"","fileTypesAndContributionMap":{"java":{"insertions":52,"deletions":4}}},{"hash":"3ee1b1df073f7b872e80797550cf846f7209abc0","isMergeCommit":false,"messageTitle":"Parser.java: Remove unused import statement","messageBody":"","fileTypesAndContributionMap":{"java":{"insertions":0,"deletions":1}}},{"hash":"3665375c76c43a9f2d674a48f3f5493cbe241d2d","isMergeCommit":false,"messageTitle":"Parser.java: Add JavaDoc to class","messageBody":"","fileTypesAndContributionMap":{"java":{"insertions":3,"deletions":0}}},{"hash":"fa959e30df76154102bb81779bddad22011ee9ea","isMergeCommit":false,"messageTitle":"Storage.java: Add JavaDoc to class","messageBody":"","fileTypesAndContributionMap":{"java":{"insertions":3,"deletions":0}}},{"hash":"c28b241142842d133e03f55245970dfbb7e26319","isMergeCommit":false,"messageTitle":"CommandType.java: Add FIND value to enum","messageBody":"","fileTypesAndContributionMap":{"java":{"insertions":1,"deletions":1}}},{"hash":"d6a4bc3127b935e18b75af4e04970c806c92575c","isMergeCommit":false,"messageTitle":"Ui.java: Add showFindMessage method to show matching tasks","messageBody":"","fileTypesAndContributionMap":{"java":{"insertions":6,"deletions":0}}},{"hash":"58e8d0093c1322db2ea1c2674a7dc125b925ac72","isMergeCommit":false,"messageTitle":"Ui.java: Add displayTasksInList method to show list of tasks","messageBody":"","fileTypesAndContributionMap":{"java":{"insertions":8,"deletions":0}}},{"hash":"d41e5ef3b14a0389c8b86fd16c3c22454d71a6b6","isMergeCommit":false,"messageTitle":"Ui.java: Update showTasks to use correct TaskList getter","messageBody":"","fileTypesAndContributionMap":{"java":{"insertions":2,"deletions":2}}},{"hash":"71cec24285d5e3d977447f00ec8c327f4ba396ba","isMergeCommit":false,"messageTitle":"Ui.java: Update if-clause in displayTasksInList method","messageBody":"","fileTypesAndContributionMap":{"java":{"insertions":6,"deletions":1}}},{"hash":"11eeadb70460bbce29767b150e32c1c94354dabf","isMergeCommit":false,"messageTitle":"Ui.java: Update displayTasksInList to be class method","messageBody":"","fileTypesAndContributionMap":{"java":{"insertions":2,"deletions":8}}},{"hash":"88dc763e5830d5cec7a26adb587aff113bcf753b","isMergeCommit":false,"messageTitle":"Janet.java: Add case for FIND in run method","messageBody":"","fileTypesAndContributionMap":{"java":{"insertions":3,"deletions":0}}},{"hash":"377f19a429e60ba23a609d0683243eecf96b9ade","isMergeCommit":false,"messageTitle":"TaskList.java: Add findTask method to find tasks that contains keyword","messageBody":"","fileTypesAndContributionMap":{"java":{"insertions":12,"deletions":0}}},{"hash":"e11d564c838baf929bc77aa614858f2a9a8d2e4c","isMergeCommit":false,"messageTitle":"Janet.java: Add logic to find task case and add comments","messageBody":"","fileTypesAndContributionMap":{"java":{"insertions":7,"deletions":4}}},{"hash":"cb2dd94fe09a2acb6feb31c55c9e7274a3d4fd15","isMergeCommit":false,"messageTitle":"Ui.java: Add message when taskList in showFindMessage is empty","messageBody":"","fileTypesAndContributionMap":{"java":{"insertions":4,"deletions":0}}},{"hash":"f6092c0ddfeb721943d7d588c558853d1af58b18","isMergeCommit":false,"messageTitle":"Parser.java: Update logic in fromOrToKeywordNotFound","messageBody":"","fileTypesAndContributionMap":{"java":{"insertions":6,"deletions":6}}},{"hash":"833abd43a5b3930d2ff60ccd2b751da70dfe64f1","isMergeCommit":false,"messageTitle":"Ui.java: Update code to surround message in else-clause","messageBody":"","fileTypesAndContributionMap":{"java":{"insertions":3,"deletions":2}}},{"hash":"0fa7ee0d749d3031260f6067c8e97b98b6f2ee5e","isMergeCommit":true,"messageTitle":"Merge branch \u0027branch-A-JavaDoc\u0027","messageBody":"","fileTypesAndContributionMap":{}},{"hash":"1699ecf6083b31ce7eafc330a7e4fcef8984d1bc","isMergeCommit":true,"messageTitle":"Merge branch \u0027branch-Level-9\u0027","messageBody":"","fileTypesAndContributionMap":{}},{"hash":"5f7c6311709c9f52e0b78e2f165d079f7d0687bf","isMergeCommit":false,"messageTitle":"Ui.java: Resolve merge conflicts when merging to master","messageBody":"","fileTypesAndContributionMap":{"java":{"insertions":2,"deletions":0}}},{"hash":"f79b5ea5aea3bccab53d68a8c40e708c770cf600","isMergeCommit":false,"messageTitle":"Ui.java: Add JavaDoc to public methods","messageBody":"","tags":["Level-9","A-JavaDoc"],"fileTypesAndContributionMap":{"java":{"insertions":12,"deletions":0}}}]},{"date":"2024-08-30","commitResults":[{"hash":"ba5966f63dff0d499e7d1cd2ff922937982fd4a3","isMergeCommit":false,"messageTitle":"Ui.java: Change constant name to screaming snake case","messageBody":"","fileTypesAndContributionMap":{"java":{"insertions":17,"deletions":17}}},{"hash":"e5d8c07073e679e4e9acc593aaa14c0c8175ac01","isMergeCommit":false,"messageTitle":"Ui.java: Change long print statements to break after operator","messageBody":"","fileTypesAndContributionMap":{"java":{"insertions":9,"deletions":8}}},{"hash":"aad201c2d108281b93d00349d3952dfcddfb127b","isMergeCommit":true,"messageTitle":"Ui.java: Resolve merge conflicts between branch-A-CodingStandard and master","messageBody":"","fileTypesAndContributionMap":{}},{"hash":"b796622c879d344e8333b1ffc589b2bc9ef943ed","isMergeCommit":false,"messageTitle":"Ui.java: Update constant horizontalLine to HORIZONTAL_LINE","messageBody":"","fileTypesAndContributionMap":{"java":{"insertions":4,"deletions":4}}},{"hash":"6b4fa0e65363fe305096c0fdfc60f60e3dc7832f","isMergeCommit":false,"messageTitle":"TaskList.java: Add JavaDoc to findTask method","messageBody":"","fileTypesAndContributionMap":{"java":{"insertions":6,"deletions":1}}},{"hash":"80dd25bbd3b111aefc74860b26e5796ad69f2103","isMergeCommit":false,"messageTitle":"TaskList.java: Update findTask to findTasks for coding standard","messageBody":"","fileTypesAndContributionMap":{"java":{"insertions":1,"deletions":1}}},{"hash":"21d1f5c6fcfe7a08802e6d2befc4fbb20153784a","isMergeCommit":false,"messageTitle":"Janet.java: Update usage of findTask to findTasks","messageBody":"","fileTypesAndContributionMap":{"java":{"insertions":1,"deletions":1}}},{"hash":"f384cced639cdc4329b559ec9562e688159a3bd9","isMergeCommit":false,"messageTitle":"CommandType.java: Add JavaDoc to class","messageBody":"","fileTypesAndContributionMap":{"java":{"insertions":3,"deletions":0}}},{"hash":"19eef6cdadaf0cb304469ede4cf7952dfbdfc321","isMergeCommit":false,"messageTitle":"JanetException.java: Add JavaDoc to class","messageBody":"","fileTypesAndContributionMap":{"java":{"insertions":3,"deletions":0}}},{"hash":"eb57ba83f9d9da3eab41fc093932973e9fb1cdb5","isMergeCommit":false,"messageTitle":"Janet.java: Add JavaDoc to class and public methods","messageBody":"","tags":["A-CodingStandard"],"fileTypesAndContributionMap":{"java":{"insertions":6,"deletions":0}}}]}]},"authorFileTypeContributionMap":{"rayray39":{"java":1157,"md":0,"fxml":0,"sh":0,"bat":1,"gradle":2,"txt":12}},"authorContributionVariance":{"rayray39":147664.03},"authorDisplayNameMap":{"rayray39":"RAYN.. YUH"}}
