{"authorDailyContributionsMap":{"yooplo":[{"date":"2024-08-19","commitResults":[{"hash":"1c42e7b3612b8ff874aba98a97d8efe779a2b1a2","isMergeCommit":false,"messageTitle":"Implement greeting and exit","messageBody":"","tags":["Level-0"],"fileTypesAndContributionMap":{"java":{"insertions":14,"deletions":10}}},{"hash":"f1e782e711da3a1e15e23faf1919f17716c9a908","isMergeCommit":false,"messageTitle":"Implement echo functionality","messageBody":"","tags":["Level-1"],"fileTypesAndContributionMap":{"java":{"insertions":29,"deletions":10}}},{"hash":"0a9e1e7e18938a8f6ffba6fa9c7dfa02fb00a6aa","isMergeCommit":false,"messageTitle":"Add listing functionality","messageBody":"","tags":["Level-2"],"fileTypesAndContributionMap":{"java":{"insertions":25,"deletions":4}}},{"hash":"f1097b736eed0995ac7bbbfd0af83b2fce497713","isMergeCommit":false,"messageTitle":"Update Regina.java class","messageBody":"","fileTypesAndContributionMap":{"java":{"insertions":47,"deletions":28}}},{"hash":"701d5d7d6b62d0bf07a0ba307d30ac07bd0ee8dd","isMergeCommit":false,"messageTitle":"Add Task class Add \"Mark as Done\" functionality","messageBody":"","tags":["Level-3"],"fileTypesAndContributionMap":{"java":{"insertions":67,"deletions":20}}}]},{"date":"2024-08-20","commitResults":[{"hash":"f6fd9d13ed686222077201c041502b3f79edd3ed","isMergeCommit":false,"messageTitle":"Update Task.java Add ToDos, Events, Deadlines","messageBody":"","tags":["Level-4"],"fileTypesAndContributionMap":{"java":{"insertions":85,"deletions":9}}},{"hash":"ba5ae4ea14e9337699e60ea8bcfcbb0a4be22a10","isMergeCommit":false,"messageTitle":"Add error handling","messageBody":"","tags":["Level-5","A-TextUiTesting"],"fileTypesAndContributionMap":{"txt":{"insertions":7,"deletions":0},"java":{"insertions":128,"deletions":39},"bat":{"insertions":1,"deletions":1},"sh":{"insertions":1,"deletions":1}}},{"hash":"9ee5085250762eafff5dd59214d4c5f08f8bc020","isMergeCommit":false,"messageTitle":"Add delete function Personalised the bot","messageBody":"","tags":["Level-6"],"fileTypesAndContributionMap":{"java":{"insertions":53,"deletions":9}}},{"hash":"e051cdc2051fd426383582829d8384662e7a95b0","isMergeCommit":false,"messageTitle":"Add enums usage","messageBody":"","tags":["A-Enums"],"fileTypesAndContributionMap":{"java":{"insertions":51,"deletions":15}}}]},{"date":"2024-08-21","commitResults":[{"hash":"6c448ceb6c67e3791678db3113d2a3b37caf841d","isMergeCommit":false,"messageTitle":"Add javadocs documentation","messageBody":"","fileTypesAndContributionMap":{"java":{"insertions":250,"deletions":34}}}]},{"date":"2024-08-25","commitResults":[{"hash":"44162a6bf6c141ff91031360dbb919d38f2c5482","isMergeCommit":false,"messageTitle":"Update code style","messageBody":"","fileTypesAndContributionMap":{"java":{"insertions":74,"deletions":73}}},{"hash":"a5fc3f6c1626eddeb9bc158d0f689c9e0c1de4fa","isMergeCommit":false,"messageTitle":"Add file saving functionality","messageBody":"","fileTypesAndContributionMap":{"txt":{"insertions":1,"deletions":0},"java":{"insertions":87,"deletions":20}}},{"hash":"b564fb21fd11adf2d6da7b6322e5c346533a081a","isMergeCommit":false,"messageTitle":"Add save feature","messageBody":"","fileTypesAndContributionMap":{"txt":{"insertions":0,"deletions":1},"java":{"insertions":166,"deletions":29}}},{"hash":"e420e8266b30ce41cf38e1ce501df8e1739e7815","isMergeCommit":true,"messageTitle":"Merge branch \u0027branch-Level-7\u0027","messageBody":"","tags":["Level-7"],"fileTypesAndContributionMap":{}}]}]},"authorFileTypeContributionMap":{"yooplo":{"java":786,"md":0,"fxml":0,"sh":1,"bat":1,"gradle":0,"txt":7}},"authorContributionVariance":{"yooplo":31564.088},"authorDisplayNameMap":{"yooplo":"CS2103T-F14a-4 JUST.. REN"}}
