{"authorDailyContributionsMap":{"wassilililily":[{"date":"2024-08-20","commitResults":[{"hash":"084973753a8ee85cde64da2822ae2cb8e9bf0a97","isMergeCommit":false,"messageTitle":"Renamed main class","messageBody":"","fileTypesAndContributionMap":{"java":{"insertions":8,"deletions":10}}},{"hash":"87bda7af749e437529792d1945f14f2ef07a3dca","isMergeCommit":false,"messageTitle":"Added goodbye message","messageBody":"","fileTypesAndContributionMap":{"java":{"insertions":5,"deletions":1}}},{"hash":"00f6d81b9f4702bf3aa7069a616913b0a8a41081","isMergeCommit":false,"messageTitle":"Changed new line command and added more dash","messageBody":"","fileTypesAndContributionMap":{"java":{"insertions":3,"deletions":3}}},{"hash":"c7434ada19dada4629d2cc1c0015d378db62323a","isMergeCommit":false,"messageTitle":"Moved punctuation","messageBody":"","tags":["Level-0"],"fileTypesAndContributionMap":{"java":{"insertions":2,"deletions":2}}},{"hash":"818141564c62a5d366a05bf386dafcd4a1ecbab5","isMergeCommit":false,"messageTitle":"Added echo","messageBody":"","fileTypesAndContributionMap":{"java":{"insertions":23,"deletions":3}}},{"hash":"6a40d1ed8ba61043579b5a7be04dc871a701ed95","isMergeCommit":false,"messageTitle":"Modified greeting","messageBody":"","tags":["Level-1"],"fileTypesAndContributionMap":{"java":{"insertions":1,"deletions":1}}},{"hash":"a9c2662a710cf654329d34f4fcf917d74cf9e80d","isMergeCommit":false,"messageTitle":"Add list","messageBody":"","tags":["Level-2"],"fileTypesAndContributionMap":{"java":{"insertions":20,"deletions":3}}}]},{"date":"2024-08-22","commitResults":[{"hash":"bf3880c4965235c478ec7eb4391df3124395eb79","isMergeCommit":false,"messageTitle":"Added task class","messageBody":"","fileTypesAndContributionMap":{"java":{"insertions":35,"deletions":6}}},{"hash":"b2871481843feea7b62f3ebdc9f0277106881a18","isMergeCommit":false,"messageTitle":"Added ability to mark/unmark and modified Task class","messageBody":"","tags":["Level-3"],"fileTypesAndContributionMap":{"java":{"insertions":49,"deletions":12}}}]},{"date":"2024-08-23","commitResults":[{"hash":"3d79ff0df3c2b6886644200f1055d4a06c3a8999","isMergeCommit":false,"messageTitle":"Added todo and deadline, change if-else to switch","messageBody":"","fileTypesAndContributionMap":{"java":{"insertions":132,"deletions":52}}},{"hash":"22bec65fe9911f4532c59ca9b77cca3d3df61781","isMergeCommit":false,"messageTitle":"Added event","messageBody":"","tags":["Level-5","Level-4"],"fileTypesAndContributionMap":{"java":{"insertions":43,"deletions":5}}},{"hash":"7a257c6f413ccf67c688fa9e24ba1118a048642e","isMergeCommit":false,"messageTitle":"Added automated ui testing","messageBody":"","tags":["A-TextUiTesting"],"fileTypesAndContributionMap":{"txt":{"insertions":7,"deletions":0},"java":{"insertions":1,"deletions":1},"sh":{"insertions":1,"deletions":1}}},{"hash":"9f859af7a33b0f6488a15180dfff23f4849cf579","isMergeCommit":false,"messageTitle":"Added delete","messageBody":"","tags":["Level-6"],"fileTypesAndContributionMap":{"java":{"insertions":14,"deletions":0}}}]},{"date":"2024-08-30","commitResults":[{"hash":"7769d023af71970960070fcbb69b0239fb8c9cfc","isMergeCommit":false,"messageTitle":"Add ability to save","messageBody":"","fileTypesAndContributionMap":{"java":{"insertions":86,"deletions":14}}},{"hash":"bf0a831d5c26d59dbfb43e360469cf75f10bf1c5","isMergeCommit":true,"messageTitle":"Merge branch \u0027branch-level-7\u0027","messageBody":"","tags":["Level-7"],"fileTypesAndContributionMap":{}},{"hash":"1019720ff6a985b1bac10ede4a8c9b0489b5dd07","isMergeCommit":false,"messageTitle":"Add ability to save date and time","messageBody":"","fileTypesAndContributionMap":{"java":{"insertions":382,"deletions":63}}},{"hash":"4c79d4bf191e0f373c1208fd50504fe373b2ad6e","isMergeCommit":true,"messageTitle":"Merge branch \u0027branch-level-8\u0027","messageBody":"","tags":["Level-8"],"fileTypesAndContributionMap":{}}]},{"date":"2024-09-02","commitResults":[{"hash":"fcabfbc0eb397ecc519457a761e00d7d935bb947","isMergeCommit":false,"messageTitle":"Add Parser, Storage, Tasklist and Ui classes","messageBody":"","tags":["A-MoreOOP"],"fileTypesAndContributionMap":{"java":{"insertions":443,"deletions":183}}},{"hash":"f8b7fb72eebb0d9f33382442acfbd8d6d163d0d8","isMergeCommit":false,"messageTitle":"Organise classes into one package","messageBody":"","tags":["A-Packages"],"fileTypesAndContributionMap":{"java":{"insertions":114,"deletions":96}}},{"hash":"1197420353b2d87c2dec998ecd7d961c8c5a7486","isMergeCommit":true,"messageTitle":"Merge branch \u0027master\u0027 into add-gradle-support","messageBody":"","tags":["A-Gradle"],"fileTypesAndContributionMap":{}},{"hash":"65953877a46a7298fa7632c368a5e961a99b7b27","isMergeCommit":true,"messageTitle":"Merge branch \u0027branch-increments\u0027","messageBody":"","fileTypesAndContributionMap":{}},{"hash":"63cf92bcfcce124c6a3e00f9de1b8e1857ddff00","isMergeCommit":true,"messageTitle":"Merge branch \u0027add-gradle-support\u0027","messageBody":"","fileTypesAndContributionMap":{}},{"hash":"53341555d4fc74023fa47511e455feb4e13baf7e","isMergeCommit":false,"messageTitle":"Add JUnit testing","messageBody":"","tags":["A-JavaDoc","A-Jar","A-JUnit","A-CodingStandard"],"fileTypesAndContributionMap":{"gradle":{"insertions":3,"deletions":2},"java":{"insertions":216,"deletions":8}}},{"hash":"181a1926d246a0137a8c31120e3fb4b908cf0321","isMergeCommit":false,"messageTitle":"Add find function","messageBody":"","tags":["Level-9"],"fileTypesAndContributionMap":{"gradle":{"insertions":2,"deletions":1},"java":{"insertions":22,"deletions":0}}}]},{"date":"2024-09-06","commitResults":[{"hash":"20b44a8e5057400fd2c391d5f48c03dcd1d9a7e4","isMergeCommit":false,"messageTitle":"Add new Util class and change attributes to private","messageBody":"","fileTypesAndContributionMap":{"java":{"insertions":73,"deletions":88}}}]},{"date":"2024-09-09","commitResults":[{"hash":"9fae049d6c02f78c730b4e56646fae84d3d1544f","isMergeCommit":false,"messageTitle":"Refactor parser attributes and parsertest date format","messageBody":"","fileTypesAndContributionMap":{"java":{"insertions":6,"deletions":6}}},{"hash":"6aa53e46ad44dc54183c990c02d5e878e1ee9ce7","isMergeCommit":false,"messageTitle":"Add checkstyle and change package name","messageBody":"","tags":["A-Checkstyle"],"fileTypesAndContributionMap":{"gradle":{"insertions":4,"deletions":0},"java":{"insertions":18,"deletions":19}}},{"hash":"08e8c66ff64ab75f4b0f70b472aa3a96e58ec3e6","isMergeCommit":false,"messageTitle":"Add gui","messageBody":"","fileTypesAndContributionMap":{"gradle":{"insertions":17,"deletions":1},"fxml":{"insertions":66,"deletions":0},"java":{"insertions":463,"deletions":220}}},{"hash":"cd83e9548a9da725c1873cee8044ef7da557a7a1","isMergeCommit":false,"messageTitle":"Add new line on launcher","messageBody":"","fileTypesAndContributionMap":{"java":{"insertions":1,"deletions":1}}},{"hash":"3cf13691a93b4f9cc837951473cc066566c9f32e","isMergeCommit":true,"messageTitle":"Merge branch \u0027branch-level-10\u0027","messageBody":"","tags":["Level-10"],"fileTypesAndContributionMap":{}}]},{"date":"2024-09-10","commitResults":[{"hash":"33f2aad78f47955b0921c8d80820862c0d07497e","isMergeCommit":false,"messageTitle":"Add assertions","messageBody":"","fileTypesAndContributionMap":{"java":{"insertions":54,"deletions":11}}}]},{"date":"2024-09-13","commitResults":[{"hash":"6353cbc0109f32e21c5ba98a323c9ac974b45be6","isMergeCommit":false,"messageTitle":"Add command package and refactor parser and Ui class","messageBody":"","fileTypesAndContributionMap":{"java":{"insertions":426,"deletions":223}}},{"hash":"72dfbfcf0557c44393381f3da99838ef15fb5820","isMergeCommit":true,"messageTitle":"Merge pull request #1 from wassilililily/branch-A-Assertions","messageBody":"Add assertions","fileTypesAndContributionMap":{}},{"hash":"cd707950f7ef1e41a0246641da8594017153d8ff","isMergeCommit":true,"messageTitle":"Merge branch \u0027master\u0027 of https://github.com/wassilililily/ip","messageBody":"","fileTypesAndContributionMap":{}},{"hash":"88777c4b5eb14a60ad40fc1476d1486594870124","isMergeCommit":false,"messageTitle":"Edit master branch to resolve merge conflicts","messageBody":"","fileTypesAndContributionMap":{"java":{"insertions":34,"deletions":49}}},{"hash":"16b68336257bcb9440b7a4c0ff9d6e9628d9578a","isMergeCommit":false,"messageTitle":"Delete unnecessary import","messageBody":"","fileTypesAndContributionMap":{"java":{"insertions":0,"deletions":1}}},{"hash":"d6ad10e75ec4d253f5f8e444e5274e3edbf05e5c","isMergeCommit":true,"messageTitle":"Merge branch \u0027master\u0027 into branch-A-CodeQuality","messageBody":"# Conflicts:\n#\tsrc/main/java/bottleopener/myapp/BottleOpener.java\n#\tsrc/main/java/bottleopener/myapp/Parser.java\n#\tsrc/main/java/bottleopener/ui/Ui.java\n","fileTypesAndContributionMap":{}},{"hash":"2ec7cff2fe4371c67979dca4b1a5dfbcc6607ac4","isMergeCommit":true,"messageTitle":"Merge pull request #2 from wassilililily/branch-A-CodeQuality","messageBody":"Add command package and refactor parser and Ui class","fileTypesAndContributionMap":{}},{"hash":"97b8666401f64ffd264f52590e9949ecf5bf5621","isMergeCommit":true,"messageTitle":"Merge branch \u0027master\u0027 of https://github.com/wassilililily/ip","messageBody":"","tags":["A-CodeQuality"],"fileTypesAndContributionMap":{}},{"hash":"9a62517121a6fffe9e2b849fa2b78dc944ade9a9","isMergeCommit":true,"messageTitle":"Merge pull request #3 from wassilililily/branch-A-Assertions","messageBody":"Branch A-Assertions","fileTypesAndContributionMap":{}},{"hash":"a9261ecc5a444c2c66a9ad64a979c7312e7bdf7f","isMergeCommit":true,"messageTitle":"Merge branch \u0027branch-level-10\u0027 of https://github.com/wassilililily/ip into branch-level-10","messageBody":"","fileTypesAndContributionMap":{}},{"hash":"cbe179eb5614b0839dfa1556b17a5de0527bcacf","isMergeCommit":true,"messageTitle":"Merge branch \u0027branch-level-10\u0027","messageBody":"","fileTypesAndContributionMap":{}},{"hash":"87818aa5b81cf054263facbc37f31aa3845a950f","isMergeCommit":false,"messageTitle":"Refactor Parser Class","messageBody":"Refactor parser class to improve code organization and maintainability\nby delegating command execution to separate command classes.\nThe runParser() method has been broken down into distinct command\nhandling classes, each responsible for executing specific commands.\n","tags":["A-FullCommitMessage"],"fileTypesAndContributionMap":{"java":{"insertions":70,"deletions":49}}},{"hash":"ea960cac9c881ffbbde459fa2ede4c8a0fb4e14e","isMergeCommit":true,"messageTitle":"Merge pull request #4 from wassilililily/branch-A-CodeQuality","messageBody":"Refactor Parser Class","fileTypesAndContributionMap":{}},{"hash":"ed7d1422a2c70b0cfbd470fc16aec9c3dacc8f93","isMergeCommit":false,"messageTitle":"Delete unimportant assertions","messageBody":"","fileTypesAndContributionMap":{"java":{"insertions":0,"deletions":2}}},{"hash":"d2701629f5d5016c29d96f576a3e5da3091ff02c","isMergeCommit":true,"messageTitle":"Merge commit \u0027ea960cac9c881ffbbde459fa2ede4c8a0fb4e14e\u0027 into branch-A-Assertions","messageBody":"# Conflicts:\n#\tsrc/main/java/bottleopener/myapp/BottleOpener.java\n#\tsrc/main/java/bottleopener/myapp/Parser.java\n","fileTypesAndContributionMap":{}},{"hash":"46feeff859e65b6d0bc48e5e966be3401e59065e","isMergeCommit":true,"messageTitle":"Merge pull request #5 from wassilililily/branch-A-Assertions","messageBody":"Delete unimportant assertions","fileTypesAndContributionMap":{}},{"hash":"58297afc6c46d861373b62ddfed43c6daea236ff","isMergeCommit":true,"messageTitle":"Merge branch \u0027master\u0027 of https://github.com/wassilililily/ip","messageBody":"","tags":["A-Assertions"],"fileTypesAndContributionMap":{}}]},{"date":"2024-09-16","commitResults":[{"hash":"5a0446a668a1cb3f4088e30c42a2c02a872dea2e","isMergeCommit":false,"messageTitle":"Add ErrorCommand and RemindCommand class","messageBody":"Refactor parser class so that it runs the runCommand() method\nseparately. The ErrorCommand is the default in the switch-case\nblock.\n\nAdd RemindCommand to implement the remind extension, reminding\nuser of their deadlines during initilialisation and the remind command.\n","fileTypesAndContributionMap":{"java":{"insertions":205,"deletions":37}}},{"hash":"010b56de579f71ae758101807bae7b15374e04b7","isMergeCommit":true,"messageTitle":"Merge branch \u0027branch-Extension\u0027","messageBody":"","tags":["BCD-Extension"],"fileTypesAndContributionMap":{}}]},{"date":"2024-09-17","commitResults":[{"hash":"7c5dc1f0c73dac7c34d027d1d420cd4a65e4ab4a","isMergeCommit":false,"messageTitle":"Add user guide","messageBody":"","fileTypesAndContributionMap":{"md":{"insertions":51,"deletions":20}}},{"hash":"f5d5ee8e398ba99091b9512e078d5e9a388f63f1","isMergeCommit":false,"messageTitle":"Update user guide","messageBody":"","tags":["A-UserGuide"],"fileTypesAndContributionMap":{"md":{"insertions":53,"deletions":28}}},{"hash":"c6e8dc83556f2904a6841cb0c11101e479a63844","isMergeCommit":false,"messageTitle":"Modify boolean variable name","messageBody":"","fileTypesAndContributionMap":{"java":{"insertions":7,"deletions":7}}}]}]},"authorFileTypeContributionMap":{"wassilililily":{"java":1801,"md":103,"fxml":66,"sh":1,"bat":0,"gradle":22,"txt":7}},"authorContributionVariance":{"wassilililily":75949.45},"authorDisplayNameMap":{"wassilililily":"CS2103-F13-4 MAU .. WEI"}}
