{"authorDailyContributionsMap":{"yikyak02":[{"date":"2024-08-22","commitResults":[{"hash":"ab7d4f217ff9c8a0b82eedc6020852c607f4c5f2","isMergeCommit":false,"messageTitle":"Finished level 0. Rename, Greet, Exit","messageBody":"","tags":["Level-0"],"fileTypesAndContributionMap":{"java":{"insertions":10,"deletions":10}}},{"hash":"1b8d88f31740a2904057dba22b4d1f418286cf7c","isMergeCommit":false,"messageTitle":"Level 1: Echo done","messageBody":"","tags":["Level-1"],"fileTypesAndContributionMap":{"java":{"insertions":31,"deletions":3}}},{"hash":"0f182e81d9ed71feac91c2cfe26514fbd1d2ef99","isMergeCommit":false,"messageTitle":"Level 2: Add list done with tell user joke function","messageBody":"","tags":["Level-2"],"fileTypesAndContributionMap":{"java":{"insertions":27,"deletions":7}}},{"hash":"5fd1fc2193eab6dd466905489039a55beae6d2e2","isMergeCommit":false,"messageTitle":"Level 3: Mark as done","messageBody":"","fileTypesAndContributionMap":{"java":{"insertions":92,"deletions":29}}},{"hash":"9c3f7d0940d01e4b865d3b03938fc78e9685b162","isMergeCommit":false,"messageTitle":"Level 3: Mark as done","messageBody":"","tags":["Level-3"],"fileTypesAndContributionMap":{"java":{"insertions":1,"deletions":1}}},{"hash":"359ea4e6116a38389db5aa7d5aaaf61b7abe2c72","isMergeCommit":false,"messageTitle":"Level 4: ToDos, Events, Deadlines","messageBody":"","tags":["Level-4"],"fileTypesAndContributionMap":{"java":{"insertions":76,"deletions":28}}},{"hash":"65441067677662867399b590c86a319be0b55f4c","isMergeCommit":false,"messageTitle":"A-TextUiTesting: Automated Text UI Testing","messageBody":"","tags":["Added-UI-Testing"],"fileTypesAndContributionMap":{"txt":{"insertions":7,"deletions":0},"sh":{"insertions":1,"deletions":1}}},{"hash":"c64fe3d12128d5fdcf3a0611c53e69a3cade956c","isMergeCommit":false,"messageTitle":"Level 5. Handle Errors","messageBody":"","tags":["Level-5"],"fileTypesAndContributionMap":{"java":{"insertions":84,"deletions":64}}}]},{"date":"2024-08-23","commitResults":[{"hash":"07cffa5fc793dde25b5fa7633cd202597e9fa0eb","isMergeCommit":false,"messageTitle":"Level 5. Handle Errors revised","messageBody":"","fileTypesAndContributionMap":{"java":{"insertions":63,"deletions":41}}},{"hash":"95a6a841fa612943aa010fda36eaef85870ce0d8","isMergeCommit":true,"messageTitle":"Merge remote-tracking branch \u0027origin/master\u0027","messageBody":"# Conflicts:\n#\tsrc/main/java/Alex.java\n#\tsrc/main/java/AlexException.java\n","tags":["Level-5-Updated"],"fileTypesAndContributionMap":{}},{"hash":"866e53ebc7d8c60b0363ef5a828d314fd1096709","isMergeCommit":false,"messageTitle":"Level 6: Delete","messageBody":"","tags":["Level-6"],"fileTypesAndContributionMap":{"java":{"insertions":13,"deletions":1}}},{"hash":"0b2b6a28c27bec69d43cf7a36c9bb22e8c1c6075","isMergeCommit":false,"messageTitle":"Used Enums","messageBody":"","tags":["Added-TaskType-Enum"],"fileTypesAndContributionMap":{"java":{"insertions":11,"deletions":7}}},{"hash":"26fa196370cd24ed05f5754361ce3264fe322280","isMergeCommit":false,"messageTitle":"A-Enums","messageBody":"","tags":["A-Enums"],"fileTypesAndContributionMap":{"java":{"insertions":1,"deletions":0}}}]},{"date":"2024-08-30","commitResults":[{"hash":"cbb9f5cb4c16f564adc20e896ec9b3f6ff9401ad","isMergeCommit":false,"messageTitle":"Create method to ensure the data directory exists","messageBody":"In the existing code, tasks are stored in a file within a \"data\" directory. However, this directory is not automatically created if it does not already exist, leading to potential issues when trying to save tasks.\n\nTo address this, I\u0027ve added a createDataDirectory method that checks if the \"data\" directory exists and creates it if it doesn\u0027t. This change ensures that the application will always have a valid location to save tasks, preventing runtime errors related to missing directories.\n\nThis approach is chosen to improve the reliability of file operations, particularly in cases where the application is run in environments where the directory may not be present by default.\n","fileTypesAndContributionMap":{"txt":{"insertions":7,"deletions":0},"java":{"insertions":23,"deletions":1}}},{"hash":"594b34004c65408cb88c2d64b24f2d5b92c600eb","isMergeCommit":false,"messageTitle":"Save tasks to file after every modification","messageBody":"Task modifications are not persisted, leading to data loss when the program exits.\n\nPersisting tasks to a file ensures that changes are saved and can be reloaded when the program restarts, providing a consistent user experience.\n\nLet\u0027s:\n* Implement a `saveTasks` method to write the task list to a file.\n* Ensure tasks are saved after marking as done or not done, adding new tasks, and deleting tasks.\n* Create a data directory if it doesn\u0027t exist to avoid file path issues.\n\nSaving tasks after each modification is crucial for maintaining data integrity and ensuring that users do not lose their progress.\n","fileTypesAndContributionMap":{"java":{"insertions":27,"deletions":6}}},{"hash":"d87feef0169972287b8550652745ca9d668d7a55","isMergeCommit":false,"messageTitle":"Add method to load tasks from file at startup","messageBody":"Tasks were not being persisted across sessions, leading to loss of data every time the program restarted.\n\nLoading tasks from a file ensures that users can continue from where they left off in the previous session, enhancing user experience and data consistency.\n\nLet\u0027s:\n* Implement a `loadTasks` method to read tasks from a file at startup.\n* Parse the saved task data, reconstruct task objects, and add them to the task list.\n* Handle different task types (Todo, Deadline, Event) during the load process, ensuring accurate restoration of task details.\n* Ensure that tasks marked as done are correctly restored with their completed status.\n\nThis change provides continuity for users by allowing them to resume their task management without losing progress.\n","tags":["Level-7"],"fileTypesAndContributionMap":{"txt":{"insertions":2,"deletions":0},"java":{"insertions":49,"deletions":0}}},{"hash":"7a1021c94599400b56ae27682dd17bfd0ad2a139","isMergeCommit":false,"messageTitle":"Implement date and time handling for chatbot","messageBody":"- Updated `Deadline` class to use `java.time.LocalDateTime` for storing deadline dates and times.\n- Enhanced `Deadline` and `Event` classes to parse and format dates and times using `DateTimeFormatter`.\n- Modified `toString()` methods in `Deadline` and `Event` classes to display dates in user-friendly formats (e.g., MMM dd yyyy).\n- Updated `saveTasks()` method to save deadlines and events in a consistent date-time format (yyyy-MM-dd HH:mm).\n\nFeatures:\n- Dates are now stored as `LocalDateTime` or `LocalDate` objects.\n- Dates and times are formatted and displayed in a more readable format.\n","fileTypesAndContributionMap":{"txt":{"insertions":1,"deletions":9},"java":{"insertions":54,"deletions":25}}},{"hash":"3f83b1aa236d3b1bf6c01d0a6dd4f6b4cff9372f","isMergeCommit":true,"messageTitle":"Merge branch \u0027branch-Level-8\u0027","messageBody":"* branch-Level-8:\n  Implement date and time handling for chatbot\n","tags":["Level-8"],"fileTypesAndContributionMap":{}}]},{"date":"2024-09-03","commitResults":[{"hash":"3516ad7a8550f5f31bc292d40aff80b54e2b9848","isMergeCommit":false,"messageTitle":"refactor: Extract closely related code into separate classes for better OOP structure","messageBody":"- Created `Ui` class to handle interactions with the user.\n- Created `Storage` class to manage loading and saving tasks to a file.\n- Created `Parser` class to handle command parsing and interpretation.\n- Created `TaskList` class to encapsulate operations on the list of tasks.\n- Refactored `Alex` main class to use the newly created classes.\n- Implemented a `Command` interface and example `ListCommand` to handle different user commands.\n- Improved code maintainability and separation of concerns by adopting a more Object-Oriented design.\n","fileTypesAndContributionMap":{"txt":{"insertions":2,"deletions":1},"java":{"insertions":455,"deletions":248}}},{"hash":"f837ad62eada865a65f9f55ce065b4818f79a535","isMergeCommit":true,"messageTitle":"Merge branch \u0027More-OOP-branch\u0027","messageBody":"* More-OOP-branch:\n  refactor: Extract closely related code into separate classes for better OOP structure\n","tags":["A-MoreOOP"],"fileTypesAndContributionMap":{}},{"hash":"6fa7fbc91685e68ab9ad15891b33ed8db3b6d0e6","isMergeCommit":false,"messageTitle":"Organize classes into packages for improved structure","messageBody":"- Moved classes into appropriate packages to improve code organization.\n- Created `duke` package and subpackages such as `duke.ui`, `duke.storage`, `duke.parser`, and `duke.task` to better organize the code.\n- Updated package declarations and import statements accordingly.\n- Improved maintainability and clarity of the project structure.\n","fileTypesAndContributionMap":{"txt":{"insertions":1,"deletions":0},"java":{"insertions":103,"deletions":6}}},{"hash":"c71db37a0ed3f7f12515d36e8176016cd22f55c7","isMergeCommit":true,"messageTitle":"Merge branch \u0027Add-Packages-Branch\u0027","messageBody":"* Add-Packages-Branch:\n  Organize classes into packages for improved structure\n","tags":["A-Packages"],"fileTypesAndContributionMap":{}},{"hash":"df6cf30b8b8a4c7e4597f70330b3158d6f80510f","isMergeCommit":true,"messageTitle":"Merge branch \u0027add-gradle-support\u0027","messageBody":"* add-gradle-support:\n  build.gradle: Prevent generating a second JAR file\n  Bump gradle and lib version\n  Add Gradle support\n","tags":["A-Gradle"],"fileTypesAndContributionMap":{}},{"hash":"ba2aa22185d0e2958659d00f036bce647df67b93","isMergeCommit":false,"messageTitle":"Add JUnit test cases for TaskList and Parser classes","messageBody":"- Added tests for TaskList including adding and removing Todo, Deadline, and Event tasks.\n- Implemented Parser tests to verify handling of valid and invalid commands.\n- Updated test cases to ensure correct functionality and exception handling.\n","fileTypesAndContributionMap":{"java":{"insertions":162,"deletions":0}}},{"hash":"a4aa48109bb6a42fd38a273d1cda7d01a3ebe47b","isMergeCommit":true,"messageTitle":"Merge branch \u0027JUnit-Test-Branch\u0027","messageBody":"* JUnit-Test-Branch:\n  Add JUnit test cases for TaskList and Parser classes\n","tags":["v0.1","A-JUnit"],"fileTypesAndContributionMap":{}},{"hash":"a2c6b88e2a3230234e105ddfb69c67dc2d2d41db","isMergeCommit":false,"messageTitle":"Add Javadoc comments to all classes","messageBody":"- Added detailed Javadoc comments to all classes\n- Improved documentation to clarify class purposes, method functionalities, and parameter details.\n\nThis commit enhances code readability and provides clear descriptions for better maintainability and understanding.\n","fileTypesAndContributionMap":{"txt":{"insertions":2,"deletions":0},"java":{"insertions":363,"deletions":15}}},{"hash":"286ae6f05ca14acfa0e47b1b44474ad507c8846b","isMergeCommit":false,"messageTitle":"Tweak import statement orders to comply with coding standards Reordered import statements within Alex.Storage package to maintain consistent alphabetical order.","messageBody":"","fileTypesAndContributionMap":{"java":{"insertions":2,"deletions":1}}},{"hash":"c67eb3421502f6cc7ff48f18c589793319f20392","isMergeCommit":false,"messageTitle":"Revert \"Tweak import statement orders to comply with coding standards\"","messageBody":"This reverts commit 286ae6f05ca14acfa0e47b1b44474ad507c8846b.\n","fileTypesAndContributionMap":{"java":{"insertions":1,"deletions":2}}},{"hash":"941a179a0d5daae8c9d2ff7a687ed5d418edf66e","isMergeCommit":false,"messageTitle":"Add find functionality to search for tasks by keyword","messageBody":"- Implemented `FindCommand` class to handle searching for tasks by keyword.\n- Updated `TaskList` class with `findTasks` method to filter tasks based on the keyword.\n- Modified `Parser` to recognize and parse the \u0027find\u0027 command.\n- Updated `Ui` class to display matching tasks or a no-match message.\n","fileTypesAndContributionMap":{"txt":{"insertions":4,"deletions":0},"java":{"insertions":194,"deletions":20}}},{"hash":"ac6e840da56858577e4cedd2cd9cf9a09fdb7177","isMergeCommit":true,"messageTitle":"Merge branch \u0027branch-Level-9\u0027","messageBody":"* branch-Level-9:\n  Add find functionality to search for tasks by keyword\n","tags":["Level-9"],"fileTypesAndContributionMap":{}},{"hash":"c973bf5596bf4877b7d6989a266aa3ff0c7c4fa6","isMergeCommit":true,"messageTitle":"Merge branch \u0027branch-A-JavaDoc\u0027","messageBody":"* branch-A-JavaDoc:\n  Revert \"Tweak import statement orders to comply with coding standards\"\n  Tweak import statement orders to comply with coding standards Reordered import statements within Alex.Storage package to maintain consistent alphabetical order.\n  Add Javadoc comments to all classes\n\n# Conflicts:\n#\tdata/tasks.txt\n#\tsrc/main/java/Alex.java\n#\tsrc/main/java/Alex/Parser/Parser.java\n#\tsrc/main/java/Alex/Task/TaskList.java\n#\tsrc/main/java/Alex/Ui/Ui.java\n","tags":["A-JavaDoc","A-CodingStandard"],"fileTypesAndContributionMap":{}}]},{"date":"2024-09-06","commitResults":[{"hash":"5516d6f3dfc220dfbe262d17c31564e5cbd910c4","isMergeCommit":false,"messageTitle":"A-CheckStyle: Integrate CheckStyle for code quality","messageBody":"- Added CheckStyle configuration to detect and enforce coding style violations.\n- Followed SE-EDU/guides for integrating and using CheckStyle in the project.\n","fileTypesAndContributionMap":{"gradle":{"insertions":5,"deletions":0},"txt":{"insertions":3,"deletions":1}}},{"hash":"3f9a17d9c36bb908c4dbeccc6b5dcf4325977d24","isMergeCommit":true,"messageTitle":"Merge branch \u0027A-CheckStyle-branch\u0027","messageBody":"* A-CheckStyle-branch:\n  A-CheckStyle: Integrate CheckStyle for code quality\n","tags":["A-CheckStyle"],"fileTypesAndContributionMap":{}}]},{"date":"2024-09-11","commitResults":[{"hash":"609b345dbe2b8bfd53f9000edffd76af340465f1","isMergeCommit":false,"messageTitle":"Add GUI support to Alex chatbot","messageBody":"- Implement JavaFX for graphical user interface\n- Integrate MainWindow.fxml for user interaction\n- Link Alex chatbot instance to GUI controller\n- Enable user input and response display through GUI\n- Update Alex to handle commands via GUI instead of console\n","fileTypesAndContributionMap":{"gradle":{"insertions":17,"deletions":1},"txt":{"insertions":1,"deletions":8},"fxml":{"insertions":41,"deletions":0},"java":{"insertions":250,"deletions":85}}},{"hash":"e424a8a7335fa225ed4bf5aff9c352d63351f4f3","isMergeCommit":true,"messageTitle":"Merge branch \u0027branch-Level-10\u0027","messageBody":"* branch-Level-10:\n  Add GUI support to Alex chatbot\n","tags":["Level-10"],"fileTypesAndContributionMap":{}},{"hash":"2aee513e04c65b6d8254823500c445a5390c35d5","isMergeCommit":false,"messageTitle":"fAdd varargs support to addTasks method","messageBody":"- Refactored addTask method to addTasks, allowing multiple tasks to be added at once using varargs.\n- Updated response generation to reflect the addition of multiple tasks.\n- Improved flexibility for task additions by supporting variable-length arguments.\n","fileTypesAndContributionMap":{"txt":{"insertions":1,"deletions":0},"java":{"insertions":13,"deletions":6}}},{"hash":"51f68615a3d16660767e173ac600d80f34ec5612","isMergeCommit":true,"messageTitle":"Merge branch \u0027Varags-branch\u0027","messageBody":"* Varags-branch:\n  fAdd varargs support to addTasks method\n","tags":["A-Varargs"],"fileTypesAndContributionMap":{}}]},{"date":"2024-09-12","commitResults":[{"hash":"d81943a5bccaba7efd6abc970acb42c05c03eed0","isMergeCommit":false,"messageTitle":"Add greeting on startup and farewell before exiting","messageBody":"- Ensure Alex chatbot greets the user upon initialization before any user input\n- Implement farewell message display before exiting the application with a 1-second delay\n","fileTypesAndContributionMap":{"gradle":{"insertions":1,"deletions":1},"txt":{"insertions":1,"deletions":0},"java":{"insertions":35,"deletions":14}}}]}]},"authorFileTypeContributionMap":{"yikyak02":{"java":1393,"md":0,"fxml":41,"sh":1,"bat":0,"gradle":21,"txt":11}},"authorContributionVariance":{"yikyak02":95413.71},"authorDisplayNameMap":{"yikyak02":"CS2103T-T11-1 LUCA..LONG"}}
