{"authorDailyContributionsMap":{"wenjebs":[{"date":"2024-08-22","commitResults":[{"hash":"109077fb7d7aecf4b86a24232ed2db50e23ba3aa","isMergeCommit":false,"messageTitle":"Rename bot, add greeting and exit","messageBody":"","tags":["Level-0"],"fileTypesAndContributionMap":{"java":{"insertions":8,"deletions":10},"bat":{"insertions":1,"deletions":1},"md":{"insertions":3,"deletions":3}}},{"hash":"70b3d16ef21606b2665e57ea778983c6dd5c1989","isMergeCommit":false,"messageTitle":"Add save and displaying functionality","messageBody":"","tags":["Level-2","Level-1"],"fileTypesAndContributionMap":{"java":{"insertions":26,"deletions":0}}},{"hash":"abadd52c75baf6699a9fadb2a03119a7fc10749c","isMergeCommit":false,"messageTitle":"Add marking and unmarking","messageBody":"","tags":["Level-3"],"fileTypesAndContributionMap":{"java":{"insertions":50,"deletions":5}}},{"hash":"d67f4df1e6b5cf06b74a18fb996902560df63227","isMergeCommit":false,"messageTitle":"Add ToDo task support","messageBody":"","fileTypesAndContributionMap":{"java":{"insertions":21,"deletions":0}}},{"hash":"0a1f76aa1e083bc7d1147272ff0807a2bb999219","isMergeCommit":false,"messageTitle":"Add deadline task support","messageBody":"","fileTypesAndContributionMap":{"java":{"insertions":24,"deletions":1}}},{"hash":"b8c7af18357b8b74f3833317fe5ec8c79b4d9180","isMergeCommit":false,"messageTitle":"Format text and support Event tasks","messageBody":"","tags":["Level-4"],"fileTypesAndContributionMap":{"java":{"insertions":51,"deletions":3}}},{"hash":"d1e48b725bdbc38c51017f8db0498625e505e406","isMergeCommit":false,"messageTitle":"Add testing","messageBody":"","tags":["A-TextUiTesting"],"fileTypesAndContributionMap":{"txt":{"insertions":24,"deletions":0},"java":{"insertions":1,"deletions":1},"sh":{"insertions":1,"deletions":1}}},{"hash":"f5ca499b823e6f2c3a62224baea46b80c9cb752d","isMergeCommit":false,"messageTitle":"Tweak tests","messageBody":"","fileTypesAndContributionMap":{"txt":{"insertions":2,"deletions":1},"java":{"insertions":2,"deletions":0}}},{"hash":"880a7ba244f489421b4989747fa3715219bd55a0","isMergeCommit":false,"messageTitle":"Handle improper deadline input","messageBody":"","fileTypesAndContributionMap":{"java":{"insertions":2,"deletions":0}}},{"hash":"dfe729eef0f1ceb58e9c406d6ec300804f87ecdd","isMergeCommit":false,"messageTitle":"Add input processing, finalise error handling","messageBody":"","tags":["Level-5"],"fileTypesAndContributionMap":{"java":{"insertions":101,"deletions":41}}},{"hash":"4308853bc471d94c7f548b0679832b31bc5bd007","isMergeCommit":false,"messageTitle":"Add more tests for exception handling","messageBody":"","fileTypesAndContributionMap":{"txt":{"insertions":3,"deletions":1}}},{"hash":"548078f3d32f17ac97b53cc69aee608a8617b935","isMergeCommit":false,"messageTitle":"Add delete functionality","messageBody":"","tags":["Level-6"],"fileTypesAndContributionMap":{"java":{"insertions":17,"deletions":0}}},{"hash":"6977c84b49f9d6761a2c3b2d53541c5a3250b7b8","isMergeCommit":false,"messageTitle":"Refactor to use enum","messageBody":"","tags":["A-Enums"],"fileTypesAndContributionMap":{"txt":{"insertions":3,"deletions":0},"java":{"insertions":65,"deletions":24}}}]},{"date":"2024-08-26","commitResults":[{"hash":"b42aa4f2b5737f2ef660d8a00dc0abc02ce55ea0","isMergeCommit":false,"messageTitle":"Implement saving to file","messageBody":"","fileTypesAndContributionMap":{"java":{"insertions":29,"deletions":0}}},{"hash":"7832966047464f755c25af555d99da2590d56146","isMergeCommit":false,"messageTitle":"Add task initialisation on startup","messageBody":"","tags":["Level-7"],"fileTypesAndContributionMap":{"txt":{"insertions":1,"deletions":0},"java":{"insertions":125,"deletions":50}}},{"hash":"7061de498108ddecaef9d36cc60220e7bee51ada","isMergeCommit":false,"messageTitle":"Make deadline task store LocalDate","messageBody":"","fileTypesAndContributionMap":{"txt":{"insertions":0,"deletions":1},"java":{"insertions":30,"deletions":7}}},{"hash":"a08649b9ef9a156535862ca9a05f46e844d1ecf6","isMergeCommit":false,"messageTitle":"Fix local storage task parsing to use LocalDate","messageBody":"","tags":["Level-8"],"fileTypesAndContributionMap":{"java":{"insertions":3,"deletions":1}}}]},{"date":"2024-08-27","commitResults":[{"hash":"ecdc9efa9fceac636dc31e7ca2ab84241c0840d2","isMergeCommit":false,"messageTitle":"Fix improper list for todo task","messageBody":"","fileTypesAndContributionMap":{"java":{"insertions":52,"deletions":15}}},{"hash":"6399b877913d8827a3832762c47d4fe50d355aac","isMergeCommit":false,"messageTitle":"Refactor Ui functions to a separate class","messageBody":"","fileTypesAndContributionMap":{"txt":{"insertions":5,"deletions":1},"java":{"insertions":74,"deletions":33}}},{"hash":"54e25c126afcf25bd45dac136d4252c6d8833c8e","isMergeCommit":false,"messageTitle":"Refactor storage components to separate class","messageBody":"","fileTypesAndContributionMap":{"java":{"insertions":109,"deletions":85}}},{"hash":"65c5769872c19ba36cf0198385a2b3ba7200f7a3","isMergeCommit":false,"messageTitle":"Refactor parsing functions to own class","messageBody":"","fileTypesAndContributionMap":{"java":{"insertions":124,"deletions":110}}}]},{"date":"2024-08-28","commitResults":[{"hash":"4be1321fdcab647032bd7ae145124e1ccc66b355","isMergeCommit":false,"messageTitle":"Refactor file saving functions to storage class","messageBody":"","tags":["A-MoreOOP"],"fileTypesAndContributionMap":{"java":{"insertions":31,"deletions":29}}}]},{"date":"2024-08-29","commitResults":[{"hash":"c473bc3a18f31ee98a8bc6c0234f194c9218ded0","isMergeCommit":false,"messageTitle":"Add classes to package, wenjigglybot","messageBody":"","tags":["A-Packages"],"fileTypesAndContributionMap":{"java":{"insertions":41,"deletions":17}}},{"hash":"5980e2f14f71d8550dc950a67504e4419a929880","isMergeCommit":true,"messageTitle":"Merge branch \u0027A-Gradle\u0027","messageBody":"","tags":["A-Gradle"],"fileTypesAndContributionMap":{}},{"hash":"ebadc8b866937ce8022240fa89b807cc922a3505","isMergeCommit":false,"messageTitle":"Write unit test for Parser","messageBody":"","fileTypesAndContributionMap":{"txt":{"insertions":5,"deletions":0},"java":{"insertions":18,"deletions":1},"bat":{"insertions":3,"deletions":2}}},{"hash":"06ef98b85d2108a22a433168daf5ba9a22d91ffe","isMergeCommit":false,"messageTitle":"Write unit tests for TaskList","messageBody":"","tags":["A-JUnit"],"fileTypesAndContributionMap":{"java":{"insertions":25,"deletions":0}}},{"hash":"03fd05cebff00a383a855fbb51204ce44325f310","isMergeCommit":false,"messageTitle":"Change gradle for jar building","messageBody":"","tags":["A-Jar"],"fileTypesAndContributionMap":{"gradle":{"insertions":4,"deletions":4}}},{"hash":"facf94045b95e78e0c5303568802074332a70c2e","isMergeCommit":false,"messageTitle":"Write Javadocs for Parser, Storage, Task, Tasklist, Ui, Wenjigglybot","messageBody":"","fileTypesAndContributionMap":{"java":{"insertions":184,"deletions":14}}},{"hash":"7464a6f1e50e561f7c6426e0393116e556e286f9","isMergeCommit":false,"messageTitle":"Add find feature","messageBody":"","tags":["A-JavaDoc","A-CodingStandard"],"fileTypesAndContributionMap":{"txt":{"insertions":3,"deletions":1},"java":{"insertions":27,"deletions":2}}},{"hash":"52a04bfb0c50aa8e585ba00af6d03b60c65e2780","isMergeCommit":false,"messageTitle":"Bump gradle and lib version","messageBody":"","fileTypesAndContributionMap":{"gradle":{"insertions":5,"deletions":4}}},{"hash":"1b03dadaa7693b49d3e1257fa7bdc4f142b1fe30","isMergeCommit":false,"messageTitle":"build.gradle: Prevent generating a second JAR file","messageBody":"In build.gradle, the dependencies on distZip and/or distTar causes\nthe shadowJar task to generate a second JAR file for which the\nmainClass.set(\"seedu.duke.Duke\") does not take effect.\nHence, this additional JAR file cannot be run.\nFor this product, there is no need to generate a second JAR file\nto begin with.\n\nLet\u0027s remove this dependency from the build.gradle to prevent the\nshadowJar task from generating the extra JAR file.\n","fileTypesAndContributionMap":{"gradle":{"insertions":0,"deletions":1}}},{"hash":"59847778ab6ff855c0b20c67a3bc5d6332e05a6f","isMergeCommit":false,"messageTitle":"Write unit test for Parser","messageBody":"","fileTypesAndContributionMap":{"txt":{"insertions":5,"deletions":0},"java":{"insertions":18,"deletions":1},"bat":{"insertions":3,"deletions":2}}},{"hash":"2ffb9151576fb26053f701ef93e896aabb4e2801","isMergeCommit":false,"messageTitle":"Write unit tests for TaskList","messageBody":"","fileTypesAndContributionMap":{"java":{"insertions":25,"deletions":0}}},{"hash":"e46b3ac480f7876bcbf3104bdd379824b7c334bd","isMergeCommit":false,"messageTitle":"Change gradle for jar building","messageBody":"","fileTypesAndContributionMap":{"gradle":{"insertions":4,"deletions":4}}},{"hash":"0c0af0e06a9fc65d2ad14b4b65899d6ca46dde43","isMergeCommit":false,"messageTitle":"Add find feature","messageBody":"","fileTypesAndContributionMap":{"txt":{"insertions":3,"deletions":1},"java":{"insertions":27,"deletions":2}}},{"hash":"ea65ad3d1ac8f945edf8a289a0a7d07bd3eda566","isMergeCommit":false,"messageTitle":"Write Javadocs","messageBody":"","fileTypesAndContributionMap":{"java":{"insertions":188,"deletions":15}}},{"hash":"6c2a371fcab756b01614b9b5a1a60e6030df60a4","isMergeCommit":true,"messageTitle":"Merge branch \u0027branch-Level-9\u0027","messageBody":"","fileTypesAndContributionMap":{}},{"hash":"c3ac1bc40fab4244096e19ad1144bcaf4c26a3f1","isMergeCommit":true,"messageTitle":"Merge branch \u0027branch-A-JavaDoc\u0027","messageBody":"","fileTypesAndContributionMap":{}},{"hash":"78521bc05676a76dde61c2215fa0e178789ecf05","isMergeCommit":false,"messageTitle":"Add docs to test","messageBody":"","fileTypesAndContributionMap":{"java":{"insertions":15,"deletions":0}}},{"hash":"e0bdc96ce5a50b463ff090ecadf390debb57b19d","isMergeCommit":true,"messageTitle":"Merge branch \u0027branch-A-CodingStandard\u0027","messageBody":"","fileTypesAndContributionMap":{}}]},{"date":"2024-09-02","commitResults":[{"hash":"398816baf1bfa19eb500f1ae2a9f15a0a329d19e","isMergeCommit":false,"messageTitle":"Setup checkstyle","messageBody":"","tags":["Level-9","A-CheckStyle"],"fileTypesAndContributionMap":{"gradle":{"insertions":5,"deletions":0},"java":{"insertions":11,"deletions":10}}}]},{"date":"2024-09-05","commitResults":[{"hash":"ada83112a16db86400c3f72562005e125c602c08","isMergeCommit":false,"messageTitle":"Setup basic GUI skeleton","messageBody":"","fileTypesAndContributionMap":{"gradle":{"insertions":16,"deletions":1},"txt":{"insertions":0,"deletions":7},"fxml":{"insertions":46,"deletions":0},"java":{"insertions":172,"deletions":0}}},{"hash":"479a5335fe86d6641bbbbf773050dc0b17557de6","isMergeCommit":false,"messageTitle":"Add list command functionality","messageBody":"","fileTypesAndContributionMap":{"java":{"insertions":104,"deletions":7}}},{"hash":"059b66979d2d70e05dad874d477ab210697e372c","isMergeCommit":false,"messageTitle":"Add todo functionality with gui","messageBody":"","fileTypesAndContributionMap":{"txt":{"insertions":1,"deletions":0},"java":{"insertions":11,"deletions":7}}},{"hash":"83be925421d86d85dcf2b9b92abb74b69c5ade86","isMergeCommit":false,"messageTitle":"Add task marking in gui","messageBody":"","fileTypesAndContributionMap":{"java":{"insertions":15,"deletions":12}}},{"hash":"9166d87b96efec53eb55a7f6c6643da007bb16e3","isMergeCommit":false,"messageTitle":"Finish up all gui features","messageBody":"","fileTypesAndContributionMap":{"txt":{"insertions":2,"deletions":1},"java":{"insertions":24,"deletions":18}}},{"hash":"d126b238313b0625a50cedd1912b6242e0d25668","isMergeCommit":false,"messageTitle":"Fix storage load parse in bug","messageBody":"","tags":["Level-10"],"fileTypesAndContributionMap":{"txt":{"insertions":0,"deletions":2},"fxml":{"insertions":12,"deletions":15},"java":{"insertions":8,"deletions":2}}}]},{"date":"2024-09-11","commitResults":[{"hash":"0bf76a74873cca19e7a9591bd6c59b1d68ef8cfa","isMergeCommit":false,"messageTitle":"Add assertions to WenJigglyBot class","messageBody":"","tags":["A-FullCommitMessage"],"fileTypesAndContributionMap":{"java":{"insertions":3,"deletions":1}}},{"hash":"9724cce75337950b526dd522635c37ae3a713b1c","isMergeCommit":false,"messageTitle":"Add assertions to validate input in Parser class","messageBody":"Currently, the Parser class lacks input validation, which could lead\nto unpredictable behavior or exceptions during runtime when handling\nincorrectly formatted input data.\n\nThis needs to change because there is no clear mechanism to catch\nimproper inputs early, leading to potential debugging difficulties.\n\nAdd assertions in methods like processEventTask, processDeadlineTask,\nparseCommand, and parseTask to verify the integrity of input data before\nproceeding with processing. This helps detect incorrect input formats at runtime.\n\nAssertions were chosen because they are an effective, lightweight way to\nensure input validation during development and testing, without\nintroducing runtime overhead in production environments. They also help\ndevelopers identify issues faster during debugging.\n","tags":["A-Assertions"],"fileTypesAndContributionMap":{"java":{"insertions":15,"deletions":0}}},{"hash":"4cf4c10437ce038da0ca1f49c005bcfa9ee0d8cf","isMergeCommit":false,"messageTitle":"Refactor parser class","messageBody":"","fileTypesAndContributionMap":{"txt":{"insertions":0,"deletions":4},"java":{"insertions":58,"deletions":48}}},{"hash":"555f5b832b26fc1f8537d1dc638b1d6a9a59e4fb","isMergeCommit":false,"messageTitle":"Refactor WenJigglyBot class","messageBody":"","tags":["A-CodeQuality"],"fileTypesAndContributionMap":{"java":{"insertions":22,"deletions":86}}}]},{"date":"2024-09-14","commitResults":[{"hash":"bd2768c42a343a0d4d878a9d4a994e11a84f4dfe","isMergeCommit":false,"messageTitle":"Add help command","messageBody":"","fileTypesAndContributionMap":{"java":{"insertions":3,"deletions":1}}},{"hash":"a87e0d8b6fa4597a0ffaf087bebf7ca85c9a9028","isMergeCommit":false,"messageTitle":"Add help functionality","messageBody":"","tags":["BCD-Extension"],"fileTypesAndContributionMap":{"java":{"insertions":10,"deletions":1}}},{"hash":"78b6d90a37b2e04f48a15a563ecb179b4b631ba5","isMergeCommit":true,"messageTitle":"Merge pull request #2 from wenjebs/A-Assertions","messageBody":"A assertions","fileTypesAndContributionMap":{}},{"hash":"f2891a35ff591067a42139ede5430e18c9ceb1c5","isMergeCommit":true,"messageTitle":"Resolve merge conflict by incorporating both suggestions","messageBody":"","fileTypesAndContributionMap":{}},{"hash":"a358f4a050967244070df2e8f0164a52049a9451","isMergeCommit":true,"messageTitle":"Merge pull request #3 from wenjebs/A-CodeQuality","messageBody":"A code quality","fileTypesAndContributionMap":{}},{"hash":"9588de02b78846a7e46b489bcb3168b5d0a52a16","isMergeCommit":true,"messageTitle":"Merge pull request #4 from wenjebs/BCD-Extension","messageBody":"Bcd extension","fileTypesAndContributionMap":{}}]}]},"authorFileTypeContributionMap":{"wenjebs":{"java":1145,"md":3,"fxml":43,"sh":1,"bat":3,"gradle":22,"txt":30}},"authorContributionVariance":{"wenjebs":38524.55},"authorDisplayNameMap":{"wenjebs":"CS2103T-W08-4 BEH .. JIE"}}
