{"authorDailyContributionsMap":{"muhdbhz":[{"date":"2024-08-22","commitResults":[{"hash":"3f31667433197271dc5473f6be40caf0ededa13a","isMergeCommit":false,"messageTitle":"Rename Duke.java to Moody.java","messageBody":"","tags":["Level-0"],"fileTypesAndContributionMap":{"java":{"insertions":10,"deletions":10},"bat":{"insertions":1,"deletions":1},"md":{"insertions":3,"deletions":3}}},{"hash":"60f96c865df5011d154769cc541ac84dcdf2f80b","isMergeCommit":false,"messageTitle":"Add the ability to echo user\u0027s input","messageBody":"","tags":["Level-1"],"fileTypesAndContributionMap":{"java":{"insertions":19,"deletions":4}}},{"hash":"3737f28aa7d4c8812050dfd947ecf4a6c1b0ab9a","isMergeCommit":false,"messageTitle":"Add the ability to store and return text by user","messageBody":"","tags":["Level-2"],"fileTypesAndContributionMap":{"java":{"insertions":15,"deletions":1}}},{"hash":"0d7bdc3c6e280795ffa4524021867ad50205db98","isMergeCommit":false,"messageTitle":"Add the ability to mark and unmark tasks status","messageBody":"Create a task class\n","tags":["Level-3"],"fileTypesAndContributionMap":{"java":{"insertions":47,"deletions":4}}},{"hash":"9ba9433e2a95787d41688b785671a62d498b0e79","isMergeCommit":false,"messageTitle":"Add support for tracking three types of tasks","messageBody":"Create a deadline class\nCreate an event class\nCreate a todo class\n","tags":["Level-4"],"fileTypesAndContributionMap":{"java":{"insertions":81,"deletions":8}}},{"hash":"9e0f15124b67c431e879ac3ae6111f3728105d25","isMergeCommit":false,"messageTitle":"Use the input/output redirection technique to semi-automate the testing of Duke","messageBody":"","tags":["A-TextUiTesting"],"fileTypesAndContributionMap":{"txt":{"insertions":9,"deletions":0}}}]},{"date":"2024-08-23","commitResults":[{"hash":"2b87f7237615f7ebea1c9bb46f377ffb97bf7a54","isMergeCommit":false,"messageTitle":"Add exception handling for incorrect inputs by user","messageBody":"Create a invalidcommandexception class\nCreate a taskinputexception class\nCreate a taskoutofboundsexception class\n","tags":["Level-5"],"fileTypesAndContributionMap":{"java":{"insertions":188,"deletions":74}}},{"hash":"0e4ce2c5b220bef43cd8fff34209190d1b182650","isMergeCommit":false,"messageTitle":"Add support for deleting tasks from the list","messageBody":"","tags":["Level-6"],"fileTypesAndContributionMap":{"txt":{"insertions":2,"deletions":0},"java":{"insertions":49,"deletions":25}}}]},{"date":"2024-08-29","commitResults":[{"hash":"2d84c1d49cfc9900ae604e654fa3a6d811651678","isMergeCommit":false,"messageTitle":"Add the ability to save tasks","messageBody":"","fileTypesAndContributionMap":{"java":{"insertions":91,"deletions":0}}},{"hash":"61f79f73a65e5076bb2968fb37309ce92da5685f","isMergeCommit":true,"messageTitle":"Merge branch \u0027branch-Level-7\u0027","messageBody":"","tags":["Level-7"],"fileTypesAndContributionMap":{}}]}]},"authorFileTypeContributionMap":{"muhdbhz":{"java":384,"md":3,"fxml":0,"sh":0,"bat":1,"gradle":0,"txt":11}},"authorContributionVariance":{"muhdbhz":9961.78},"authorDisplayNameMap":{"muhdbhz":"CS2103T-F11-4 MUHA..MZAH"}}
