[{"path":"README.md","fileType":"md","lines":[{"lineNumber":1,"author":{"gitId":"EyuGongYi"},"content":"# Diomon","lastModifiedDate":"2024-08-23","isFullCredit":false},{"lineNumber":2,"author":{"gitId":"-"},"content":"","lastModifiedDate":"2020-05-25","isFullCredit":false},{"lineNumber":3,"author":{"gitId":"EyuGongYi"},"content":"This is a greenfield project by Eyu Gong Yi for CS2103. It is a Chat bot program.","lastModifiedDate":"2024-08-23","isFullCredit":false}],"authorContributionMap":{"EyuGongYi":2,"-":1}},{"path":"src/main/java/Diomon.java","fileType":"java","lines":[{"lineNumber":1,"author":{"gitId":"EyuGongYi"},"content":"public class Diomon {","lastModifiedDate":"2024-08-23","isFullCredit":false},{"lineNumber":2,"author":{"gitId":"EyuGongYi"},"content":"    public static void Greeting() {","lastModifiedDate":"2024-08-23","isFullCredit":false},{"lineNumber":3,"author":{"gitId":"EyuGongYi"},"content":"        String greetingMessage \u003d \"\"\"","lastModifiedDate":"2024-08-23","isFullCredit":false},{"lineNumber":4,"author":{"gitId":"EyuGongYi"},"content":"                           ________________________________________________________________","lastModifiedDate":"2024-08-23","isFullCredit":false},{"lineNumber":5,"author":{"gitId":"EyuGongYi"},"content":"                           Hello! I\u0027m Diomon\\n","lastModifiedDate":"2024-08-23","isFullCredit":false},{"lineNumber":6,"author":{"gitId":"EyuGongYi"},"content":"                           What can I do for you?","lastModifiedDate":"2024-08-23","isFullCredit":false},{"lineNumber":7,"author":{"gitId":"EyuGongYi"},"content":"                           ","lastModifiedDate":"2024-08-23","isFullCredit":false},{"lineNumber":8,"author":{"gitId":"EyuGongYi"},"content":"                           ________________________________________________________________","lastModifiedDate":"2024-08-23","isFullCredit":false},{"lineNumber":9,"author":{"gitId":"EyuGongYi"},"content":"                           Bye. Hope to see you again soon!","lastModifiedDate":"2024-08-23","isFullCredit":false},{"lineNumber":10,"author":{"gitId":"EyuGongYi"},"content":"                           \"\"\";","lastModifiedDate":"2024-08-23","isFullCredit":false},{"lineNumber":11,"author":{"gitId":"EyuGongYi"},"content":"        System.out.println(greetingMessage);","lastModifiedDate":"2024-08-23","isFullCredit":false},{"lineNumber":12,"author":{"gitId":"EyuGongYi"},"content":"    }","lastModifiedDate":"2024-08-23","isFullCredit":false},{"lineNumber":13,"author":{"gitId":"EyuGongYi"},"content":"","lastModifiedDate":"2024-08-23","isFullCredit":false},{"lineNumber":14,"author":{"gitId":"EyuGongYi"},"content":"    public static void main(String[] args) {","lastModifiedDate":"2024-08-23","isFullCredit":false},{"lineNumber":15,"author":{"gitId":"EyuGongYi"},"content":"        Greeting();","lastModifiedDate":"2024-08-23","isFullCredit":false},{"lineNumber":16,"author":{"gitId":"EyuGongYi"},"content":"    }","lastModifiedDate":"2024-08-23","isFullCredit":false},{"lineNumber":17,"author":{"gitId":"EyuGongYi"},"content":"}","lastModifiedDate":"2024-08-23","isFullCredit":false}],"authorContributionMap":{"EyuGongYi":17}}]
