{"authorDailyContributionsMap":{"Fluffykan":[{"date":"2024-08-21","commitResults":[{"hash":"142d593092bb940112ea00c883ee5e5d5bad837d","isMergeCommit":false,"messageTitle":"level-0 complete","messageBody":"Renamed bot,\nAdded greet and exit functionality\n","fileTypesAndContributionMap":{"java":{"insertions":121,"deletions":10}}},{"hash":"77ff34536c7d1bb10bc960723a0329c17c8bfde0","isMergeCommit":false,"messageTitle":"level-0","messageBody":"chatbot will greet and exit\n","fileTypesAndContributionMap":{"java":{"insertions":12,"deletions":1}}},{"hash":"0408af639fbeb0175e05e6799b5ddd9851c44ccb","isMergeCommit":false,"messageTitle":"level-0","messageBody":"bot only greets and exits\n","fileTypesAndContributionMap":{"java":{"insertions":19,"deletions":12}}},{"hash":"1c3f00e284e3a94f96c329b430c3fd5aa5839296","isMergeCommit":false,"messageTitle":"level-1","messageBody":"slave will echo user\u0027s input\n","fileTypesAndContributionMap":{"java":{"insertions":42,"deletions":8}}},{"hash":"3701f8dee9a911fa556a87b0707bf3d5daef13df","isMergeCommit":false,"messageTitle":"level-2","messageBody":"slave can now add items to list, and list out the items in the list\n","fileTypesAndContributionMap":{"java":{"insertions":19,"deletions":9}}}]},{"date":"2024-08-22","commitResults":[{"hash":"6a0270cf2ea2c86beac714cab127762430ff59a0","isMergeCommit":false,"messageTitle":"level-3","messageBody":"slave can now mark tasks as done and not done\n","fileTypesAndContributionMap":{"java":{"insertions":85,"deletions":15}}},{"hash":"5f6e7eba5fbc5cc304669f9f33d74acee39cd256","isMergeCommit":false,"messageTitle":"level-3","messageBody":"bug fix for issue with mark and unmark function not parsing string correctly\n","fileTypesAndContributionMap":{"java":{"insertions":167,"deletions":21}}},{"hash":"de414dd2b30bb6e4a075db93fb76a326992adadf","isMergeCommit":false,"messageTitle":"level-4","messageBody":"created Todo, Deadline, Event classes\n","fileTypesAndContributionMap":{"java":{"insertions":7,"deletions":4}}}]},{"date":"2024-08-24","commitResults":[{"hash":"dec7f8e90729d6508290f6619a8a2bc3d0f2c5af","isMergeCommit":false,"messageTitle":"ATextUiTesting","messageBody":"modified runtest.bat such that it can be run successfully\n","fileTypesAndContributionMap":{"txt":{"insertions":1,"deletions":0},"java":{"insertions":0,"deletions":0},"bat":{"insertions":3,"deletions":1},"sh":{"insertions":1,"deletions":1}}},{"hash":"e4392494577b6d48c908f534d68064c9d63b54e4","isMergeCommit":false,"messageTitle":"level-6","messageBody":"delete feature implemented\n","fileTypesAndContributionMap":{"java":{"insertions":21,"deletions":0}}},{"hash":"c455ce0919d5ce02eec214e70a306c0d9bee4596","isMergeCommit":false,"messageTitle":"level-0 refactor","messageBody":"refactored code as per coding standards:\n\n* moved all files into a package\n* listed all import files instead of importing all\n* removed indentation for switch case\n","tags":["level-0"],"fileTypesAndContributionMap":{"java":{"insertions":51,"deletions":36},"bat":{"insertions":1,"deletions":1}}},{"hash":"e0dd60575c1c87591e70afa7c34310e7f18b9678","isMergeCommit":false,"messageTitle":"levels 1 through 6 refactoring","messageBody":"refactored code as per coding standards:\n\n* moved all files into a package\n* listed all import files instead of importing all\n* removed indentation for switch case\n","tags":["level-6","level-5","level-4","level-3","level-2","level-1","A-TextUiTesting"],"fileTypesAndContributionMap":{"java":{"insertions":3,"deletions":0}}}]},{"date":"2024-08-27","commitResults":[{"hash":"2af9d5877bb61b629a711eed63bea02ae9d727d7","isMergeCommit":false,"messageTitle":"level-7","messageBody":"save and load method implemented\nsave() method is called at the end of every of the following method calls:\n\n*addToList()\n*deleteTask()\n*markAsDone()\n*markAsIncomplete()\n\nload method is called at the start of the program\nin the event of a missing save file, program will skip over the load() method\n","fileTypesAndContributionMap":{"java":{"insertions":152,"deletions":8}}},{"hash":"e559057f119fb47dfd21f33bae448c2ac42b0744","isMergeCommit":false,"messageTitle":"level-7","messageBody":"bug fix for where loading of tasks from save file in previous commit\ndid not pull the full string after /from and /to for events, due to the assumption\nthat there is only one string without spacing after each identifier\n","fileTypesAndContributionMap":{"txt":{"insertions":2,"deletions":0},"java":{"insertions":92,"deletions":67}}},{"hash":"b5f28b416cb857befff8d050153c22eb630130f9","isMergeCommit":false,"messageTitle":"level-7","messageBody":"commiting in a new branch instead of on main\n","fileTypesAndContributionMap":{"txt":{"insertions":2,"deletions":0},"java":{"insertions":214,"deletions":45}}},{"hash":"832af6b5885b8c9b6621913b18d5bfa525002e80","isMergeCommit":false,"messageTitle":"post reset from wrong merge","messageBody":"","fileTypesAndContributionMap":{"java":{"insertions":1,"deletions":1}}},{"hash":"3e2b25994ee981b55629c29bc4de5896aaeb0e11","isMergeCommit":false,"messageTitle":"savefile.txt","messageBody":"commit does not affect execution of program\n","fileTypesAndContributionMap":{"txt":{"insertions":1,"deletions":0}}}]},{"date":"2024-08-28","commitResults":[{"hash":"80049138b3f372ce735cd1dcbf3b3005ca205d4e","isMergeCommit":false,"messageTitle":"undo level-7 changes","messageBody":"commented out level-7 changes\ntrying to create new branch, commit on that branch, then merge into main\n","fileTypesAndContributionMap":{"java":{"insertions":115,"deletions":115}}},{"hash":"e5a98b76e901b81291f85ba32d8efa9faa18676c","isMergeCommit":false,"messageTitle":"level-7","messageBody":"added changes required for level 7\n","fileTypesAndContributionMap":{"java":{"insertions":115,"deletions":115}}},{"hash":"0aba726faf3e8c0b9e4586f2b97d1a7a703d6c2a","isMergeCommit":false,"messageTitle":"undo level-7 changes again","messageBody":"","fileTypesAndContributionMap":{"java":{"insertions":116,"deletions":116}}},{"hash":"ce9d867794931947668ca6e8fa62fb8ea151b34f","isMergeCommit":false,"messageTitle":"level-7","messageBody":"pushing level-7 changes\n","fileTypesAndContributionMap":{"java":{"insertions":116,"deletions":116}}},{"hash":"f67e6cd27445543103530fec4bcba82c2c551dd6","isMergeCommit":false,"messageTitle":"undo level-7 changes again","messageBody":"","fileTypesAndContributionMap":{"java":{"insertions":81,"deletions":81}}},{"hash":"a465a280b77bc69374aa8d7e8850e6a4ed75cb2c","isMergeCommit":false,"messageTitle":"delete savefile.txt","messageBody":"","fileTypesAndContributionMap":{"txt":{"insertions":0,"deletions":3}}},{"hash":"95e76dfb223f2cbaff4700da7f98dbe77c293ad5","isMergeCommit":false,"messageTitle":"bug fix for toString in Event class","messageBody":"it was previously missing a space which resulted in errors when calling the load() method\n","fileTypesAndContributionMap":{"java":{"insertions":1,"deletions":1}}},{"hash":"6ad88a80463d33e78252241abc5881904021d1b3","isMergeCommit":true,"messageTitle":"Merge branch \u0027branch-Level-7\u0027","messageBody":"","tags":["level-7"],"fileTypesAndContributionMap":{}},{"hash":"922d4f458862fefa7471eef373e77feab014dee6","isMergeCommit":false,"messageTitle":"level-8","messageBody":"implemented the changes necessary for reading dates after /from, /by, and /to\n","fileTypesAndContributionMap":{"java":{"insertions":174,"deletions":99}}},{"hash":"dca131eaa0f57e7141263d7616814d112900a124","isMergeCommit":false,"messageTitle":"level-8 features complete","messageBody":"Deadline and Events now store a LocalDate instead of a String\n\nkeyword \"schedule (date in yyyy-mm-dd format)\" displays all deadlines due after the date,\nand events happening on the date\n\n\"schedule (date)\" is able to handle bad inputs, eg. \"schedule \", \"schedule\", \"schedule (date)\",\nwhere the date does not follow the format yyyy-mm-dd.\nAll bad inputs will be rejected and no Tasks will be printed\n","tags":["level-8"],"fileTypesAndContributionMap":{"java":{"insertions":47,"deletions":3}}},{"hash":"642b5985a5955ecf09387b17e54bced606fac2ce","isMergeCommit":false,"messageTitle":"undo ff merge from branch-level-8","messageBody":"","fileTypesAndContributionMap":{"java":{"insertions":217,"deletions":98}}},{"hash":"5440488e9605a1ab267f01b0680df982b0820734","isMergeCommit":false,"messageTitle":"complete doc comments for scheduleOn","messageBody":"","fileTypesAndContributionMap":{"java":{"insertions":1,"deletions":1}}},{"hash":"5eb44f1d86b41ed1298264ec94ffb02470cfbec9","isMergeCommit":true,"messageTitle":"Merge branch \u0027branch-Level-8\u0027","messageBody":"","fileTypesAndContributionMap":{}},{"hash":"dfc4fd60ac00b1dda0e8ba65ed121b9907a2fcc9","isMergeCommit":false,"messageTitle":"level-8 refactor with OOP","messageBody":"Slave methods broken down into 3 classes:\n\n*Ui\n*Storage\n*Parser\n\nfunctionality unchanged\n","fileTypesAndContributionMap":{"java":{"insertions":513,"deletions":504}}},{"hash":"47c04341abf1f47cfbbbecd6a51954895e06950c","isMergeCommit":true,"messageTitle":"Merge tag \u0027A-MoreOOP\u0027","messageBody":"","fileTypesAndContributionMap":{}},{"hash":"f3ed8617c97bc7c7d810cb9cbe847f3da9700f3a","isMergeCommit":false,"messageTitle":"bug fix","messageBody":"fix issue where new file and directory is not created if the path does not exist\n\nfix issue where \"bye\" does not terminate the program\n","fileTypesAndContributionMap":{"java":{"insertions":35,"deletions":30}}},{"hash":"4d7af56eafbeef7b0be2ee74ed2842dbd1edcbde","isMergeCommit":true,"messageTitle":"Merge branch \u0027A-MoreOOP\u0027","messageBody":"","tags":["A-Packages","A-MoreOOP"],"fileTypesAndContributionMap":{}},{"hash":"9283af2032ad46cd0787a87fc4a6d7f55c9ed165","isMergeCommit":true,"messageTitle":"Merge branch \u0027add-gradle-support\u0027","messageBody":"","fileTypesAndContributionMap":{}}]},{"date":"2024-08-30","commitResults":[{"hash":"c363006d6db2cbbe1dc7029e426474589f3a6b9c","isMergeCommit":false,"messageTitle":"Setup Gradle to be able to build and run app","messageBody":"","fileTypesAndContributionMap":{"gradle":{"insertions":2,"deletions":3},"txt":{"insertions":1,"deletions":0}}},{"hash":"48da74e7ac36620d255cc62fe0b45848272284c0","isMergeCommit":false,"messageTitle":"Create unit testing using junit","messageBody":"Create testcases for Storage and Parser classes\n\nRefactor Slave, Parser, and Ui class methods to enable unit testing on\nthe individual class methods by changing return type of some methods\nfrom void to boolean\n","fileTypesAndContributionMap":{"txt":{"insertions":7,"deletions":0},"java":{"insertions":249,"deletions":58}}},{"hash":"e0917338efbc104df53b8064b36571dd25fdaa54","isMergeCommit":true,"messageTitle":"Merge branch \u0027A-JUnit\u0027","messageBody":"","tags":["A-JUnit","A-Gradle"],"fileTypesAndContributionMap":{}}]}]},"authorFileTypeContributionMap":{"Fluffykan":{"java":787,"md":0,"fxml":0,"sh":1,"bat":4,"gradle":2,"txt":9}},"authorContributionVariance":{"Fluffykan":482706.47},"authorDisplayNameMap":{"Fluffykan":"CS2103T-W12-2 KAN ..HONG"}}
