{"authorDailyContributionsMap":{"1st2GetThisName":[{"date":"2024-08-22","commitResults":[{"hash":"0b83a5e9accb44e2ec0ade94f38e2c866a63ed95","isMergeCommit":false,"messageTitle":"Rename Duke.java to Vecrosen.java and Add greeting","messageBody":"The chatbot is named Duke and has Duke\u0027s greeting.\n\nThe chatbot needs to be distinguished from Duke.\n\nLet\u0027s change the name to Vecrosen and replace the greetings.\n","tags":["Level-0"],"fileTypesAndContributionMap":{"java":{"insertions":6,"deletions":10},"bat":{"insertions":1,"deletions":1},"md":{"insertions":3,"deletions":3}}},{"hash":"0b795bca317d2964f5704144a66ae0b295ea5570","isMergeCommit":false,"messageTitle":"Add indentation and echoing","messageBody":"Vecrosen does not do anything other than greet the user.\nVecrosen\u0027s text is difficult to differentiate from the user\u0027s.\n\nLet\u0027s make the chatbot parrot the user and add 4 spaces before\nanything Vecrosen\u0027s says.\n\nAlso, apparently the class name within the Vecrosen.java only got\nrefactored now? Visual Studio\u0027s being weird.\n","fileTypesAndContributionMap":{"java":{"insertions":18,"deletions":3}}},{"hash":"51b044cc71a027c286e0311badd4115a7e9b3a8a","isMergeCommit":false,"messageTitle":"Add special input: \"bye\"","messageBody":"Vecrosen has no way of terminating naturally.\n\nLet\u0027s allow the user to end the interaction by entering \"bye\".\n","tags":["Level-1"],"fileTypesAndContributionMap":{"java":{"insertions":2,"deletions":1}}},{"hash":"0dc299ec742df161b677bca599233df2d7dc5641","isMergeCommit":false,"messageTitle":"Add special input: \"list\"","messageBody":"Vecrosen is still lacking in functionality.\n\nLet\u0027s add a function for Vecrosen to output a list of items.\n","fileTypesAndContributionMap":{"java":{"insertions":14,"deletions":1}}},{"hash":"c2e73f9006bd61958de07f1be09565d10c966872","isMergeCommit":false,"messageTitle":"Add support for updating the list","messageBody":"The list that Vecrosen provides is static.\nThe speak() function doesn\u0027t allow text to be added before custom\ninputs without using string concatenation.\n\nIf the user\u0027s input is large, string concatenation would have a large\ntime complexity, even if the string we wish to add is short.\n\nLet\u0027s add anything the user says to the list and update speak() to\naccept a prefix which is printed before the text.\n","tags":["Level-2"],"fileTypesAndContributionMap":{"java":{"insertions":9,"deletions":10}}},{"hash":"a141c3abff28f676628da9edc1eecce3df72199e","isMergeCommit":false,"messageTitle":"Add state: \"done\"","messageBody":"The items in the list cannot be modified after being added.\n\nLet\u0027s add a boolean to each list item to represent whether it has been\ncompleted, and update the output of \"list\" to show if it has.\n","fileTypesAndContributionMap":{"java":{"insertions":5,"deletions":2}}}]},{"date":"2024-08-23","commitResults":[{"hash":"8093123c37b95d1b85fe3b570b485dd9af88f381","isMergeCommit":false,"messageTitle":"Add special input: \"mark X\"","messageBody":"The \"done\" variable has no functionality, it instead alternates\nvalue on creation.\n\nLet\u0027s instead allow users to manually mark tasks as done by\nspecifying the index of the desired task after the word \"mark\".\n","fileTypesAndContributionMap":{"java":{"insertions":10,"deletions":2}}},{"hash":"532389424992b6d58b9308db892bc9287f6960a7","isMergeCommit":false,"messageTitle":"Change implementation of tasks to being their own objects","messageBody":"The list of tasks is stored as an arraylist of strings and an\narraylist of booleans.\n\nAs the functionality of tasks is expected to grow, it is better\nto treat each task as an object moving forward.\n\nLet\u0027s create a Task class and update the implementation to\nutilize it.\n","fileTypesAndContributionMap":{"java":{"insertions":34,"deletions":15}}},{"hash":"d166b6a1e4c234592dccf2242c8d71b5d92ce2eb","isMergeCommit":false,"messageTitle":"Add special input: \"unmark X\" and fix numbering bug","messageBody":"Tasks, once marked as complete, could not be unmarked.\nThe numbering started at 46 instead of having a period\nadded after the number.\n\nLet\u0027s add the command unmark and fix the aforementioned bug.\n","tags":["Level-3"],"fileTypesAndContributionMap":{"java":{"insertions":8,"deletions":1}}},{"hash":"cb113762adddc6dd8714c9d385b8788c4ab8fb6e","isMergeCommit":false,"messageTitle":"Add the ability to specify task types","messageBody":"All non-special input is treated as a task, hence only one\nkind of task exists.\n\nLet\u0027s allow the user to specify the type of task with the first word.\n","fileTypesAndContributionMap":{"java":{"insertions":19,"deletions":2}}},{"hash":"1f8dddd6d9b65e5e52a0551b3495798fc44974e2","isMergeCommit":false,"messageTitle":"Add support for Deadlines and Events","messageBody":"Deadlines and Events are just tasks with details appended to\nthe back of their descriptions.\n\nLet\u0027s make subclasses of Task so that the details can be stored\nin variables.\n","tags":["Level-4","A-TextUiTesting"],"fileTypesAndContributionMap":{"java":{"insertions":32,"deletions":3}}},{"hash":"2f24d9269142b2e992fcfa9440f7d7c019fc4677","isMergeCommit":false,"messageTitle":"Add minor error handling","messageBody":"When Vecrosen receives input in an invalid format, it does\nnot inform the user of how to properly use the command.\n\nLet\u0027s add explanations as to how to use each command.\n","tags":["Level-5"],"fileTypesAndContributionMap":{"java":{"insertions":25,"deletions":1}}},{"hash":"01c7cc1c08564494c708cf495a23382b5333d892","isMergeCommit":false,"messageTitle":"Add special input: \"delete\"","messageBody":"Users have no way of deleting tasks once they have been added to the list,\nthey could only mark them as complete.\n\nLet\u0027s add a delete function to allow users to delete tasks.\n","tags":["Level-6"],"fileTypesAndContributionMap":{"java":{"insertions":14,"deletions":2}}},{"hash":"cd9d868a815f9acd3af16fe84771ac606ee089a0","isMergeCommit":false,"messageTitle":"Add testcase for automated text-UI testing","messageBody":"Testing has to be done manually.\n\nLet\u0027s add a testcase so that the supplied runtest files can be used.\n","fileTypesAndContributionMap":{"txt":{"insertions":14,"deletions":0}}},{"hash":"962f506cbefe52de33c43f89056c7fec2b893d84","isMergeCommit":false,"messageTitle":"Fix bugs with the greeting and testcase","messageBody":"","fileTypesAndContributionMap":{"java":{"insertions":2,"deletions":1}}},{"hash":"14ce5545f26e0270dd269703e1b3625d427ed1bf","isMergeCommit":false,"messageTitle":"Fix bugs regarding Scanner","messageBody":"Scanner is initialized within the while(true) loop.\n\nHence, a new instance of Scanner is made on each loop.\n\nLet\u0027s move Scanner out of the while loop.\n\n(Also, fixed a typo)\n","fileTypesAndContributionMap":{"java":{"insertions":2,"deletions":2}}}]}]},"authorFileTypeContributionMap":{"1st2GetThisName":{"java":154,"md":3,"fxml":0,"sh":0,"bat":1,"gradle":0,"txt":14}},"authorContributionVariance":{"1st2GetThisName":4247.6875},"authorDisplayNameMap":{"1st2GetThisName":"TAN ..RIEL"}}
