{"authorDailyContributionsMap":{"TerenceWongsExtravaganza":[{"date":"2024-08-21","commitResults":[{"hash":"f9ee3b3ffb77d2334f1b590b9b855d2ba1c7705e","isMergeCommit":false,"messageTitle":"completed level 1","messageBody":"","tags":["Level-1","Level-0"],"fileTypesAndContributionMap":{"java":{"insertions":25,"deletions":10}}},{"hash":"a928d1668604d3b0dae1cd2e05a7f1ed4ba58029","isMergeCommit":false,"messageTitle":"completed level 2","messageBody":"","tags":["Level-2"],"fileTypesAndContributionMap":{"java":{"insertions":14,"deletions":2}}},{"hash":"09338a79627ae58cb01469237b9eb029a7807235","isMergeCommit":false,"messageTitle":"completed level 3","messageBody":"","tags":["Level-3"],"fileTypesAndContributionMap":{"java":{"insertions":46,"deletions":8}}},{"hash":"73c20eb31045c77206e8e457e16d91bff0e39272","isMergeCommit":false,"messageTitle":"completed level 4","messageBody":"","tags":["Level-4"],"fileTypesAndContributionMap":{"java":{"insertions":46,"deletions":3}}}]},{"date":"2024-08-22","commitResults":[{"hash":"2889fbca8493037d531e80ebdc224ae6d6811c52","isMergeCommit":false,"messageTitle":"ui tests","messageBody":"","tags":["A-TextUiTesting"],"fileTypesAndContributionMap":{"txt":{"insertions":9,"deletions":0},"java":{"insertions":2,"deletions":2},"bat":{"insertions":1,"deletions":1}}},{"hash":"de08704b9000a6c714dfbb354c3636497bec20f4","isMergeCommit":false,"messageTitle":"completed level 5","messageBody":"","tags":["Level-5"],"fileTypesAndContributionMap":{"java":{"insertions":88,"deletions":31}}},{"hash":"47273f6034df3aa75a7cc0d83e61137e7a69c5fc","isMergeCommit":false,"messageTitle":"completed level 6","messageBody":"","tags":["Level-6"],"fileTypesAndContributionMap":{"java":{"insertions":21,"deletions":5}}}]},{"date":"2024-08-26","commitResults":[{"hash":"e4fea0f5605b661437cfa8e7dbf56d9907461e61","isMergeCommit":false,"messageTitle":"Add feature to read from tasks.txt","messageBody":"","fileTypesAndContributionMap":{"txt":{"insertions":3,"deletions":0},"java":{"insertions":31,"deletions":1}}},{"hash":"2e37a754a5ee48141e4c722f73a03407c494dbd2","isMergeCommit":false,"messageTitle":"Add feature to write onto tasks.txt","messageBody":"","fileTypesAndContributionMap":{"txt":{"insertions":3,"deletions":3},"java":{"insertions":75,"deletions":28}}},{"hash":"19070e159cc532b7745833f932ae70995e466ac9","isMergeCommit":false,"messageTitle":"Add Storage class for future use","messageBody":"","tags":["Level-7"],"fileTypesAndContributionMap":{"java":{"insertions":6,"deletions":0}}}]},{"date":"2024-08-27","commitResults":[{"hash":"90f4c50b11802f0364ce560bde483ab834c30fa2","isMergeCommit":false,"messageTitle":"Refactor code into different methods","messageBody":"","fileTypesAndContributionMap":{"txt":{"insertions":1,"deletions":0},"java":{"insertions":170,"deletions":134}}},{"hash":"793be0e4e989389a1d56cdeb94d47486fdce7bde","isMergeCommit":false,"messageTitle":"Change Deadline and Event class to separate out dates","messageBody":"","fileTypesAndContributionMap":{"java":{"insertions":24,"deletions":10}}},{"hash":"a247ebba7f4e3f16abacc1d55c48501ccfd5c2cf","isMergeCommit":false,"messageTitle":"Add feature to format dates","messageBody":"","tags":["Level-8"],"fileTypesAndContributionMap":{"txt":{"insertions":1,"deletions":0},"java":{"insertions":45,"deletions":32}}},{"hash":"928fb6a50bf5b2b328ae01a268aae15708133e3b","isMergeCommit":false,"messageTitle":"Made code more OOP by splitting in classes","messageBody":"","tags":["A-MoreOOP"],"fileTypesAndContributionMap":{"txt":{"insertions":2,"deletions":1},"java":{"insertions":302,"deletions":195}}},{"hash":"f4fafd82a95d90543e5c8306ee40b55cb2cc697f","isMergeCommit":false,"messageTitle":"Refactor code into packages","messageBody":"","tags":["A-Packages"],"fileTypesAndContributionMap":{"java":{"insertions":43,"deletions":6},"bat":{"insertions":1,"deletions":1}}},{"hash":"84b30eed3aecfac1adb19ad5afcaac602f59d7d2","isMergeCommit":true,"messageTitle":"Merge branch \u0027add-gradle-support\u0027","messageBody":"","fileTypesAndContributionMap":{}},{"hash":"329ccb2fac6991b01c012dcfc8cecf7a14bebd76","isMergeCommit":false,"messageTitle":"Add gradle","messageBody":"","tags":["A-Gradle"],"fileTypesAndContributionMap":{"gradle":{"insertions":1,"deletions":1}}},{"hash":"6b478e0e3645f453695ec48d9129c2df3cdd1256","isMergeCommit":false,"messageTitle":"Add test for Deadline and Todo class","messageBody":"","tags":["A-JUnit"],"fileTypesAndContributionMap":{"java":{"insertions":57,"deletions":0}}},{"hash":"08b9ff947e5c363a46968a518e9a1cb4bbd19830","isMergeCommit":false,"messageTitle":"Update build.gradle for Jar build","messageBody":"","tags":["A-Jar"],"fileTypesAndContributionMap":{"gradle":{"insertions":1,"deletions":1}}},{"hash":"8fc99f1d7446fe5b7f37f6ea8b9c40c135d142e0","isMergeCommit":false,"messageTitle":"Add JavaDocs to Parser and UI class","messageBody":"","fileTypesAndContributionMap":{"java":{"insertions":69,"deletions":2}}}]},{"date":"2024-09-02","commitResults":[{"hash":"0a638c14cdd9b503b9a425b5a0a05029e13df85e","isMergeCommit":false,"messageTitle":"Add javadocs to public method and classes","messageBody":"","fileTypesAndContributionMap":{"java":{"insertions":117,"deletions":4}}},{"hash":"a91a26d1f1828a2ab720c7113d951e3fb89ccc05","isMergeCommit":false,"messageTitle":"Fix coding standard for certain classes","messageBody":"","fileTypesAndContributionMap":{"java":{"insertions":35,"deletions":33}}},{"hash":"0b3dbe79ebc1f26eda404a519e2ef5e8c506c605","isMergeCommit":false,"messageTitle":"Fix parser bug","messageBody":"","fileTypesAndContributionMap":{"java":{"insertions":5,"deletions":0}}},{"hash":"b38491e5accee87b28b4177dedae5eba7180c66d","isMergeCommit":false,"messageTitle":"Fix to coding standard","messageBody":"","fileTypesAndContributionMap":{"java":{"insertions":48,"deletions":37}}},{"hash":"151a1aa48e3e3007949dda00c20e5f5d89295177","isMergeCommit":false,"messageTitle":"Add message for unmarking","messageBody":"","fileTypesAndContributionMap":{"java":{"insertions":8,"deletions":1}}},{"hash":"318f54bc3c09213c1a6667c159ef019d1f5ec833","isMergeCommit":false,"messageTitle":"Add find function","messageBody":"","fileTypesAndContributionMap":{"java":{"insertions":26,"deletions":0}}},{"hash":"4fdebd006d5d53cc2909b10551942ac2693329c0","isMergeCommit":false,"messageTitle":"Revert \"Add find function\"","messageBody":"This reverts commit 318f54bc3c09213c1a6667c159ef019d1f5ec833.\n","fileTypesAndContributionMap":{"java":{"insertions":0,"deletions":26}}},{"hash":"44265d115968ed7b3b693c178bcbe138a619aeb6","isMergeCommit":false,"messageTitle":"Add find feature","messageBody":"","tags":["Level-9"],"fileTypesAndContributionMap":{"java":{"insertions":25,"deletions":1}}},{"hash":"2a09c7708d74ce11ce5286f65f438b494b36f6fc","isMergeCommit":true,"messageTitle":"Merge branch \u0027branch-A-JavaDoc\u0027","messageBody":"# Conflicts:\n#\tsrc/main/java/main/Parser.java\n#\tsrc/main/java/main/TaskList.java\n","tags":["A-JavaDoc"],"fileTypesAndContributionMap":{}},{"hash":"fa0d38fe90e7d189a5dc3a4b08318ed57719ce1e","isMergeCommit":true,"messageTitle":"Merge branch \u0027branch-CodingStandard\u0027","messageBody":"# Conflicts:\n#\tsrc/main/java/main/Parser.java\n#\tsrc/main/java/main/TaskList.java\n#\tsrc/main/java/main/Ui.java\n","tags":["A-CodingStandard"],"fileTypesAndContributionMap":{}}]},{"date":"2024-09-04","commitResults":[{"hash":"731147ff6d7b513bdc887464be8af5c4e0f5ee21","isMergeCommit":false,"messageTitle":"Add checkstyles","messageBody":"","tags":["A-CheckStyle"],"fileTypesAndContributionMap":{"gradle":{"insertions":5,"deletions":0}}}]},{"date":"2024-09-06","commitResults":[{"hash":"4eef0ece04363be484bda0a7cc0c8c0d64ab9a30","isMergeCommit":false,"messageTitle":"Add JavaFX gui and modularise commands","messageBody":"","fileTypesAndContributionMap":{"gradle":{"insertions":15,"deletions":1},"txt":{"insertions":2,"deletions":0},"fxml":{"insertions":41,"deletions":0},"java":{"insertions":464,"deletions":100}}},{"hash":"7d3f6bf7285162d7d018b69dcdd969abc5219de5","isMergeCommit":true,"messageTitle":"Merge branch \u0027branch-Level-10\u0027","messageBody":"","tags":["Level-10"],"fileTypesAndContributionMap":{}}]},{"date":"2024-09-13","commitResults":[{"hash":"72766b565dcbaa019e0a87a0294842a9fd37227f","isMergeCommit":false,"messageTitle":"Fix checkstyle errors","messageBody":"","fileTypesAndContributionMap":{"java":{"insertions":80,"deletions":31}}},{"hash":"38b4803862db3d27828cff3ecf976f45686b8b7d","isMergeCommit":false,"messageTitle":"Implement assertion to multiple classes","messageBody":"Most adds assertion to different command class to make sure\ncommands are valid\n\nAssertion added to parser class to prevent invalid inputs\n","fileTypesAndContributionMap":{"java":{"insertions":89,"deletions":7}}},{"hash":"cf1b794610ecd56489a44c2c895a50bfcafd0e14","isMergeCommit":false,"messageTitle":"Refactor code in Storage and TaskList class for better readability","messageBody":"","fileTypesAndContributionMap":{"java":{"insertions":58,"deletions":42}}},{"hash":"cf2571e6e09045bb50646dcd6823f7066f10e035","isMergeCommit":true,"messageTitle":"Merge pull request #1 from TerenceWongsExtravaganza/branch-A-Assertions","messageBody":"Implement assertion to multiple classes","tags":["A-Assertions"],"fileTypesAndContributionMap":{}},{"hash":"3327d20d0d63db57bfd035468cb21279e1428d3e","isMergeCommit":true,"messageTitle":"Merge branch \u0027master\u0027 into branch-A-CodeQuality","messageBody":"# Conflicts:\n#\tsrc/main/java/main/TaskList.java\n","fileTypesAndContributionMap":{}},{"hash":"16d4795ab140db7936983c5ed494eb66d3c2410d","isMergeCommit":false,"messageTitle":"Enhance code quality of several command class","messageBody":"Add description of what method does and restructured code for\nbetter readability\n\nDeleted Some redundant code\n","fileTypesAndContributionMap":{"java":{"insertions":18,"deletions":4}}},{"hash":"cb26ffc75cfde49b6dcf119ff83b15d64ce6e8ce","isMergeCommit":true,"messageTitle":"Merge pull request #2 from TerenceWongsExtravaganza/branch-A-CodeQuality","messageBody":"Branch a code quality","tags":["A-CodeQuality"],"fileTypesAndContributionMap":{}}]},{"date":"2024-09-14","commitResults":[{"hash":"7f55b1a570206a2b0b3cd774c9dfbd342d6becb7","isMergeCommit":false,"messageTitle":"Add C-Update to IP","messageBody":"Allows updating details of different task type, such as\ndeadline for Deadline task and start/end date\nfor Event task\n","fileTypesAndContributionMap":{"txt":{"insertions":1,"deletions":1},"java":{"insertions":145,"deletions":0}}}]}]},"authorFileTypeContributionMap":{"TerenceWongsExtravaganza":{"java":1417,"md":0,"fxml":41,"sh":0,"bat":1,"gradle":21,"txt":17}},"authorContributionVariance":{"TerenceWongsExtravaganza":54231.273},"authorDisplayNameMap":{"TerenceWongsExtravaganza":"CS2103T-F14b-1 TERE.. WEN"}}
