{"authorDailyContributionsMap":{"arnav-goel10":[{"date":"2024-08-21","commitResults":[{"hash":"204335f96d18274b555c6fe93c6c334ff1dd2855","isMergeCommit":false,"messageTitle":"Changed Duke to Darkpool","messageBody":"","fileTypesAndContributionMap":{"java":{"insertions":9,"deletions":10}}},{"hash":"ae971ef610ad2dedd3e8154940899a9d02d25241","isMergeCommit":false,"messageTitle":"Change text colour","messageBody":"","tags":["Level-1"],"fileTypesAndContributionMap":{"java":{"insertions":24,"deletions":5}}},{"hash":"33f63efd3991ca4b40942d56ff3e3cc1558c9e2b","isMergeCommit":false,"messageTitle":"Add echo","messageBody":"","tags":["Level-2"],"fileTypesAndContributionMap":{"java":{"insertions":3,"deletions":1}}},{"hash":"406cb75239ae45b80084af5869eb5cff8d1142f8","isMergeCommit":false,"messageTitle":"Save user data","messageBody":"","fileTypesAndContributionMap":{"java":{"insertions":14,"deletions":2}}},{"hash":"97e077042e2869e00f90d3a684e9680c5686e4df","isMergeCommit":false,"messageTitle":"Add task class","messageBody":"","fileTypesAndContributionMap":{"java":{"insertions":22,"deletions":0}}},{"hash":"f2946842840085a1079553fbf7cf08bf93b4d500","isMergeCommit":false,"messageTitle":"Add isDone to task","messageBody":"","fileTypesAndContributionMap":{"java":{"insertions":1,"deletions":2}}},{"hash":"69623ee5c10fad856ae2b2ddf842d32890c0adbe","isMergeCommit":false,"messageTitle":"Fix Task toString","messageBody":"","tags":["Level-3"],"fileTypesAndContributionMap":{"java":{"insertions":1,"deletions":1}}},{"hash":"313dbd484582ab8619ac8f6e4ffbaa3bb9a8ccae","isMergeCommit":false,"messageTitle":"Implement Task in Darkpool","messageBody":"","fileTypesAndContributionMap":{"java":{"insertions":20,"deletions":8}}},{"hash":"051138ed9a40ed0dbe76ea8ba48b52eb30b7c962","isMergeCommit":false,"messageTitle":"Update Readme","messageBody":"","fileTypesAndContributionMap":{"md":{"insertions":32,"deletions":6}}},{"hash":"367333fe9d77cfa4eb18f45ef9e2e35e0ac2d53d","isMergeCommit":false,"messageTitle":"Update Readme again","messageBody":"","fileTypesAndContributionMap":{"md":{"insertions":2,"deletions":2}}},{"hash":"0eee5deaf050655cd1f99653b5cc0dc43626e60d","isMergeCommit":false,"messageTitle":"Update Readme again","messageBody":"","fileTypesAndContributionMap":{"md":{"insertions":42,"deletions":32}}},{"hash":"bcffaf16be49bf9a45f43aaae6c77fc51c80666c","isMergeCommit":false,"messageTitle":"Add Todo class","messageBody":"","fileTypesAndContributionMap":{"java":{"insertions":11,"deletions":0}}},{"hash":"65ea9ffaf0789867418bf7c9f23bf1612081d1a8","isMergeCommit":false,"messageTitle":"Add Deadline class","messageBody":"","fileTypesAndContributionMap":{"java":{"insertions":14,"deletions":0}}},{"hash":"1553cfc5d495a2e628700188638d88553fedb21e","isMergeCommit":false,"messageTitle":"Add event class","messageBody":"","fileTypesAndContributionMap":{"java":{"insertions":16,"deletions":0}}},{"hash":"f161c1fff54dfcf3c2df79efab22c545177cb7c2","isMergeCommit":false,"messageTitle":"Made Task class abstract","messageBody":"","tags":["Level-4"],"fileTypesAndContributionMap":{"java":{"insertions":2,"deletions":4}}},{"hash":"fce9d87c63e5d888a9bc4b067f6d1a8858b04ac2","isMergeCommit":false,"messageTitle":"Implement todo, task and deadline in Darkpool","messageBody":"","fileTypesAndContributionMap":{"java":{"insertions":35,"deletions":12}}},{"hash":"d973877a8dd86cf92cf318b9adaea243e012c426","isMergeCommit":false,"messageTitle":"Error with expected.txt","messageBody":"","fileTypesAndContributionMap":{"txt":{"insertions":0,"deletions":0}}},{"hash":"6fc5e5da5bb813d2d4a53b271f1b453da16ffda3","isMergeCommit":false,"messageTitle":"Test","messageBody":"","tags":["Level-5"],"fileTypesAndContributionMap":{"sh":{"insertions":3,"deletions":3}}}]},{"date":"2024-08-23","commitResults":[{"hash":"80106ff6b01ec5f2f61cd1e7fa49ca31532af36d","isMergeCommit":false,"messageTitle":"Handle Errors","messageBody":"","fileTypesAndContributionMap":{"txt":{"insertions":0,"deletions":0},"java":{"insertions":154,"deletions":50}}},{"hash":"7752aae0f4490d0286d8fd7a99b3576c47011b38","isMergeCommit":false,"messageTitle":"Error handle","messageBody":"","fileTypesAndContributionMap":{"java":{"insertions":7,"deletions":2}}},{"hash":"a75263d96dad9687c4cd51a93a2e2aec1a5cbfa1","isMergeCommit":false,"messageTitle":"Add space","messageBody":"","tags":["A-TextUiTesting"],"fileTypesAndContributionMap":{"java":{"insertions":2,"deletions":2}}}]},{"date":"2024-08-28","commitResults":[{"hash":"2e08461024a5774e6c6808f546dda6be00e5d81f","isMergeCommit":false,"messageTitle":"A-TextUiTesting","messageBody":"","tags":["Level-7"],"fileTypesAndContributionMap":{"txt":{"insertions":13,"deletions":0},"bat":{"insertions":1,"deletions":1},"sh":{"insertions":2,"deletions":2}}}]},{"date":"2024-08-29","commitResults":[{"hash":"11db6c2c21750df1120994c3f2cb25be41e2dc88","isMergeCommit":false,"messageTitle":"Add save","messageBody":"","fileTypesAndContributionMap":{"txt":{"insertions":12,"deletions":0},"java":{"insertions":145,"deletions":8}}},{"hash":"896019e939d1fde1e90f818666f2aac64381fd80","isMergeCommit":true,"messageTitle":"Merge branch-level-7","messageBody":"","tags":["Level-8"],"fileTypesAndContributionMap":{}},{"hash":"ca7e3f2236d551e5c38f79125bb97767b2c7de7e","isMergeCommit":false,"messageTitle":"Implement Date in Event and Deadline","messageBody":"","fileTypesAndContributionMap":{"txt":{"insertions":0,"deletions":12},"java":{"insertions":53,"deletions":35}}},{"hash":"810634fa9fcdf0c491ee1d38af1a36ea5be9e159","isMergeCommit":true,"messageTitle":"Merge with branch-level-8","messageBody":"","fileTypesAndContributionMap":{}}]},{"date":"2024-08-30","commitResults":[{"hash":"b2fbe33542dab7cf1d965c0d893fcebbffb3d255","isMergeCommit":false,"messageTitle":"OOP","messageBody":"","fileTypesAndContributionMap":{"txt":{"insertions":4,"deletions":0},"java":{"insertions":505,"deletions":304}}},{"hash":"8ccb97f514575cf97fa5d69583933ea5981be038","isMergeCommit":true,"messageTitle":"Implement OOP","messageBody":"","tags":["A-MoreOOP"],"fileTypesAndContributionMap":{}},{"hash":"76eab0ac9f36f481ee4f7414cc74bb2dae870df6","isMergeCommit":false,"messageTitle":"Made Packages","messageBody":"","tags":["A-Packages"],"fileTypesAndContributionMap":{"txt":{"insertions":1,"deletions":4},"java":{"insertions":112,"deletions":33}}},{"hash":"289a4a39f86d6af5bc20f18995c0f2c8e77ba54f","isMergeCommit":true,"messageTitle":"Merge Gradle","messageBody":"","fileTypesAndContributionMap":{}},{"hash":"183f15503b4808c4ab4f93220da8a68dda1c74aa","isMergeCommit":false,"messageTitle":"Add J-Unit","messageBody":"","tags":["Level-6","A-JUnit"],"fileTypesAndContributionMap":{"txt":{"insertions":1,"deletions":0},"java":{"insertions":327,"deletions":56}}}]},{"date":"2024-09-02","commitResults":[{"hash":"8d98d812e00eed42f497a0ef7ccb88dab0cf1123","isMergeCommit":false,"messageTitle":"Level-6","messageBody":"","tags":["A-Gradle"],"fileTypesAndContributionMap":{"java":{"insertions":0,"deletions":1}}},{"hash":"533a41c8f26df9e9d1ed6df904240da2d51c694a","isMergeCommit":false,"messageTitle":"Merge gradle branch","messageBody":"","fileTypesAndContributionMap":{"java":{"insertions":1,"deletions":0}}},{"hash":"84e7247f924294df1d3da0e450938837b1183b30","isMergeCommit":false,"messageTitle":"Fix ClassName","messageBody":"","tags":["A-JavaDoc","A-Jar"],"fileTypesAndContributionMap":{"gradle":{"insertions":3,"deletions":2},"txt":{"insertions":2,"deletions":1}}},{"hash":"fd9ed5f30f8232063df198e424f32392a22a43db","isMergeCommit":false,"messageTitle":"Add javadocs","messageBody":"","fileTypesAndContributionMap":{"java":{"insertions":421,"deletions":30}}},{"hash":"6965751904b1b37bf338b4728a9a721603c07343","isMergeCommit":false,"messageTitle":"Add javadocs","messageBody":"","fileTypesAndContributionMap":{"txt":{"insertions":3,"deletions":1},"java":{"insertions":4,"deletions":4}}},{"hash":"86bd92b5b0d443778892898e6c6bee18909190e6","isMergeCommit":true,"messageTitle":"Add javadocs","messageBody":"","fileTypesAndContributionMap":{}},{"hash":"df5584d6a055e08105556057e5bb2ac3a4e6d72a","isMergeCommit":false,"messageTitle":"Fix coding standard","messageBody":"","tags":["A-CodingStandard"],"fileTypesAndContributionMap":{"java":{"insertions":106,"deletions":81}}},{"hash":"9a4d7aaa3424c662a4eb9e5b7227ab7c5720ad31","isMergeCommit":true,"messageTitle":"Merge master with coding standard","messageBody":"","fileTypesAndContributionMap":{}}]},{"date":"2024-09-03","commitResults":[{"hash":"45fd141205e123e587e53fca603cc96e7b3a06ab","isMergeCommit":false,"messageTitle":"Change method name","messageBody":"","tags":["Level-9"],"fileTypesAndContributionMap":{"java":{"insertions":18,"deletions":18}}},{"hash":"60c134a1b3af4f5d6eb0aa0ccc88382c187f82c2","isMergeCommit":false,"messageTitle":"Implement find command","messageBody":"","tags":["A-Jar-0.2"],"fileTypesAndContributionMap":{"txt":{"insertions":0,"deletions":4},"java":{"insertions":79,"deletions":12}}},{"hash":"5bd9269889d9bf7d24c5d909b3e2d7719c522050","isMergeCommit":false,"messageTitle":"Update method name","messageBody":"","fileTypesAndContributionMap":{"java":{"insertions":2,"deletions":2}}}]},{"date":"2024-09-05","commitResults":[{"hash":"84a10e8592ea5d0456c9ab932f1bceb1f7b92826","isMergeCommit":false,"messageTitle":"Fix checkstyle errors","messageBody":"","tags":["A-CheckStyle"],"fileTypesAndContributionMap":{"txt":{"insertions":0,"deletions":3},"java":{"insertions":133,"deletions":78},"md":{"insertions":5,"deletions":5}}},{"hash":"62b6378c3a19e87880f7727981b2e69a598123e2","isMergeCommit":false,"messageTitle":"Fix","messageBody":"","fileTypesAndContributionMap":{"java":{"insertions":1,"deletions":0}}}]}]},"authorFileTypeContributionMap":{"arnav-goel10":{"java":1491,"md":49,"fxml":0,"sh":1,"bat":1,"gradle":3,"txt":11}},"authorContributionVariance":{"arnav-goel10":98176.2},"authorDisplayNameMap":{"arnav-goel10":"CS2103T-T13-2 GOEL..RNAV"}}
