[{"path":"data/maxine.txt","fileType":"txt","lines":[{"lineNumber":1,"author":{"gitId":"gabriellegtw"},"content":"T / 1 / leetcode","lastModifiedDate":"2024-08-29","isFullCredit":false},{"lineNumber":2,"author":{"gitId":"gabriellegtw"},"content":"D / 0 / project /  tomorrow","lastModifiedDate":"2024-08-29","isFullCredit":false},{"lineNumber":3,"author":{"gitId":"gabriellegtw"},"content":"E / 0 / group discussion /  today /  tomorrow","lastModifiedDate":"2024-08-29","isFullCredit":false}],"authorContributionMap":{"gabriellegtw":3}},{"path":"src/main/java/FileClass.java","fileType":"java","lines":[{"lineNumber":1,"author":{"gitId":"gabriellegtw"},"content":"import java.io.File;","lastModifiedDate":"2024-08-28","isFullCredit":false},{"lineNumber":2,"author":{"gitId":"gabriellegtw"},"content":"","lastModifiedDate":"2024-08-28","isFullCredit":false},{"lineNumber":3,"author":{"gitId":"gabriellegtw"},"content":"public class FileClass {","lastModifiedDate":"2024-08-28","isFullCredit":false},{"lineNumber":4,"author":{"gitId":"gabriellegtw"},"content":"    public static void main(String[] args) {","lastModifiedDate":"2024-08-28","isFullCredit":false},{"lineNumber":5,"author":{"gitId":"gabriellegtw"},"content":"        File f \u003d new File(\"data/maxine.txt\");","lastModifiedDate":"2024-08-28","isFullCredit":false},{"lineNumber":6,"author":{"gitId":"gabriellegtw"},"content":"        System.out.println(\"full path: \" + f.getAbsolutePath());","lastModifiedDate":"2024-08-28","isFullCredit":false},{"lineNumber":7,"author":{"gitId":"gabriellegtw"},"content":"        System.out.println(\"file exists?: \" + f.exists());","lastModifiedDate":"2024-08-28","isFullCredit":false},{"lineNumber":8,"author":{"gitId":"gabriellegtw"},"content":"        System.out.println(\"is Directory?: \" + f.isDirectory());","lastModifiedDate":"2024-08-28","isFullCredit":false},{"lineNumber":9,"author":{"gitId":"gabriellegtw"},"content":"    }","lastModifiedDate":"2024-08-28","isFullCredit":false},{"lineNumber":10,"author":{"gitId":"gabriellegtw"},"content":"}","lastModifiedDate":"2024-08-28","isFullCredit":false}],"authorContributionMap":{"gabriellegtw":10}},{"path":"src/main/java/FileReading.java","fileType":"java","lines":[{"lineNumber":1,"author":{"gitId":"gabriellegtw"},"content":"import task.Task;","lastModifiedDate":"2024-08-29","isFullCredit":false},{"lineNumber":2,"author":{"gitId":"gabriellegtw"},"content":"","lastModifiedDate":"2024-08-29","isFullCredit":false},{"lineNumber":3,"author":{"gitId":"gabriellegtw"},"content":"import java.io.File;","lastModifiedDate":"2024-08-28","isFullCredit":false},{"lineNumber":4,"author":{"gitId":"gabriellegtw"},"content":"import java.io.FileNotFoundException;","lastModifiedDate":"2024-08-28","isFullCredit":false},{"lineNumber":5,"author":{"gitId":"gabriellegtw"},"content":"import java.util.Scanner;","lastModifiedDate":"2024-08-28","isFullCredit":false},{"lineNumber":6,"author":{"gitId":"gabriellegtw"},"content":"import java.util.ArrayList;","lastModifiedDate":"2024-08-28","isFullCredit":false},{"lineNumber":7,"author":{"gitId":"gabriellegtw"},"content":"","lastModifiedDate":"2024-08-28","isFullCredit":false},{"lineNumber":8,"author":{"gitId":"gabriellegtw"},"content":"public class FileReading {","lastModifiedDate":"2024-08-28","isFullCredit":false},{"lineNumber":9,"author":{"gitId":"gabriellegtw"},"content":"    ","lastModifiedDate":"2024-08-28","isFullCredit":false},{"lineNumber":10,"author":{"gitId":"gabriellegtw"},"content":"    public FileReading() {","lastModifiedDate":"2024-08-28","isFullCredit":false},{"lineNumber":11,"author":{"gitId":"gabriellegtw"},"content":"        //  nothing","lastModifiedDate":"2024-08-28","isFullCredit":false},{"lineNumber":12,"author":{"gitId":"gabriellegtw"},"content":"    }","lastModifiedDate":"2024-08-28","isFullCredit":false},{"lineNumber":13,"author":{"gitId":"gabriellegtw"},"content":"    ","lastModifiedDate":"2024-08-28","isFullCredit":false},{"lineNumber":14,"author":{"gitId":"gabriellegtw"},"content":"    public static void rememberFileContents(String filePath, ArrayList\u003cTask\u003e list) {","lastModifiedDate":"2024-08-29","isFullCredit":false},{"lineNumber":15,"author":{"gitId":"gabriellegtw"},"content":"        try {","lastModifiedDate":"2024-08-29","isFullCredit":false},{"lineNumber":16,"author":{"gitId":"gabriellegtw"},"content":"            File f \u003d new File(filePath); // create a File for the given file path","lastModifiedDate":"2024-08-28","isFullCredit":false},{"lineNumber":17,"author":{"gitId":"gabriellegtw"},"content":"            Scanner s \u003d new Scanner(f); // create a Scanner using the File as the source","lastModifiedDate":"2024-08-28","isFullCredit":false},{"lineNumber":18,"author":{"gitId":"gabriellegtw"},"content":"            while (s.hasNextLine()) {","lastModifiedDate":"2024-08-28","isFullCredit":false},{"lineNumber":19,"author":{"gitId":"gabriellegtw"},"content":"                String task \u003d s.nextLine();","lastModifiedDate":"2024-08-29","isFullCredit":false},{"lineNumber":20,"author":{"gitId":"gabriellegtw"},"content":"                TaskParser.parseTask(task, list);","lastModifiedDate":"2024-08-29","isFullCredit":false},{"lineNumber":21,"author":{"gitId":"gabriellegtw"},"content":"            }","lastModifiedDate":"2024-08-28","isFullCredit":false},{"lineNumber":22,"author":{"gitId":"gabriellegtw"},"content":"        } catch (FileNotFoundException e) {","lastModifiedDate":"2024-08-29","isFullCredit":false},{"lineNumber":23,"author":{"gitId":"gabriellegtw"},"content":"            System.out.println(\"Oh no! I can\u0027t seem to find the file :(\");","lastModifiedDate":"2024-08-29","isFullCredit":false},{"lineNumber":24,"author":{"gitId":"gabriellegtw"},"content":"        }","lastModifiedDate":"2024-08-29","isFullCredit":false},{"lineNumber":25,"author":{"gitId":"gabriellegtw"},"content":"        ","lastModifiedDate":"2024-08-29","isFullCredit":false},{"lineNumber":26,"author":{"gitId":"gabriellegtw"},"content":"    }","lastModifiedDate":"2024-08-28","isFullCredit":false},{"lineNumber":27,"author":{"gitId":"gabriellegtw"},"content":"}","lastModifiedDate":"2024-08-28","isFullCredit":false}],"authorContributionMap":{"gabriellegtw":27}},{"path":"src/main/java/FileWriting.java","fileType":"java","lines":[{"lineNumber":1,"author":{"gitId":"gabriellegtw"},"content":"import task.Task;","lastModifiedDate":"2024-08-29","isFullCredit":false},{"lineNumber":2,"author":{"gitId":"gabriellegtw"},"content":"","lastModifiedDate":"2024-08-29","isFullCredit":false},{"lineNumber":3,"author":{"gitId":"gabriellegtw"},"content":"import java.io.File;","lastModifiedDate":"2024-08-28","isFullCredit":false},{"lineNumber":4,"author":{"gitId":"gabriellegtw"},"content":"import java.io.FileWriter;","lastModifiedDate":"2024-08-28","isFullCredit":false},{"lineNumber":5,"author":{"gitId":"gabriellegtw"},"content":"import java.io.BufferedWriter;","lastModifiedDate":"2024-08-28","isFullCredit":false},{"lineNumber":6,"author":{"gitId":"gabriellegtw"},"content":"import java.io.IOException;","lastModifiedDate":"2024-08-28","isFullCredit":false},{"lineNumber":7,"author":{"gitId":"gabriellegtw"},"content":"import java.util.ArrayList;","lastModifiedDate":"2024-08-28","isFullCredit":false},{"lineNumber":8,"author":{"gitId":"gabriellegtw"},"content":"","lastModifiedDate":"2024-08-28","isFullCredit":false},{"lineNumber":9,"author":{"gitId":"gabriellegtw"},"content":"public class FileWriting {","lastModifiedDate":"2024-08-28","isFullCredit":false},{"lineNumber":10,"author":{"gitId":"gabriellegtw"},"content":"    ","lastModifiedDate":"2024-08-28","isFullCredit":false},{"lineNumber":11,"author":{"gitId":"gabriellegtw"},"content":"    public static String path \u003d \"data/maxine.txt\";","lastModifiedDate":"2024-08-28","isFullCredit":false},{"lineNumber":12,"author":{"gitId":"gabriellegtw"},"content":"    ","lastModifiedDate":"2024-08-28","isFullCredit":false},{"lineNumber":13,"author":{"gitId":"gabriellegtw"},"content":"    public FileWriting() {","lastModifiedDate":"2024-08-28","isFullCredit":false},{"lineNumber":14,"author":{"gitId":"gabriellegtw"},"content":"        // nothing","lastModifiedDate":"2024-08-28","isFullCredit":false},{"lineNumber":15,"author":{"gitId":"gabriellegtw"},"content":"    }","lastModifiedDate":"2024-08-28","isFullCredit":false},{"lineNumber":16,"author":{"gitId":"gabriellegtw"},"content":"","lastModifiedDate":"2024-08-28","isFullCredit":false},{"lineNumber":17,"author":{"gitId":"gabriellegtw"},"content":"    public static void refreshFile(ArrayList\u003cTask\u003e list) {","lastModifiedDate":"2024-08-29","isFullCredit":false},{"lineNumber":18,"author":{"gitId":"gabriellegtw"},"content":"        File file \u003d new File(path);","lastModifiedDate":"2024-08-28","isFullCredit":false},{"lineNumber":19,"author":{"gitId":"gabriellegtw"},"content":"        ","lastModifiedDate":"2024-08-28","isFullCredit":false},{"lineNumber":20,"author":{"gitId":"gabriellegtw"},"content":"        try (BufferedWriter writer \u003d ","lastModifiedDate":"2024-08-28","isFullCredit":false},{"lineNumber":21,"author":{"gitId":"gabriellegtw"},"content":"                     new BufferedWriter(new FileWriter(file, false))) {","lastModifiedDate":"2024-08-28","isFullCredit":false},{"lineNumber":22,"author":{"gitId":"gabriellegtw"},"content":"            for (Task item : list) {","lastModifiedDate":"2024-08-28","isFullCredit":false},{"lineNumber":23,"author":{"gitId":"gabriellegtw"},"content":"                writer.write(item.writeToFile());","lastModifiedDate":"2024-08-29","isFullCredit":false},{"lineNumber":24,"author":{"gitId":"gabriellegtw"},"content":"                writer.newLine();","lastModifiedDate":"2024-08-28","isFullCredit":false},{"lineNumber":25,"author":{"gitId":"gabriellegtw"},"content":"            }","lastModifiedDate":"2024-08-28","isFullCredit":false},{"lineNumber":26,"author":{"gitId":"gabriellegtw"},"content":"        } catch (IOException e) {","lastModifiedDate":"2024-08-28","isFullCredit":false},{"lineNumber":27,"author":{"gitId":"gabriellegtw"},"content":"            System.out.print(\"Error in File Writing java\\n\");","lastModifiedDate":"2024-08-28","isFullCredit":false},{"lineNumber":28,"author":{"gitId":"gabriellegtw"},"content":"        } ","lastModifiedDate":"2024-08-28","isFullCredit":false},{"lineNumber":29,"author":{"gitId":"gabriellegtw"},"content":"    }","lastModifiedDate":"2024-08-28","isFullCredit":false},{"lineNumber":30,"author":{"gitId":"gabriellegtw"},"content":"    ","lastModifiedDate":"2024-08-28","isFullCredit":false},{"lineNumber":31,"author":{"gitId":"gabriellegtw"},"content":"}","lastModifiedDate":"2024-08-28","isFullCredit":false}],"authorContributionMap":{"gabriellegtw":31}},{"path":"src/main/java/Maxine.java","fileType":"java","lines":[{"lineNumber":1,"author":{"gitId":"gabriellegtw"},"content":"","lastModifiedDate":"2024-08-29","isFullCredit":false},{"lineNumber":2,"author":{"gitId":"gabriellegtw"},"content":"import exception.MaxineException;","lastModifiedDate":"2024-08-29","isFullCredit":false},{"lineNumber":3,"author":{"gitId":"gabriellegtw"},"content":"import task.Deadline;","lastModifiedDate":"2024-08-29","isFullCredit":false},{"lineNumber":4,"author":{"gitId":"gabriellegtw"},"content":"import task.Task;","lastModifiedDate":"2024-08-29","isFullCredit":false},{"lineNumber":5,"author":{"gitId":"gabriellegtw"},"content":"import task.Event;","lastModifiedDate":"2024-08-29","isFullCredit":false},{"lineNumber":6,"author":{"gitId":"gabriellegtw"},"content":"import task.Todo;","lastModifiedDate":"2024-08-29","isFullCredit":false},{"lineNumber":7,"author":{"gitId":"gabriellegtw"},"content":"","lastModifiedDate":"2024-08-29","isFullCredit":false},{"lineNumber":8,"author":{"gitId":"gabriellegtw"},"content":"import java.io.FileNotFoundException;","lastModifiedDate":"2024-08-28","isFullCredit":false},{"lineNumber":9,"author":{"gitId":"gabriellegtw"},"content":"import java.io.IOException;","lastModifiedDate":"2024-08-28","isFullCredit":false},{"lineNumber":10,"author":{"gitId":"gabriellegtw"},"content":"import java.util.Scanner;","lastModifiedDate":"2024-08-20","isFullCredit":false},{"lineNumber":11,"author":{"gitId":"gabriellegtw"},"content":"import java.util.ArrayList;","lastModifiedDate":"2024-08-21","isFullCredit":false},{"lineNumber":12,"author":{"gitId":"gabriellegtw"},"content":"","lastModifiedDate":"2024-08-20","isFullCredit":false},{"lineNumber":13,"author":{"gitId":"gabriellegtw"},"content":"public class Maxine {","lastModifiedDate":"2024-08-20","isFullCredit":false},{"lineNumber":14,"author":{"gitId":"gabriellegtw"},"content":"","lastModifiedDate":"2024-08-20","isFullCredit":false},{"lineNumber":15,"author":{"gitId":"gabriellegtw"},"content":"    static ArrayList\u003cTask\u003e list \u003d new ArrayList\u003c\u003e();","lastModifiedDate":"2024-08-21","isFullCredit":false},{"lineNumber":16,"author":{"gitId":"gabriellegtw"},"content":"    static String[] arr;","lastModifiedDate":"2024-08-23","isFullCredit":false},{"lineNumber":17,"author":{"gitId":"gabriellegtw"},"content":"    static Scanner scanner \u003d new Scanner(System.in);","lastModifiedDate":"2024-08-23","isFullCredit":false},{"lineNumber":18,"author":{"gitId":"gabriellegtw"},"content":"    ","lastModifiedDate":"2024-08-23","isFullCredit":false},{"lineNumber":19,"author":{"gitId":"gabriellegtw"},"content":"    ","lastModifiedDate":"2024-08-23","isFullCredit":false},{"lineNumber":20,"author":{"gitId":"gabriellegtw"},"content":"    public Maxine() {","lastModifiedDate":"2024-08-23","isFullCredit":false},{"lineNumber":21,"author":{"gitId":"gabriellegtw"},"content":"        // nothing","lastModifiedDate":"2024-08-23","isFullCredit":false},{"lineNumber":22,"author":{"gitId":"gabriellegtw"},"content":"    }","lastModifiedDate":"2024-08-23","isFullCredit":false},{"lineNumber":23,"author":{"gitId":"gabriellegtw"},"content":"","lastModifiedDate":"2024-08-20","isFullCredit":false},{"lineNumber":24,"author":{"gitId":"gabriellegtw"},"content":"    /**","lastModifiedDate":"2024-08-20","isFullCredit":false},{"lineNumber":25,"author":{"gitId":"gabriellegtw"},"content":"     * This method displays the list of tasks","lastModifiedDate":"2024-08-23","isFullCredit":false},{"lineNumber":26,"author":{"gitId":"gabriellegtw"},"content":"     */","lastModifiedDate":"2024-08-20","isFullCredit":false},{"lineNumber":27,"author":{"gitId":"gabriellegtw"},"content":"    public static void showList() {","lastModifiedDate":"2024-08-23","isFullCredit":false},{"lineNumber":28,"author":{"gitId":"gabriellegtw"},"content":"        for (int i \u003d 0; i \u003c list.size(); i++) {","lastModifiedDate":"2024-08-29","isFullCredit":false},{"lineNumber":29,"author":{"gitId":"gabriellegtw"},"content":"            System.out.println((i + 1) + \". \" + list.get(i));","lastModifiedDate":"2024-08-29","isFullCredit":false},{"lineNumber":30,"author":{"gitId":"gabriellegtw"},"content":"        }","lastModifiedDate":"2024-08-23","isFullCredit":false},{"lineNumber":31,"author":{"gitId":"gabriellegtw"},"content":"    }","lastModifiedDate":"2024-08-20","isFullCredit":false},{"lineNumber":32,"author":{"gitId":"gabriellegtw"},"content":"//    public static void showList() {","lastModifiedDate":"2024-08-29","isFullCredit":false},{"lineNumber":33,"author":{"gitId":"gabriellegtw"},"content":"//        try {","lastModifiedDate":"2024-08-29","isFullCredit":false},{"lineNumber":34,"author":{"gitId":"gabriellegtw"},"content":"//            FileReading.printFileContents(\"data/maxine.txt\");","lastModifiedDate":"2024-08-29","isFullCredit":false},{"lineNumber":35,"author":{"gitId":"gabriellegtw"},"content":"//        } catch (FileNotFoundException e) {","lastModifiedDate":"2024-08-29","isFullCredit":false},{"lineNumber":36,"author":{"gitId":"gabriellegtw"},"content":"//            System.out.println(\"File not found\");","lastModifiedDate":"2024-08-29","isFullCredit":false},{"lineNumber":37,"author":{"gitId":"gabriellegtw"},"content":"//        }","lastModifiedDate":"2024-08-29","isFullCredit":false},{"lineNumber":38,"author":{"gitId":"gabriellegtw"},"content":"//    }","lastModifiedDate":"2024-08-29","isFullCredit":false},{"lineNumber":39,"author":{"gitId":"gabriellegtw"},"content":"","lastModifiedDate":"2024-08-20","isFullCredit":false},{"lineNumber":40,"author":{"gitId":"gabriellegtw"},"content":"    /**","lastModifiedDate":"2024-08-20","isFullCredit":false},{"lineNumber":41,"author":{"gitId":"gabriellegtw"},"content":"     * ","lastModifiedDate":"2024-08-23","isFullCredit":false},{"lineNumber":42,"author":{"gitId":"gabriellegtw"},"content":"     * @return","lastModifiedDate":"2024-08-23","isFullCredit":false},{"lineNumber":43,"author":{"gitId":"gabriellegtw"},"content":"     */","lastModifiedDate":"2024-08-20","isFullCredit":false},{"lineNumber":44,"author":{"gitId":"gabriellegtw"},"content":"    public static String ask() {","lastModifiedDate":"2024-08-23","isFullCredit":false},{"lineNumber":45,"author":{"gitId":"gabriellegtw"},"content":"        System.out.print(\"What can I do for you today? : \");","lastModifiedDate":"2024-08-20","isFullCredit":false},{"lineNumber":46,"author":{"gitId":"gabriellegtw"},"content":"        String answer \u003d scanner.nextLine().toLowerCase();","lastModifiedDate":"2024-08-23","isFullCredit":false},{"lineNumber":47,"author":{"gitId":"gabriellegtw"},"content":"        arr \u003d answer.split(\" \");","lastModifiedDate":"2024-08-23","isFullCredit":false},{"lineNumber":48,"author":{"gitId":"gabriellegtw"},"content":"        return answer;","lastModifiedDate":"2024-08-23","isFullCredit":false},{"lineNumber":49,"author":{"gitId":"gabriellegtw"},"content":"    }","lastModifiedDate":"2024-08-20","isFullCredit":false},{"lineNumber":50,"author":{"gitId":"gabriellegtw"},"content":"","lastModifiedDate":"2024-08-23","isFullCredit":false},{"lineNumber":51,"author":{"gitId":"gabriellegtw"},"content":"    /**","lastModifiedDate":"2024-08-23","isFullCredit":false},{"lineNumber":52,"author":{"gitId":"gabriellegtw"},"content":"     * This method helps to mark or unmark the task","lastModifiedDate":"2024-08-23","isFullCredit":false},{"lineNumber":53,"author":{"gitId":"gabriellegtw"},"content":"     */","lastModifiedDate":"2024-08-23","isFullCredit":false},{"lineNumber":54,"author":{"gitId":"gabriellegtw"},"content":"    public static void changeMark() {","lastModifiedDate":"2024-08-23","isFullCredit":false},{"lineNumber":55,"author":{"gitId":"gabriellegtw"},"content":"        int mark \u003d Integer.parseInt(arr[1]) - 1;","lastModifiedDate":"2024-08-21","isFullCredit":false},{"lineNumber":56,"author":{"gitId":"gabriellegtw"},"content":"        Task curr \u003d list.get(mark);","lastModifiedDate":"2024-08-20","isFullCredit":false},{"lineNumber":57,"author":{"gitId":"gabriellegtw"},"content":"        curr.changeStatus();","lastModifiedDate":"2024-08-20","isFullCredit":false},{"lineNumber":58,"author":{"gitId":"gabriellegtw"},"content":"    }","lastModifiedDate":"2024-08-23","isFullCredit":false},{"lineNumber":59,"author":{"gitId":"gabriellegtw"},"content":"","lastModifiedDate":"2024-08-23","isFullCredit":false},{"lineNumber":60,"author":{"gitId":"gabriellegtw"},"content":"    /**","lastModifiedDate":"2024-08-23","isFullCredit":false},{"lineNumber":61,"author":{"gitId":"gabriellegtw"},"content":"     * This method adds a todo task to the list","lastModifiedDate":"2024-08-23","isFullCredit":false},{"lineNumber":62,"author":{"gitId":"gabriellegtw"},"content":"     */","lastModifiedDate":"2024-08-23","isFullCredit":false},{"lineNumber":63,"author":{"gitId":"gabriellegtw"},"content":"    public static void todo() throws IOException {","lastModifiedDate":"2024-08-28","isFullCredit":false},{"lineNumber":64,"author":{"gitId":"gabriellegtw"},"content":"        Todo todo \u003d new Todo();","lastModifiedDate":"2024-08-28","isFullCredit":false},{"lineNumber":65,"author":{"gitId":"gabriellegtw"},"content":"        todo.addTodo(arr, list);","lastModifiedDate":"2024-08-28","isFullCredit":false},{"lineNumber":66,"author":{"gitId":"gabriellegtw"},"content":"    }","lastModifiedDate":"2024-08-21","isFullCredit":false},{"lineNumber":67,"author":{"gitId":"gabriellegtw"},"content":"","lastModifiedDate":"2024-08-23","isFullCredit":false},{"lineNumber":68,"author":{"gitId":"gabriellegtw"},"content":"    /**","lastModifiedDate":"2024-08-23","isFullCredit":false},{"lineNumber":69,"author":{"gitId":"gabriellegtw"},"content":"     * This method adds a deadline task to the list","lastModifiedDate":"2024-08-23","isFullCredit":false},{"lineNumber":70,"author":{"gitId":"gabriellegtw"},"content":"     * @throws MaxineException","lastModifiedDate":"2024-08-23","isFullCredit":false},{"lineNumber":71,"author":{"gitId":"gabriellegtw"},"content":"     */","lastModifiedDate":"2024-08-23","isFullCredit":false},{"lineNumber":72,"author":{"gitId":"gabriellegtw"},"content":"    public static void deadline() throws MaxineException {","lastModifiedDate":"2024-08-23","isFullCredit":false},{"lineNumber":73,"author":{"gitId":"gabriellegtw"},"content":"        Deadline deadline \u003d new Deadline();","lastModifiedDate":"2024-08-28","isFullCredit":false},{"lineNumber":74,"author":{"gitId":"gabriellegtw"},"content":"        deadline.addToDeadline(arr, list);","lastModifiedDate":"2024-08-28","isFullCredit":false},{"lineNumber":75,"author":{"gitId":"gabriellegtw"},"content":"    }","lastModifiedDate":"2024-08-21","isFullCredit":false},{"lineNumber":76,"author":{"gitId":"gabriellegtw"},"content":"    ","lastModifiedDate":"2024-08-23","isFullCredit":false},{"lineNumber":77,"author":{"gitId":"gabriellegtw"},"content":"    public static void event() throws MaxineException {","lastModifiedDate":"2024-08-23","isFullCredit":false},{"lineNumber":78,"author":{"gitId":"gabriellegtw"},"content":"        Event event \u003d new Event();","lastModifiedDate":"2024-08-28","isFullCredit":false},{"lineNumber":79,"author":{"gitId":"gabriellegtw"},"content":"        event.addToEvent(arr, list);","lastModifiedDate":"2024-08-28","isFullCredit":false},{"lineNumber":80,"author":{"gitId":"gabriellegtw"},"content":"    }","lastModifiedDate":"2024-08-21","isFullCredit":false},{"lineNumber":81,"author":{"gitId":"gabriellegtw"},"content":"    ","lastModifiedDate":"2024-08-23","isFullCredit":false},{"lineNumber":82,"author":{"gitId":"gabriellegtw"},"content":"    public static void delete() {","lastModifiedDate":"2024-08-23","isFullCredit":false},{"lineNumber":83,"author":{"gitId":"gabriellegtw"},"content":"        int mark \u003d Integer.parseInt(arr[1]) - 1;","lastModifiedDate":"2024-08-21","isFullCredit":false},{"lineNumber":84,"author":{"gitId":"gabriellegtw"},"content":"        Task curr \u003d list.get(mark);","lastModifiedDate":"2024-08-21","isFullCredit":false},{"lineNumber":85,"author":{"gitId":"gabriellegtw"},"content":"        curr.delete();","lastModifiedDate":"2024-08-21","isFullCredit":false},{"lineNumber":86,"author":{"gitId":"gabriellegtw"},"content":"        list.remove(curr);","lastModifiedDate":"2024-08-21","isFullCredit":false},{"lineNumber":87,"author":{"gitId":"gabriellegtw"},"content":"    }","lastModifiedDate":"2024-08-23","isFullCredit":false},{"lineNumber":88,"author":{"gitId":"gabriellegtw"},"content":"","lastModifiedDate":"2024-08-23","isFullCredit":false},{"lineNumber":89,"author":{"gitId":"gabriellegtw"},"content":"    /**","lastModifiedDate":"2024-08-23","isFullCredit":false},{"lineNumber":90,"author":{"gitId":"gabriellegtw"},"content":"     * This is the main method","lastModifiedDate":"2024-08-23","isFullCredit":false},{"lineNumber":91,"author":{"gitId":"gabriellegtw"},"content":"     * @param args Command-line arguments passed to the program","lastModifiedDate":"2024-08-23","isFullCredit":false},{"lineNumber":92,"author":{"gitId":"gabriellegtw"},"content":"     */","lastModifiedDate":"2024-08-23","isFullCredit":false},{"lineNumber":93,"author":{"gitId":"gabriellegtw"},"content":"    public static void main(String[] args) throws Exception {","lastModifiedDate":"2024-08-23","isFullCredit":false},{"lineNumber":94,"author":{"gitId":"gabriellegtw"},"content":"        System.out.println(\"Hi! Nice to meet you :) I am Maxine\");","lastModifiedDate":"2024-08-23","isFullCredit":false},{"lineNumber":95,"author":{"gitId":"gabriellegtw"},"content":"        FileReading.rememberFileContents(\"data/maxine.txt\", list);","lastModifiedDate":"2024-08-29","isFullCredit":false},{"lineNumber":96,"author":{"gitId":"gabriellegtw"},"content":"","lastModifiedDate":"2024-08-28","isFullCredit":false},{"lineNumber":97,"author":{"gitId":"gabriellegtw"},"content":"        while (true) {","lastModifiedDate":"2024-08-23","isFullCredit":false},{"lineNumber":98,"author":{"gitId":"gabriellegtw"},"content":"            String answer \u003d ask();","lastModifiedDate":"2024-08-23","isFullCredit":false},{"lineNumber":99,"author":{"gitId":"gabriellegtw"},"content":"            if (answer.equals(\"bye\")) {","lastModifiedDate":"2024-08-23","isFullCredit":false},{"lineNumber":100,"author":{"gitId":"gabriellegtw"},"content":"                System.out.println(\"\\nBye! I have been maxed out and am going to sleep. Hope to see you again soon!\");","lastModifiedDate":"2024-08-23","isFullCredit":false},{"lineNumber":101,"author":{"gitId":"gabriellegtw"},"content":"                break;","lastModifiedDate":"2024-08-23","isFullCredit":false},{"lineNumber":102,"author":{"gitId":"gabriellegtw"},"content":"            } else if (answer.equals(\"list\")) {","lastModifiedDate":"2024-08-23","isFullCredit":false},{"lineNumber":103,"author":{"gitId":"gabriellegtw"},"content":"                showList();","lastModifiedDate":"2024-08-23","isFullCredit":false},{"lineNumber":104,"author":{"gitId":"gabriellegtw"},"content":"            } else if (arr[0].equals(\"mark\") || arr[0].equals(\"unmark\")) {","lastModifiedDate":"2024-08-23","isFullCredit":false},{"lineNumber":105,"author":{"gitId":"gabriellegtw"},"content":"                changeMark();","lastModifiedDate":"2024-08-23","isFullCredit":false},{"lineNumber":106,"author":{"gitId":"gabriellegtw"},"content":"                FileWriting.refreshFile(list);","lastModifiedDate":"2024-08-28","isFullCredit":false},{"lineNumber":107,"author":{"gitId":"gabriellegtw"},"content":"            } else if (arr[0].equals(\"todo\")) {","lastModifiedDate":"2024-08-23","isFullCredit":false},{"lineNumber":108,"author":{"gitId":"gabriellegtw"},"content":"                try {","lastModifiedDate":"2024-08-23","isFullCredit":false},{"lineNumber":109,"author":{"gitId":"gabriellegtw"},"content":"                    todo();","lastModifiedDate":"2024-08-23","isFullCredit":false},{"lineNumber":110,"author":{"gitId":"gabriellegtw"},"content":"                    FileWriting.refreshFile(list);","lastModifiedDate":"2024-08-28","isFullCredit":false},{"lineNumber":111,"author":{"gitId":"gabriellegtw"},"content":"                } catch (Exception e) {","lastModifiedDate":"2024-08-23","isFullCredit":false},{"lineNumber":112,"author":{"gitId":"gabriellegtw"},"content":"                    System.out.println(\"Please follow this format: todo [enter task]\");","lastModifiedDate":"2024-08-23","isFullCredit":false},{"lineNumber":113,"author":{"gitId":"gabriellegtw"},"content":"                }","lastModifiedDate":"2024-08-23","isFullCredit":false},{"lineNumber":114,"author":{"gitId":"gabriellegtw"},"content":"            } else if (arr[0].equals(\"deadline\")) {","lastModifiedDate":"2024-08-23","isFullCredit":false},{"lineNumber":115,"author":{"gitId":"gabriellegtw"},"content":"                try {","lastModifiedDate":"2024-08-23","isFullCredit":false},{"lineNumber":116,"author":{"gitId":"gabriellegtw"},"content":"                    deadline();","lastModifiedDate":"2024-08-23","isFullCredit":false},{"lineNumber":117,"author":{"gitId":"gabriellegtw"},"content":"                    FileWriting.refreshFile(list);","lastModifiedDate":"2024-08-28","isFullCredit":false},{"lineNumber":118,"author":{"gitId":"gabriellegtw"},"content":"                } catch (Exception e) {","lastModifiedDate":"2024-08-23","isFullCredit":false},{"lineNumber":119,"author":{"gitId":"gabriellegtw"},"content":"                    System.out.println(\"Please follow this format: deadline [enter task] /by [enter deadline]\");","lastModifiedDate":"2024-08-23","isFullCredit":false},{"lineNumber":120,"author":{"gitId":"gabriellegtw"},"content":"                }","lastModifiedDate":"2024-08-23","isFullCredit":false},{"lineNumber":121,"author":{"gitId":"gabriellegtw"},"content":"            } else if (arr[0].equals(\"event\")) {","lastModifiedDate":"2024-08-23","isFullCredit":false},{"lineNumber":122,"author":{"gitId":"gabriellegtw"},"content":"                try {","lastModifiedDate":"2024-08-23","isFullCredit":false},{"lineNumber":123,"author":{"gitId":"gabriellegtw"},"content":"                    event();","lastModifiedDate":"2024-08-23","isFullCredit":false},{"lineNumber":124,"author":{"gitId":"gabriellegtw"},"content":"                    FileWriting.refreshFile(list);","lastModifiedDate":"2024-08-28","isFullCredit":false},{"lineNumber":125,"author":{"gitId":"gabriellegtw"},"content":"                } catch (Exception e) {","lastModifiedDate":"2024-08-23","isFullCredit":false},{"lineNumber":126,"author":{"gitId":"gabriellegtw"},"content":"                    System.out.println(\"Please follow this format: event [enter event] /from [start date] /to [end date]\");","lastModifiedDate":"2024-08-23","isFullCredit":false},{"lineNumber":127,"author":{"gitId":"gabriellegtw"},"content":"                }","lastModifiedDate":"2024-08-23","isFullCredit":false},{"lineNumber":128,"author":{"gitId":"gabriellegtw"},"content":"            } else if (arr[0].equals(\"delete\")) {","lastModifiedDate":"2024-08-23","isFullCredit":false},{"lineNumber":129,"author":{"gitId":"gabriellegtw"},"content":"                delete();","lastModifiedDate":"2024-08-23","isFullCredit":false},{"lineNumber":130,"author":{"gitId":"gabriellegtw"},"content":"                FileWriting.refreshFile(list);","lastModifiedDate":"2024-08-28","isFullCredit":false},{"lineNumber":131,"author":{"gitId":"gabriellegtw"},"content":"            } else {","lastModifiedDate":"2024-08-20","isFullCredit":false},{"lineNumber":132,"author":{"gitId":"gabriellegtw"},"content":"                System.out.println(\"please type in a command starting with todo, deadline, event, mark, unmark or list\");","lastModifiedDate":"2024-08-21","isFullCredit":false},{"lineNumber":133,"author":{"gitId":"gabriellegtw"},"content":"            }","lastModifiedDate":"2024-08-20","isFullCredit":false},{"lineNumber":134,"author":{"gitId":"gabriellegtw"},"content":"        }","lastModifiedDate":"2024-08-20","isFullCredit":false},{"lineNumber":135,"author":{"gitId":"gabriellegtw"},"content":"","lastModifiedDate":"2024-08-20","isFullCredit":false},{"lineNumber":136,"author":{"gitId":"gabriellegtw"},"content":"        scanner.close();","lastModifiedDate":"2024-08-21","isFullCredit":false},{"lineNumber":137,"author":{"gitId":"gabriellegtw"},"content":"    }","lastModifiedDate":"2024-08-20","isFullCredit":false},{"lineNumber":138,"author":{"gitId":"gabriellegtw"},"content":"    ","lastModifiedDate":"2024-08-20","isFullCredit":false},{"lineNumber":139,"author":{"gitId":"gabriellegtw"},"content":"}","lastModifiedDate":"2024-08-20","isFullCredit":false}],"authorContributionMap":{"gabriellegtw":139}},{"path":"src/main/java/TaskParser.java","fileType":"java","lines":[{"lineNumber":1,"author":{"gitId":"gabriellegtw"},"content":"import task.Deadline;","lastModifiedDate":"2024-08-29","isFullCredit":false},{"lineNumber":2,"author":{"gitId":"gabriellegtw"},"content":"import task.Task;","lastModifiedDate":"2024-08-29","isFullCredit":false},{"lineNumber":3,"author":{"gitId":"gabriellegtw"},"content":"import task.Event;","lastModifiedDate":"2024-08-29","isFullCredit":false},{"lineNumber":4,"author":{"gitId":"gabriellegtw"},"content":"import task.Todo;","lastModifiedDate":"2024-08-29","isFullCredit":false},{"lineNumber":5,"author":{"gitId":"gabriellegtw"},"content":"import java.util.ArrayList;","lastModifiedDate":"2024-08-29","isFullCredit":false},{"lineNumber":6,"author":{"gitId":"gabriellegtw"},"content":"","lastModifiedDate":"2024-08-29","isFullCredit":false},{"lineNumber":7,"author":{"gitId":"gabriellegtw"},"content":"public class TaskParser {","lastModifiedDate":"2024-08-28","isFullCredit":false},{"lineNumber":8,"author":{"gitId":"gabriellegtw"},"content":"    public TaskParser() {","lastModifiedDate":"2024-08-28","isFullCredit":false},{"lineNumber":9,"author":{"gitId":"gabriellegtw"},"content":"        // nothing","lastModifiedDate":"2024-08-28","isFullCredit":false},{"lineNumber":10,"author":{"gitId":"gabriellegtw"},"content":"    }","lastModifiedDate":"2024-08-28","isFullCredit":false},{"lineNumber":11,"author":{"gitId":"gabriellegtw"},"content":"    ","lastModifiedDate":"2024-08-28","isFullCredit":false},{"lineNumber":12,"author":{"gitId":"gabriellegtw"},"content":"    public static void parseTask(String str, ArrayList\u003cTask\u003e list) {","lastModifiedDate":"2024-08-29","isFullCredit":false},{"lineNumber":13,"author":{"gitId":"gabriellegtw"},"content":"        String[] input \u003d str.split(\" / \");","lastModifiedDate":"2024-08-29","isFullCredit":false},{"lineNumber":14,"author":{"gitId":"gabriellegtw"},"content":"        ","lastModifiedDate":"2024-08-28","isFullCredit":false},{"lineNumber":15,"author":{"gitId":"gabriellegtw"},"content":"        switch (input[0]) {","lastModifiedDate":"2024-08-29","isFullCredit":false},{"lineNumber":16,"author":{"gitId":"gabriellegtw"},"content":"        case (\"T\"):","lastModifiedDate":"2024-08-29","isFullCredit":false},{"lineNumber":17,"author":{"gitId":"gabriellegtw"},"content":"            Todo todo \u003d new Todo(input[2]);","lastModifiedDate":"2024-08-29","isFullCredit":false},{"lineNumber":18,"author":{"gitId":"gabriellegtw"},"content":"            list.add(todo);","lastModifiedDate":"2024-08-29","isFullCredit":false},{"lineNumber":19,"author":{"gitId":"gabriellegtw"},"content":"            break;","lastModifiedDate":"2024-08-29","isFullCredit":false},{"lineNumber":20,"author":{"gitId":"gabriellegtw"},"content":"        case (\"D\"):","lastModifiedDate":"2024-08-29","isFullCredit":false},{"lineNumber":21,"author":{"gitId":"gabriellegtw"},"content":"            Deadline deadline \u003d new Deadline(input[2], input[3]);","lastModifiedDate":"2024-08-29","isFullCredit":false},{"lineNumber":22,"author":{"gitId":"gabriellegtw"},"content":"            list.add(deadline);","lastModifiedDate":"2024-08-29","isFullCredit":false},{"lineNumber":23,"author":{"gitId":"gabriellegtw"},"content":"            break;","lastModifiedDate":"2024-08-29","isFullCredit":false},{"lineNumber":24,"author":{"gitId":"gabriellegtw"},"content":"        case (\"E\"):","lastModifiedDate":"2024-08-29","isFullCredit":false},{"lineNumber":25,"author":{"gitId":"gabriellegtw"},"content":"            Event event \u003d new Event(input[2], input[3], input[4]);","lastModifiedDate":"2024-08-29","isFullCredit":false},{"lineNumber":26,"author":{"gitId":"gabriellegtw"},"content":"            list.add(event);","lastModifiedDate":"2024-08-29","isFullCredit":false},{"lineNumber":27,"author":{"gitId":"gabriellegtw"},"content":"            break;","lastModifiedDate":"2024-08-29","isFullCredit":false},{"lineNumber":28,"author":{"gitId":"gabriellegtw"},"content":"        }","lastModifiedDate":"2024-08-29","isFullCredit":false},{"lineNumber":29,"author":{"gitId":"gabriellegtw"},"content":"    }","lastModifiedDate":"2024-08-28","isFullCredit":false},{"lineNumber":30,"author":{"gitId":"gabriellegtw"},"content":"}","lastModifiedDate":"2024-08-28","isFullCredit":false}],"authorContributionMap":{"gabriellegtw":30}},{"path":"src/main/java/exception/MaxineException.java","fileType":"java","lines":[{"lineNumber":1,"author":{"gitId":"gabriellegtw"},"content":"package exception;","lastModifiedDate":"2024-08-29","isFullCredit":false},{"lineNumber":2,"author":{"gitId":"gabriellegtw"},"content":"","lastModifiedDate":"2024-08-29","isFullCredit":false},{"lineNumber":3,"author":{"gitId":"gabriellegtw"},"content":"public class MaxineException extends Exception {","lastModifiedDate":"2024-08-21","isFullCredit":false},{"lineNumber":4,"author":{"gitId":"gabriellegtw"},"content":"    ","lastModifiedDate":"2024-08-21","isFullCredit":false},{"lineNumber":5,"author":{"gitId":"gabriellegtw"},"content":"    public MaxineException(String message) {","lastModifiedDate":"2024-08-21","isFullCredit":false},{"lineNumber":6,"author":{"gitId":"gabriellegtw"},"content":"        super(message);","lastModifiedDate":"2024-08-21","isFullCredit":false},{"lineNumber":7,"author":{"gitId":"gabriellegtw"},"content":"    }","lastModifiedDate":"2024-08-21","isFullCredit":false},{"lineNumber":8,"author":{"gitId":"gabriellegtw"},"content":"    ","lastModifiedDate":"2024-08-21","isFullCredit":false},{"lineNumber":9,"author":{"gitId":"gabriellegtw"},"content":"}","lastModifiedDate":"2024-08-21","isFullCredit":false}],"authorContributionMap":{"gabriellegtw":9}},{"path":"src/main/java/task/Deadline.java","fileType":"java","lines":[{"lineNumber":1,"author":{"gitId":"gabriellegtw"},"content":"package task;","lastModifiedDate":"2024-08-29","isFullCredit":false},{"lineNumber":2,"author":{"gitId":"gabriellegtw"},"content":"import exception.MaxineException;","lastModifiedDate":"2024-08-29","isFullCredit":false},{"lineNumber":3,"author":{"gitId":"gabriellegtw"},"content":"import java.util.ArrayList;","lastModifiedDate":"2024-08-28","isFullCredit":false},{"lineNumber":4,"author":{"gitId":"gabriellegtw"},"content":"","lastModifiedDate":"2024-08-28","isFullCredit":false},{"lineNumber":5,"author":{"gitId":"gabriellegtw"},"content":"public class Deadline extends Task {","lastModifiedDate":"2024-08-21","isFullCredit":false},{"lineNumber":6,"author":{"gitId":"gabriellegtw"},"content":"","lastModifiedDate":"2024-08-21","isFullCredit":false},{"lineNumber":7,"author":{"gitId":"gabriellegtw"},"content":"    protected String ddl;","lastModifiedDate":"2024-08-21","isFullCredit":false},{"lineNumber":8,"author":{"gitId":"gabriellegtw"},"content":"","lastModifiedDate":"2024-08-21","isFullCredit":false},{"lineNumber":9,"author":{"gitId":"gabriellegtw"},"content":"    public Deadline() {","lastModifiedDate":"2024-08-21","isFullCredit":false},{"lineNumber":10,"author":{"gitId":"gabriellegtw"},"content":"        super();","lastModifiedDate":"2024-08-21","isFullCredit":false},{"lineNumber":11,"author":{"gitId":"gabriellegtw"},"content":"    }","lastModifiedDate":"2024-08-21","isFullCredit":false},{"lineNumber":12,"author":{"gitId":"gabriellegtw"},"content":"","lastModifiedDate":"2024-08-21","isFullCredit":false},{"lineNumber":13,"author":{"gitId":"gabriellegtw"},"content":"    public Deadline(String description, String ddl) {","lastModifiedDate":"2024-08-21","isFullCredit":false},{"lineNumber":14,"author":{"gitId":"gabriellegtw"},"content":"        super(description);","lastModifiedDate":"2024-08-21","isFullCredit":false},{"lineNumber":15,"author":{"gitId":"gabriellegtw"},"content":"        this.ddl \u003d ddl;","lastModifiedDate":"2024-08-21","isFullCredit":false},{"lineNumber":16,"author":{"gitId":"gabriellegtw"},"content":"    }","lastModifiedDate":"2024-08-21","isFullCredit":false},{"lineNumber":17,"author":{"gitId":"gabriellegtw"},"content":"    ","lastModifiedDate":"2024-08-21","isFullCredit":false},{"lineNumber":18,"author":{"gitId":"gabriellegtw"},"content":"    public void addToDeadline(String[] arr, ArrayList\u003cTask\u003e list) throws MaxineException {","lastModifiedDate":"2024-08-28","isFullCredit":false},{"lineNumber":19,"author":{"gitId":"gabriellegtw"},"content":"        StringBuilder desc \u003d new StringBuilder();","lastModifiedDate":"2024-08-28","isFullCredit":false},{"lineNumber":20,"author":{"gitId":"gabriellegtw"},"content":"        StringBuilder ddl \u003d new StringBuilder();","lastModifiedDate":"2024-08-28","isFullCredit":false},{"lineNumber":21,"author":{"gitId":"gabriellegtw"},"content":"        desc.append(arr[1]);","lastModifiedDate":"2024-08-28","isFullCredit":false},{"lineNumber":22,"author":{"gitId":"gabriellegtw"},"content":"        boolean isChecked \u003d false;","lastModifiedDate":"2024-08-28","isFullCredit":false},{"lineNumber":23,"author":{"gitId":"gabriellegtw"},"content":"        for (int i \u003d 1; i \u003c (arr.length - 1); i++) {","lastModifiedDate":"2024-08-28","isFullCredit":false},{"lineNumber":24,"author":{"gitId":"gabriellegtw"},"content":"            if (arr[i].equals(\"/by\")) {","lastModifiedDate":"2024-08-28","isFullCredit":false},{"lineNumber":25,"author":{"gitId":"gabriellegtw"},"content":"                isChecked \u003d true;","lastModifiedDate":"2024-08-28","isFullCredit":false},{"lineNumber":26,"author":{"gitId":"gabriellegtw"},"content":"                break;","lastModifiedDate":"2024-08-28","isFullCredit":false},{"lineNumber":27,"author":{"gitId":"gabriellegtw"},"content":"            }","lastModifiedDate":"2024-08-28","isFullCredit":false},{"lineNumber":28,"author":{"gitId":"gabriellegtw"},"content":"        }","lastModifiedDate":"2024-08-28","isFullCredit":false},{"lineNumber":29,"author":{"gitId":"gabriellegtw"},"content":"        if (!isChecked || arr[1].equals(\"/by\")) {","lastModifiedDate":"2024-08-28","isFullCredit":false},{"lineNumber":30,"author":{"gitId":"gabriellegtw"},"content":"            throw new MaxineException(\"Please follow this format: deadline [enter task] /by [enter deadline]\");","lastModifiedDate":"2024-08-28","isFullCredit":false},{"lineNumber":31,"author":{"gitId":"gabriellegtw"},"content":"        }","lastModifiedDate":"2024-08-28","isFullCredit":false},{"lineNumber":32,"author":{"gitId":"gabriellegtw"},"content":"        boolean hasBy \u003d false;","lastModifiedDate":"2024-08-28","isFullCredit":false},{"lineNumber":33,"author":{"gitId":"gabriellegtw"},"content":"        for (int i \u003d 2; i \u003c arr.length; i++) {","lastModifiedDate":"2024-08-28","isFullCredit":false},{"lineNumber":34,"author":{"gitId":"gabriellegtw"},"content":"            if (arr[i].equals(\"/by\")) {","lastModifiedDate":"2024-08-28","isFullCredit":false},{"lineNumber":35,"author":{"gitId":"gabriellegtw"},"content":"                hasBy \u003d true;","lastModifiedDate":"2024-08-28","isFullCredit":false},{"lineNumber":36,"author":{"gitId":"gabriellegtw"},"content":"            }","lastModifiedDate":"2024-08-28","isFullCredit":false},{"lineNumber":37,"author":{"gitId":"gabriellegtw"},"content":"            else if (hasBy) {","lastModifiedDate":"2024-08-28","isFullCredit":false},{"lineNumber":38,"author":{"gitId":"gabriellegtw"},"content":"                String word \u003d \" \" + arr[i];","lastModifiedDate":"2024-08-28","isFullCredit":false},{"lineNumber":39,"author":{"gitId":"gabriellegtw"},"content":"                ddl.append(word);","lastModifiedDate":"2024-08-28","isFullCredit":false},{"lineNumber":40,"author":{"gitId":"gabriellegtw"},"content":"            } else {","lastModifiedDate":"2024-08-28","isFullCredit":false},{"lineNumber":41,"author":{"gitId":"gabriellegtw"},"content":"                String word \u003d \" \" + arr[i];","lastModifiedDate":"2024-08-28","isFullCredit":false},{"lineNumber":42,"author":{"gitId":"gabriellegtw"},"content":"                desc.append(word);","lastModifiedDate":"2024-08-28","isFullCredit":false},{"lineNumber":43,"author":{"gitId":"gabriellegtw"},"content":"            }","lastModifiedDate":"2024-08-28","isFullCredit":false},{"lineNumber":44,"author":{"gitId":"gabriellegtw"},"content":"        }","lastModifiedDate":"2024-08-28","isFullCredit":false},{"lineNumber":45,"author":{"gitId":"gabriellegtw"},"content":"        Deadline task \u003d new Deadline(desc.toString(), ddl.toString());","lastModifiedDate":"2024-08-28","isFullCredit":false},{"lineNumber":46,"author":{"gitId":"gabriellegtw"},"content":"        list.add(task);","lastModifiedDate":"2024-08-28","isFullCredit":false},{"lineNumber":47,"author":{"gitId":"gabriellegtw"},"content":"    }","lastModifiedDate":"2024-08-28","isFullCredit":false},{"lineNumber":48,"author":{"gitId":"gabriellegtw"},"content":"","lastModifiedDate":"2024-08-28","isFullCredit":false},{"lineNumber":49,"author":{"gitId":"gabriellegtw"},"content":"    @Override","lastModifiedDate":"2024-08-21","isFullCredit":false},{"lineNumber":50,"author":{"gitId":"gabriellegtw"},"content":"    public String toString() {","lastModifiedDate":"2024-08-21","isFullCredit":false},{"lineNumber":51,"author":{"gitId":"gabriellegtw"},"content":"        return \"[D]\" + getStatusIcon() + description + \" (by: \" + ddl + \")\";","lastModifiedDate":"2024-08-29","isFullCredit":false},{"lineNumber":52,"author":{"gitId":"gabriellegtw"},"content":"    }","lastModifiedDate":"2024-08-29","isFullCredit":false},{"lineNumber":53,"author":{"gitId":"gabriellegtw"},"content":"","lastModifiedDate":"2024-08-29","isFullCredit":false},{"lineNumber":54,"author":{"gitId":"gabriellegtw"},"content":"    @Override","lastModifiedDate":"2024-08-29","isFullCredit":false},{"lineNumber":55,"author":{"gitId":"gabriellegtw"},"content":"    public String writeToFile() {","lastModifiedDate":"2024-08-29","isFullCredit":false},{"lineNumber":56,"author":{"gitId":"gabriellegtw"},"content":"        return \"D\" + super.writeToFile() + \" / \" + ddl;","lastModifiedDate":"2024-08-29","isFullCredit":false},{"lineNumber":57,"author":{"gitId":"gabriellegtw"},"content":"    }","lastModifiedDate":"2024-08-21","isFullCredit":false},{"lineNumber":58,"author":{"gitId":"gabriellegtw"},"content":"","lastModifiedDate":"2024-08-21","isFullCredit":false},{"lineNumber":59,"author":{"gitId":"gabriellegtw"},"content":"}","lastModifiedDate":"2024-08-21","isFullCredit":false},{"lineNumber":60,"author":{"gitId":"gabriellegtw"},"content":"","lastModifiedDate":"2024-08-21","isFullCredit":false}],"authorContributionMap":{"gabriellegtw":60}},{"path":"src/main/java/task/Event.java","fileType":"java","lines":[{"lineNumber":1,"author":{"gitId":"gabriellegtw"},"content":"package task;","lastModifiedDate":"2024-08-29","isFullCredit":false},{"lineNumber":2,"author":{"gitId":"gabriellegtw"},"content":"import exception.MaxineException;","lastModifiedDate":"2024-08-29","isFullCredit":false},{"lineNumber":3,"author":{"gitId":"gabriellegtw"},"content":"import java.util.ArrayList;","lastModifiedDate":"2024-08-28","isFullCredit":false},{"lineNumber":4,"author":{"gitId":"gabriellegtw"},"content":"","lastModifiedDate":"2024-08-28","isFullCredit":false},{"lineNumber":5,"author":{"gitId":"gabriellegtw"},"content":"public class Event extends Task {","lastModifiedDate":"2024-08-21","isFullCredit":false},{"lineNumber":6,"author":{"gitId":"gabriellegtw"},"content":"","lastModifiedDate":"2024-08-21","isFullCredit":false},{"lineNumber":7,"author":{"gitId":"gabriellegtw"},"content":"    protected String start;","lastModifiedDate":"2024-08-21","isFullCredit":false},{"lineNumber":8,"author":{"gitId":"gabriellegtw"},"content":"    protected String end;","lastModifiedDate":"2024-08-21","isFullCredit":false},{"lineNumber":9,"author":{"gitId":"gabriellegtw"},"content":"    public Event() {","lastModifiedDate":"2024-08-21","isFullCredit":false},{"lineNumber":10,"author":{"gitId":"gabriellegtw"},"content":"        super();","lastModifiedDate":"2024-08-21","isFullCredit":false},{"lineNumber":11,"author":{"gitId":"gabriellegtw"},"content":"    }","lastModifiedDate":"2024-08-21","isFullCredit":false},{"lineNumber":12,"author":{"gitId":"gabriellegtw"},"content":"","lastModifiedDate":"2024-08-21","isFullCredit":false},{"lineNumber":13,"author":{"gitId":"gabriellegtw"},"content":"    public Event(String description, String start, String end) {","lastModifiedDate":"2024-08-21","isFullCredit":false},{"lineNumber":14,"author":{"gitId":"gabriellegtw"},"content":"        super(description);","lastModifiedDate":"2024-08-21","isFullCredit":false},{"lineNumber":15,"author":{"gitId":"gabriellegtw"},"content":"        this.start \u003d start;","lastModifiedDate":"2024-08-21","isFullCredit":false},{"lineNumber":16,"author":{"gitId":"gabriellegtw"},"content":"        this.end \u003d end;","lastModifiedDate":"2024-08-21","isFullCredit":false},{"lineNumber":17,"author":{"gitId":"gabriellegtw"},"content":"    }","lastModifiedDate":"2024-08-21","isFullCredit":false},{"lineNumber":18,"author":{"gitId":"gabriellegtw"},"content":"    ","lastModifiedDate":"2024-08-21","isFullCredit":false},{"lineNumber":19,"author":{"gitId":"gabriellegtw"},"content":"    public void addToEvent(String[] arr, ArrayList\u003cTask\u003e list) throws MaxineException {","lastModifiedDate":"2024-08-28","isFullCredit":false},{"lineNumber":20,"author":{"gitId":"gabriellegtw"},"content":"        StringBuilder desc \u003d new StringBuilder();","lastModifiedDate":"2024-08-28","isFullCredit":false},{"lineNumber":21,"author":{"gitId":"gabriellegtw"},"content":"        StringBuilder start \u003d new StringBuilder();","lastModifiedDate":"2024-08-28","isFullCredit":false},{"lineNumber":22,"author":{"gitId":"gabriellegtw"},"content":"        StringBuilder end \u003d new StringBuilder();","lastModifiedDate":"2024-08-28","isFullCredit":false},{"lineNumber":23,"author":{"gitId":"gabriellegtw"},"content":"        desc.append(arr[1]);","lastModifiedDate":"2024-08-28","isFullCredit":false},{"lineNumber":24,"author":{"gitId":"gabriellegtw"},"content":"        boolean hasFrom \u003d false;","lastModifiedDate":"2024-08-28","isFullCredit":false},{"lineNumber":25,"author":{"gitId":"gabriellegtw"},"content":"        boolean hasTo \u003d false;","lastModifiedDate":"2024-08-28","isFullCredit":false},{"lineNumber":26,"author":{"gitId":"gabriellegtw"},"content":"        for (int i \u003d 2; i \u003c (arr.length - 1); i++) {","lastModifiedDate":"2024-08-28","isFullCredit":false},{"lineNumber":27,"author":{"gitId":"gabriellegtw"},"content":"            if (arr[i].equals(\"/from\")) {","lastModifiedDate":"2024-08-28","isFullCredit":false},{"lineNumber":28,"author":{"gitId":"gabriellegtw"},"content":"                hasFrom \u003d true;","lastModifiedDate":"2024-08-28","isFullCredit":false},{"lineNumber":29,"author":{"gitId":"gabriellegtw"},"content":"            }","lastModifiedDate":"2024-08-28","isFullCredit":false},{"lineNumber":30,"author":{"gitId":"gabriellegtw"},"content":"            if (arr[i].equals(\"/to\")) {","lastModifiedDate":"2024-08-28","isFullCredit":false},{"lineNumber":31,"author":{"gitId":"gabriellegtw"},"content":"                hasTo \u003d true;","lastModifiedDate":"2024-08-28","isFullCredit":false},{"lineNumber":32,"author":{"gitId":"gabriellegtw"},"content":"            }","lastModifiedDate":"2024-08-28","isFullCredit":false},{"lineNumber":33,"author":{"gitId":"gabriellegtw"},"content":"        }","lastModifiedDate":"2024-08-28","isFullCredit":false},{"lineNumber":34,"author":{"gitId":"gabriellegtw"},"content":"","lastModifiedDate":"2024-08-28","isFullCredit":false},{"lineNumber":35,"author":{"gitId":"gabriellegtw"},"content":"        if (!hasFrom || !hasTo || arr[1].equals(\"/from\")) {","lastModifiedDate":"2024-08-28","isFullCredit":false},{"lineNumber":36,"author":{"gitId":"gabriellegtw"},"content":"            throw new MaxineException(\"Please follow this format: event [enter event] /from [start date] /to [end date]\");","lastModifiedDate":"2024-08-28","isFullCredit":false},{"lineNumber":37,"author":{"gitId":"gabriellegtw"},"content":"        }","lastModifiedDate":"2024-08-28","isFullCredit":false},{"lineNumber":38,"author":{"gitId":"gabriellegtw"},"content":"        boolean isAfterFrom \u003d false;","lastModifiedDate":"2024-08-28","isFullCredit":false},{"lineNumber":39,"author":{"gitId":"gabriellegtw"},"content":"        boolean isAfterTo \u003d false;","lastModifiedDate":"2024-08-28","isFullCredit":false},{"lineNumber":40,"author":{"gitId":"gabriellegtw"},"content":"        for (int i \u003d 2; i \u003c arr.length; i++) {","lastModifiedDate":"2024-08-28","isFullCredit":false},{"lineNumber":41,"author":{"gitId":"gabriellegtw"},"content":"            if (arr[i].equals(\"/from\")) {","lastModifiedDate":"2024-08-28","isFullCredit":false},{"lineNumber":42,"author":{"gitId":"gabriellegtw"},"content":"                isAfterFrom \u003d true;","lastModifiedDate":"2024-08-28","isFullCredit":false},{"lineNumber":43,"author":{"gitId":"gabriellegtw"},"content":"            }","lastModifiedDate":"2024-08-28","isFullCredit":false},{"lineNumber":44,"author":{"gitId":"gabriellegtw"},"content":"            else if (arr[i].equals(\"/to\")) {","lastModifiedDate":"2024-08-28","isFullCredit":false},{"lineNumber":45,"author":{"gitId":"gabriellegtw"},"content":"                isAfterFrom \u003d false;","lastModifiedDate":"2024-08-28","isFullCredit":false},{"lineNumber":46,"author":{"gitId":"gabriellegtw"},"content":"                isAfterTo \u003d true;","lastModifiedDate":"2024-08-28","isFullCredit":false},{"lineNumber":47,"author":{"gitId":"gabriellegtw"},"content":"            } else if (isAfterFrom) {","lastModifiedDate":"2024-08-28","isFullCredit":false},{"lineNumber":48,"author":{"gitId":"gabriellegtw"},"content":"                String word \u003d \" \" + arr[i];","lastModifiedDate":"2024-08-28","isFullCredit":false},{"lineNumber":49,"author":{"gitId":"gabriellegtw"},"content":"                start.append(word);","lastModifiedDate":"2024-08-28","isFullCredit":false},{"lineNumber":50,"author":{"gitId":"gabriellegtw"},"content":"            } else if (isAfterTo) {","lastModifiedDate":"2024-08-28","isFullCredit":false},{"lineNumber":51,"author":{"gitId":"gabriellegtw"},"content":"                String word \u003d \" \" + arr[i];","lastModifiedDate":"2024-08-28","isFullCredit":false},{"lineNumber":52,"author":{"gitId":"gabriellegtw"},"content":"                end.append(word);","lastModifiedDate":"2024-08-28","isFullCredit":false},{"lineNumber":53,"author":{"gitId":"gabriellegtw"},"content":"            } else {","lastModifiedDate":"2024-08-28","isFullCredit":false},{"lineNumber":54,"author":{"gitId":"gabriellegtw"},"content":"                String word \u003d \" \" + arr[i];","lastModifiedDate":"2024-08-28","isFullCredit":false},{"lineNumber":55,"author":{"gitId":"gabriellegtw"},"content":"                desc.append(word);","lastModifiedDate":"2024-08-28","isFullCredit":false},{"lineNumber":56,"author":{"gitId":"gabriellegtw"},"content":"            }","lastModifiedDate":"2024-08-28","isFullCredit":false},{"lineNumber":57,"author":{"gitId":"gabriellegtw"},"content":"        }","lastModifiedDate":"2024-08-28","isFullCredit":false},{"lineNumber":58,"author":{"gitId":"gabriellegtw"},"content":"        Event task \u003d new Event(desc.toString(), start.toString(), end.toString());","lastModifiedDate":"2024-08-28","isFullCredit":false},{"lineNumber":59,"author":{"gitId":"gabriellegtw"},"content":"        list.add(task);","lastModifiedDate":"2024-08-28","isFullCredit":false},{"lineNumber":60,"author":{"gitId":"gabriellegtw"},"content":"    }","lastModifiedDate":"2024-08-28","isFullCredit":false},{"lineNumber":61,"author":{"gitId":"gabriellegtw"},"content":"","lastModifiedDate":"2024-08-28","isFullCredit":false},{"lineNumber":62,"author":{"gitId":"gabriellegtw"},"content":"    @Override","lastModifiedDate":"2024-08-21","isFullCredit":false},{"lineNumber":63,"author":{"gitId":"gabriellegtw"},"content":"    public String toString() {","lastModifiedDate":"2024-08-21","isFullCredit":false},{"lineNumber":64,"author":{"gitId":"gabriellegtw"},"content":"        return \"[E]\" + getStatusIcon() + description","lastModifiedDate":"2024-08-29","isFullCredit":false},{"lineNumber":65,"author":{"gitId":"gabriellegtw"},"content":"                + \" (From: \" + start + \" | To: \" + end + \")\";","lastModifiedDate":"2024-08-21","isFullCredit":false},{"lineNumber":66,"author":{"gitId":"gabriellegtw"},"content":"    }","lastModifiedDate":"2024-08-21","isFullCredit":false},{"lineNumber":67,"author":{"gitId":"gabriellegtw"},"content":"","lastModifiedDate":"2024-08-21","isFullCredit":false},{"lineNumber":68,"author":{"gitId":"gabriellegtw"},"content":"    @Override","lastModifiedDate":"2024-08-29","isFullCredit":false},{"lineNumber":69,"author":{"gitId":"gabriellegtw"},"content":"    public String writeToFile() {","lastModifiedDate":"2024-08-29","isFullCredit":false},{"lineNumber":70,"author":{"gitId":"gabriellegtw"},"content":"        return \"E\" + super.writeToFile() + \" / \" + start + \" / \" + end;","lastModifiedDate":"2024-08-29","isFullCredit":false},{"lineNumber":71,"author":{"gitId":"gabriellegtw"},"content":"    }","lastModifiedDate":"2024-08-29","isFullCredit":false},{"lineNumber":72,"author":{"gitId":"gabriellegtw"},"content":"","lastModifiedDate":"2024-08-29","isFullCredit":false},{"lineNumber":73,"author":{"gitId":"gabriellegtw"},"content":"}","lastModifiedDate":"2024-08-21","isFullCredit":false},{"lineNumber":74,"author":{"gitId":"gabriellegtw"},"content":"","lastModifiedDate":"2024-08-21","isFullCredit":false}],"authorContributionMap":{"gabriellegtw":74}},{"path":"src/main/java/task/Task.java","fileType":"java","lines":[{"lineNumber":1,"author":{"gitId":"gabriellegtw"},"content":"package task;","lastModifiedDate":"2024-08-29","isFullCredit":false},{"lineNumber":2,"author":{"gitId":"gabriellegtw"},"content":"","lastModifiedDate":"2024-08-29","isFullCredit":false},{"lineNumber":3,"author":{"gitId":"gabriellegtw"},"content":"public class Task {","lastModifiedDate":"2024-08-20","isFullCredit":false},{"lineNumber":4,"author":{"gitId":"gabriellegtw"},"content":"    protected String description;","lastModifiedDate":"2024-08-20","isFullCredit":false},{"lineNumber":5,"author":{"gitId":"gabriellegtw"},"content":"    protected boolean isDone;","lastModifiedDate":"2024-08-20","isFullCredit":false},{"lineNumber":6,"author":{"gitId":"gabriellegtw"},"content":"    protected boolean isDeleted;","lastModifiedDate":"2024-08-21","isFullCredit":false},{"lineNumber":7,"author":{"gitId":"gabriellegtw"},"content":"    protected int num;","lastModifiedDate":"2024-08-20","isFullCredit":false},{"lineNumber":8,"author":{"gitId":"gabriellegtw"},"content":"    private static int count;","lastModifiedDate":"2024-08-20","isFullCredit":false},{"lineNumber":9,"author":{"gitId":"gabriellegtw"},"content":"","lastModifiedDate":"2024-08-20","isFullCredit":false},{"lineNumber":10,"author":{"gitId":"gabriellegtw"},"content":"    public Task() {","lastModifiedDate":"2024-08-21","isFullCredit":false},{"lineNumber":11,"author":{"gitId":"gabriellegtw"},"content":"        this.description \u003d null;","lastModifiedDate":"2024-08-21","isFullCredit":false},{"lineNumber":12,"author":{"gitId":"gabriellegtw"},"content":"        this.isDone \u003d false;","lastModifiedDate":"2024-08-21","isFullCredit":false},{"lineNumber":13,"author":{"gitId":"gabriellegtw"},"content":"        count +\u003d 1;","lastModifiedDate":"2024-08-21","isFullCredit":false},{"lineNumber":14,"author":{"gitId":"gabriellegtw"},"content":"        this.num \u003d count;","lastModifiedDate":"2024-08-21","isFullCredit":false},{"lineNumber":15,"author":{"gitId":"gabriellegtw"},"content":"    }","lastModifiedDate":"2024-08-21","isFullCredit":false},{"lineNumber":16,"author":{"gitId":"gabriellegtw"},"content":"","lastModifiedDate":"2024-08-21","isFullCredit":false},{"lineNumber":17,"author":{"gitId":"gabriellegtw"},"content":"    public Task(String description) {","lastModifiedDate":"2024-08-20","isFullCredit":false},{"lineNumber":18,"author":{"gitId":"gabriellegtw"},"content":"        this.description \u003d description.toLowerCase();","lastModifiedDate":"2024-08-20","isFullCredit":false},{"lineNumber":19,"author":{"gitId":"gabriellegtw"},"content":"        this.isDone \u003d false;","lastModifiedDate":"2024-08-20","isFullCredit":false},{"lineNumber":20,"author":{"gitId":"gabriellegtw"},"content":"        count +\u003d 1;","lastModifiedDate":"2024-08-20","isFullCredit":false},{"lineNumber":21,"author":{"gitId":"gabriellegtw"},"content":"        this.num \u003d count;","lastModifiedDate":"2024-08-20","isFullCredit":false},{"lineNumber":22,"author":{"gitId":"gabriellegtw"},"content":"    }","lastModifiedDate":"2024-08-20","isFullCredit":false},{"lineNumber":23,"author":{"gitId":"gabriellegtw"},"content":"","lastModifiedDate":"2024-08-20","isFullCredit":false},{"lineNumber":24,"author":{"gitId":"gabriellegtw"},"content":"    public void changeStatus() {","lastModifiedDate":"2024-08-20","isFullCredit":false},{"lineNumber":25,"author":{"gitId":"gabriellegtw"},"content":"        this.isDone \u003d !isDone;","lastModifiedDate":"2024-08-20","isFullCredit":false},{"lineNumber":26,"author":{"gitId":"gabriellegtw"},"content":"","lastModifiedDate":"2024-08-20","isFullCredit":false},{"lineNumber":27,"author":{"gitId":"gabriellegtw"},"content":"        if (isDone) {","lastModifiedDate":"2024-08-20","isFullCredit":false},{"lineNumber":28,"author":{"gitId":"gabriellegtw"},"content":"            System.out.println(\"Yay! You finally did something today\");","lastModifiedDate":"2024-08-20","isFullCredit":false},{"lineNumber":29,"author":{"gitId":"gabriellegtw"},"content":"            System.out.println(this);","lastModifiedDate":"2024-08-20","isFullCredit":false},{"lineNumber":30,"author":{"gitId":"gabriellegtw"},"content":"        } else {","lastModifiedDate":"2024-08-20","isFullCredit":false},{"lineNumber":31,"author":{"gitId":"gabriellegtw"},"content":"            System.out.println(\"Skill issue...\");","lastModifiedDate":"2024-08-20","isFullCredit":false},{"lineNumber":32,"author":{"gitId":"gabriellegtw"},"content":"            System.out.println(this);","lastModifiedDate":"2024-08-20","isFullCredit":false},{"lineNumber":33,"author":{"gitId":"gabriellegtw"},"content":"        }","lastModifiedDate":"2024-08-20","isFullCredit":false},{"lineNumber":34,"author":{"gitId":"gabriellegtw"},"content":"    }","lastModifiedDate":"2024-08-20","isFullCredit":false},{"lineNumber":35,"author":{"gitId":"gabriellegtw"},"content":"","lastModifiedDate":"2024-08-20","isFullCredit":false},{"lineNumber":36,"author":{"gitId":"gabriellegtw"},"content":"    public void delete() {","lastModifiedDate":"2024-08-21","isFullCredit":false},{"lineNumber":37,"author":{"gitId":"gabriellegtw"},"content":"        this.isDeleted \u003d true;","lastModifiedDate":"2024-08-21","isFullCredit":false},{"lineNumber":38,"author":{"gitId":"gabriellegtw"},"content":"        System.out.println(\"Deleting this task: \" + this);","lastModifiedDate":"2024-08-21","isFullCredit":false},{"lineNumber":39,"author":{"gitId":"gabriellegtw"},"content":"    }","lastModifiedDate":"2024-08-21","isFullCredit":false},{"lineNumber":40,"author":{"gitId":"gabriellegtw"},"content":"","lastModifiedDate":"2024-08-21","isFullCredit":false},{"lineNumber":41,"author":{"gitId":"gabriellegtw"},"content":"    public String getStatusIcon() {","lastModifiedDate":"2024-08-20","isFullCredit":false},{"lineNumber":42,"author":{"gitId":"gabriellegtw"},"content":"        return isDone ? \"[X] \" : \"[ ] \"; // mark done task with X","lastModifiedDate":"2024-08-29","isFullCredit":false},{"lineNumber":43,"author":{"gitId":"gabriellegtw"},"content":"    }","lastModifiedDate":"2024-08-29","isFullCredit":false},{"lineNumber":44,"author":{"gitId":"gabriellegtw"},"content":"    ","lastModifiedDate":"2024-08-29","isFullCredit":false},{"lineNumber":45,"author":{"gitId":"gabriellegtw"},"content":"    public String writeToFile() {","lastModifiedDate":"2024-08-29","isFullCredit":false},{"lineNumber":46,"author":{"gitId":"gabriellegtw"},"content":"        return \" / \" + (isDone ? 1 : 0) + \" / \" + description;","lastModifiedDate":"2024-08-29","isFullCredit":false},{"lineNumber":47,"author":{"gitId":"gabriellegtw"},"content":"    }","lastModifiedDate":"2024-08-20","isFullCredit":false},{"lineNumber":48,"author":{"gitId":"gabriellegtw"},"content":"","lastModifiedDate":"2024-08-20","isFullCredit":false},{"lineNumber":49,"author":{"gitId":"gabriellegtw"},"content":"    @Override","lastModifiedDate":"2024-08-20","isFullCredit":false},{"lineNumber":50,"author":{"gitId":"gabriellegtw"},"content":"    public String toString() {","lastModifiedDate":"2024-08-20","isFullCredit":false},{"lineNumber":51,"author":{"gitId":"gabriellegtw"},"content":"        return getStatusIcon() + description;","lastModifiedDate":"2024-08-29","isFullCredit":false},{"lineNumber":52,"author":{"gitId":"gabriellegtw"},"content":"    }","lastModifiedDate":"2024-08-20","isFullCredit":false},{"lineNumber":53,"author":{"gitId":"gabriellegtw"},"content":"}","lastModifiedDate":"2024-08-20","isFullCredit":false}],"authorContributionMap":{"gabriellegtw":53}},{"path":"src/main/java/task/Todo.java","fileType":"java","lines":[{"lineNumber":1,"author":{"gitId":"gabriellegtw"},"content":"package task;","lastModifiedDate":"2024-08-29","isFullCredit":false},{"lineNumber":2,"author":{"gitId":"gabriellegtw"},"content":"","lastModifiedDate":"2024-08-29","isFullCredit":false},{"lineNumber":3,"author":{"gitId":"gabriellegtw"},"content":"import java.util.ArrayList;","lastModifiedDate":"2024-08-28","isFullCredit":false},{"lineNumber":4,"author":{"gitId":"gabriellegtw"},"content":"","lastModifiedDate":"2024-08-28","isFullCredit":false},{"lineNumber":5,"author":{"gitId":"gabriellegtw"},"content":"public class Todo extends Task {","lastModifiedDate":"2024-08-21","isFullCredit":false},{"lineNumber":6,"author":{"gitId":"gabriellegtw"},"content":"","lastModifiedDate":"2024-08-21","isFullCredit":false},{"lineNumber":7,"author":{"gitId":"gabriellegtw"},"content":"    public Todo() {","lastModifiedDate":"2024-08-21","isFullCredit":false},{"lineNumber":8,"author":{"gitId":"gabriellegtw"},"content":"        super();","lastModifiedDate":"2024-08-21","isFullCredit":false},{"lineNumber":9,"author":{"gitId":"gabriellegtw"},"content":"    }","lastModifiedDate":"2024-08-21","isFullCredit":false},{"lineNumber":10,"author":{"gitId":"gabriellegtw"},"content":"","lastModifiedDate":"2024-08-21","isFullCredit":false},{"lineNumber":11,"author":{"gitId":"gabriellegtw"},"content":"    public Todo(String s) {","lastModifiedDate":"2024-08-21","isFullCredit":false},{"lineNumber":12,"author":{"gitId":"gabriellegtw"},"content":"        super(s);","lastModifiedDate":"2024-08-21","isFullCredit":false},{"lineNumber":13,"author":{"gitId":"gabriellegtw"},"content":"    }","lastModifiedDate":"2024-08-21","isFullCredit":false},{"lineNumber":14,"author":{"gitId":"gabriellegtw"},"content":"    ","lastModifiedDate":"2024-08-21","isFullCredit":false},{"lineNumber":15,"author":{"gitId":"gabriellegtw"},"content":"    public void addTodo(String[] arr, ArrayList\u003cTask\u003e list) {","lastModifiedDate":"2024-08-28","isFullCredit":false},{"lineNumber":16,"author":{"gitId":"gabriellegtw"},"content":"        StringBuilder sb \u003d new StringBuilder();","lastModifiedDate":"2024-08-28","isFullCredit":false},{"lineNumber":17,"author":{"gitId":"gabriellegtw"},"content":"        sb.append(arr[1]);","lastModifiedDate":"2024-08-28","isFullCredit":false},{"lineNumber":18,"author":{"gitId":"gabriellegtw"},"content":"        if (arr.length \u003e\u003d 3) {","lastModifiedDate":"2024-08-28","isFullCredit":false},{"lineNumber":19,"author":{"gitId":"gabriellegtw"},"content":"            for (int i \u003d 2; i \u003c arr.length; i++) {","lastModifiedDate":"2024-08-28","isFullCredit":false},{"lineNumber":20,"author":{"gitId":"gabriellegtw"},"content":"                String word \u003d \" \" + arr[i];","lastModifiedDate":"2024-08-28","isFullCredit":false},{"lineNumber":21,"author":{"gitId":"gabriellegtw"},"content":"                sb.append(word);","lastModifiedDate":"2024-08-28","isFullCredit":false},{"lineNumber":22,"author":{"gitId":"gabriellegtw"},"content":"            } ","lastModifiedDate":"2024-08-28","isFullCredit":false},{"lineNumber":23,"author":{"gitId":"gabriellegtw"},"content":"        }","lastModifiedDate":"2024-08-28","isFullCredit":false},{"lineNumber":24,"author":{"gitId":"gabriellegtw"},"content":"        Todo task \u003d new Todo(sb.toString());","lastModifiedDate":"2024-08-28","isFullCredit":false},{"lineNumber":25,"author":{"gitId":"gabriellegtw"},"content":"        list.add(task);","lastModifiedDate":"2024-08-28","isFullCredit":false},{"lineNumber":26,"author":{"gitId":"gabriellegtw"},"content":"    }","lastModifiedDate":"2024-08-28","isFullCredit":false},{"lineNumber":27,"author":{"gitId":"gabriellegtw"},"content":"","lastModifiedDate":"2024-08-28","isFullCredit":false},{"lineNumber":28,"author":{"gitId":"gabriellegtw"},"content":"    @Override","lastModifiedDate":"2024-08-21","isFullCredit":false},{"lineNumber":29,"author":{"gitId":"gabriellegtw"},"content":"    public String toString() {","lastModifiedDate":"2024-08-21","isFullCredit":false},{"lineNumber":30,"author":{"gitId":"gabriellegtw"},"content":"        return \"[T]\" + getStatusIcon() + description;","lastModifiedDate":"2024-08-29","isFullCredit":false},{"lineNumber":31,"author":{"gitId":"gabriellegtw"},"content":"    }","lastModifiedDate":"2024-08-29","isFullCredit":false},{"lineNumber":32,"author":{"gitId":"gabriellegtw"},"content":"    ","lastModifiedDate":"2024-08-29","isFullCredit":false},{"lineNumber":33,"author":{"gitId":"gabriellegtw"},"content":"    @Override","lastModifiedDate":"2024-08-29","isFullCredit":false},{"lineNumber":34,"author":{"gitId":"gabriellegtw"},"content":"    public String writeToFile() {","lastModifiedDate":"2024-08-29","isFullCredit":false},{"lineNumber":35,"author":{"gitId":"gabriellegtw"},"content":"        return \"T\" + super.writeToFile();","lastModifiedDate":"2024-08-29","isFullCredit":false},{"lineNumber":36,"author":{"gitId":"gabriellegtw"},"content":"    }","lastModifiedDate":"2024-08-21","isFullCredit":false},{"lineNumber":37,"author":{"gitId":"gabriellegtw"},"content":"","lastModifiedDate":"2024-08-21","isFullCredit":false},{"lineNumber":38,"author":{"gitId":"gabriellegtw"},"content":"}","lastModifiedDate":"2024-08-21","isFullCredit":false}],"authorContributionMap":{"gabriellegtw":38}},{"path":"text-ui-test/input.txt","fileType":"txt","lines":[{"lineNumber":1,"author":{"gitId":"gabriellegtw"},"content":"todo return book","lastModifiedDate":"2024-08-21","isFullCredit":false},{"lineNumber":2,"author":{"gitId":"gabriellegtw"},"content":"deadline return book /by Sunday","lastModifiedDate":"2024-08-21","isFullCredit":false},{"lineNumber":3,"author":{"gitId":"gabriellegtw"},"content":"event project meeting /from Monday /to Tuesday","lastModifiedDate":"2024-08-21","isFullCredit":false},{"lineNumber":4,"author":{"gitId":"gabriellegtw"},"content":"list","lastModifiedDate":"2024-08-21","isFullCredit":false},{"lineNumber":5,"author":{"gitId":"gabriellegtw"},"content":"bye","lastModifiedDate":"2024-08-21","isFullCredit":false}],"authorContributionMap":{"gabriellegtw":5}},{"path":"text-ui-test/runtest.bat","fileType":"bat","lines":[{"lineNumber":1,"author":{"gitId":"-"},"content":"@ECHO OFF","lastModifiedDate":"2020-05-25","isFullCredit":false},{"lineNumber":2,"author":{"gitId":"-"},"content":"","lastModifiedDate":"2020-05-25","isFullCredit":false},{"lineNumber":3,"author":{"gitId":"-"},"content":"REM create bin directory if it doesn\u0027t exist","lastModifiedDate":"2020-05-25","isFullCredit":false},{"lineNumber":4,"author":{"gitId":"-"},"content":"if not exist ..\\bin mkdir ..\\bin","lastModifiedDate":"2020-05-25","isFullCredit":false},{"lineNumber":5,"author":{"gitId":"-"},"content":"","lastModifiedDate":"2020-05-25","isFullCredit":false},{"lineNumber":6,"author":{"gitId":"-"},"content":"REM delete output from previous run","lastModifiedDate":"2020-05-25","isFullCredit":false},{"lineNumber":7,"author":{"gitId":"-"},"content":"if exist ACTUAL.TXT del ACTUAL.TXT","lastModifiedDate":"2020-08-25","isFullCredit":false},{"lineNumber":8,"author":{"gitId":"-"},"content":"","lastModifiedDate":"2020-05-25","isFullCredit":false},{"lineNumber":9,"author":{"gitId":"-"},"content":"REM compile the code into the bin folder","lastModifiedDate":"2020-05-25","isFullCredit":false},{"lineNumber":10,"author":{"gitId":"-"},"content":"javac  -cp ..\\src\\main\\java -Xlint:none -d ..\\bin ..\\src\\main\\java\\*.java","lastModifiedDate":"2020-08-25","isFullCredit":false},{"lineNumber":11,"author":{"gitId":"-"},"content":"IF ERRORLEVEL 1 (","lastModifiedDate":"2020-05-25","isFullCredit":false},{"lineNumber":12,"author":{"gitId":"-"},"content":"    echo ********** BUILD FAILURE **********","lastModifiedDate":"2020-05-25","isFullCredit":false},{"lineNumber":13,"author":{"gitId":"-"},"content":"    exit /b 1","lastModifiedDate":"2020-05-25","isFullCredit":false},{"lineNumber":14,"author":{"gitId":"-"},"content":")","lastModifiedDate":"2020-05-25","isFullCredit":false},{"lineNumber":15,"author":{"gitId":"-"},"content":"REM no error here, errorlevel \u003d\u003d 0","lastModifiedDate":"2020-05-25","isFullCredit":false},{"lineNumber":16,"author":{"gitId":"-"},"content":"","lastModifiedDate":"2020-05-25","isFullCredit":false},{"lineNumber":17,"author":{"gitId":"-"},"content":"REM run the program, feed commands from input.txt file and redirect the output to the ACTUAL.TXT","lastModifiedDate":"2020-05-25","isFullCredit":false},{"lineNumber":18,"author":{"gitId":"gabriellegtw"},"content":"java -classpath ..\\bin Maxine \u003c input.txt \u003e ACTUAL.TXT","lastModifiedDate":"2024-08-21","isFullCredit":false},{"lineNumber":19,"author":{"gitId":"-"},"content":"","lastModifiedDate":"2020-05-25","isFullCredit":false},{"lineNumber":20,"author":{"gitId":"-"},"content":"REM compare the output to the expected output","lastModifiedDate":"2020-05-25","isFullCredit":false},{"lineNumber":21,"author":{"gitId":"-"},"content":"FC ACTUAL.TXT EXPECTED.TXT","lastModifiedDate":"2020-05-25","isFullCredit":false}],"authorContributionMap":{"-":20,"gabriellegtw":1}},{"path":"text-ui-test/runtest.sh","fileType":"sh","lines":[{"lineNumber":1,"author":{"gitId":"-"},"content":"#!/usr/bin/env bash","lastModifiedDate":"2020-05-25","isFullCredit":false},{"lineNumber":2,"author":{"gitId":"-"},"content":"","lastModifiedDate":"2020-05-25","isFullCredit":false},{"lineNumber":3,"author":{"gitId":"-"},"content":"# create bin directory if it doesn\u0027t exist","lastModifiedDate":"2020-05-25","isFullCredit":false},{"lineNumber":4,"author":{"gitId":"-"},"content":"if [ ! -d \"../bin\" ]","lastModifiedDate":"2020-05-25","isFullCredit":false},{"lineNumber":5,"author":{"gitId":"-"},"content":"then","lastModifiedDate":"2020-05-25","isFullCredit":false},{"lineNumber":6,"author":{"gitId":"-"},"content":"    mkdir ../bin","lastModifiedDate":"2020-05-25","isFullCredit":false},{"lineNumber":7,"author":{"gitId":"-"},"content":"fi","lastModifiedDate":"2020-05-25","isFullCredit":false},{"lineNumber":8,"author":{"gitId":"-"},"content":"","lastModifiedDate":"2020-05-25","isFullCredit":false},{"lineNumber":9,"author":{"gitId":"-"},"content":"# delete output from previous run","lastModifiedDate":"2020-05-25","isFullCredit":false},{"lineNumber":10,"author":{"gitId":"-"},"content":"if [ -e \"./ACTUAL.TXT\" ]","lastModifiedDate":"2020-05-25","isFullCredit":false},{"lineNumber":11,"author":{"gitId":"-"},"content":"then","lastModifiedDate":"2020-05-25","isFullCredit":false},{"lineNumber":12,"author":{"gitId":"-"},"content":"    rm ACTUAL.TXT","lastModifiedDate":"2020-05-25","isFullCredit":false},{"lineNumber":13,"author":{"gitId":"-"},"content":"fi","lastModifiedDate":"2020-05-25","isFullCredit":false},{"lineNumber":14,"author":{"gitId":"-"},"content":"","lastModifiedDate":"2020-05-25","isFullCredit":false},{"lineNumber":15,"author":{"gitId":"-"},"content":"# compile the code into the bin folder, terminates if error occurred","lastModifiedDate":"2020-05-25","isFullCredit":false},{"lineNumber":16,"author":{"gitId":"-"},"content":"if ! javac -cp ../src/main/java -Xlint:none -d ../bin ../src/main/java/*.java","lastModifiedDate":"2020-08-25","isFullCredit":false},{"lineNumber":17,"author":{"gitId":"-"},"content":"then","lastModifiedDate":"2020-05-25","isFullCredit":false},{"lineNumber":18,"author":{"gitId":"-"},"content":"    echo \"********** BUILD FAILURE **********\"","lastModifiedDate":"2020-05-25","isFullCredit":false},{"lineNumber":19,"author":{"gitId":"-"},"content":"    exit 1","lastModifiedDate":"2020-05-25","isFullCredit":false},{"lineNumber":20,"author":{"gitId":"-"},"content":"fi","lastModifiedDate":"2020-05-25","isFullCredit":false},{"lineNumber":21,"author":{"gitId":"-"},"content":"","lastModifiedDate":"2020-05-25","isFullCredit":false},{"lineNumber":22,"author":{"gitId":"gabriellegtw"},"content":"# run the program, feed commands from t.txt file and redirect the output to the ACTUAL.TXT","lastModifiedDate":"2024-08-21","isFullCredit":false},{"lineNumber":23,"author":{"gitId":"gabriellegtw"},"content":"java -classpath ../bin Maxine \u003c input.txt \u003e ACTUAL.TXT","lastModifiedDate":"2024-08-21","isFullCredit":false},{"lineNumber":24,"author":{"gitId":"-"},"content":"","lastModifiedDate":"2020-05-25","isFullCredit":false},{"lineNumber":25,"author":{"gitId":"-"},"content":"# convert to UNIX format","lastModifiedDate":"2020-05-25","isFullCredit":false},{"lineNumber":26,"author":{"gitId":"-"},"content":"cp EXPECTED.TXT EXPECTED-UNIX.TXT","lastModifiedDate":"2020-05-25","isFullCredit":false},{"lineNumber":27,"author":{"gitId":"-"},"content":"dos2unix ACTUAL.TXT EXPECTED-UNIX.TXT","lastModifiedDate":"2020-05-25","isFullCredit":false},{"lineNumber":28,"author":{"gitId":"-"},"content":"","lastModifiedDate":"2020-05-25","isFullCredit":false},{"lineNumber":29,"author":{"gitId":"-"},"content":"# compare the output to the expected output","lastModifiedDate":"2020-05-25","isFullCredit":false},{"lineNumber":30,"author":{"gitId":"-"},"content":"diff ACTUAL.TXT EXPECTED-UNIX.TXT","lastModifiedDate":"2020-05-25","isFullCredit":false},{"lineNumber":31,"author":{"gitId":"-"},"content":"if [ $? -eq 0 ]","lastModifiedDate":"2020-05-25","isFullCredit":false},{"lineNumber":32,"author":{"gitId":"-"},"content":"then","lastModifiedDate":"2020-05-25","isFullCredit":false},{"lineNumber":33,"author":{"gitId":"-"},"content":"    echo \"Test result: PASSED\"","lastModifiedDate":"2020-05-25","isFullCredit":false},{"lineNumber":34,"author":{"gitId":"-"},"content":"    exit 0","lastModifiedDate":"2020-05-25","isFullCredit":false},{"lineNumber":35,"author":{"gitId":"-"},"content":"else","lastModifiedDate":"2020-05-25","isFullCredit":false},{"lineNumber":36,"author":{"gitId":"-"},"content":"    echo \"Test result: FAILED\"","lastModifiedDate":"2020-05-25","isFullCredit":false},{"lineNumber":37,"author":{"gitId":"-"},"content":"    exit 1","lastModifiedDate":"2020-05-25","isFullCredit":false},{"lineNumber":38,"author":{"gitId":"-"},"content":"fi","lastModifiedDate":"2020-05-25","isFullCredit":false}],"authorContributionMap":{"-":36,"gabriellegtw":2}}]
