{"authorDailyContributionsMap":{"gabriellegtw":[{"date":"2024-08-20","commitResults":[{"hash":"ba830d216b7e5dcf3dd7cf8556a409ea4958268d","isMergeCommit":false,"messageTitle":"Add greeting, prompt and exit * Added greeting and exit * Added prompt to ask user * Renamed Duke to Maxine","messageBody":"","tags":["Level-0"],"fileTypesAndContributionMap":{"java":{"insertions":20,"deletions":10}}},{"hash":"9b95aaca5f779e2b12d7c7c69b7cd31ec46e90b4","isMergeCommit":false,"messageTitle":"Add javadocs * Added javadocs * Created method to prompt user","messageBody":"","tags":["Level-1"],"fileTypesAndContributionMap":{"java":{"insertions":19,"deletions":7}}},{"hash":"257640ef2f274cd66b36fba630f36383e53ba4b4","isMergeCommit":false,"messageTitle":"Add list function When user inputs item into the input, the element is added to a set.","messageBody":"When user types \"list\" (regardless of upper or lowercase), the list will be displayed\n","tags":["Level-2"],"fileTypesAndContributionMap":{"java":{"insertions":29,"deletions":12}}},{"hash":"dfcd1a67be657b4e90eb6dd1634f4c7b000d5f9e","isMergeCommit":false,"messageTitle":"Add check/uncheck function * User is able to mark a task as complete using \"mark\" * User is able to unmark a task as incomplete using \"unmark\"","messageBody":"","tags":["Level-3"],"fileTypesAndContributionMap":{"java":{"insertions":52,"deletions":14}}}]},{"date":"2024-08-21","commitResults":[{"hash":"5c2bb43f60a69ac00bf9354a56eaaf689af488bc","isMergeCommit":false,"messageTitle":"Change HashMap to ArrayList Tasks are stored in ArrayList instead of a hashmap","messageBody":"","fileTypesAndContributionMap":{"java":{"insertions":81,"deletions":8}}},{"hash":"b21aea98b8de9308e1c9bd0a8ee9ca8fc6665587","isMergeCommit":false,"messageTitle":"Add logic to handle different task types * Handle Todo, deadlines, event","messageBody":"","tags":["Level-4"],"fileTypesAndContributionMap":{"java":{"insertions":49,"deletions":2}}},{"hash":"7b5ca163d2f6649c7051f1a219d37d12de42fa33","isMergeCommit":false,"messageTitle":"Add automated testing * Modified EXPECTED.TXT and ACTUAL.TXT Note: Ensure that setting is such that whitespaces are not removed on save","messageBody":"","tags":["A-TextUiTesting"],"fileTypesAndContributionMap":{"txt":{"insertions":5,"deletions":0},"java":{"insertions":6,"deletions":4},"bat":{"insertions":1,"deletions":1},"sh":{"insertions":2,"deletions":2}}},{"hash":"df93534a902328b3481442e7cf1291775afc7ae9","isMergeCommit":false,"messageTitle":"Add exception handling for different cases","messageBody":"","tags":["Level-5"],"fileTypesAndContributionMap":{"java":{"insertions":90,"deletions":51}}},{"hash":"c9a77bd091de65abd0fb58a5ce30dac2f60039b8","isMergeCommit":false,"messageTitle":"Add delete function to delete tasks","messageBody":"","tags":["Level-6"],"fileTypesAndContributionMap":{"java":{"insertions":4,"deletions":0}}},{"hash":"e1cb0faf510f7cd98b9cda8d7550ed163bff6240","isMergeCommit":false,"messageTitle":"Improved deletion * print string to notify which task is deleted","messageBody":"","fileTypesAndContributionMap":{"java":{"insertions":7,"deletions":1}}}]},{"date":"2024-08-23","commitResults":[{"hash":"b6f98101e088388eee2dab5a21f49c9324e12e4f","isMergeCommit":false,"messageTitle":"Broke up code into methods to enhance readability","messageBody":"","fileTypesAndContributionMap":{"java":{"insertions":135,"deletions":96}}}]},{"date":"2024-08-26","commitResults":[{"hash":"20ae7fce8a9b68d647ceddcdb10237149065215b","isMergeCommit":false,"messageTitle":"Change boolean variable names","messageBody":"","fileTypesAndContributionMap":{"java":{"insertions":18,"deletions":18}}}]},{"date":"2024-08-28","commitResults":[{"hash":"e04d42c8fc411c28d28625c8b245499cb696b154","isMergeCommit":false,"messageTitle":"Add maxine.txt and file refresh List does not store its elements remotely","messageBody":"List needs to store data on another file so that it is able to retrieve the information later.\n\nLet\u0027s add a text file and a refresh method so that information can be retrieved\n","fileTypesAndContributionMap":{"txt":{"insertions":2,"deletions":0},"java":{"insertions":198,"deletions":78}}}]},{"date":"2024-08-29","commitResults":[{"hash":"bec8eb49f3fd4e9199cd555c0db836962c05752d","isMergeCommit":false,"messageTitle":"Add TaskParser class","messageBody":"When program is launched, list does not read maxine.txt and starts on a new list\n\nLet\u0027s add TaskParser class to parse maxine.txt and add to Array list\n","tags":["Level-7"],"fileTypesAndContributionMap":{"txt":{"insertions":3,"deletions":2},"java":{"insertions":81,"deletions":18}}},{"hash":"d113e19c2e3441f43714a074f49ba4233edc5c8b","isMergeCommit":false,"messageTitle":"Fix formatting and add tag","messageBody":"","fileTypesAndContributionMap":{"java":{"insertions":0,"deletions":3}}},{"hash":"2fa38ded25cc18eb4fb22588a4b5fd9ae6300a37","isMergeCommit":false,"messageTitle":"Handle case where file is not found","messageBody":"File Reading class does not handle FileNotFound Exception\n\nLet\u0027s handle the exception within FileReading class internally\n","fileTypesAndContributionMap":{"java":{"insertions":11,"deletions":6}}},{"hash":"96415558f40a9d7616c88161a267e8ea56b949ae","isMergeCommit":false,"messageTitle":"Delete unused method","messageBody":"","fileTypesAndContributionMap":{"java":{"insertions":0,"deletions":11}}},{"hash":"182643b13786e9be406ef40f2da1a04501b3c5cd","isMergeCommit":true,"messageTitle":"Merge pull request #1 from gabriellegtw/branch-Level-7","messageBody":"Add automatic list storage in maxine.txt","fileTypesAndContributionMap":{}}]},{"date":"2024-08-30","commitResults":[{"hash":"be4ea73ffef2f01b93e3b3c653bc47d66b2cbc63","isMergeCommit":false,"messageTitle":"Fix date recognition","messageBody":"The bot takes in the deadline as a string. Taking the string as is may not be very meaningful to the reader\n\nLet\u0027s have the bot recognise dates and display it in a different format (eg. typing 18-02-2024 in the input becomes 18th February 2024 in maxine.txt)\n","tags":["Level-8"],"fileTypesAndContributionMap":{"txt":{"insertions":0,"deletions":3},"java":{"insertions":64,"deletions":26}}},{"hash":"db8ebb6ae4be2734218fc8b66971a2ed965644c8","isMergeCommit":true,"messageTitle":"Merge pull request #2 from gabriellegtw/branch-Level-8","messageBody":"Add date recognition","fileTypesAndContributionMap":{}},{"hash":"1277b710ccf58203bd6b83cb87442fc50ffd8e53","isMergeCommit":false,"messageTitle":"Add Ui class","messageBody":"Print statements within Maxine bot are not encapsulated\n\nLet\u0027s add a Ui class to handle interactions with the user\n","tags":["A-MoreOOP"],"fileTypesAndContributionMap":{"txt":{"insertions":1,"deletions":0},"java":{"insertions":55,"deletions":4}}},{"hash":"2eb311d56cc941154d5d1e5ca173288c6d5613ec","isMergeCommit":false,"messageTitle":"Add Storage class","messageBody":"FileReading and FileWriting classes are merged into Storage class\n","tags":["A-Packages"],"fileTypesAndContributionMap":{"txt":{"insertions":1,"deletions":1},"java":{"insertions":85,"deletions":100}}},{"hash":"9669388cd9a2879e3a5d231ed6afe8f44e3f3557","isMergeCommit":false,"messageTitle":"Add TaskList and Parser class","messageBody":"Encapsulate commands for adding to the task list to be read and written in the storage class\n\nParser class encapsulates logic for understanding each line in maxine.txt so that we can remember the tasks created in previous sessions\n","fileTypesAndContributionMap":{"txt":{"insertions":3,"deletions":1},"java":{"insertions":176,"deletions":173}}},{"hash":"7dfd54946734d4636d90bd5fafc992745907ddfd","isMergeCommit":true,"messageTitle":"Merge pull request #3 from gabriellegtw/add-gradle-support","messageBody":"Add gradle support","tags":["A-Gradle"],"fileTypesAndContributionMap":{}},{"hash":"3a874b263258ebb7b1c2f4a9294766acb46c6856","isMergeCommit":false,"messageTitle":"Package all files into maxine package","messageBody":"","fileTypesAndContributionMap":{"txt":{"insertions":3,"deletions":2},"java":{"insertions":35,"deletions":42},"bat":{"insertions":1,"deletions":1}}}]},{"date":"2024-08-31","commitResults":[{"hash":"07e7e6f0b463058b774a90ad2b773c546bb5e478","isMergeCommit":false,"messageTitle":"Encapsulate parsing into Parser class","messageBody":"Information parsed in input is in Maxine class.\n\nLet\u0027s encapsulate this logic into Parser class\n","tags":["A-JUnit"],"fileTypesAndContributionMap":{"gradle":{"insertions":2,"deletions":2},"txt":{"insertions":0,"deletions":3},"java":{"insertions":345,"deletions":146}}},{"hash":"db23ebc5b53574027a09f2c84b628aabcc7e5f61","isMergeCommit":false,"messageTitle":"Add testing for storage and FileParser","messageBody":"","tags":["A-Jar"],"fileTypesAndContributionMap":{"txt":{"insertions":3,"deletions":0},"java":{"insertions":77,"deletions":29}}},{"hash":"81d2bd5bf4e5696613f1f7e30a36ea3695cccdca","isMergeCommit":false,"messageTitle":"Create Jar File","messageBody":"","tags":["Level-9"],"fileTypesAndContributionMap":{"java":{"insertions":3,"deletions":2}}},{"hash":"2cd541818b8ec87c1adf99cad546cfb0e44aac1c","isMergeCommit":false,"messageTitle":"Add find command","messageBody":"There is no way for users to find tasks based on keywords\n\nA find command is implemented in Parser and Ui classes to enable users to type \"find [keywords]\" to find a specific or a few specific tasks\n","fileTypesAndContributionMap":{"txt":{"insertions":2,"deletions":0},"java":{"insertions":27,"deletions":6}}},{"hash":"865af173d448951fff43ffec4bba1104adfb846d","isMergeCommit":true,"messageTitle":"Merge pull request #4 from gabriellegtw/branch-Level-9","messageBody":"Add find command","tags":["A-CodingStandard"],"fileTypesAndContributionMap":{}},{"hash":"75ca06d5ed04c49bc7929ec212f9cdea5f1782f3","isMergeCommit":false,"messageTitle":"Align code with coding standards","messageBody":"","fileTypesAndContributionMap":{"java":{"insertions":18,"deletions":32}}},{"hash":"781d972cf1b0dddb871c4f21f8864ad28afc39a0","isMergeCommit":true,"messageTitle":"Merge pull request #5 from gabriellegtw/branch-A-CodingStandard","messageBody":"Align code with coding standards","tags":["A-JavaDoc"],"fileTypesAndContributionMap":{}}]},{"date":"2024-09-01","commitResults":[{"hash":"ca19ad114ce14ab64d596c43122830e11cddd9c8","isMergeCommit":false,"messageTitle":"Add javadocs to all public methods","messageBody":"","fileTypesAndContributionMap":{"java":{"insertions":385,"deletions":31}}},{"hash":"14880d16f087b01d69f868ebf319611badaea159","isMergeCommit":true,"messageTitle":"Merge pull request #6 from gabriellegtw/branch-A-JavaDoc","messageBody":"Add javadocs to all public methods","fileTypesAndContributionMap":{}}]}]},"authorFileTypeContributionMap":{"gabriellegtw":{"java":1150,"md":0,"fxml":0,"sh":2,"bat":1,"gradle":2,"txt":11}},"authorContributionVariance":{"gabriellegtw":58340.887},"authorDisplayNameMap":{"gabriellegtw":"CS2103T-W10-1 GABR..INGS"}}
