[{"path":"docs/README.md","fileType":"md","lines":[{"lineNumber":1,"author":{"gitId":"Timenikhil"},"content":"# AVA User Guide","lastModifiedDate":"2024-08-30","isFullCredit":false},{"lineNumber":2,"author":{"gitId":"-"},"content":"","lastModifiedDate":"2019-07-29","isFullCredit":false},{"lineNumber":3,"author":{"gitId":"-"},"content":"// Update the title above to match the actual product name","lastModifiedDate":"2024-01-07","isFullCredit":false},{"lineNumber":4,"author":{"gitId":"-"},"content":"","lastModifiedDate":"2019-07-29","isFullCredit":false},{"lineNumber":5,"author":{"gitId":"-"},"content":"// Product screenshot goes here","lastModifiedDate":"2024-01-07","isFullCredit":false},{"lineNumber":6,"author":{"gitId":"-"},"content":"","lastModifiedDate":"2021-07-17","isFullCredit":false},{"lineNumber":7,"author":{"gitId":"-"},"content":"// Product intro goes here","lastModifiedDate":"2024-01-07","isFullCredit":false},{"lineNumber":8,"author":{"gitId":"-"},"content":"","lastModifiedDate":"2021-07-17","isFullCredit":false},{"lineNumber":9,"author":{"gitId":"-"},"content":"## Adding deadlines","lastModifiedDate":"2024-01-07","isFullCredit":false},{"lineNumber":10,"author":{"gitId":"-"},"content":"","lastModifiedDate":"2021-07-17","isFullCredit":false},{"lineNumber":11,"author":{"gitId":"-"},"content":"// Describe the action and its outcome.","lastModifiedDate":"2024-01-07","isFullCredit":false},{"lineNumber":12,"author":{"gitId":"-"},"content":"","lastModifiedDate":"2019-07-29","isFullCredit":false},{"lineNumber":13,"author":{"gitId":"-"},"content":"// Give examples of usage","lastModifiedDate":"2024-01-07","isFullCredit":false},{"lineNumber":14,"author":{"gitId":"-"},"content":"","lastModifiedDate":"2019-07-29","isFullCredit":false},{"lineNumber":15,"author":{"gitId":"-"},"content":"Example: `keyword (optional arguments)`","lastModifiedDate":"2024-01-07","isFullCredit":false},{"lineNumber":16,"author":{"gitId":"-"},"content":"","lastModifiedDate":"2019-07-29","isFullCredit":false},{"lineNumber":17,"author":{"gitId":"-"},"content":"// A description of the expected outcome goes here","lastModifiedDate":"2024-01-07","isFullCredit":false},{"lineNumber":18,"author":{"gitId":"-"},"content":"","lastModifiedDate":"2019-07-29","isFullCredit":false},{"lineNumber":19,"author":{"gitId":"-"},"content":"```","lastModifiedDate":"2024-01-07","isFullCredit":false},{"lineNumber":20,"author":{"gitId":"-"},"content":"expected output","lastModifiedDate":"2024-01-07","isFullCredit":false},{"lineNumber":21,"author":{"gitId":"-"},"content":"```","lastModifiedDate":"2024-01-07","isFullCredit":false},{"lineNumber":22,"author":{"gitId":"-"},"content":"","lastModifiedDate":"2019-07-29","isFullCredit":false},{"lineNumber":23,"author":{"gitId":"-"},"content":"## Feature ABC","lastModifiedDate":"2024-01-07","isFullCredit":false},{"lineNumber":24,"author":{"gitId":"-"},"content":"","lastModifiedDate":"2019-07-29","isFullCredit":false},{"lineNumber":25,"author":{"gitId":"-"},"content":"// Feature details","lastModifiedDate":"2024-01-07","isFullCredit":false},{"lineNumber":26,"author":{"gitId":"-"},"content":"","lastModifiedDate":"2019-07-29","isFullCredit":false},{"lineNumber":27,"author":{"gitId":"-"},"content":"","lastModifiedDate":"2021-07-17","isFullCredit":false},{"lineNumber":28,"author":{"gitId":"-"},"content":"## Feature XYZ","lastModifiedDate":"2024-01-07","isFullCredit":false},{"lineNumber":29,"author":{"gitId":"-"},"content":"","lastModifiedDate":"2024-01-07","isFullCredit":false},{"lineNumber":30,"author":{"gitId":"-"},"content":"// Feature details","lastModifiedDate":"2024-01-07","isFullCredit":false}],"authorContributionMap":{"Timenikhil":1,"-":29}},{"path":"src/main/java/ava/AVA.java","fileType":"java","lines":[{"lineNumber":1,"author":{"gitId":"Timenikhil"},"content":"package ava;","lastModifiedDate":"2024-08-28","isFullCredit":false},{"lineNumber":2,"author":{"gitId":"Timenikhil"},"content":"","lastModifiedDate":"2024-08-28","isFullCredit":false},{"lineNumber":3,"author":{"gitId":"Timenikhil"},"content":"import ava.task.Task;","lastModifiedDate":"2024-08-28","isFullCredit":false},{"lineNumber":4,"author":{"gitId":"Timenikhil"},"content":"import ava.task.TaskManager;","lastModifiedDate":"2024-08-28","isFullCredit":false},{"lineNumber":5,"author":{"gitId":"Timenikhil"},"content":"","lastModifiedDate":"2024-08-23","isFullCredit":false},{"lineNumber":6,"author":{"gitId":"Timenikhil"},"content":"import java.io.PrintStream;","lastModifiedDate":"2024-08-23","isFullCredit":false},{"lineNumber":7,"author":{"gitId":"Timenikhil"},"content":"import java.util.List;","lastModifiedDate":"2024-08-23","isFullCredit":false},{"lineNumber":8,"author":{"gitId":"Timenikhil"},"content":"","lastModifiedDate":"2024-08-23","isFullCredit":false},{"lineNumber":9,"author":{"gitId":"Timenikhil"},"content":"public class AVA {","lastModifiedDate":"2024-08-23","isFullCredit":false},{"lineNumber":10,"author":{"gitId":"Timenikhil"},"content":"","lastModifiedDate":"2024-08-23","isFullCredit":false},{"lineNumber":11,"author":{"gitId":"Timenikhil"},"content":"    /**","lastModifiedDate":"2024-08-23","isFullCredit":false},{"lineNumber":12,"author":{"gitId":"Timenikhil"},"content":"     * Current user input being processed by AVA.","lastModifiedDate":"2024-08-23","isFullCredit":false},{"lineNumber":13,"author":{"gitId":"Timenikhil"},"content":"     */","lastModifiedDate":"2024-08-23","isFullCredit":false},{"lineNumber":14,"author":{"gitId":"Timenikhil"},"content":"    private String currentInput;","lastModifiedDate":"2024-08-23","isFullCredit":false},{"lineNumber":15,"author":{"gitId":"Timenikhil"},"content":"","lastModifiedDate":"2024-08-23","isFullCredit":false},{"lineNumber":16,"author":{"gitId":"Timenikhil"},"content":"    /**","lastModifiedDate":"2024-08-23","isFullCredit":false},{"lineNumber":17,"author":{"gitId":"Timenikhil"},"content":"     * TaskManager for AVA","lastModifiedDate":"2024-08-28","isFullCredit":false},{"lineNumber":18,"author":{"gitId":"Timenikhil"},"content":"     * \u003cbr\u003e","lastModifiedDate":"2024-08-28","isFullCredit":false},{"lineNumber":19,"author":{"gitId":"Timenikhil"},"content":"     * initialized on ava\u0027s creation","lastModifiedDate":"2024-08-28","isFullCredit":false},{"lineNumber":20,"author":{"gitId":"Timenikhil"},"content":"     * \u003cbr\u003e\u003cbr\u003e","lastModifiedDate":"2024-08-28","isFullCredit":false},{"lineNumber":21,"author":{"gitId":"Timenikhil"},"content":"     * \u003ccode\u003efinal\u003c/code\u003e to avoid unnecessary modifications","lastModifiedDate":"2024-08-28","isFullCredit":false},{"lineNumber":22,"author":{"gitId":"Timenikhil"},"content":"     */","lastModifiedDate":"2024-08-23","isFullCredit":false},{"lineNumber":23,"author":{"gitId":"Timenikhil"},"content":"    private final TaskManager taskManager;","lastModifiedDate":"2024-08-23","isFullCredit":false},{"lineNumber":24,"author":{"gitId":"Timenikhil"},"content":"","lastModifiedDate":"2024-08-23","isFullCredit":false},{"lineNumber":25,"author":{"gitId":"Timenikhil"},"content":"    /**","lastModifiedDate":"2024-08-23","isFullCredit":false},{"lineNumber":26,"author":{"gitId":"Timenikhil"},"content":"     * default constructor for AVA","lastModifiedDate":"2024-08-23","isFullCredit":false},{"lineNumber":27,"author":{"gitId":"Timenikhil"},"content":"     */","lastModifiedDate":"2024-08-23","isFullCredit":false},{"lineNumber":28,"author":{"gitId":"Timenikhil"},"content":"    public AVA() {","lastModifiedDate":"2024-08-23","isFullCredit":false},{"lineNumber":29,"author":{"gitId":"Timenikhil"},"content":"        taskManager \u003d new TaskManager();","lastModifiedDate":"2024-08-23","isFullCredit":false},{"lineNumber":30,"author":{"gitId":"Timenikhil"},"content":"    }","lastModifiedDate":"2024-08-23","isFullCredit":false},{"lineNumber":31,"author":{"gitId":"Timenikhil"},"content":"","lastModifiedDate":"2024-08-23","isFullCredit":false},{"lineNumber":32,"author":{"gitId":"Timenikhil"},"content":"    /**","lastModifiedDate":"2024-08-23","isFullCredit":false},{"lineNumber":33,"author":{"gitId":"Timenikhil"},"content":"     * Decides if AVA is running or not","lastModifiedDate":"2024-08-28","isFullCredit":false},{"lineNumber":34,"author":{"gitId":"Timenikhil"},"content":"     * //TODO: switch to a state based system like Operating System Threads","lastModifiedDate":"2024-08-23","isFullCredit":false},{"lineNumber":35,"author":{"gitId":"Timenikhil"},"content":"     * @return \u003cspan color\u003d\"green\"\u003etrue\u003c/span\u003e if AVA is running \u003cspan color\u003d\"red\"\u003efalse\u003c/span\u003e otherwise","lastModifiedDate":"2024-08-23","isFullCredit":false},{"lineNumber":36,"author":{"gitId":"Timenikhil"},"content":"     */","lastModifiedDate":"2024-08-23","isFullCredit":false},{"lineNumber":37,"author":{"gitId":"Timenikhil"},"content":"    public final boolean isRunning(){","lastModifiedDate":"2024-08-23","isFullCredit":false},{"lineNumber":38,"author":{"gitId":"Timenikhil"},"content":"        return !currentInput.equals(\"bye\");","lastModifiedDate":"2024-08-23","isFullCredit":false},{"lineNumber":39,"author":{"gitId":"Timenikhil"},"content":"    }","lastModifiedDate":"2024-08-23","isFullCredit":false},{"lineNumber":40,"author":{"gitId":"Timenikhil"},"content":"","lastModifiedDate":"2024-08-23","isFullCredit":false},{"lineNumber":41,"author":{"gitId":"Timenikhil"},"content":"    /**","lastModifiedDate":"2024-08-23","isFullCredit":false},{"lineNumber":42,"author":{"gitId":"Timenikhil"},"content":"     * Updates the currentInput with the user input","lastModifiedDate":"2024-08-28","isFullCredit":false},{"lineNumber":43,"author":{"gitId":"Timenikhil"},"content":"     * @param s the user input","lastModifiedDate":"2024-08-23","isFullCredit":false},{"lineNumber":44,"author":{"gitId":"Timenikhil"},"content":"     */","lastModifiedDate":"2024-08-23","isFullCredit":false},{"lineNumber":45,"author":{"gitId":"Timenikhil"},"content":"    public void tellAva(String s) {","lastModifiedDate":"2024-08-23","isFullCredit":false},{"lineNumber":46,"author":{"gitId":"Timenikhil"},"content":"        currentInput \u003d s;","lastModifiedDate":"2024-08-23","isFullCredit":false},{"lineNumber":47,"author":{"gitId":"Timenikhil"},"content":"    }","lastModifiedDate":"2024-08-23","isFullCredit":false},{"lineNumber":48,"author":{"gitId":"Timenikhil"},"content":"","lastModifiedDate":"2024-08-23","isFullCredit":false},{"lineNumber":49,"author":{"gitId":"Timenikhil"},"content":"    //todo:have a non printstream version","lastModifiedDate":"2024-08-23","isFullCredit":false},{"lineNumber":50,"author":{"gitId":"Timenikhil"},"content":"    /**","lastModifiedDate":"2024-08-23","isFullCredit":false},{"lineNumber":51,"author":{"gitId":"Timenikhil"},"content":"     * Prints AVA\u0027s response to given PrintStream","lastModifiedDate":"2024-08-28","isFullCredit":false},{"lineNumber":52,"author":{"gitId":"Timenikhil"},"content":"     * @param out PrintStream to print AVA\u0027s response to","lastModifiedDate":"2024-08-23","isFullCredit":false},{"lineNumber":53,"author":{"gitId":"Timenikhil"},"content":"     * //TODO:refactor mark and unmark to remove redundancy","lastModifiedDate":"2024-08-23","isFullCredit":false},{"lineNumber":54,"author":{"gitId":"Timenikhil"},"content":"     */","lastModifiedDate":"2024-08-23","isFullCredit":false},{"lineNumber":55,"author":{"gitId":"Timenikhil"},"content":"    public void respond(PrintStream out){","lastModifiedDate":"2024-08-23","isFullCredit":false},{"lineNumber":56,"author":{"gitId":"Timenikhil"},"content":"        if(currentInput.equals(\"list\")){","lastModifiedDate":"2024-08-23","isFullCredit":false},{"lineNumber":57,"author":{"gitId":"Timenikhil"},"content":"            List\u003cTask\u003e list \u003d taskManager.getTasks();","lastModifiedDate":"2024-08-23","isFullCredit":false},{"lineNumber":58,"author":{"gitId":"Timenikhil"},"content":"            out.println(\"Here are your tasks:\");","lastModifiedDate":"2024-08-23","isFullCredit":false},{"lineNumber":59,"author":{"gitId":"Timenikhil"},"content":"            out.println(list);","lastModifiedDate":"2024-08-23","isFullCredit":false},{"lineNumber":60,"author":{"gitId":"Timenikhil"},"content":"        } else if(currentInput.startsWith(\"mark\")){","lastModifiedDate":"2024-08-23","isFullCredit":false},{"lineNumber":61,"author":{"gitId":"Timenikhil"},"content":"            int taskId;","lastModifiedDate":"2024-08-23","isFullCredit":false},{"lineNumber":62,"author":{"gitId":"Timenikhil"},"content":"            try{","lastModifiedDate":"2024-08-23","isFullCredit":false},{"lineNumber":63,"author":{"gitId":"Timenikhil"},"content":"                taskId \u003d Integer.parseInt(currentInput.substring(5));","lastModifiedDate":"2024-08-23","isFullCredit":false},{"lineNumber":64,"author":{"gitId":"Timenikhil"},"content":"            } catch(NumberFormatException e){","lastModifiedDate":"2024-08-23","isFullCredit":false},{"lineNumber":65,"author":{"gitId":"Timenikhil"},"content":"                out.println(\"I am sorry, but you need to provide me a task id to mark or unmark something.\");","lastModifiedDate":"2024-08-23","isFullCredit":false},{"lineNumber":66,"author":{"gitId":"Timenikhil"},"content":"                return;","lastModifiedDate":"2024-08-23","isFullCredit":false},{"lineNumber":67,"author":{"gitId":"Timenikhil"},"content":"            }","lastModifiedDate":"2024-08-23","isFullCredit":false},{"lineNumber":68,"author":{"gitId":"Timenikhil"},"content":"            Task task \u003d taskManager.getTasks().get(taskId-1);","lastModifiedDate":"2024-08-23","isFullCredit":false},{"lineNumber":69,"author":{"gitId":"Timenikhil"},"content":"                task.markDone();","lastModifiedDate":"2024-08-23","isFullCredit":false},{"lineNumber":70,"author":{"gitId":"Timenikhil"},"content":"                //TODO: use string format","lastModifiedDate":"2024-08-23","isFullCredit":false},{"lineNumber":71,"author":{"gitId":"Timenikhil"},"content":"                out.println(\"Alright I have marked this task as done\");","lastModifiedDate":"2024-08-23","isFullCredit":false},{"lineNumber":72,"author":{"gitId":"Timenikhil"},"content":"                out.println(taskId +\". \" + task);","lastModifiedDate":"2024-08-23","isFullCredit":false},{"lineNumber":73,"author":{"gitId":"Timenikhil"},"content":"            }","lastModifiedDate":"2024-08-23","isFullCredit":false},{"lineNumber":74,"author":{"gitId":"Timenikhil"},"content":"         else if(currentInput.startsWith(\"unmark\")){","lastModifiedDate":"2024-08-23","isFullCredit":false},{"lineNumber":75,"author":{"gitId":"Timenikhil"},"content":"            int taskId;","lastModifiedDate":"2024-08-23","isFullCredit":false},{"lineNumber":76,"author":{"gitId":"Timenikhil"},"content":"            try{","lastModifiedDate":"2024-08-23","isFullCredit":false},{"lineNumber":77,"author":{"gitId":"Timenikhil"},"content":"                taskId \u003d Integer.parseInt(currentInput.substring(5));","lastModifiedDate":"2024-08-23","isFullCredit":false},{"lineNumber":78,"author":{"gitId":"Timenikhil"},"content":"            } catch(NumberFormatException e){","lastModifiedDate":"2024-08-23","isFullCredit":false},{"lineNumber":79,"author":{"gitId":"Timenikhil"},"content":"                out.println(\"I am sorry, but you need to provide me a task id to mark or unmark something.\");","lastModifiedDate":"2024-08-23","isFullCredit":false},{"lineNumber":80,"author":{"gitId":"Timenikhil"},"content":"                return;","lastModifiedDate":"2024-08-23","isFullCredit":false},{"lineNumber":81,"author":{"gitId":"Timenikhil"},"content":"            }","lastModifiedDate":"2024-08-23","isFullCredit":false},{"lineNumber":82,"author":{"gitId":"Timenikhil"},"content":"            Task task \u003d taskManager.getTasks().get(taskId-1);","lastModifiedDate":"2024-08-23","isFullCredit":false},{"lineNumber":83,"author":{"gitId":"Timenikhil"},"content":"            task.markNotDone();","lastModifiedDate":"2024-08-23","isFullCredit":false},{"lineNumber":84,"author":{"gitId":"Timenikhil"},"content":"            //TODO: use string format","lastModifiedDate":"2024-08-23","isFullCredit":false},{"lineNumber":85,"author":{"gitId":"Timenikhil"},"content":"            out.println(\"Alright I have marked this task as not done\");","lastModifiedDate":"2024-08-23","isFullCredit":false},{"lineNumber":86,"author":{"gitId":"Timenikhil"},"content":"            out.println(taskId +\". \" + task);","lastModifiedDate":"2024-08-23","isFullCredit":false},{"lineNumber":87,"author":{"gitId":"Timenikhil"},"content":"        } else if(currentInput.startsWith(\"delete\")){","lastModifiedDate":"2024-08-23","isFullCredit":false},{"lineNumber":88,"author":{"gitId":"Timenikhil"},"content":"            int taskId;","lastModifiedDate":"2024-08-23","isFullCredit":false},{"lineNumber":89,"author":{"gitId":"Timenikhil"},"content":"            try{","lastModifiedDate":"2024-08-23","isFullCredit":false},{"lineNumber":90,"author":{"gitId":"Timenikhil"},"content":"                taskId \u003d Integer.parseInt(currentInput.substring(7));","lastModifiedDate":"2024-08-23","isFullCredit":false},{"lineNumber":91,"author":{"gitId":"Timenikhil"},"content":"            } catch(NumberFormatException e){","lastModifiedDate":"2024-08-23","isFullCredit":false},{"lineNumber":92,"author":{"gitId":"Timenikhil"},"content":"                out.println(\"I am sorry, but you need to provide me a task id to delete something.\");","lastModifiedDate":"2024-08-23","isFullCredit":false},{"lineNumber":93,"author":{"gitId":"Timenikhil"},"content":"                return;","lastModifiedDate":"2024-08-23","isFullCredit":false},{"lineNumber":94,"author":{"gitId":"Timenikhil"},"content":"            }","lastModifiedDate":"2024-08-23","isFullCredit":false},{"lineNumber":95,"author":{"gitId":"Timenikhil"},"content":"            Task task \u003d taskManager.getTasks().get(taskId-1);","lastModifiedDate":"2024-08-23","isFullCredit":false},{"lineNumber":96,"author":{"gitId":"Timenikhil"},"content":"            taskManager.removeTask(taskId);","lastModifiedDate":"2024-08-23","isFullCredit":false},{"lineNumber":97,"author":{"gitId":"Timenikhil"},"content":"            //TODO: use string format","lastModifiedDate":"2024-08-23","isFullCredit":false},{"lineNumber":98,"author":{"gitId":"Timenikhil"},"content":"            out.println(\"Alright I have deleted this task\");","lastModifiedDate":"2024-08-23","isFullCredit":false},{"lineNumber":99,"author":{"gitId":"Timenikhil"},"content":"            out.println(taskId +\". \" + task);","lastModifiedDate":"2024-08-23","isFullCredit":false},{"lineNumber":100,"author":{"gitId":"Timenikhil"},"content":"        }","lastModifiedDate":"2024-08-23","isFullCredit":false},{"lineNumber":101,"author":{"gitId":"Timenikhil"},"content":"        else{","lastModifiedDate":"2024-08-23","isFullCredit":false},{"lineNumber":102,"author":{"gitId":"Timenikhil"},"content":"            taskManager.addTask(currentInput);","lastModifiedDate":"2024-08-23","isFullCredit":false},{"lineNumber":103,"author":{"gitId":"Timenikhil"},"content":"            out.println(\"----------------------------------------------------------------\");","lastModifiedDate":"2024-08-23","isFullCredit":false},{"lineNumber":104,"author":{"gitId":"Timenikhil"},"content":"            out.println(\"Added \" + currentInput);","lastModifiedDate":"2024-08-23","isFullCredit":false},{"lineNumber":105,"author":{"gitId":"Timenikhil"},"content":"            out.println(\"----------------------------------------------------------------\");","lastModifiedDate":"2024-08-23","isFullCredit":false},{"lineNumber":106,"author":{"gitId":"Timenikhil"},"content":"        }","lastModifiedDate":"2024-08-23","isFullCredit":false},{"lineNumber":107,"author":{"gitId":"Timenikhil"},"content":"    }","lastModifiedDate":"2024-08-23","isFullCredit":false},{"lineNumber":108,"author":{"gitId":"Timenikhil"},"content":"","lastModifiedDate":"2024-08-24","isFullCredit":false},{"lineNumber":109,"author":{"gitId":"Timenikhil"},"content":"    public void streamResponse(){","lastModifiedDate":"2024-09-13","isFullCredit":false},{"lineNumber":110,"author":{"gitId":"Timenikhil"},"content":"        //TODO: implement","lastModifiedDate":"2024-09-13","isFullCredit":false},{"lineNumber":111,"author":{"gitId":"Timenikhil"},"content":"        //stream a response to output","lastModifiedDate":"2024-09-13","isFullCredit":false},{"lineNumber":112,"author":{"gitId":"Timenikhil"},"content":"    }","lastModifiedDate":"2024-09-13","isFullCredit":false},{"lineNumber":113,"author":{"gitId":"Timenikhil"},"content":"","lastModifiedDate":"2024-09-13","isFullCredit":false},{"lineNumber":114,"author":{"gitId":"Timenikhil"},"content":"    /**","lastModifiedDate":"2024-08-23","isFullCredit":false},{"lineNumber":115,"author":{"gitId":"Timenikhil"},"content":"     *  Runs AVA","lastModifiedDate":"2024-08-28","isFullCredit":false},{"lineNumber":116,"author":{"gitId":"Timenikhil"},"content":"     *","lastModifiedDate":"2024-08-28","isFullCredit":false},{"lineNumber":117,"author":{"gitId":"Timenikhil"},"content":"     *  \u003cbr\u003e","lastModifiedDate":"2024-08-28","isFullCredit":false},{"lineNumber":118,"author":{"gitId":"Timenikhil"},"content":"     *  Main driver method running AVA","lastModifiedDate":"2024-08-28","isFullCredit":false},{"lineNumber":119,"author":{"gitId":"Timenikhil"},"content":"     */","lastModifiedDate":"2024-08-23","isFullCredit":false},{"lineNumber":120,"author":{"gitId":"Timenikhil"},"content":"    public static void main(String[] args) {","lastModifiedDate":"2024-08-23","isFullCredit":false},{"lineNumber":121,"author":{"gitId":"Timenikhil"},"content":"        TextUI.run();","lastModifiedDate":"2024-08-24","isFullCredit":false},{"lineNumber":122,"author":{"gitId":"Timenikhil"},"content":"    }","lastModifiedDate":"2024-08-23","isFullCredit":false},{"lineNumber":123,"author":{"gitId":"Timenikhil"},"content":"}","lastModifiedDate":"2024-08-23","isFullCredit":false},{"lineNumber":124,"author":{"gitId":"Timenikhil"},"content":"","lastModifiedDate":"2024-08-23","isFullCredit":false}],"authorContributionMap":{"Timenikhil":124}},{"path":"src/main/java/ava/TextUI.java","fileType":"java","lines":[{"lineNumber":1,"author":{"gitId":"Timenikhil"},"content":"package ava;","lastModifiedDate":"2024-08-28","isFullCredit":false},{"lineNumber":2,"author":{"gitId":"Timenikhil"},"content":"","lastModifiedDate":"2024-08-28","isFullCredit":false},{"lineNumber":3,"author":{"gitId":"Timenikhil"},"content":"import java.util.Scanner;","lastModifiedDate":"2024-08-24","isFullCredit":false},{"lineNumber":4,"author":{"gitId":"Timenikhil"},"content":"","lastModifiedDate":"2024-08-24","isFullCredit":false},{"lineNumber":5,"author":{"gitId":"Timenikhil"},"content":"public class TextUI {","lastModifiedDate":"2024-08-24","isFullCredit":false},{"lineNumber":6,"author":{"gitId":"Timenikhil"},"content":"    //TODO: add verbose toggle","lastModifiedDate":"2024-08-24","isFullCredit":false},{"lineNumber":7,"author":{"gitId":"Timenikhil"},"content":"","lastModifiedDate":"2024-08-24","isFullCredit":false},{"lineNumber":8,"author":{"gitId":"Timenikhil"},"content":"    /**","lastModifiedDate":"2024-08-30","isFullCredit":false},{"lineNumber":9,"author":{"gitId":"Timenikhil"},"content":"     * Provide a Text User Interface","lastModifiedDate":"2024-08-30","isFullCredit":false},{"lineNumber":10,"author":{"gitId":"Timenikhil"},"content":"     *","lastModifiedDate":"2024-08-30","isFullCredit":false},{"lineNumber":11,"author":{"gitId":"Timenikhil"},"content":"     * \u003cbr\u003e","lastModifiedDate":"2024-08-30","isFullCredit":false},{"lineNumber":12,"author":{"gitId":"Timenikhil"},"content":"     * This is the main function which keeps the interaction running between user and AVA","lastModifiedDate":"2024-08-30","isFullCredit":false},{"lineNumber":13,"author":{"gitId":"Timenikhil"},"content":"     * \u003cbr\u003e","lastModifiedDate":"2024-08-30","isFullCredit":false},{"lineNumber":14,"author":{"gitId":"Timenikhil"},"content":"     * The model is separated into its own class for OOP","lastModifiedDate":"2024-08-30","isFullCredit":false},{"lineNumber":15,"author":{"gitId":"Timenikhil"},"content":"     */","lastModifiedDate":"2024-08-30","isFullCredit":false},{"lineNumber":16,"author":{"gitId":"Timenikhil"},"content":"    public static void run(){","lastModifiedDate":"2024-08-24","isFullCredit":false},{"lineNumber":17,"author":{"gitId":"Timenikhil"},"content":"        Scanner scanner \u003d new Scanner(System.in);","lastModifiedDate":"2024-08-24","isFullCredit":false},{"lineNumber":18,"author":{"gitId":"Timenikhil"},"content":"        AVA ava \u003d new AVA(); //default ava.ava object","lastModifiedDate":"2024-08-28","isFullCredit":false},{"lineNumber":19,"author":{"gitId":"Timenikhil"},"content":"","lastModifiedDate":"2024-08-24","isFullCredit":false},{"lineNumber":20,"author":{"gitId":"Timenikhil"},"content":"        // Greet the user","lastModifiedDate":"2024-08-24","isFullCredit":false},{"lineNumber":21,"author":{"gitId":"Timenikhil"},"content":"        System.out.println(\"\"\"","lastModifiedDate":"2024-08-24","isFullCredit":false},{"lineNumber":22,"author":{"gitId":"Timenikhil"},"content":"                        Hiii,  I\u0027m AVA (Assimilated Virtual Assistant). 🎀","lastModifiedDate":"2024-08-24","isFullCredit":false},{"lineNumber":23,"author":{"gitId":"Timenikhil"},"content":"                       I am a virtual personal assistant created by Nikhil.","lastModifiedDate":"2024-08-24","isFullCredit":false},{"lineNumber":24,"author":{"gitId":"Timenikhil"},"content":"                                   Its sooo nice to meet you 🌸.","lastModifiedDate":"2024-08-24","isFullCredit":false},{"lineNumber":25,"author":{"gitId":"Timenikhil"},"content":"                                   ","lastModifiedDate":"2024-08-24","isFullCredit":false},{"lineNumber":26,"author":{"gitId":"Timenikhil"},"content":"                        I am currently a toddler and can\u0027t do much 🙁 but","lastModifiedDate":"2024-08-24","isFullCredit":false},{"lineNumber":27,"author":{"gitId":"Timenikhil"},"content":"                          don\u0027t worry I should soon be very capable 💖.","lastModifiedDate":"2024-08-24","isFullCredit":false},{"lineNumber":28,"author":{"gitId":"Timenikhil"},"content":"                ","lastModifiedDate":"2024-08-24","isFullCredit":false},{"lineNumber":29,"author":{"gitId":"Timenikhil"},"content":"                ----------------------------------------------------------------","lastModifiedDate":"2024-08-24","isFullCredit":false},{"lineNumber":30,"author":{"gitId":"Timenikhil"},"content":"                             I am here to help you and hope that\u0027ll","lastModifiedDate":"2024-08-24","isFullCredit":false},{"lineNumber":31,"author":{"gitId":"Timenikhil"},"content":"                               we\u0027ll have lots of fun together 🎀.","lastModifiedDate":"2024-08-24","isFullCredit":false},{"lineNumber":32,"author":{"gitId":"Timenikhil"},"content":"                               ","lastModifiedDate":"2024-08-24","isFullCredit":false},{"lineNumber":33,"author":{"gitId":"Timenikhil"},"content":"                        If you get lost just say help and I\u0027ll help you out","lastModifiedDate":"2024-08-24","isFullCredit":false},{"lineNumber":34,"author":{"gitId":"Timenikhil"},"content":"                           but if you wanna leave you can just say bye. 🙂","lastModifiedDate":"2024-08-24","isFullCredit":false},{"lineNumber":35,"author":{"gitId":"Timenikhil"},"content":"                ----------------------------------------------------------------","lastModifiedDate":"2024-08-24","isFullCredit":false},{"lineNumber":36,"author":{"gitId":"Timenikhil"},"content":"                \"\"\");","lastModifiedDate":"2024-08-24","isFullCredit":false},{"lineNumber":37,"author":{"gitId":"Timenikhil"},"content":"        ava.tellAva(scanner.nextLine());","lastModifiedDate":"2024-08-24","isFullCredit":false},{"lineNumber":38,"author":{"gitId":"Timenikhil"},"content":"        // Process user input until user says bye","lastModifiedDate":"2024-08-24","isFullCredit":false},{"lineNumber":39,"author":{"gitId":"Timenikhil"},"content":"        while(ava.isRunning()){","lastModifiedDate":"2024-08-24","isFullCredit":false},{"lineNumber":40,"author":{"gitId":"Timenikhil"},"content":"            ava.respond(System.out);","lastModifiedDate":"2024-08-24","isFullCredit":false},{"lineNumber":41,"author":{"gitId":"Timenikhil"},"content":"            ava.tellAva(scanner.nextLine());","lastModifiedDate":"2024-08-24","isFullCredit":false},{"lineNumber":42,"author":{"gitId":"Timenikhil"},"content":"        }","lastModifiedDate":"2024-08-24","isFullCredit":false},{"lineNumber":43,"author":{"gitId":"Timenikhil"},"content":"        //Exit","lastModifiedDate":"2024-08-24","isFullCredit":false},{"lineNumber":44,"author":{"gitId":"Timenikhil"},"content":"        System.out.println(\"\"\"","lastModifiedDate":"2024-08-24","isFullCredit":false},{"lineNumber":45,"author":{"gitId":"Timenikhil"},"content":"                                         Byeee!! It was really nice talking to you.💖","lastModifiedDate":"2024-08-24","isFullCredit":false},{"lineNumber":46,"author":{"gitId":"Timenikhil"},"content":"                                                 Hope to see you again soon.","lastModifiedDate":"2024-08-24","isFullCredit":false},{"lineNumber":47,"author":{"gitId":"Timenikhil"},"content":"                              \"\"\");","lastModifiedDate":"2024-08-24","isFullCredit":false},{"lineNumber":48,"author":{"gitId":"Timenikhil"},"content":"","lastModifiedDate":"2024-08-24","isFullCredit":false},{"lineNumber":49,"author":{"gitId":"Timenikhil"},"content":"    }","lastModifiedDate":"2024-08-24","isFullCredit":false},{"lineNumber":50,"author":{"gitId":"Timenikhil"},"content":"}","lastModifiedDate":"2024-08-24","isFullCredit":false}],"authorContributionMap":{"Timenikhil":50}},{"path":"src/main/java/ava/errors/Error.java","fileType":"java","lines":[{"lineNumber":1,"author":{"gitId":"Timenikhil"},"content":"package ava.errors;","lastModifiedDate":"2024-08-28","isFullCredit":false},{"lineNumber":2,"author":{"gitId":"Timenikhil"},"content":"","lastModifiedDate":"2024-08-23","isFullCredit":false},{"lineNumber":3,"author":{"gitId":"Timenikhil"},"content":"public enum Error {","lastModifiedDate":"2024-08-23","isFullCredit":false},{"lineNumber":4,"author":{"gitId":"Timenikhil"},"content":"    UnrecognizedCommand,","lastModifiedDate":"2024-08-24","isFullCredit":false},{"lineNumber":5,"author":{"gitId":"Timenikhil"},"content":"    InvalidTaskId","lastModifiedDate":"2024-08-24","isFullCredit":false},{"lineNumber":6,"author":{"gitId":"Timenikhil"},"content":"}","lastModifiedDate":"2024-08-23","isFullCredit":false},{"lineNumber":7,"author":{"gitId":"Timenikhil"},"content":"","lastModifiedDate":"2024-08-24","isFullCredit":false}],"authorContributionMap":{"Timenikhil":7}},{"path":"src/main/java/ava/errors/ErrorHandler.java","fileType":"java","lines":[{"lineNumber":1,"author":{"gitId":"Timenikhil"},"content":"package ava.errors;","lastModifiedDate":"2024-08-28","isFullCredit":false},{"lineNumber":2,"author":{"gitId":"Timenikhil"},"content":"","lastModifiedDate":"2024-08-23","isFullCredit":false},{"lineNumber":3,"author":{"gitId":"Timenikhil"},"content":"public class ErrorHandler {","lastModifiedDate":"2024-08-23","isFullCredit":false},{"lineNumber":4,"author":{"gitId":"Timenikhil"},"content":"","lastModifiedDate":"2024-08-23","isFullCredit":false},{"lineNumber":5,"author":{"gitId":"Timenikhil"},"content":"    /**","lastModifiedDate":"2024-08-23","isFullCredit":false},{"lineNumber":6,"author":{"gitId":"Timenikhil"},"content":"     * //TODO:log to disk or console","lastModifiedDate":"2024-08-23","isFullCredit":false},{"lineNumber":7,"author":{"gitId":"Timenikhil"},"content":"     * @param error Error received","lastModifiedDate":"2024-09-13","isFullCredit":false},{"lineNumber":8,"author":{"gitId":"Timenikhil"},"content":"     */","lastModifiedDate":"2024-08-23","isFullCredit":false},{"lineNumber":9,"author":{"gitId":"Timenikhil"},"content":"    public static void handle(Error... errors) {","lastModifiedDate":"2024-09-06","isFullCredit":false},{"lineNumber":10,"author":{"gitId":"Timenikhil"},"content":"","lastModifiedDate":"2024-08-23","isFullCredit":false},{"lineNumber":11,"author":{"gitId":"Timenikhil"},"content":"    }","lastModifiedDate":"2024-08-23","isFullCredit":false},{"lineNumber":12,"author":{"gitId":"Timenikhil"},"content":"}","lastModifiedDate":"2024-08-23","isFullCredit":false}],"authorContributionMap":{"Timenikhil":12}},{"path":"src/main/java/ava/files/FileManager.java","fileType":"java","lines":[{"lineNumber":1,"author":{"gitId":"Timenikhil"},"content":"package ava.files;","lastModifiedDate":"2024-08-30","isFullCredit":false},{"lineNumber":2,"author":{"gitId":"Timenikhil"},"content":"","lastModifiedDate":"2024-08-30","isFullCredit":false},{"lineNumber":3,"author":{"gitId":"Timenikhil"},"content":"import ava.task.Task;","lastModifiedDate":"2024-08-30","isFullCredit":false},{"lineNumber":4,"author":{"gitId":"Timenikhil"},"content":"import jdk.jshell.spi.ExecutionControl;","lastModifiedDate":"2024-08-30","isFullCredit":false},{"lineNumber":5,"author":{"gitId":"Timenikhil"},"content":"","lastModifiedDate":"2024-08-30","isFullCredit":false},{"lineNumber":6,"author":{"gitId":"Timenikhil"},"content":"import java.io.File;","lastModifiedDate":"2024-08-30","isFullCredit":false},{"lineNumber":7,"author":{"gitId":"Timenikhil"},"content":"import java.io.FileNotFoundException;","lastModifiedDate":"2024-08-30","isFullCredit":false},{"lineNumber":8,"author":{"gitId":"Timenikhil"},"content":"import java.io.FileReader;","lastModifiedDate":"2024-08-30","isFullCredit":false},{"lineNumber":9,"author":{"gitId":"Timenikhil"},"content":"import java.io.IOException;","lastModifiedDate":"2024-08-30","isFullCredit":false},{"lineNumber":10,"author":{"gitId":"Timenikhil"},"content":"import java.util.ArrayList;","lastModifiedDate":"2024-08-30","isFullCredit":false},{"lineNumber":11,"author":{"gitId":"Timenikhil"},"content":"import java.util.List;","lastModifiedDate":"2024-08-30","isFullCredit":false},{"lineNumber":12,"author":{"gitId":"Timenikhil"},"content":"","lastModifiedDate":"2024-08-30","isFullCredit":false},{"lineNumber":13,"author":{"gitId":"Timenikhil"},"content":"public class FileManager {","lastModifiedDate":"2024-08-30","isFullCredit":false},{"lineNumber":14,"author":{"gitId":"Timenikhil"},"content":"","lastModifiedDate":"2024-08-30","isFullCredit":false},{"lineNumber":15,"author":{"gitId":"Timenikhil"},"content":"","lastModifiedDate":"2024-08-30","isFullCredit":false},{"lineNumber":16,"author":{"gitId":"Timenikhil"},"content":"    //TODO: Switch to environment variables","lastModifiedDate":"2024-08-30","isFullCredit":false},{"lineNumber":17,"author":{"gitId":"Timenikhil"},"content":"    //TODO: optimize serialization","lastModifiedDate":"2024-08-30","isFullCredit":false},{"lineNumber":18,"author":{"gitId":"Timenikhil"},"content":"    private String path;","lastModifiedDate":"2024-08-30","isFullCredit":false},{"lineNumber":19,"author":{"gitId":"Timenikhil"},"content":"    private File file;","lastModifiedDate":"2024-08-30","isFullCredit":false},{"lineNumber":20,"author":{"gitId":"Timenikhil"},"content":"","lastModifiedDate":"2024-08-30","isFullCredit":false},{"lineNumber":21,"author":{"gitId":"Timenikhil"},"content":"    /**","lastModifiedDate":"2024-08-30","isFullCredit":false},{"lineNumber":22,"author":{"gitId":"Timenikhil"},"content":"     * Default path used to store tasks","lastModifiedDate":"2024-08-30","isFullCredit":false},{"lineNumber":23,"author":{"gitId":"Timenikhil"},"content":"     */","lastModifiedDate":"2024-08-30","isFullCredit":false},{"lineNumber":24,"author":{"gitId":"Timenikhil"},"content":"    private static final String DEFAULT_PATH\u003d\"./../data/tasks.txt\";","lastModifiedDate":"2024-08-30","isFullCredit":false},{"lineNumber":25,"author":{"gitId":"Timenikhil"},"content":"","lastModifiedDate":"2024-08-30","isFullCredit":false},{"lineNumber":26,"author":{"gitId":"Timenikhil"},"content":"    /**","lastModifiedDate":"2024-08-30","isFullCredit":false},{"lineNumber":27,"author":{"gitId":"Timenikhil"},"content":"     * Create a new FileManager with default path","lastModifiedDate":"2024-08-30","isFullCredit":false},{"lineNumber":28,"author":{"gitId":"Timenikhil"},"content":"     * \u003cbr\u003e","lastModifiedDate":"2024-08-30","isFullCredit":false},{"lineNumber":29,"author":{"gitId":"Timenikhil"},"content":"     * Calls {@link FileManager#FileManager(String)} internally to create the FileManager","lastModifiedDate":"2024-08-30","isFullCredit":false},{"lineNumber":30,"author":{"gitId":"Timenikhil"},"content":"     * Only use this constructor if user doesn\u0027t want to set file path","lastModifiedDate":"2024-08-30","isFullCredit":false},{"lineNumber":31,"author":{"gitId":"Timenikhil"},"content":"     * @see FileManager#FileManager(String)","lastModifiedDate":"2024-08-30","isFullCredit":false},{"lineNumber":32,"author":{"gitId":"Timenikhil"},"content":"     */","lastModifiedDate":"2024-08-30","isFullCredit":false},{"lineNumber":33,"author":{"gitId":"Timenikhil"},"content":"    public FileManager(){","lastModifiedDate":"2024-08-30","isFullCredit":false},{"lineNumber":34,"author":{"gitId":"Timenikhil"},"content":"        this(DEFAULT_PATH);","lastModifiedDate":"2024-08-30","isFullCredit":false},{"lineNumber":35,"author":{"gitId":"Timenikhil"},"content":"    }","lastModifiedDate":"2024-08-30","isFullCredit":false},{"lineNumber":36,"author":{"gitId":"Timenikhil"},"content":"","lastModifiedDate":"2024-08-30","isFullCredit":false},{"lineNumber":37,"author":{"gitId":"Timenikhil"},"content":"    /**","lastModifiedDate":"2024-08-30","isFullCredit":false},{"lineNumber":38,"author":{"gitId":"Timenikhil"},"content":"     * Create a new FileManager with given path","lastModifiedDate":"2024-08-30","isFullCredit":false},{"lineNumber":39,"author":{"gitId":"Timenikhil"},"content":"     *","lastModifiedDate":"2024-08-30","isFullCredit":false},{"lineNumber":40,"author":{"gitId":"Timenikhil"},"content":"     * if no file exists at the given path one is created","lastModifiedDate":"2024-08-30","isFullCredit":false},{"lineNumber":41,"author":{"gitId":"Timenikhil"},"content":"     * @param path Path to the file","lastModifiedDate":"2024-08-30","isFullCredit":false},{"lineNumber":42,"author":{"gitId":"Timenikhil"},"content":"     */","lastModifiedDate":"2024-08-30","isFullCredit":false},{"lineNumber":43,"author":{"gitId":"Timenikhil"},"content":"    public FileManager(String path){","lastModifiedDate":"2024-08-30","isFullCredit":false},{"lineNumber":44,"author":{"gitId":"Timenikhil"},"content":"        assert path !\u003d null;","lastModifiedDate":"2024-09-13","isFullCredit":false},{"lineNumber":45,"author":{"gitId":"Timenikhil"},"content":"        this.path \u003d path;","lastModifiedDate":"2024-08-30","isFullCredit":false},{"lineNumber":46,"author":{"gitId":"Timenikhil"},"content":"        this.file \u003d new File(path);","lastModifiedDate":"2024-08-30","isFullCredit":false},{"lineNumber":47,"author":{"gitId":"Timenikhil"},"content":"        try {","lastModifiedDate":"2024-08-30","isFullCredit":false},{"lineNumber":48,"author":{"gitId":"Timenikhil"},"content":"            boolean isDirCreated \u003d file.getParentFile().mkdirs();","lastModifiedDate":"2024-08-30","isFullCredit":false},{"lineNumber":49,"author":{"gitId":"Timenikhil"},"content":"            if(isDirCreated){","lastModifiedDate":"2024-08-30","isFullCredit":false},{"lineNumber":50,"author":{"gitId":"Timenikhil"},"content":"                //TODO: log info","lastModifiedDate":"2024-08-30","isFullCredit":false},{"lineNumber":51,"author":{"gitId":"Timenikhil"},"content":"                System.out.println(\"new dir created\");","lastModifiedDate":"2024-08-30","isFullCredit":false},{"lineNumber":52,"author":{"gitId":"Timenikhil"},"content":"            }","lastModifiedDate":"2024-08-30","isFullCredit":false},{"lineNumber":53,"author":{"gitId":"Timenikhil"},"content":"            boolean fileExists \u003d file.createNewFile();","lastModifiedDate":"2024-08-30","isFullCredit":false},{"lineNumber":54,"author":{"gitId":"Timenikhil"},"content":"            if(!fileExists){","lastModifiedDate":"2024-08-30","isFullCredit":false},{"lineNumber":55,"author":{"gitId":"Timenikhil"},"content":"                //TODO: log error","lastModifiedDate":"2024-08-30","isFullCredit":false},{"lineNumber":56,"author":{"gitId":"Timenikhil"},"content":"                System.out.println(\"Error creating file\");","lastModifiedDate":"2024-08-30","isFullCredit":false},{"lineNumber":57,"author":{"gitId":"Timenikhil"},"content":"            }","lastModifiedDate":"2024-08-30","isFullCredit":false},{"lineNumber":58,"author":{"gitId":"Timenikhil"},"content":"","lastModifiedDate":"2024-08-30","isFullCredit":false},{"lineNumber":59,"author":{"gitId":"Timenikhil"},"content":"","lastModifiedDate":"2024-08-30","isFullCredit":false},{"lineNumber":60,"author":{"gitId":"Timenikhil"},"content":"        } catch (IOException | SecurityException e){","lastModifiedDate":"2024-08-30","isFullCredit":false},{"lineNumber":61,"author":{"gitId":"Timenikhil"},"content":"            //TODO: use error system","lastModifiedDate":"2024-08-30","isFullCredit":false},{"lineNumber":62,"author":{"gitId":"Timenikhil"},"content":"            System.out.println(\"Invalid path\");","lastModifiedDate":"2024-08-30","isFullCredit":false},{"lineNumber":63,"author":{"gitId":"Timenikhil"},"content":"        }","lastModifiedDate":"2024-08-30","isFullCredit":false},{"lineNumber":64,"author":{"gitId":"Timenikhil"},"content":"    }","lastModifiedDate":"2024-08-30","isFullCredit":false},{"lineNumber":65,"author":{"gitId":"Timenikhil"},"content":"","lastModifiedDate":"2024-08-30","isFullCredit":false},{"lineNumber":66,"author":{"gitId":"Timenikhil"},"content":"    public List\u003cTask\u003e getTasks() {","lastModifiedDate":"2024-08-30","isFullCredit":false},{"lineNumber":67,"author":{"gitId":"Timenikhil"},"content":"        // TODO: implement reading from file","lastModifiedDate":"2024-08-30","isFullCredit":false},{"lineNumber":68,"author":{"gitId":"Timenikhil"},"content":"","lastModifiedDate":"2024-08-30","isFullCredit":false},{"lineNumber":69,"author":{"gitId":"Timenikhil"},"content":"        // move file reader to an instance variable","lastModifiedDate":"2024-08-30","isFullCredit":false},{"lineNumber":70,"author":{"gitId":"Timenikhil"},"content":"        // usebufferedReader","lastModifiedDate":"2024-08-30","isFullCredit":false},{"lineNumber":71,"author":{"gitId":"Timenikhil"},"content":"        try {","lastModifiedDate":"2024-08-30","isFullCredit":false},{"lineNumber":72,"author":{"gitId":"Timenikhil"},"content":"            FileReader reader \u003d new FileReader(file);","lastModifiedDate":"2024-08-30","isFullCredit":false},{"lineNumber":73,"author":{"gitId":"Timenikhil"},"content":"            reader.read();","lastModifiedDate":"2024-08-30","isFullCredit":false},{"lineNumber":74,"author":{"gitId":"Timenikhil"},"content":"        } catch(FileNotFoundException e){","lastModifiedDate":"2024-08-30","isFullCredit":false},{"lineNumber":75,"author":{"gitId":"Timenikhil"},"content":"            //TODO: log error","lastModifiedDate":"2024-08-30","isFullCredit":false},{"lineNumber":76,"author":{"gitId":"Timenikhil"},"content":"            System.out.println(\"File not found\");","lastModifiedDate":"2024-08-30","isFullCredit":false},{"lineNumber":77,"author":{"gitId":"Timenikhil"},"content":"        } catch (IOException e) {","lastModifiedDate":"2024-08-30","isFullCredit":false},{"lineNumber":78,"author":{"gitId":"Timenikhil"},"content":"            throw new RuntimeException(e);","lastModifiedDate":"2024-08-30","isFullCredit":false},{"lineNumber":79,"author":{"gitId":"Timenikhil"},"content":"        }","lastModifiedDate":"2024-08-30","isFullCredit":false},{"lineNumber":80,"author":{"gitId":"Timenikhil"},"content":"        return new ArrayList\u003cTask\u003e(){","lastModifiedDate":"2024-08-30","isFullCredit":false},{"lineNumber":81,"author":{"gitId":"Timenikhil"},"content":"            @Override","lastModifiedDate":"2024-08-30","isFullCredit":false},{"lineNumber":82,"author":{"gitId":"Timenikhil"},"content":"            public String toString() {","lastModifiedDate":"2024-08-30","isFullCredit":false},{"lineNumber":83,"author":{"gitId":"Timenikhil"},"content":"                StringBuilder out \u003d new StringBuilder();","lastModifiedDate":"2024-08-30","isFullCredit":false},{"lineNumber":84,"author":{"gitId":"Timenikhil"},"content":"                for(int i \u003d 1; i \u003c\u003dsize();i++){","lastModifiedDate":"2024-08-30","isFullCredit":false},{"lineNumber":85,"author":{"gitId":"Timenikhil"},"content":"                    out.append(i);","lastModifiedDate":"2024-08-30","isFullCredit":false},{"lineNumber":86,"author":{"gitId":"Timenikhil"},"content":"                    out.append(\". \");","lastModifiedDate":"2024-08-30","isFullCredit":false},{"lineNumber":87,"author":{"gitId":"Timenikhil"},"content":"                    out.append(get(i - 1));","lastModifiedDate":"2024-08-30","isFullCredit":false},{"lineNumber":88,"author":{"gitId":"Timenikhil"},"content":"                    out.append(\"\\n\");","lastModifiedDate":"2024-08-30","isFullCredit":false},{"lineNumber":89,"author":{"gitId":"Timenikhil"},"content":"                }","lastModifiedDate":"2024-08-30","isFullCredit":false},{"lineNumber":90,"author":{"gitId":"Timenikhil"},"content":"                return out.toString();","lastModifiedDate":"2024-08-30","isFullCredit":false},{"lineNumber":91,"author":{"gitId":"Timenikhil"},"content":"            }","lastModifiedDate":"2024-08-30","isFullCredit":false},{"lineNumber":92,"author":{"gitId":"Timenikhil"},"content":"        };","lastModifiedDate":"2024-08-30","isFullCredit":false},{"lineNumber":93,"author":{"gitId":"Timenikhil"},"content":"    }","lastModifiedDate":"2024-08-30","isFullCredit":false},{"lineNumber":94,"author":{"gitId":"Timenikhil"},"content":"","lastModifiedDate":"2024-08-30","isFullCredit":false},{"lineNumber":95,"author":{"gitId":"Timenikhil"},"content":"    public static void main(String[] args) {","lastModifiedDate":"2024-08-30","isFullCredit":false},{"lineNumber":96,"author":{"gitId":"Timenikhil"},"content":"        FileManager fileManager \u003d new FileManager();","lastModifiedDate":"2024-08-30","isFullCredit":false},{"lineNumber":97,"author":{"gitId":"Timenikhil"},"content":"        System.out.println(fileManager.getTasks());","lastModifiedDate":"2024-08-30","isFullCredit":false},{"lineNumber":98,"author":{"gitId":"Timenikhil"},"content":"    }","lastModifiedDate":"2024-08-30","isFullCredit":false},{"lineNumber":99,"author":{"gitId":"Timenikhil"},"content":"}","lastModifiedDate":"2024-08-30","isFullCredit":false}],"authorContributionMap":{"Timenikhil":99}},{"path":"src/main/java/ava/gui/GUI.java","fileType":"java","lines":[{"lineNumber":1,"author":{"gitId":"Timenikhil"},"content":"package ava.gui;","lastModifiedDate":"2024-09-06","isFullCredit":false},{"lineNumber":2,"author":{"gitId":"Timenikhil"},"content":"","lastModifiedDate":"2024-09-06","isFullCredit":false},{"lineNumber":3,"author":{"gitId":"Timenikhil"},"content":"public class GUI {","lastModifiedDate":"2024-09-06","isFullCredit":false},{"lineNumber":4,"author":{"gitId":"Timenikhil"},"content":"}","lastModifiedDate":"2024-09-06","isFullCredit":false}],"authorContributionMap":{"Timenikhil":4}},{"path":"src/main/java/ava/task/Priority.java","fileType":"java","lines":[{"lineNumber":1,"author":{"gitId":"Timenikhil"},"content":"package ava.task;","lastModifiedDate":"2024-09-13","isFullCredit":false},{"lineNumber":2,"author":{"gitId":"Timenikhil"},"content":"","lastModifiedDate":"2024-09-13","isFullCredit":false},{"lineNumber":3,"author":{"gitId":"Timenikhil"},"content":"public enum Priority {","lastModifiedDate":"2024-09-13","isFullCredit":false},{"lineNumber":4,"author":{"gitId":"Timenikhil"},"content":"    LOW,","lastModifiedDate":"2024-09-13","isFullCredit":false},{"lineNumber":5,"author":{"gitId":"Timenikhil"},"content":"    MEDIUM,","lastModifiedDate":"2024-09-13","isFullCredit":false},{"lineNumber":6,"author":{"gitId":"Timenikhil"},"content":"    HIGH","lastModifiedDate":"2024-09-13","isFullCredit":false},{"lineNumber":7,"author":{"gitId":"Timenikhil"},"content":"}","lastModifiedDate":"2024-09-13","isFullCredit":false}],"authorContributionMap":{"Timenikhil":7}},{"path":"src/main/java/ava/task/Task.java","fileType":"java","lines":[{"lineNumber":1,"author":{"gitId":"Timenikhil"},"content":"package ava.task;","lastModifiedDate":"2024-08-28","isFullCredit":false},{"lineNumber":2,"author":{"gitId":"Timenikhil"},"content":"","lastModifiedDate":"2024-08-23","isFullCredit":false},{"lineNumber":3,"author":{"gitId":"Timenikhil"},"content":"abstract public class Task {","lastModifiedDate":"2024-08-23","isFullCredit":false},{"lineNumber":4,"author":{"gitId":"Timenikhil"},"content":"    private String title;","lastModifiedDate":"2024-08-23","isFullCredit":false},{"lineNumber":5,"author":{"gitId":"Timenikhil"},"content":"    private boolean done;","lastModifiedDate":"2024-08-23","isFullCredit":false},{"lineNumber":6,"author":{"gitId":"Timenikhil"},"content":"    private Priority priority;","lastModifiedDate":"2024-09-13","isFullCredit":false},{"lineNumber":7,"author":{"gitId":"Timenikhil"},"content":"","lastModifiedDate":"2024-08-23","isFullCredit":false},{"lineNumber":8,"author":{"gitId":"Timenikhil"},"content":"    public Task(String title) {","lastModifiedDate":"2024-08-23","isFullCredit":false},{"lineNumber":9,"author":{"gitId":"Timenikhil"},"content":"        this.title \u003d title;","lastModifiedDate":"2024-08-23","isFullCredit":false},{"lineNumber":10,"author":{"gitId":"Timenikhil"},"content":"        this.done \u003d false;","lastModifiedDate":"2024-08-23","isFullCredit":false},{"lineNumber":11,"author":{"gitId":"Timenikhil"},"content":"    }","lastModifiedDate":"2024-08-23","isFullCredit":false},{"lineNumber":12,"author":{"gitId":"Timenikhil"},"content":"","lastModifiedDate":"2024-08-23","isFullCredit":false},{"lineNumber":13,"author":{"gitId":"Timenikhil"},"content":"    public Task(String title, boolean done) {","lastModifiedDate":"2024-08-23","isFullCredit":false},{"lineNumber":14,"author":{"gitId":"Timenikhil"},"content":"        this.title \u003d title;","lastModifiedDate":"2024-08-23","isFullCredit":false},{"lineNumber":15,"author":{"gitId":"Timenikhil"},"content":"        this.done \u003d done;","lastModifiedDate":"2024-08-23","isFullCredit":false},{"lineNumber":16,"author":{"gitId":"Timenikhil"},"content":"    }","lastModifiedDate":"2024-08-23","isFullCredit":false},{"lineNumber":17,"author":{"gitId":"Timenikhil"},"content":"","lastModifiedDate":"2024-08-23","isFullCredit":false},{"lineNumber":18,"author":{"gitId":"Timenikhil"},"content":"    public String getTitle() {","lastModifiedDate":"2024-08-23","isFullCredit":false},{"lineNumber":19,"author":{"gitId":"Timenikhil"},"content":"        return title;","lastModifiedDate":"2024-08-23","isFullCredit":false},{"lineNumber":20,"author":{"gitId":"Timenikhil"},"content":"    }","lastModifiedDate":"2024-08-23","isFullCredit":false},{"lineNumber":21,"author":{"gitId":"Timenikhil"},"content":"","lastModifiedDate":"2024-08-23","isFullCredit":false},{"lineNumber":22,"author":{"gitId":"Timenikhil"},"content":"    public boolean isDone() {","lastModifiedDate":"2024-08-23","isFullCredit":false},{"lineNumber":23,"author":{"gitId":"Timenikhil"},"content":"        return done;","lastModifiedDate":"2024-08-23","isFullCredit":false},{"lineNumber":24,"author":{"gitId":"Timenikhil"},"content":"    }","lastModifiedDate":"2024-08-23","isFullCredit":false},{"lineNumber":25,"author":{"gitId":"Timenikhil"},"content":"","lastModifiedDate":"2024-08-23","isFullCredit":false},{"lineNumber":26,"author":{"gitId":"Timenikhil"},"content":"    public void markDone() {","lastModifiedDate":"2024-08-23","isFullCredit":false},{"lineNumber":27,"author":{"gitId":"Timenikhil"},"content":"        this.done \u003d true;","lastModifiedDate":"2024-08-23","isFullCredit":false},{"lineNumber":28,"author":{"gitId":"Timenikhil"},"content":"    }","lastModifiedDate":"2024-08-23","isFullCredit":false},{"lineNumber":29,"author":{"gitId":"Timenikhil"},"content":"","lastModifiedDate":"2024-08-23","isFullCredit":false},{"lineNumber":30,"author":{"gitId":"Timenikhil"},"content":"    public void markNotDone() {","lastModifiedDate":"2024-08-23","isFullCredit":false},{"lineNumber":31,"author":{"gitId":"Timenikhil"},"content":"        this.done \u003d false;","lastModifiedDate":"2024-08-23","isFullCredit":false},{"lineNumber":32,"author":{"gitId":"Timenikhil"},"content":"    }","lastModifiedDate":"2024-08-23","isFullCredit":false},{"lineNumber":33,"author":{"gitId":"Timenikhil"},"content":"","lastModifiedDate":"2024-08-23","isFullCredit":false},{"lineNumber":34,"author":{"gitId":"Timenikhil"},"content":"    @Override","lastModifiedDate":"2024-08-23","isFullCredit":false},{"lineNumber":35,"author":{"gitId":"Timenikhil"},"content":"    public String toString() {","lastModifiedDate":"2024-08-23","isFullCredit":false},{"lineNumber":36,"author":{"gitId":"Timenikhil"},"content":"        return String.format(\"%s | %s\", this.done?\"✅ Done   \":\"❌ Pending\",title);","lastModifiedDate":"2024-08-23","isFullCredit":false},{"lineNumber":37,"author":{"gitId":"Timenikhil"},"content":"    }","lastModifiedDate":"2024-08-23","isFullCredit":false},{"lineNumber":38,"author":{"gitId":"Timenikhil"},"content":"}","lastModifiedDate":"2024-08-23","isFullCredit":false}],"authorContributionMap":{"Timenikhil":38}},{"path":"src/main/java/ava/task/TaskManager.java","fileType":"java","lines":[{"lineNumber":1,"author":{"gitId":"Timenikhil"},"content":"package ava.task;","lastModifiedDate":"2024-08-28","isFullCredit":false},{"lineNumber":2,"author":{"gitId":"Timenikhil"},"content":"","lastModifiedDate":"2024-08-23","isFullCredit":false},{"lineNumber":3,"author":{"gitId":"Timenikhil"},"content":"import ava.files.FileManager;","lastModifiedDate":"2024-08-30","isFullCredit":false},{"lineNumber":4,"author":{"gitId":"Timenikhil"},"content":"import ava.task.Tasks.Deadline;","lastModifiedDate":"2024-08-28","isFullCredit":false},{"lineNumber":5,"author":{"gitId":"Timenikhil"},"content":"import ava.task.Tasks.Event;","lastModifiedDate":"2024-08-28","isFullCredit":false},{"lineNumber":6,"author":{"gitId":"Timenikhil"},"content":"import ava.task.Tasks.Todo;","lastModifiedDate":"2024-08-28","isFullCredit":false},{"lineNumber":7,"author":{"gitId":"Timenikhil"},"content":"","lastModifiedDate":"2024-08-23","isFullCredit":false},{"lineNumber":8,"author":{"gitId":"Timenikhil"},"content":"import java.util.ArrayList;","lastModifiedDate":"2024-08-23","isFullCredit":false},{"lineNumber":9,"author":{"gitId":"Timenikhil"},"content":"import java.util.List;","lastModifiedDate":"2024-08-23","isFullCredit":false},{"lineNumber":10,"author":{"gitId":"Timenikhil"},"content":"","lastModifiedDate":"2024-08-23","isFullCredit":false},{"lineNumber":11,"author":{"gitId":"Timenikhil"},"content":"public class TaskManager {","lastModifiedDate":"2024-08-23","isFullCredit":false},{"lineNumber":12,"author":{"gitId":"Timenikhil"},"content":"","lastModifiedDate":"2024-08-30","isFullCredit":false},{"lineNumber":13,"author":{"gitId":"Timenikhil"},"content":"    private final List\u003cTask\u003e tasks;","lastModifiedDate":"2024-08-23","isFullCredit":false},{"lineNumber":14,"author":{"gitId":"Timenikhil"},"content":"    private final FileManager fileManager;","lastModifiedDate":"2024-08-30","isFullCredit":false},{"lineNumber":15,"author":{"gitId":"Timenikhil"},"content":"    public TaskManager() {","lastModifiedDate":"2024-08-23","isFullCredit":false},{"lineNumber":16,"author":{"gitId":"Timenikhil"},"content":"        this.fileManager \u003d new FileManager();","lastModifiedDate":"2024-08-30","isFullCredit":false},{"lineNumber":17,"author":{"gitId":"Timenikhil"},"content":"        this.tasks \u003d fileManager.getTasks();","lastModifiedDate":"2024-08-30","isFullCredit":false},{"lineNumber":18,"author":{"gitId":"Timenikhil"},"content":"    }","lastModifiedDate":"2024-08-23","isFullCredit":false},{"lineNumber":19,"author":{"gitId":"Timenikhil"},"content":"","lastModifiedDate":"2024-08-23","isFullCredit":false},{"lineNumber":20,"author":{"gitId":"Timenikhil"},"content":"    public List\u003cTask\u003e getTasks() {","lastModifiedDate":"2024-08-23","isFullCredit":false},{"lineNumber":21,"author":{"gitId":"Timenikhil"},"content":"        // in the future return a view of the list","lastModifiedDate":"2024-08-23","isFullCredit":false},{"lineNumber":22,"author":{"gitId":"Timenikhil"},"content":"        // rather than the list to avoid errors","lastModifiedDate":"2024-08-23","isFullCredit":false},{"lineNumber":23,"author":{"gitId":"Timenikhil"},"content":"        return tasks;","lastModifiedDate":"2024-08-23","isFullCredit":false},{"lineNumber":24,"author":{"gitId":"Timenikhil"},"content":"    }","lastModifiedDate":"2024-08-23","isFullCredit":false},{"lineNumber":25,"author":{"gitId":"Timenikhil"},"content":"","lastModifiedDate":"2024-08-23","isFullCredit":false},{"lineNumber":26,"author":{"gitId":"Timenikhil"},"content":"","lastModifiedDate":"2024-08-30","isFullCredit":false},{"lineNumber":27,"author":{"gitId":"Timenikhil"},"content":"    public List\u003cTask\u003e getTasks(String s) {","lastModifiedDate":"2024-08-30","isFullCredit":false},{"lineNumber":28,"author":{"gitId":"Timenikhil"},"content":"        // in the future return a view of the list","lastModifiedDate":"2024-08-30","isFullCredit":false},{"lineNumber":29,"author":{"gitId":"Timenikhil"},"content":"        // rather than the list to avoid errors","lastModifiedDate":"2024-08-30","isFullCredit":false},{"lineNumber":30,"author":{"gitId":"Timenikhil"},"content":"        return tasks;","lastModifiedDate":"2024-08-30","isFullCredit":false},{"lineNumber":31,"author":{"gitId":"Timenikhil"},"content":"    }","lastModifiedDate":"2024-08-30","isFullCredit":false},{"lineNumber":32,"author":{"gitId":"Timenikhil"},"content":"","lastModifiedDate":"2024-08-30","isFullCredit":false},{"lineNumber":33,"author":{"gitId":"Timenikhil"},"content":"    public void addTask(Task task) {","lastModifiedDate":"2024-08-23","isFullCredit":false},{"lineNumber":34,"author":{"gitId":"Timenikhil"},"content":"        tasks.add(task);","lastModifiedDate":"2024-08-23","isFullCredit":false},{"lineNumber":35,"author":{"gitId":"Timenikhil"},"content":"    }","lastModifiedDate":"2024-08-23","isFullCredit":false},{"lineNumber":36,"author":{"gitId":"Timenikhil"},"content":"","lastModifiedDate":"2024-08-23","isFullCredit":false},{"lineNumber":37,"author":{"gitId":"Timenikhil"},"content":"    public void addTask(String task) {","lastModifiedDate":"2024-08-23","isFullCredit":false},{"lineNumber":38,"author":{"gitId":"Timenikhil"},"content":"        tasks.add(new Todo(task));","lastModifiedDate":"2024-08-23","isFullCredit":false},{"lineNumber":39,"author":{"gitId":"Timenikhil"},"content":"    }","lastModifiedDate":"2024-08-23","isFullCredit":false},{"lineNumber":40,"author":{"gitId":"Timenikhil"},"content":"","lastModifiedDate":"2024-08-23","isFullCredit":false},{"lineNumber":41,"author":{"gitId":"Timenikhil"},"content":"    public void addTask(String task,String time){","lastModifiedDate":"2024-08-23","isFullCredit":false},{"lineNumber":42,"author":{"gitId":"Timenikhil"},"content":"        tasks.add(new Deadline(task, time));","lastModifiedDate":"2024-08-23","isFullCredit":false},{"lineNumber":43,"author":{"gitId":"Timenikhil"},"content":"    }","lastModifiedDate":"2024-08-23","isFullCredit":false},{"lineNumber":44,"author":{"gitId":"Timenikhil"},"content":"","lastModifiedDate":"2024-08-23","isFullCredit":false},{"lineNumber":45,"author":{"gitId":"Timenikhil"},"content":"    public void addTask(String task,String startTime,String endTime){","lastModifiedDate":"2024-08-23","isFullCredit":false},{"lineNumber":46,"author":{"gitId":"Timenikhil"},"content":"        tasks.add(new Event(task, startTime, endTime));","lastModifiedDate":"2024-08-23","isFullCredit":false},{"lineNumber":47,"author":{"gitId":"Timenikhil"},"content":"    }","lastModifiedDate":"2024-08-23","isFullCredit":false},{"lineNumber":48,"author":{"gitId":"Timenikhil"},"content":"","lastModifiedDate":"2024-08-23","isFullCredit":false},{"lineNumber":49,"author":{"gitId":"Timenikhil"},"content":"","lastModifiedDate":"2024-08-30","isFullCredit":false},{"lineNumber":50,"author":{"gitId":"Timenikhil"},"content":"","lastModifiedDate":"2024-08-30","isFullCredit":false},{"lineNumber":51,"author":{"gitId":"Timenikhil"},"content":"    public void removeTask(int taskId) {","lastModifiedDate":"2024-08-23","isFullCredit":false},{"lineNumber":52,"author":{"gitId":"Timenikhil"},"content":"        if(taskId \u003e 0 \u0026\u0026 taskId \u003c\u003d tasks.size()) {","lastModifiedDate":"2024-08-23","isFullCredit":false},{"lineNumber":53,"author":{"gitId":"Timenikhil"},"content":"            tasks.remove(taskId - 1);","lastModifiedDate":"2024-08-23","isFullCredit":false},{"lineNumber":54,"author":{"gitId":"Timenikhil"},"content":"        } else {","lastModifiedDate":"2024-08-23","isFullCredit":false},{"lineNumber":55,"author":{"gitId":"Timenikhil"},"content":"            throw new IllegalArgumentException(\"Trying to delete nonexistent task\");","lastModifiedDate":"2024-08-23","isFullCredit":false},{"lineNumber":56,"author":{"gitId":"Timenikhil"},"content":"        }","lastModifiedDate":"2024-08-23","isFullCredit":false},{"lineNumber":57,"author":{"gitId":"Timenikhil"},"content":"    }","lastModifiedDate":"2024-08-23","isFullCredit":false},{"lineNumber":58,"author":{"gitId":"Timenikhil"},"content":"}","lastModifiedDate":"2024-08-23","isFullCredit":false}],"authorContributionMap":{"Timenikhil":58}},{"path":"src/main/java/ava/task/Tasks/Deadline.java","fileType":"java","lines":[{"lineNumber":1,"author":{"gitId":"Timenikhil"},"content":"package ava.task.Tasks;","lastModifiedDate":"2024-08-28","isFullCredit":false},{"lineNumber":2,"author":{"gitId":"Timenikhil"},"content":"","lastModifiedDate":"2024-08-23","isFullCredit":false},{"lineNumber":3,"author":{"gitId":"Timenikhil"},"content":"import ava.task.Task;","lastModifiedDate":"2024-08-28","isFullCredit":false},{"lineNumber":4,"author":{"gitId":"Timenikhil"},"content":"","lastModifiedDate":"2024-08-23","isFullCredit":false},{"lineNumber":5,"author":{"gitId":"Timenikhil"},"content":"import java.time.LocalDateTime;","lastModifiedDate":"2024-08-30","isFullCredit":false},{"lineNumber":6,"author":{"gitId":"Timenikhil"},"content":"import java.time.format.DateTimeFormatter;","lastModifiedDate":"2024-08-30","isFullCredit":false},{"lineNumber":7,"author":{"gitId":"Timenikhil"},"content":"","lastModifiedDate":"2024-08-30","isFullCredit":false},{"lineNumber":8,"author":{"gitId":"Timenikhil"},"content":"public class Deadline extends Task {","lastModifiedDate":"2024-08-23","isFullCredit":false},{"lineNumber":9,"author":{"gitId":"Timenikhil"},"content":"","lastModifiedDate":"2024-08-23","isFullCredit":false},{"lineNumber":10,"author":{"gitId":"Timenikhil"},"content":"    //TODO:ERROR HANDLING + extra tasks","lastModifiedDate":"2024-08-30","isFullCredit":false},{"lineNumber":11,"author":{"gitId":"Timenikhil"},"content":"    private LocalDateTime time;","lastModifiedDate":"2024-08-30","isFullCredit":false},{"lineNumber":12,"author":{"gitId":"Timenikhil"},"content":"    public Deadline(String title,String time) {","lastModifiedDate":"2024-08-23","isFullCredit":false},{"lineNumber":13,"author":{"gitId":"Timenikhil"},"content":"        super(title);","lastModifiedDate":"2024-08-23","isFullCredit":false},{"lineNumber":14,"author":{"gitId":"Timenikhil"},"content":"        this.time \u003d LocalDateTime.parse(time);","lastModifiedDate":"2024-08-30","isFullCredit":false},{"lineNumber":15,"author":{"gitId":"Timenikhil"},"content":"    }","lastModifiedDate":"2024-08-23","isFullCredit":false},{"lineNumber":16,"author":{"gitId":"Timenikhil"},"content":"","lastModifiedDate":"2024-08-23","isFullCredit":false},{"lineNumber":17,"author":{"gitId":"Timenikhil"},"content":"    public Deadline(String title, boolean done, String time) {","lastModifiedDate":"2024-08-23","isFullCredit":false},{"lineNumber":18,"author":{"gitId":"Timenikhil"},"content":"        super(title, done);","lastModifiedDate":"2024-08-23","isFullCredit":false},{"lineNumber":19,"author":{"gitId":"Timenikhil"},"content":"        this.time \u003d LocalDateTime.parse(time);","lastModifiedDate":"2024-08-30","isFullCredit":false},{"lineNumber":20,"author":{"gitId":"Timenikhil"},"content":"    }","lastModifiedDate":"2024-08-23","isFullCredit":false},{"lineNumber":21,"author":{"gitId":"Timenikhil"},"content":"","lastModifiedDate":"2024-08-23","isFullCredit":false},{"lineNumber":22,"author":{"gitId":"Timenikhil"},"content":"    @Override","lastModifiedDate":"2024-08-23","isFullCredit":false},{"lineNumber":23,"author":{"gitId":"Timenikhil"},"content":"    public String toString() {","lastModifiedDate":"2024-08-23","isFullCredit":false},{"lineNumber":24,"author":{"gitId":"Timenikhil"},"content":"        StringBuilder sb \u003d new StringBuilder();","lastModifiedDate":"2024-08-23","isFullCredit":false},{"lineNumber":25,"author":{"gitId":"Timenikhil"},"content":"        sb.append(\"Deadline: \");","lastModifiedDate":"2024-08-23","isFullCredit":false},{"lineNumber":26,"author":{"gitId":"Timenikhil"},"content":"        sb.append(super.toString());","lastModifiedDate":"2024-08-23","isFullCredit":false},{"lineNumber":27,"author":{"gitId":"Timenikhil"},"content":"        sb.append(\"[By :\");","lastModifiedDate":"2024-08-23","isFullCredit":false},{"lineNumber":28,"author":{"gitId":"Timenikhil"},"content":"        sb.append(time.format(DateTimeFormatter.ISO_DATE_TIME));","lastModifiedDate":"2024-08-30","isFullCredit":false},{"lineNumber":29,"author":{"gitId":"Timenikhil"},"content":"        sb.append(\"]\");","lastModifiedDate":"2024-08-23","isFullCredit":false},{"lineNumber":30,"author":{"gitId":"Timenikhil"},"content":"        return sb.toString();","lastModifiedDate":"2024-08-23","isFullCredit":false},{"lineNumber":31,"author":{"gitId":"Timenikhil"},"content":"    }","lastModifiedDate":"2024-08-23","isFullCredit":false},{"lineNumber":32,"author":{"gitId":"Timenikhil"},"content":"}","lastModifiedDate":"2024-08-23","isFullCredit":false}],"authorContributionMap":{"Timenikhil":32}},{"path":"src/main/java/ava/task/Tasks/Event.java","fileType":"java","lines":[{"lineNumber":1,"author":{"gitId":"Timenikhil"},"content":"package ava.task.Tasks;","lastModifiedDate":"2024-08-28","isFullCredit":false},{"lineNumber":2,"author":{"gitId":"Timenikhil"},"content":"","lastModifiedDate":"2024-08-23","isFullCredit":false},{"lineNumber":3,"author":{"gitId":"Timenikhil"},"content":"import ava.task.Task;","lastModifiedDate":"2024-08-28","isFullCredit":false},{"lineNumber":4,"author":{"gitId":"Timenikhil"},"content":"","lastModifiedDate":"2024-08-23","isFullCredit":false},{"lineNumber":5,"author":{"gitId":"Timenikhil"},"content":"import java.time.LocalDateTime;","lastModifiedDate":"2024-08-30","isFullCredit":false},{"lineNumber":6,"author":{"gitId":"Timenikhil"},"content":"import java.time.format.DateTimeFormatter;","lastModifiedDate":"2024-08-30","isFullCredit":false},{"lineNumber":7,"author":{"gitId":"Timenikhil"},"content":"","lastModifiedDate":"2024-08-30","isFullCredit":false},{"lineNumber":8,"author":{"gitId":"Timenikhil"},"content":"public class Event extends Task {","lastModifiedDate":"2024-08-23","isFullCredit":false},{"lineNumber":9,"author":{"gitId":"Timenikhil"},"content":"","lastModifiedDate":"2024-08-23","isFullCredit":false},{"lineNumber":10,"author":{"gitId":"Timenikhil"},"content":"    //TODO: Error handling","lastModifiedDate":"2024-08-30","isFullCredit":false},{"lineNumber":11,"author":{"gitId":"Timenikhil"},"content":"    LocalDateTime startTime;","lastModifiedDate":"2024-08-30","isFullCredit":false},{"lineNumber":12,"author":{"gitId":"Timenikhil"},"content":"    LocalDateTime endTime;","lastModifiedDate":"2024-08-30","isFullCredit":false},{"lineNumber":13,"author":{"gitId":"Timenikhil"},"content":"","lastModifiedDate":"2024-08-23","isFullCredit":false},{"lineNumber":14,"author":{"gitId":"Timenikhil"},"content":"    public Event(String title, String startTime, String endTime) {","lastModifiedDate":"2024-08-23","isFullCredit":false},{"lineNumber":15,"author":{"gitId":"Timenikhil"},"content":"        super(title);","lastModifiedDate":"2024-08-23","isFullCredit":false},{"lineNumber":16,"author":{"gitId":"Timenikhil"},"content":"        this.startTime \u003d LocalDateTime.parse(startTime);","lastModifiedDate":"2024-08-30","isFullCredit":false},{"lineNumber":17,"author":{"gitId":"Timenikhil"},"content":"        this.endTime \u003d LocalDateTime.parse(endTime);","lastModifiedDate":"2024-08-30","isFullCredit":false},{"lineNumber":18,"author":{"gitId":"Timenikhil"},"content":"    }","lastModifiedDate":"2024-08-23","isFullCredit":false},{"lineNumber":19,"author":{"gitId":"Timenikhil"},"content":"","lastModifiedDate":"2024-08-23","isFullCredit":false},{"lineNumber":20,"author":{"gitId":"Timenikhil"},"content":"    @Override","lastModifiedDate":"2024-08-23","isFullCredit":false},{"lineNumber":21,"author":{"gitId":"Timenikhil"},"content":"    public String toString() {","lastModifiedDate":"2024-08-23","isFullCredit":false},{"lineNumber":22,"author":{"gitId":"Timenikhil"},"content":"        StringBuilder sb \u003d new StringBuilder();","lastModifiedDate":"2024-08-23","isFullCredit":false},{"lineNumber":23,"author":{"gitId":"Timenikhil"},"content":"        sb.append(\"Event: \");","lastModifiedDate":"2024-08-23","isFullCredit":false},{"lineNumber":24,"author":{"gitId":"Timenikhil"},"content":"        sb.append(super.toString());","lastModifiedDate":"2024-08-23","isFullCredit":false},{"lineNumber":25,"author":{"gitId":"Timenikhil"},"content":"        sb.append(\"[From :\");","lastModifiedDate":"2024-08-23","isFullCredit":false},{"lineNumber":26,"author":{"gitId":"Timenikhil"},"content":"        sb.append(startTime.format(DateTimeFormatter.ISO_DATE_TIME));","lastModifiedDate":"2024-08-30","isFullCredit":false},{"lineNumber":27,"author":{"gitId":"Timenikhil"},"content":"        sb.append(\" To : \");","lastModifiedDate":"2024-08-23","isFullCredit":false},{"lineNumber":28,"author":{"gitId":"Timenikhil"},"content":"        sb.append(endTime.format(DateTimeFormatter.ISO_DATE_TIME));","lastModifiedDate":"2024-08-30","isFullCredit":false},{"lineNumber":29,"author":{"gitId":"Timenikhil"},"content":"        sb.append(\"]\");","lastModifiedDate":"2024-08-23","isFullCredit":false},{"lineNumber":30,"author":{"gitId":"Timenikhil"},"content":"        return sb.toString();","lastModifiedDate":"2024-08-23","isFullCredit":false},{"lineNumber":31,"author":{"gitId":"Timenikhil"},"content":"    }","lastModifiedDate":"2024-08-23","isFullCredit":false},{"lineNumber":32,"author":{"gitId":"Timenikhil"},"content":"","lastModifiedDate":"2024-08-23","isFullCredit":false},{"lineNumber":33,"author":{"gitId":"Timenikhil"},"content":"}","lastModifiedDate":"2024-08-23","isFullCredit":false}],"authorContributionMap":{"Timenikhil":33}},{"path":"src/main/java/ava/task/Tasks/Todo.java","fileType":"java","lines":[{"lineNumber":1,"author":{"gitId":"Timenikhil"},"content":"package ava.task.Tasks;","lastModifiedDate":"2024-08-28","isFullCredit":false},{"lineNumber":2,"author":{"gitId":"Timenikhil"},"content":"","lastModifiedDate":"2024-08-23","isFullCredit":false},{"lineNumber":3,"author":{"gitId":"Timenikhil"},"content":"import ava.task.Task;","lastModifiedDate":"2024-08-28","isFullCredit":false},{"lineNumber":4,"author":{"gitId":"Timenikhil"},"content":"","lastModifiedDate":"2024-08-23","isFullCredit":false},{"lineNumber":5,"author":{"gitId":"Timenikhil"},"content":"public class Todo extends Task {","lastModifiedDate":"2024-08-23","isFullCredit":false},{"lineNumber":6,"author":{"gitId":"Timenikhil"},"content":"    public Todo(String title) {","lastModifiedDate":"2024-08-23","isFullCredit":false},{"lineNumber":7,"author":{"gitId":"Timenikhil"},"content":"        super(title);","lastModifiedDate":"2024-08-23","isFullCredit":false},{"lineNumber":8,"author":{"gitId":"Timenikhil"},"content":"    }","lastModifiedDate":"2024-08-23","isFullCredit":false},{"lineNumber":9,"author":{"gitId":"Timenikhil"},"content":"","lastModifiedDate":"2024-08-23","isFullCredit":false},{"lineNumber":10,"author":{"gitId":"Timenikhil"},"content":"    /**","lastModifiedDate":"2024-08-23","isFullCredit":false},{"lineNumber":11,"author":{"gitId":"Timenikhil"},"content":"     * Creates a new to-do with title and completion status","lastModifiedDate":"2024-08-23","isFullCredit":false},{"lineNumber":12,"author":{"gitId":"Timenikhil"},"content":"     * @param title the title","lastModifiedDate":"2024-08-23","isFullCredit":false},{"lineNumber":13,"author":{"gitId":"Timenikhil"},"content":"     * @param done the completion status","lastModifiedDate":"2024-08-23","isFullCredit":false},{"lineNumber":14,"author":{"gitId":"Timenikhil"},"content":"     */","lastModifiedDate":"2024-08-23","isFullCredit":false},{"lineNumber":15,"author":{"gitId":"Timenikhil"},"content":"    public Todo(String title, boolean done) {","lastModifiedDate":"2024-08-23","isFullCredit":false},{"lineNumber":16,"author":{"gitId":"Timenikhil"},"content":"        super(title, done);","lastModifiedDate":"2024-08-23","isFullCredit":false},{"lineNumber":17,"author":{"gitId":"Timenikhil"},"content":"    }","lastModifiedDate":"2024-08-23","isFullCredit":false},{"lineNumber":18,"author":{"gitId":"Timenikhil"},"content":"","lastModifiedDate":"2024-08-23","isFullCredit":false},{"lineNumber":19,"author":{"gitId":"Timenikhil"},"content":"    @Override","lastModifiedDate":"2024-08-23","isFullCredit":false},{"lineNumber":20,"author":{"gitId":"Timenikhil"},"content":"    public String toString() {","lastModifiedDate":"2024-08-23","isFullCredit":false},{"lineNumber":21,"author":{"gitId":"Timenikhil"},"content":"        StringBuilder sb \u003d new StringBuilder();","lastModifiedDate":"2024-08-23","isFullCredit":false},{"lineNumber":22,"author":{"gitId":"Timenikhil"},"content":"        sb.append(\"Todo: \");","lastModifiedDate":"2024-08-23","isFullCredit":false},{"lineNumber":23,"author":{"gitId":"Timenikhil"},"content":"        sb.append(super.toString());","lastModifiedDate":"2024-08-23","isFullCredit":false},{"lineNumber":24,"author":{"gitId":"Timenikhil"},"content":"        return sb.toString();","lastModifiedDate":"2024-08-23","isFullCredit":false},{"lineNumber":25,"author":{"gitId":"Timenikhil"},"content":"    }","lastModifiedDate":"2024-08-23","isFullCredit":false},{"lineNumber":26,"author":{"gitId":"Timenikhil"},"content":"}","lastModifiedDate":"2024-08-23","isFullCredit":false}],"authorContributionMap":{"Timenikhil":26}},{"path":"text-ui-test/runtest.sh","fileType":"sh","lines":[{"lineNumber":1,"author":{"gitId":"-"},"content":"#!/usr/bin/env bash","lastModifiedDate":"2020-05-25","isFullCredit":false},{"lineNumber":2,"author":{"gitId":"-"},"content":"","lastModifiedDate":"2020-05-25","isFullCredit":false},{"lineNumber":3,"author":{"gitId":"-"},"content":"# create bin directory if it doesn\u0027t exist","lastModifiedDate":"2020-05-25","isFullCredit":false},{"lineNumber":4,"author":{"gitId":"-"},"content":"if [ ! -d \"../bin\" ]","lastModifiedDate":"2020-05-25","isFullCredit":false},{"lineNumber":5,"author":{"gitId":"-"},"content":"then","lastModifiedDate":"2020-05-25","isFullCredit":false},{"lineNumber":6,"author":{"gitId":"-"},"content":"    mkdir ../bin","lastModifiedDate":"2020-05-25","isFullCredit":false},{"lineNumber":7,"author":{"gitId":"-"},"content":"fi","lastModifiedDate":"2020-05-25","isFullCredit":false},{"lineNumber":8,"author":{"gitId":"-"},"content":"","lastModifiedDate":"2020-05-25","isFullCredit":false},{"lineNumber":9,"author":{"gitId":"-"},"content":"# delete output from previous run","lastModifiedDate":"2020-05-25","isFullCredit":false},{"lineNumber":10,"author":{"gitId":"-"},"content":"if [ -e \"./ACTUAL.TXT\" ]","lastModifiedDate":"2020-05-25","isFullCredit":false},{"lineNumber":11,"author":{"gitId":"-"},"content":"then","lastModifiedDate":"2020-05-25","isFullCredit":false},{"lineNumber":12,"author":{"gitId":"-"},"content":"    rm ACTUAL.TXT","lastModifiedDate":"2020-05-25","isFullCredit":false},{"lineNumber":13,"author":{"gitId":"-"},"content":"fi","lastModifiedDate":"2020-05-25","isFullCredit":false},{"lineNumber":14,"author":{"gitId":"-"},"content":"","lastModifiedDate":"2020-05-25","isFullCredit":false},{"lineNumber":15,"author":{"gitId":"-"},"content":"# compile the code into the bin folder, terminates if error occurred","lastModifiedDate":"2020-05-25","isFullCredit":false},{"lineNumber":16,"author":{"gitId":"-"},"content":"if ! javac -cp ../src/main/java -Xlint:none -d ../bin ../src/main/java/*.java","lastModifiedDate":"2020-08-25","isFullCredit":false},{"lineNumber":17,"author":{"gitId":"-"},"content":"then","lastModifiedDate":"2020-05-25","isFullCredit":false},{"lineNumber":18,"author":{"gitId":"-"},"content":"    echo \"********** BUILD FAILURE **********\"","lastModifiedDate":"2020-05-25","isFullCredit":false},{"lineNumber":19,"author":{"gitId":"-"},"content":"    exit 1","lastModifiedDate":"2020-05-25","isFullCredit":false},{"lineNumber":20,"author":{"gitId":"-"},"content":"fi","lastModifiedDate":"2020-05-25","isFullCredit":false},{"lineNumber":21,"author":{"gitId":"-"},"content":"","lastModifiedDate":"2020-05-25","isFullCredit":false},{"lineNumber":22,"author":{"gitId":"-"},"content":"# run the program, feed commands from input.txt file and redirect the output to the ACTUAL.TXT","lastModifiedDate":"2020-05-25","isFullCredit":false},{"lineNumber":23,"author":{"gitId":"Timenikhil"},"content":"java -classpath ../bin AVA \u003c input.txt \u003e ACTUAL.TXT","lastModifiedDate":"2024-08-23","isFullCredit":false},{"lineNumber":24,"author":{"gitId":"-"},"content":"","lastModifiedDate":"2020-05-25","isFullCredit":false},{"lineNumber":25,"author":{"gitId":"-"},"content":"# convert to UNIX format","lastModifiedDate":"2020-05-25","isFullCredit":false},{"lineNumber":26,"author":{"gitId":"-"},"content":"cp EXPECTED.TXT EXPECTED-UNIX.TXT","lastModifiedDate":"2020-05-25","isFullCredit":false},{"lineNumber":27,"author":{"gitId":"-"},"content":"dos2unix ACTUAL.TXT EXPECTED-UNIX.TXT","lastModifiedDate":"2020-05-25","isFullCredit":false},{"lineNumber":28,"author":{"gitId":"-"},"content":"","lastModifiedDate":"2020-05-25","isFullCredit":false},{"lineNumber":29,"author":{"gitId":"-"},"content":"# compare the output to the expected output","lastModifiedDate":"2020-05-25","isFullCredit":false},{"lineNumber":30,"author":{"gitId":"-"},"content":"diff ACTUAL.TXT EXPECTED-UNIX.TXT","lastModifiedDate":"2020-05-25","isFullCredit":false},{"lineNumber":31,"author":{"gitId":"-"},"content":"if [ $? -eq 0 ]","lastModifiedDate":"2020-05-25","isFullCredit":false},{"lineNumber":32,"author":{"gitId":"-"},"content":"then","lastModifiedDate":"2020-05-25","isFullCredit":false},{"lineNumber":33,"author":{"gitId":"-"},"content":"    echo \"Test result: PASSED\"","lastModifiedDate":"2020-05-25","isFullCredit":false},{"lineNumber":34,"author":{"gitId":"-"},"content":"    exit 0","lastModifiedDate":"2020-05-25","isFullCredit":false},{"lineNumber":35,"author":{"gitId":"-"},"content":"else","lastModifiedDate":"2020-05-25","isFullCredit":false},{"lineNumber":36,"author":{"gitId":"-"},"content":"    echo \"Test result: FAILED\"","lastModifiedDate":"2020-05-25","isFullCredit":false},{"lineNumber":37,"author":{"gitId":"-"},"content":"    exit 1","lastModifiedDate":"2020-05-25","isFullCredit":false},{"lineNumber":38,"author":{"gitId":"-"},"content":"fi","lastModifiedDate":"2020-05-25","isFullCredit":false}],"authorContributionMap":{"Timenikhil":1,"-":37}}]
