{"authorDailyContributionsMap":{"Timenikhil":[{"date":"2024-08-23","commitResults":[{"hash":"2afa80753832a8e72201164c02ee2af6ba25bba1","isMergeCommit":false,"messageTitle":"Rename Chatbot Make it Greet and Exit","messageBody":"","fileTypesAndContributionMap":{"java":{"insertions":19,"deletions":6}}},{"hash":"cbf1b371501e8226f6ad342e42447fbf7477a508","isMergeCommit":false,"messageTitle":"replace concatenation with text block","messageBody":"","tags":["Level-0"],"fileTypesAndContributionMap":{"java":{"insertions":7,"deletions":6},"md":{"insertions":1,"deletions":1}}},{"hash":"d7ec5a297b05664396d3c1babc790fad0b04d1c5","isMergeCommit":false,"messageTitle":"rename Duke class to AVA Add simple text repetition feature in chatbot.","messageBody":"","fileTypesAndContributionMap":{"java":{"insertions":33,"deletions":24}}},{"hash":"278bc383ec4aa71c0941103c179aef72f4064922","isMergeCommit":false,"messageTitle":"fix redundant errors","messageBody":"","tags":["Level-1"],"fileTypesAndContributionMap":{"java":{"insertions":3,"deletions":3}}},{"hash":"62221a2c0673ff4fe5f35075341047be29b94e88","isMergeCommit":false,"messageTitle":"create Task create TaskManager refactor AVA to support multiple instances","messageBody":"","fileTypesAndContributionMap":{"java":{"insertions":79,"deletions":4}}},{"hash":"5fdb0491e1a28f1d7fecd9c5c56fc3313082ed7a","isMergeCommit":false,"messageTitle":"finish refactoring AVA to be more generic","messageBody":"","fileTypesAndContributionMap":{"java":{"insertions":22,"deletions":5}}},{"hash":"c1c9a73742dba8451c36e61986b6091e60e1e1fc","isMergeCommit":false,"messageTitle":"finish list making response","messageBody":"","tags":["Level-2"],"fileTypesAndContributionMap":{"java":{"insertions":29,"deletions":4}}},{"hash":"f3eb03175932a196e448086d3c2b896dc693a15c","isMergeCommit":false,"messageTitle":"finish list marking response","messageBody":"","tags":["Level-3"],"fileTypesAndContributionMap":{"java":{"insertions":37,"deletions":2}}},{"hash":"57d933aff8f3b73492f424bc06e8bcbd63f013b6","isMergeCommit":false,"messageTitle":"basic error handling and deleting","messageBody":"","tags":["Level-5"],"fileTypesAndContributionMap":{"java":{"insertions":10,"deletions":0}}},{"hash":"be63539dd5b7113114d1ee3ca9f77f237e77cc3c","isMergeCommit":false,"messageTitle":"basic  deleting implemented","messageBody":"","tags":["Level-6"],"fileTypesAndContributionMap":{"java":{"insertions":13,"deletions":0}}},{"hash":"1d7a76a27e53b11b0bcc54abd8ee39776b0af641","isMergeCommit":false,"messageTitle":"create different tasks","messageBody":"","tags":["Level-4"],"fileTypesAndContributionMap":{"java":{"insertions":15,"deletions":0}}},{"hash":"0be11a6dc308a57e16881c37885541b3535a0583","isMergeCommit":false,"messageTitle":"create enum error","messageBody":"","tags":["A-Enums"],"fileTypesAndContributionMap":{"java":{"insertions":24,"deletions":5}}},{"hash":"7bfc9f539c1fc03af1e2e3e8ff98527a3d5b7f23","isMergeCommit":false,"messageTitle":"attempt to do automated text testing","messageBody":"","tags":["A-TextUiTesting"],"fileTypesAndContributionMap":{"java":{"insertions":6,"deletions":6},"sh":{"insertions":1,"deletions":1}}},{"hash":"724a5c21720148dbef51f9a84187bb31b94dd3bd","isMergeCommit":false,"messageTitle":"clean file structure","messageBody":"","fileTypesAndContributionMap":{"java":{"insertions":31,"deletions":21}}},{"hash":"939e0d569c476795e1b39b49fe9b3f7b885c9d33","isMergeCommit":false,"messageTitle":"Improve TaskManager","messageBody":"","fileTypesAndContributionMap":{"java":{"insertions":16,"deletions":11}}},{"hash":"167b7b2e2a02465aa63c714e6b48cd1039fc521b","isMergeCommit":false,"messageTitle":"Make tasks more detailed","messageBody":"","fileTypesAndContributionMap":{"java":{"insertions":39,"deletions":6}}},{"hash":"a09a1c5f7e8d1909470c19edd40aa533f419458a","isMergeCommit":false,"messageTitle":"improve task management","messageBody":"","tags":["A-Inheritance"],"fileTypesAndContributionMap":{"java":{"insertions":48,"deletions":5}}}]},{"date":"2024-08-24","commitResults":[{"hash":"8f133a11fee40199afdd04d02e983e84baeb4050","isMergeCommit":false,"messageTitle":"make AVA\u0027s greetings cuter to align with her personality","messageBody":"","fileTypesAndContributionMap":{"java":{"insertions":45,"deletions":30}}}]},{"date":"2024-08-28","commitResults":[{"hash":"7169c2ab021ff4357878ad52a7be5cff1e2e4e86","isMergeCommit":false,"messageTitle":"follow Coding standard","messageBody":"","fileTypesAndContributionMap":{"java":{"insertions":15,"deletions":9}}},{"hash":"28cd1ba12d33021161172395a38e3844589f9572","isMergeCommit":false,"messageTitle":"refactor code to follow Coding standard","messageBody":"","fileTypesAndContributionMap":{"java":{"insertions":20,"deletions":16},"md":{"insertions":1,"deletions":1}}}]},{"date":"2024-08-30","commitResults":[{"hash":"0f65ce8b3dd0b2cdb38fb1a30c1ece0e88f53d47","isMergeCommit":true,"messageTitle":"Merge pull request #2 from Timenikhil/ErrorHandling","messageBody":"Handle errors better","fileTypesAndContributionMap":{}},{"hash":"62806dee960716766a6ca38ce631121fc5634ada","isMergeCommit":false,"messageTitle":"create fileManager","messageBody":"","fileTypesAndContributionMap":{"java":{"insertions":73,"deletions":1}}},{"hash":"9a17369364c7ff5b50dede89eb5ed288b1ae8f59","isMergeCommit":false,"messageTitle":"move default taskManager to file reader for parity","messageBody":"","fileTypesAndContributionMap":{"java":{"insertions":14,"deletions":15}}},{"hash":"51db5995539a84c4b8dc98f2aba457c420e9d123","isMergeCommit":false,"messageTitle":"fix bugs in FileManager.java","messageBody":"","fileTypesAndContributionMap":{"java":{"insertions":10,"deletions":7},"md":{"insertions":1,"deletions":1}}},{"hash":"e144fc077b3c65ffa3da31191698d2268bbfe153","isMergeCommit":true,"messageTitle":"Merge pull request #3 from Timenikhil/master","messageBody":"Bring over FileManagement to Level 7 branch","fileTypesAndContributionMap":{}},{"hash":"dd46007c0b00aa7b4cc21b30dd17c8acfb61f5ce","isMergeCommit":false,"messageTitle":"add data to gitignore, add filereader","messageBody":"","fileTypesAndContributionMap":{"java":{"insertions":14,"deletions":1}}},{"hash":"95dd2aa569757836dc22fba94bfd99b7e7b08681","isMergeCommit":false,"messageTitle":"use bufferedreader","messageBody":"","fileTypesAndContributionMap":{"java":{"insertions":1,"deletions":0}}},{"hash":"5c2f010764a4a91f603fc1a4a4f6cbf555c0b3a9","isMergeCommit":true,"messageTitle":"Merge pull request #4 from Timenikhil/branch-Level-7","messageBody":"Add Save to Disk ability to AVA","tags":["Level-7","A-Packages","A-MoreOOP"],"fileTypesAndContributionMap":{}},{"hash":"85fc644709a1e2961a91036d463b2b551559839c","isMergeCommit":false,"messageTitle":"Improve JavaDoc","messageBody":"","tags":["Level-8","A-JavaDoc"],"fileTypesAndContributionMap":{"java":{"insertions":8,"deletions":0}}},{"hash":"24bcf056307594a6ec374ef809c10a9fbf2da018","isMergeCommit":false,"messageTitle":"add basic time understanding","messageBody":"","fileTypesAndContributionMap":{"java":{"insertions":18,"deletions":10}}},{"hash":"dcdc4d7dadd23c24ddf8e8f5728ccebd50ac8d41","isMergeCommit":true,"messageTitle":"Merge pull request #5 from Timenikhil/branch-Level-8","messageBody":"Teach AVA to intepret date time","fileTypesAndContributionMap":{}},{"hash":"146600332d0e181d767f3054e1b5e766bf2c9748","isMergeCommit":true,"messageTitle":"Merge pull request #6 from Timenikhil/add-gradle-support","messageBody":"Add gradle support","tags":["A-Jar","A-Gradle"],"fileTypesAndContributionMap":{}},{"hash":"02ce1d5bce3020d9e42a0f0539b23a763a6d28a7","isMergeCommit":false,"messageTitle":"add basic test files","messageBody":"","tags":["A-JUnit"],"fileTypesAndContributionMap":{"java":{"insertions":31,"deletions":0}}},{"hash":"14c9e25665ecadcb0cd280e8a463fd14654f56ba","isMergeCommit":false,"messageTitle":"add basic searching to find tasks","messageBody":"","fileTypesAndContributionMap":{"java":{"insertions":9,"deletions":0}}},{"hash":"48125f6d11f0a22d25fa82042872660816590e8b","isMergeCommit":true,"messageTitle":"Merge pull request #7 from Timenikhil/Find","messageBody":"add basic searching to find tasks","tags":["Level-9","A-CodingStandard"],"fileTypesAndContributionMap":{}},{"hash":"30fea4555001c4c19f5b225923e5e8cdbae75ca3","isMergeCommit":false,"messageTitle":"refactor code to add test root","messageBody":"","tags":["Level-10"],"fileTypesAndContributionMap":{"java":{"insertions":0,"deletions":30}}}]},{"date":"2024-09-06","commitResults":[{"hash":"e10c661debc9c808fcd399e3c60c2c0ed1c4f280","isMergeCommit":false,"messageTitle":"add GUI to AVA","messageBody":"","fileTypesAndContributionMap":{"java":{"insertions":4,"deletions":0}}},{"hash":"f3e33658a0e16eaaf2ceb2001f6a899965a7becc","isMergeCommit":true,"messageTitle":"Merge pull request #8 from Timenikhil/GUI","messageBody":"add GUI to AVA","fileTypesAndContributionMap":{}},{"hash":"5471ce2431fd79b720f9a855f8239ee8ef340c6b","isMergeCommit":true,"messageTitle":"Merge pull request #9 from Timenikhil/branch-Level-10","messageBody":"Branch level 10","fileTypesAndContributionMap":{}},{"hash":"b662db60ba192117af0770148b9d941a7d8f7d93","isMergeCommit":false,"messageTitle":"add varargs to errors","messageBody":"","tags":["A-Varargs","A-CheckStyle"],"fileTypesAndContributionMap":{"java":{"insertions":1,"deletions":1}}},{"hash":"26477cb8262088b6b910482a61cbbd4bf2ffe9c6","isMergeCommit":true,"messageTitle":"Merge pull request #10 from Timenikhil/Varargs","messageBody":"add varargs to errors","fileTypesAndContributionMap":{}}]}]},"authorFileTypeContributionMap":{"Timenikhil":{"java":476,"md":1,"fxml":0,"sh":1,"bat":0,"gradle":0,"txt":0}},"authorContributionVariance":{"Timenikhil":14753.463},"authorDisplayNameMap":{"Timenikhil":"CS2103T-W09-2 SULT..KHIL"}}
