{"authorDailyContributionsMap":{"zi-yii":[{"date":"2024-08-21","commitResults":[{"hash":"382e0cc00aa6d81a515cbbdb34d36c9d7e596f23","isMergeCommit":false,"messageTitle":"Update name and greetings of chatbot.","messageBody":"","tags":["Level-0"],"fileTypesAndContributionMap":{"java":{"insertions":7,"deletions":10}}},{"hash":"44425c29db29e84652d3408b6cc41e70cbde5566","isMergeCommit":false,"messageTitle":"Add echo function","messageBody":"","tags":["Level-1"],"fileTypesAndContributionMap":{"java":{"insertions":19,"deletions":1}}},{"hash":"92da69ca987ec0f8c166d1b93dbdfb05c6ac71e3","isMergeCommit":false,"messageTitle":"Add user input history","messageBody":"","tags":["Level-2"],"fileTypesAndContributionMap":{"java":{"insertions":33,"deletions":4}}}]},{"date":"2024-08-22","commitResults":[{"hash":"c75d56abd04e0e3bf15376a04671d6a4be8eebd7","isMergeCommit":false,"messageTitle":"Create Task class","messageBody":"","fileTypesAndContributionMap":{"java":{"insertions":25,"deletions":0}}},{"hash":"c027a38e23771f46b631e9fac2e124288aa42c23","isMergeCommit":false,"messageTitle":"Add ability to mark tasks as done and undone","messageBody":"","tags":["Level-3"],"fileTypesAndContributionMap":{"java":{"insertions":48,"deletions":19}}}]}]},"authorFileTypeContributionMap":{"zi-yii":{"java":108,"md":0,"fxml":0,"sh":0,"bat":0,"gradle":0,"txt":0}},"authorContributionVariance":{"zi-yii":1429.0612},"authorDisplayNameMap":{"zi-yii":"CHEN..I YI"}}
