{"authorDailyContributionsMap":{"zi-yii":[{"date":"2024-08-21","commitResults":[{"hash":"382e0cc00aa6d81a515cbbdb34d36c9d7e596f23","isMergeCommit":false,"messageTitle":"Update name and greetings of chatbot.","messageBody":"","tags":["Level-0"],"fileTypesAndContributionMap":{"java":{"insertions":7,"deletions":10}}},{"hash":"44425c29db29e84652d3408b6cc41e70cbde5566","isMergeCommit":false,"messageTitle":"Add echo function","messageBody":"","tags":["Level-1"],"fileTypesAndContributionMap":{"java":{"insertions":19,"deletions":1}}},{"hash":"92da69ca987ec0f8c166d1b93dbdfb05c6ac71e3","isMergeCommit":false,"messageTitle":"Add user input history","messageBody":"","tags":["Level-2"],"fileTypesAndContributionMap":{"java":{"insertions":33,"deletions":4}}}]},{"date":"2024-08-22","commitResults":[{"hash":"c75d56abd04e0e3bf15376a04671d6a4be8eebd7","isMergeCommit":false,"messageTitle":"Create Task class","messageBody":"","fileTypesAndContributionMap":{"java":{"insertions":25,"deletions":0}}},{"hash":"c027a38e23771f46b631e9fac2e124288aa42c23","isMergeCommit":false,"messageTitle":"Add ability to mark tasks as done and undone","messageBody":"","tags":["Level-3"],"fileTypesAndContributionMap":{"java":{"insertions":48,"deletions":19}}}]},{"date":"2024-08-23","commitResults":[{"hash":"b52601c5d715debed64347076752055dec7d5bab","isMergeCommit":false,"messageTitle":"Add support for tracking three types of tasks","messageBody":"","tags":["Level-4"],"fileTypesAndContributionMap":{"java":{"insertions":96,"deletions":26}}},{"hash":"8e973fc8c53eb198c29cf00da2eed9a7a41b6717","isMergeCommit":false,"messageTitle":"Test using I/O redirection technique","messageBody":"","tags":["A-TextUiTesting"],"fileTypesAndContributionMap":{"txt":{"insertions":10,"deletions":0},"java":{"insertions":27,"deletions":15},"sh":{"insertions":1,"deletions":1}}}]},{"date":"2024-08-24","commitResults":[{"hash":"3feb7658cb3ba0d8fefec0798ec8b7d809315add","isMergeCommit":false,"messageTitle":"Handle errors","messageBody":"","tags":["Level-5"],"fileTypesAndContributionMap":{"txt":{"insertions":8,"deletions":1},"java":{"insertions":148,"deletions":69}}},{"hash":"39f364070f23687c26b11281241709d2f7df9fde","isMergeCommit":false,"messageTitle":"Add delete function","messageBody":"","tags":["Level-6"],"fileTypesAndContributionMap":{"txt":{"insertions":5,"deletions":0},"java":{"insertions":24,"deletions":1}}},{"hash":"bc56079df65785aa4d57741691b091922f7e97ae","isMergeCommit":false,"messageTitle":"Use Enumerations","messageBody":"","tags":["A-Enums"],"fileTypesAndContributionMap":{"java":{"insertions":40,"deletions":24}}}]},{"date":"2024-08-28","commitResults":[{"hash":"e98f3a8683371ae125b6391569112788d890fb1e","isMergeCommit":false,"messageTitle":"Add save task function","messageBody":"","fileTypesAndContributionMap":{"java":{"insertions":141,"deletions":21}}},{"hash":"f58a010eb024ef9e71cb5d6a5f7d1363d710a2ff","isMergeCommit":true,"messageTitle":"Merge branch \u0027branch-Level-7\u0027 into master","messageBody":"","tags":["Level-7"],"fileTypesAndContributionMap":{}},{"hash":"f10ac2750bfd933f0ccbef05b7f3aa81f3227c7d","isMergeCommit":false,"messageTitle":"Change format for deadline dates","messageBody":"","fileTypesAndContributionMap":{"java":{"insertions":82,"deletions":22}}},{"hash":"078e95cb33657055529e53da45687f5f6ed8d0a3","isMergeCommit":false,"messageTitle":"Add ability to obtain relevant tasks for a specific date","messageBody":"","fileTypesAndContributionMap":{"java":{"insertions":56,"deletions":4}}},{"hash":"63aa01a9a7727f13207d1786eda7a96b38ae25a0","isMergeCommit":true,"messageTitle":"Merge branch \u0027branch-Level-8\u0027 into master","messageBody":"","tags":["Level-8"],"fileTypesAndContributionMap":{}},{"hash":"8d22cad9bef80d863c3c3fb5d9e0a368fc130e54","isMergeCommit":false,"messageTitle":"Extract TaskList class","messageBody":"","fileTypesAndContributionMap":{"java":{"insertions":112,"deletions":56}}},{"hash":"4cfe56f092d3f0a9e6e2956c7abf4a704aa7b7f4","isMergeCommit":false,"messageTitle":"Extract Storage class and Parser class","messageBody":"","fileTypesAndContributionMap":{"java":{"insertions":200,"deletions":183}}}]},{"date":"2024-08-29","commitResults":[{"hash":"7426d7ecf151f8655037138aec92136481ab766b","isMergeCommit":false,"messageTitle":"Extract Ui class","messageBody":"","fileTypesAndContributionMap":{"java":{"insertions":84,"deletions":66}}},{"hash":"35587f72243e2d9c1a703f2b2e15407d939055e9","isMergeCommit":true,"messageTitle":"Merge branch \u0027branch-A-MoreOOP\u0027 into master","messageBody":"","tags":["A-MoreOOP"],"fileTypesAndContributionMap":{}},{"hash":"57c15da25c7207b1d60ee6020a2539a42b046f15","isMergeCommit":false,"messageTitle":"Organise into packages bob and bob.task","messageBody":"","fileTypesAndContributionMap":{"java":{"insertions":39,"deletions":9}}},{"hash":"9f9760e3022350d0440a5849051a07dd9e44e3a8","isMergeCommit":true,"messageTitle":"Merge branch \u0027branch-A-Packages\u0027 into master","messageBody":"","tags":["A-Packages"],"fileTypesAndContributionMap":{}},{"hash":"7a623d58ca104fe8d09fb9ea49a74b393489de00","isMergeCommit":true,"messageTitle":"Merge branch \u0027add-gradle-support\u0027 into master","messageBody":"","fileTypesAndContributionMap":{}}]},{"date":"2024-08-31","commitResults":[{"hash":"24ac5b0970fc2b124723995133d341112bf213ec","isMergeCommit":false,"messageTitle":"Add ParserTest.java and TaskListTest.java","messageBody":"","fileTypesAndContributionMap":{"java":{"insertions":221,"deletions":19}}},{"hash":"d24e64f2f07167a341435e8637ce1a395d3880b7","isMergeCommit":true,"messageTitle":"Merge branch \u0027branch-A-JUnit\u0027 into master","messageBody":"","tags":["A-Jar","A-JUnit"],"fileTypesAndContributionMap":{}}]},{"date":"2024-09-01","commitResults":[{"hash":"26b2a912ff6fbca8f29fbc1bad6569628a404087","isMergeCommit":false,"messageTitle":"Use Gradle to run JUnit tests","messageBody":"","fileTypesAndContributionMap":{"gradle":{"insertions":2,"deletions":2}}},{"hash":"0dea4580e23f76219415a305dbf918b70a60a396","isMergeCommit":true,"messageTitle":"Merge branch \u0027branch-A-Gradle\u0027 into master","messageBody":"","tags":["A-Gradle"],"fileTypesAndContributionMap":{}},{"hash":"8bbfadfcf96344124a8da181ff7ba26763c26aa0","isMergeCommit":false,"messageTitle":"Add JavaDoc comments","messageBody":"","fileTypesAndContributionMap":{"java":{"insertions":423,"deletions":1}}},{"hash":"00bc5d74f295c06da89a0f2c22f5859ae4ecec71","isMergeCommit":false,"messageTitle":"Tweak code to comply with coding standard","messageBody":"","fileTypesAndContributionMap":{"java":{"insertions":149,"deletions":101}}},{"hash":"649d0d1f2c9a766bb9ad68756ea40c55ab21812a","isMergeCommit":false,"messageTitle":"Add ability to find task by keyword","messageBody":"","fileTypesAndContributionMap":{"java":{"insertions":83,"deletions":43}}},{"hash":"6dd50e157c46c53c97d2b3e7e8e963b61f9f9466","isMergeCommit":true,"messageTitle":"Merge branch \u0027branch-A-JavaDoc\u0027 into master","messageBody":"","tags":["A-JavaDoc"],"fileTypesAndContributionMap":{}},{"hash":"53038a958f4dc9659e8297420eda61b659e1350c","isMergeCommit":true,"messageTitle":"Merge branch \u0027branch-A-CodingStandard\u0027 into master","messageBody":"Resolution: keep both\n","tags":["A-CodingStandard"],"fileTypesAndContributionMap":{}},{"hash":"e34d52d75a7ee37ba4d8efdfb9932e792e04b3a9","isMergeCommit":true,"messageTitle":"Merge branch \u0027branch-Level-9\u0027 into master","messageBody":"Resolution: keep both\n","tags":["Level-9"],"fileTypesAndContributionMap":{}},{"hash":"bdb365544d7ec280740229a4addd5df770fb6c5b","isMergeCommit":false,"messageTitle":"Update expected error message","messageBody":"Change expected error message for\ndelTask_invalidTaskNum_exceptionThrown() to\n\"The task number provided is invalid.\"\n","fileTypesAndContributionMap":{"java":{"insertions":8,"deletions":8}}}]}]},"authorFileTypeContributionMap":{"zi-yii":{"java":1387,"md":0,"fxml":0,"sh":1,"bat":0,"gradle":2,"txt":22}},"authorContributionVariance":{"zi-yii":72085.9},"authorDisplayNameMap":{"zi-yii":"CS2103-F12-1 CHEN..I YI"}}
