{"authorDailyContributionsMap":{"zi-yii":[{"date":"2024-08-21","commitResults":[{"hash":"382e0cc00aa6d81a515cbbdb34d36c9d7e596f23","isMergeCommit":false,"messageTitle":"Update name and greetings of chatbot.","messageBody":"","tags":["Level-0"],"fileTypesAndContributionMap":{"java":{"insertions":7,"deletions":10}}},{"hash":"44425c29db29e84652d3408b6cc41e70cbde5566","isMergeCommit":false,"messageTitle":"Add echo function","messageBody":"","tags":["Level-1"],"fileTypesAndContributionMap":{"java":{"insertions":19,"deletions":1}}},{"hash":"92da69ca987ec0f8c166d1b93dbdfb05c6ac71e3","isMergeCommit":false,"messageTitle":"Add user input history","messageBody":"","tags":["Level-2"],"fileTypesAndContributionMap":{"java":{"insertions":33,"deletions":4}}}]},{"date":"2024-08-22","commitResults":[{"hash":"c75d56abd04e0e3bf15376a04671d6a4be8eebd7","isMergeCommit":false,"messageTitle":"Create Task class","messageBody":"","fileTypesAndContributionMap":{"java":{"insertions":25,"deletions":0}}},{"hash":"c027a38e23771f46b631e9fac2e124288aa42c23","isMergeCommit":false,"messageTitle":"Add ability to mark tasks as done and undone","messageBody":"","tags":["Level-3"],"fileTypesAndContributionMap":{"java":{"insertions":48,"deletions":19}}}]},{"date":"2024-08-23","commitResults":[{"hash":"b52601c5d715debed64347076752055dec7d5bab","isMergeCommit":false,"messageTitle":"Add support for tracking three types of tasks","messageBody":"","tags":["Level-4"],"fileTypesAndContributionMap":{"java":{"insertions":96,"deletions":26}}},{"hash":"8e973fc8c53eb198c29cf00da2eed9a7a41b6717","isMergeCommit":false,"messageTitle":"Test using I/O redirection technique","messageBody":"","tags":["A-TextUiTesting"],"fileTypesAndContributionMap":{"txt":{"insertions":10,"deletions":0},"java":{"insertions":27,"deletions":15},"sh":{"insertions":1,"deletions":1}}}]},{"date":"2024-08-24","commitResults":[{"hash":"3feb7658cb3ba0d8fefec0798ec8b7d809315add","isMergeCommit":false,"messageTitle":"Handle errors","messageBody":"","tags":["Level-5"],"fileTypesAndContributionMap":{"txt":{"insertions":8,"deletions":1},"java":{"insertions":148,"deletions":69}}},{"hash":"39f364070f23687c26b11281241709d2f7df9fde","isMergeCommit":false,"messageTitle":"Add delete function","messageBody":"","tags":["Level-6"],"fileTypesAndContributionMap":{"txt":{"insertions":5,"deletions":0},"java":{"insertions":24,"deletions":1}}}]}]},"authorFileTypeContributionMap":{"zi-yii":{"java":292,"md":0,"fxml":0,"sh":1,"bat":0,"gradle":0,"txt":22}},"authorContributionVariance":{"zi-yii":7857.58},"authorDisplayNameMap":{"zi-yii":"CHEN..I YI"}}
