[{"path":"README.md","fileType":"md","lines":[{"lineNumber":1,"author":{"gitId":"-"},"content":"# Duke project template","lastModifiedDate":"2020-05-25","isFullCredit":false},{"lineNumber":2,"author":{"gitId":"-"},"content":"","lastModifiedDate":"2020-05-25","isFullCredit":false},{"lineNumber":3,"author":{"gitId":"-"},"content":"This is a project template for a greenfield Java project. It\u0027s named after the Java mascot _Duke_. Given below are instructions on how to use it.","lastModifiedDate":"2020-05-25","isFullCredit":false},{"lineNumber":4,"author":{"gitId":"anselmlong"},"content":"This is Anselm\u0027s project now!! ","lastModifiedDate":"2024-08-20","isFullCredit":false},{"lineNumber":5,"author":{"gitId":"-"},"content":"## Setting up in Intellij","lastModifiedDate":"2020-05-25","isFullCredit":false},{"lineNumber":6,"author":{"gitId":"-"},"content":"","lastModifiedDate":"2020-05-25","isFullCredit":false},{"lineNumber":7,"author":{"gitId":"-"},"content":"Prerequisites: JDK 17, update Intellij to the most recent version.","lastModifiedDate":"2024-07-11","isFullCredit":false},{"lineNumber":8,"author":{"gitId":"-"},"content":"","lastModifiedDate":"2020-05-25","isFullCredit":false},{"lineNumber":9,"author":{"gitId":"-"},"content":"1. Open Intellij (if you are not in the welcome screen, click `File` \u003e `Close Project` to close the existing project first)","lastModifiedDate":"2021-01-17","isFullCredit":false},{"lineNumber":10,"author":{"gitId":"-"},"content":"1. Open the project into Intellij as follows:","lastModifiedDate":"2021-01-17","isFullCredit":false},{"lineNumber":11,"author":{"gitId":"-"},"content":"   1. Click `Open`.","lastModifiedDate":"2021-01-17","isFullCredit":false},{"lineNumber":12,"author":{"gitId":"-"},"content":"   1. Select the project directory, and click `OK`.","lastModifiedDate":"2021-01-17","isFullCredit":false},{"lineNumber":13,"author":{"gitId":"-"},"content":"   1. If there are any further prompts, accept the defaults.","lastModifiedDate":"2020-05-25","isFullCredit":false},{"lineNumber":14,"author":{"gitId":"-"},"content":"1. Configure the project to use **JDK 17** (not other versions) as explained in [here](https://www.jetbrains.com/help/idea/sdk.html#set-up-jdk).\u003cbr\u003e","lastModifiedDate":"2024-07-11","isFullCredit":false},{"lineNumber":15,"author":{"gitId":"-"},"content":"   In the same dialog, set the **Project language level** field to the `SDK default` option.","lastModifiedDate":"2021-07-29","isFullCredit":false},{"lineNumber":16,"author":{"gitId":"-"},"content":"3. After that, locate the `src/main/java/Duke.java` file, right-click it, and choose `Run Duke.main()` (if the code editor is showing compile errors, try restarting the IDE). If the setup is correct, you should see something like the below as the output:","lastModifiedDate":"2021-07-29","isFullCredit":false},{"lineNumber":17,"author":{"gitId":"-"},"content":"   ```","lastModifiedDate":"2020-05-25","isFullCredit":false},{"lineNumber":18,"author":{"gitId":"-"},"content":"   Hello from","lastModifiedDate":"2020-05-25","isFullCredit":false},{"lineNumber":19,"author":{"gitId":"-"},"content":"    ____        _        ","lastModifiedDate":"2020-05-25","isFullCredit":false},{"lineNumber":20,"author":{"gitId":"-"},"content":"   |  _ \\ _   _| | _____ ","lastModifiedDate":"2020-05-25","isFullCredit":false},{"lineNumber":21,"author":{"gitId":"-"},"content":"   | | | | | | | |/ / _ \\","lastModifiedDate":"2020-05-25","isFullCredit":false},{"lineNumber":22,"author":{"gitId":"-"},"content":"   | |_| | |_| |   \u003c  __/","lastModifiedDate":"2020-05-25","isFullCredit":false},{"lineNumber":23,"author":{"gitId":"-"},"content":"   |____/ \\__,_|_|\\_\\___|","lastModifiedDate":"2020-05-25","isFullCredit":false},{"lineNumber":24,"author":{"gitId":"-"},"content":"   ```","lastModifiedDate":"2020-05-25","isFullCredit":false}],"authorContributionMap":{"anselmlong":1,"-":23}},{"path":"data.txt","fileType":"txt","lines":[{"lineNumber":1,"author":{"gitId":"anselmlong"},"content":"T |   | 1 |  ","lastModifiedDate":"2024-08-28","isFullCredit":false},{"lineNumber":2,"author":{"gitId":"anselmlong"},"content":"T |   | 2 |  ","lastModifiedDate":"2024-08-28","isFullCredit":false}],"authorContributionMap":{"anselmlong":2}},{"path":"src/main/java/DeadlineTask.java","fileType":"java","lines":[{"lineNumber":1,"author":{"gitId":"anselmlong"},"content":"public class DeadlineTask extends Task {","lastModifiedDate":"2024-08-20","isFullCredit":false},{"lineNumber":2,"author":{"gitId":"anselmlong"},"content":"    private String date;","lastModifiedDate":"2024-08-20","isFullCredit":false},{"lineNumber":3,"author":{"gitId":"anselmlong"},"content":"","lastModifiedDate":"2024-08-20","isFullCredit":false},{"lineNumber":4,"author":{"gitId":"anselmlong"},"content":"    public DeadlineTask(String desc, String date) {","lastModifiedDate":"2024-08-20","isFullCredit":false},{"lineNumber":5,"author":{"gitId":"anselmlong"},"content":"        super(desc);","lastModifiedDate":"2024-08-20","isFullCredit":false},{"lineNumber":6,"author":{"gitId":"anselmlong"},"content":"        this.date \u003d date;","lastModifiedDate":"2024-08-20","isFullCredit":false},{"lineNumber":7,"author":{"gitId":"anselmlong"},"content":"    }","lastModifiedDate":"2024-08-20","isFullCredit":false},{"lineNumber":8,"author":{"gitId":"anselmlong"},"content":"","lastModifiedDate":"2024-08-20","isFullCredit":false},{"lineNumber":9,"author":{"gitId":"anselmlong"},"content":"    public String getDate() {","lastModifiedDate":"2024-08-20","isFullCredit":false},{"lineNumber":10,"author":{"gitId":"anselmlong"},"content":"        return date;","lastModifiedDate":"2024-08-20","isFullCredit":false},{"lineNumber":11,"author":{"gitId":"anselmlong"},"content":"    }","lastModifiedDate":"2024-08-20","isFullCredit":false},{"lineNumber":12,"author":{"gitId":"anselmlong"},"content":"","lastModifiedDate":"2024-08-20","isFullCredit":false},{"lineNumber":13,"author":{"gitId":"anselmlong"},"content":"    public String getTaskType() {","lastModifiedDate":"2024-08-28","isFullCredit":false},{"lineNumber":14,"author":{"gitId":"anselmlong"},"content":"        return \"D\";","lastModifiedDate":"2024-08-28","isFullCredit":false},{"lineNumber":15,"author":{"gitId":"anselmlong"},"content":"    }","lastModifiedDate":"2024-08-28","isFullCredit":false},{"lineNumber":16,"author":{"gitId":"anselmlong"},"content":"","lastModifiedDate":"2024-08-28","isFullCredit":false},{"lineNumber":17,"author":{"gitId":"anselmlong"},"content":"    @Override","lastModifiedDate":"2024-08-20","isFullCredit":false},{"lineNumber":18,"author":{"gitId":"anselmlong"},"content":"    public String toString() {","lastModifiedDate":"2024-08-20","isFullCredit":false},{"lineNumber":19,"author":{"gitId":"anselmlong"},"content":"        return String.format(\"[D][%s] %s (by: %s)\", getStatusString(), getDesc(), date);","lastModifiedDate":"2024-08-20","isFullCredit":false},{"lineNumber":20,"author":{"gitId":"anselmlong"},"content":"    }","lastModifiedDate":"2024-08-20","isFullCredit":false},{"lineNumber":21,"author":{"gitId":"anselmlong"},"content":"}","lastModifiedDate":"2024-08-20","isFullCredit":false}],"authorContributionMap":{"anselmlong":21}},{"path":"src/main/java/EventTask.java","fileType":"java","lines":[{"lineNumber":1,"author":{"gitId":"anselmlong"},"content":"public class EventTask extends Task {","lastModifiedDate":"2024-08-20","isFullCredit":false},{"lineNumber":2,"author":{"gitId":"anselmlong"},"content":"    private String from;","lastModifiedDate":"2024-08-20","isFullCredit":false},{"lineNumber":3,"author":{"gitId":"anselmlong"},"content":"    private String to;","lastModifiedDate":"2024-08-20","isFullCredit":false},{"lineNumber":4,"author":{"gitId":"anselmlong"},"content":"","lastModifiedDate":"2024-08-20","isFullCredit":false},{"lineNumber":5,"author":{"gitId":"anselmlong"},"content":"    public EventTask(String desc, String from, String to) {","lastModifiedDate":"2024-08-20","isFullCredit":false},{"lineNumber":6,"author":{"gitId":"anselmlong"},"content":"        super(desc);","lastModifiedDate":"2024-08-20","isFullCredit":false},{"lineNumber":7,"author":{"gitId":"anselmlong"},"content":"        this.from \u003d from;","lastModifiedDate":"2024-08-20","isFullCredit":false},{"lineNumber":8,"author":{"gitId":"anselmlong"},"content":"        this.to \u003d to;","lastModifiedDate":"2024-08-20","isFullCredit":false},{"lineNumber":9,"author":{"gitId":"anselmlong"},"content":"    }","lastModifiedDate":"2024-08-20","isFullCredit":false},{"lineNumber":10,"author":{"gitId":"anselmlong"},"content":"","lastModifiedDate":"2024-08-20","isFullCredit":false},{"lineNumber":11,"author":{"gitId":"anselmlong"},"content":"    public String getFrom() {","lastModifiedDate":"2024-08-20","isFullCredit":false},{"lineNumber":12,"author":{"gitId":"anselmlong"},"content":"        return from;","lastModifiedDate":"2024-08-20","isFullCredit":false},{"lineNumber":13,"author":{"gitId":"anselmlong"},"content":"    }","lastModifiedDate":"2024-08-20","isFullCredit":false},{"lineNumber":14,"author":{"gitId":"anselmlong"},"content":"","lastModifiedDate":"2024-08-20","isFullCredit":false},{"lineNumber":15,"author":{"gitId":"anselmlong"},"content":"    public String getTo() {","lastModifiedDate":"2024-08-20","isFullCredit":false},{"lineNumber":16,"author":{"gitId":"anselmlong"},"content":"        return to;","lastModifiedDate":"2024-08-20","isFullCredit":false},{"lineNumber":17,"author":{"gitId":"anselmlong"},"content":"    }","lastModifiedDate":"2024-08-20","isFullCredit":false},{"lineNumber":18,"author":{"gitId":"anselmlong"},"content":"","lastModifiedDate":"2024-08-20","isFullCredit":false},{"lineNumber":19,"author":{"gitId":"anselmlong"},"content":"    public String getTaskType() {","lastModifiedDate":"2024-08-28","isFullCredit":false},{"lineNumber":20,"author":{"gitId":"anselmlong"},"content":"        return \"E\";","lastModifiedDate":"2024-08-28","isFullCredit":false},{"lineNumber":21,"author":{"gitId":"anselmlong"},"content":"    }","lastModifiedDate":"2024-08-28","isFullCredit":false},{"lineNumber":22,"author":{"gitId":"anselmlong"},"content":"","lastModifiedDate":"2024-08-28","isFullCredit":false},{"lineNumber":23,"author":{"gitId":"anselmlong"},"content":"    @Override","lastModifiedDate":"2024-08-20","isFullCredit":false},{"lineNumber":24,"author":{"gitId":"anselmlong"},"content":"    public String toString() {","lastModifiedDate":"2024-08-20","isFullCredit":false},{"lineNumber":25,"author":{"gitId":"anselmlong"},"content":"        return String.format(\"[E][%s] %s (from: %s to: %s)\", getStatusString(), getDesc(), from, to);","lastModifiedDate":"2024-08-20","isFullCredit":false},{"lineNumber":26,"author":{"gitId":"anselmlong"},"content":"    }","lastModifiedDate":"2024-08-20","isFullCredit":false},{"lineNumber":27,"author":{"gitId":"anselmlong"},"content":"","lastModifiedDate":"2024-08-20","isFullCredit":false},{"lineNumber":28,"author":{"gitId":"anselmlong"},"content":"}","lastModifiedDate":"2024-08-20","isFullCredit":false}],"authorContributionMap":{"anselmlong":28}},{"path":"src/main/java/Sigma.java","fileType":"java","lines":[{"lineNumber":1,"author":{"gitId":"anselmlong"},"content":"import java.util.ArrayList;","lastModifiedDate":"2024-08-20","isFullCredit":false},{"lineNumber":2,"author":{"gitId":"anselmlong"},"content":"import java.util.Scanner;","lastModifiedDate":"2024-08-20","isFullCredit":false},{"lineNumber":3,"author":{"gitId":"anselmlong"},"content":"import java.io.File;","lastModifiedDate":"2024-08-28","isFullCredit":false},{"lineNumber":4,"author":{"gitId":"anselmlong"},"content":"import java.io.FileWriter;","lastModifiedDate":"2024-08-28","isFullCredit":false},{"lineNumber":5,"author":{"gitId":"anselmlong"},"content":"import java.io.IOException;","lastModifiedDate":"2024-08-28","isFullCredit":false},{"lineNumber":6,"author":{"gitId":"anselmlong"},"content":"import java.nio.file.Files;","lastModifiedDate":"2024-08-28","isFullCredit":false},{"lineNumber":7,"author":{"gitId":"anselmlong"},"content":"import java.nio.file.Paths;","lastModifiedDate":"2024-08-28","isFullCredit":false},{"lineNumber":8,"author":{"gitId":"anselmlong"},"content":"","lastModifiedDate":"2024-08-20","isFullCredit":false},{"lineNumber":9,"author":{"gitId":"anselmlong"},"content":"public class Sigma {","lastModifiedDate":"2024-08-19","isFullCredit":false},{"lineNumber":10,"author":{"gitId":"anselmlong"},"content":"    public static void main(String[] args) {","lastModifiedDate":"2024-08-19","isFullCredit":false},{"lineNumber":11,"author":{"gitId":"anselmlong"},"content":"        String name \u003d \"SIGMA\";","lastModifiedDate":"2024-08-19","isFullCredit":false},{"lineNumber":12,"author":{"gitId":"anselmlong"},"content":"        Scanner input \u003d new Scanner(System.in);","lastModifiedDate":"2024-08-20","isFullCredit":false},{"lineNumber":13,"author":{"gitId":"anselmlong"},"content":"        ArrayList\u003cTask\u003e items \u003d new ArrayList\u003c\u003e();","lastModifiedDate":"2024-08-20","isFullCredit":false},{"lineNumber":14,"author":{"gitId":"anselmlong"},"content":"","lastModifiedDate":"2024-08-28","isFullCredit":false},{"lineNumber":15,"author":{"gitId":"anselmlong"},"content":"        // Creates a file to store data if none exists","lastModifiedDate":"2024-08-28","isFullCredit":false},{"lineNumber":16,"author":{"gitId":"anselmlong"},"content":"        try {","lastModifiedDate":"2024-08-28","isFullCredit":false},{"lineNumber":17,"author":{"gitId":"anselmlong"},"content":"            Files.createFile(Paths.get(\"data.txt\"));","lastModifiedDate":"2024-08-28","isFullCredit":false},{"lineNumber":18,"author":{"gitId":"anselmlong"},"content":"        } catch (IOException e) {","lastModifiedDate":"2024-08-28","isFullCredit":false},{"lineNumber":19,"author":{"gitId":"anselmlong"},"content":"            System.out.println(\"Loading up your saved tasks!\");","lastModifiedDate":"2024-08-28","isFullCredit":false},{"lineNumber":20,"author":{"gitId":"anselmlong"},"content":"        }","lastModifiedDate":"2024-08-28","isFullCredit":false},{"lineNumber":21,"author":{"gitId":"anselmlong"},"content":"        File data \u003d new File(\"data.txt\");","lastModifiedDate":"2024-08-28","isFullCredit":false},{"lineNumber":22,"author":{"gitId":"anselmlong"},"content":"","lastModifiedDate":"2024-08-28","isFullCredit":false},{"lineNumber":23,"author":{"gitId":"anselmlong"},"content":"        // Read data from file and input into items","lastModifiedDate":"2024-08-28","isFullCredit":false},{"lineNumber":24,"author":{"gitId":"anselmlong"},"content":"        try {","lastModifiedDate":"2024-08-28","isFullCredit":false},{"lineNumber":25,"author":{"gitId":"anselmlong"},"content":"            Scanner fileInput \u003d new Scanner(data);","lastModifiedDate":"2024-08-28","isFullCredit":false},{"lineNumber":26,"author":{"gitId":"anselmlong"},"content":"            while (fileInput.hasNextLine()) {","lastModifiedDate":"2024-08-28","isFullCredit":false},{"lineNumber":27,"author":{"gitId":"anselmlong"},"content":"                String line \u003d fileInput.nextLine();","lastModifiedDate":"2024-08-28","isFullCredit":false},{"lineNumber":28,"author":{"gitId":"anselmlong"},"content":"                String[] split \u003d line.split(\" \\\\| \");","lastModifiedDate":"2024-08-28","isFullCredit":false},{"lineNumber":29,"author":{"gitId":"anselmlong"},"content":"                String type \u003d split[0];","lastModifiedDate":"2024-08-28","isFullCredit":false},{"lineNumber":30,"author":{"gitId":"anselmlong"},"content":"                boolean status \u003d split[1].equals(\"X\");","lastModifiedDate":"2024-08-28","isFullCredit":false},{"lineNumber":31,"author":{"gitId":"anselmlong"},"content":"                String desc \u003d split[2];","lastModifiedDate":"2024-08-28","isFullCredit":false},{"lineNumber":32,"author":{"gitId":"anselmlong"},"content":"                Task item;","lastModifiedDate":"2024-08-28","isFullCredit":false},{"lineNumber":33,"author":{"gitId":"anselmlong"},"content":"                switch (type) {","lastModifiedDate":"2024-08-28","isFullCredit":false},{"lineNumber":34,"author":{"gitId":"anselmlong"},"content":"                case \"T\":","lastModifiedDate":"2024-08-28","isFullCredit":false},{"lineNumber":35,"author":{"gitId":"anselmlong"},"content":"                    item \u003d new ToDoTask(desc);","lastModifiedDate":"2024-08-28","isFullCredit":false},{"lineNumber":36,"author":{"gitId":"anselmlong"},"content":"                    break;","lastModifiedDate":"2024-08-28","isFullCredit":false},{"lineNumber":37,"author":{"gitId":"anselmlong"},"content":"                case \"D\":","lastModifiedDate":"2024-08-28","isFullCredit":false},{"lineNumber":38,"author":{"gitId":"anselmlong"},"content":"                    item \u003d new DeadlineTask(desc, split[3]);","lastModifiedDate":"2024-08-28","isFullCredit":false},{"lineNumber":39,"author":{"gitId":"anselmlong"},"content":"                    break;","lastModifiedDate":"2024-08-28","isFullCredit":false},{"lineNumber":40,"author":{"gitId":"anselmlong"},"content":"                case \"E\":","lastModifiedDate":"2024-08-28","isFullCredit":false},{"lineNumber":41,"author":{"gitId":"anselmlong"},"content":"                    item \u003d new EventTask(desc, split[3], split[4]);","lastModifiedDate":"2024-08-28","isFullCredit":false},{"lineNumber":42,"author":{"gitId":"anselmlong"},"content":"                    break;","lastModifiedDate":"2024-08-28","isFullCredit":false},{"lineNumber":43,"author":{"gitId":"anselmlong"},"content":"                default:","lastModifiedDate":"2024-08-28","isFullCredit":false},{"lineNumber":44,"author":{"gitId":"anselmlong"},"content":"                    throw new SigmaException(\"What the sigma? Invalid task type!\");","lastModifiedDate":"2024-08-28","isFullCredit":false},{"lineNumber":45,"author":{"gitId":"anselmlong"},"content":"                }","lastModifiedDate":"2024-08-28","isFullCredit":false},{"lineNumber":46,"author":{"gitId":"anselmlong"},"content":"                item.setStatus(status);","lastModifiedDate":"2024-08-28","isFullCredit":false},{"lineNumber":47,"author":{"gitId":"anselmlong"},"content":"                items.add(item);","lastModifiedDate":"2024-08-28","isFullCredit":false},{"lineNumber":48,"author":{"gitId":"anselmlong"},"content":"            }","lastModifiedDate":"2024-08-28","isFullCredit":false},{"lineNumber":49,"author":{"gitId":"anselmlong"},"content":"            fileInput.close();","lastModifiedDate":"2024-08-28","isFullCredit":false},{"lineNumber":50,"author":{"gitId":"anselmlong"},"content":"        } catch (IOException e) {","lastModifiedDate":"2024-08-28","isFullCredit":false},{"lineNumber":51,"author":{"gitId":"anselmlong"},"content":"            System.out.println(\"An error occurred while reading file.\");","lastModifiedDate":"2024-08-28","isFullCredit":false},{"lineNumber":52,"author":{"gitId":"anselmlong"},"content":"            e.printStackTrace();","lastModifiedDate":"2024-08-28","isFullCredit":false},{"lineNumber":53,"author":{"gitId":"anselmlong"},"content":"        } catch (SigmaException e) {","lastModifiedDate":"2024-08-28","isFullCredit":false},{"lineNumber":54,"author":{"gitId":"anselmlong"},"content":"            System.out.println(e.getMessage());","lastModifiedDate":"2024-08-28","isFullCredit":false},{"lineNumber":55,"author":{"gitId":"anselmlong"},"content":"        }","lastModifiedDate":"2024-08-28","isFullCredit":false},{"lineNumber":56,"author":{"gitId":"anselmlong"},"content":"","lastModifiedDate":"2024-08-28","isFullCredit":false},{"lineNumber":57,"author":{"gitId":"anselmlong"},"content":"        enum Commands {","lastModifiedDate":"2024-08-21","isFullCredit":false},{"lineNumber":58,"author":{"gitId":"anselmlong"},"content":"            TODO, DEADLINE, EVENT, LIST, MARK, UNMARK, DELETE, BYE","lastModifiedDate":"2024-08-21","isFullCredit":false},{"lineNumber":59,"author":{"gitId":"anselmlong"},"content":"        }","lastModifiedDate":"2024-08-21","isFullCredit":false},{"lineNumber":60,"author":{"gitId":"anselmlong"},"content":"","lastModifiedDate":"2024-08-20","isFullCredit":false},{"lineNumber":61,"author":{"gitId":"anselmlong"},"content":"        print(\"Hello! I\u0027m \" + name + \"\\nLooking forward to slaying with you!\\nWhat do you need today?\" +","lastModifiedDate":"2024-08-21","isFullCredit":false},{"lineNumber":62,"author":{"gitId":"anselmlong"},"content":"                \"\\nYou can add tasks with \\\"todo\\\", \\\"deadline\\\", \\\"event\\\" or view tasks with \\\"list\\\".\" +","lastModifiedDate":"2024-08-21","isFullCredit":false},{"lineNumber":63,"author":{"gitId":"anselmlong"},"content":"                \"\\nYou can also mark tasks as done with \\\"mark\\\" or \\\"unmark\\\" them.\" +","lastModifiedDate":"2024-08-21","isFullCredit":false},{"lineNumber":64,"author":{"gitId":"anselmlong"},"content":"                \"\\nYou can also delete tasks with \\\"delete\\\".\" +","lastModifiedDate":"2024-08-21","isFullCredit":false},{"lineNumber":65,"author":{"gitId":"anselmlong"},"content":"                \"\\nIf you\u0027re done, just type \\\"bye\\\" to exit.\");","lastModifiedDate":"2024-08-21","isFullCredit":false},{"lineNumber":66,"author":{"gitId":"anselmlong"},"content":"","lastModifiedDate":"2024-08-21","isFullCredit":false},{"lineNumber":67,"author":{"gitId":"anselmlong"},"content":"        String userPrompt \u003d input.nextLine();","lastModifiedDate":"2024-08-20","isFullCredit":false},{"lineNumber":68,"author":{"gitId":"anselmlong"},"content":"        while (!userPrompt.equalsIgnoreCase(\"bye\")) {","lastModifiedDate":"2024-08-28","isFullCredit":false},{"lineNumber":69,"author":{"gitId":"anselmlong"},"content":"            try {","lastModifiedDate":"2024-08-21","isFullCredit":false},{"lineNumber":70,"author":{"gitId":"anselmlong"},"content":"                String[] split \u003d userPrompt.split(\" \", 2);","lastModifiedDate":"2024-08-20","isFullCredit":false},{"lineNumber":71,"author":{"gitId":"anselmlong"},"content":"                String command \u003d split[0].toUpperCase(); // Convert input to uppercase to match enum","lastModifiedDate":"2024-08-21","isFullCredit":false},{"lineNumber":72,"author":{"gitId":"anselmlong"},"content":"                Commands cmd;","lastModifiedDate":"2024-08-28","isFullCredit":false},{"lineNumber":73,"author":{"gitId":"anselmlong"},"content":"                try {","lastModifiedDate":"2024-08-28","isFullCredit":false},{"lineNumber":74,"author":{"gitId":"anselmlong"},"content":"                    cmd \u003d Commands.valueOf(command); // Convert to Commands enum","lastModifiedDate":"2024-08-28","isFullCredit":false},{"lineNumber":75,"author":{"gitId":"anselmlong"},"content":"                } catch (IllegalArgumentException e) {","lastModifiedDate":"2024-08-28","isFullCredit":false},{"lineNumber":76,"author":{"gitId":"anselmlong"},"content":"                    throw new SigmaException(\"What the sigma? I don\u0027t understand! Try again! Enter \" +","lastModifiedDate":"2024-08-28","isFullCredit":false},{"lineNumber":77,"author":{"gitId":"anselmlong"},"content":"                            \"\\\"todo\\\", \\\"deadline\\\", \\\"event\\\", \\\"list\\\", \\\"mark\\\", \\\"unmark\\\" or \\\"bye\\\"!\");","lastModifiedDate":"2024-08-28","isFullCredit":false},{"lineNumber":78,"author":{"gitId":"anselmlong"},"content":"                }","lastModifiedDate":"2024-08-28","isFullCredit":false},{"lineNumber":79,"author":{"gitId":"anselmlong"},"content":"","lastModifiedDate":"2024-08-28","isFullCredit":false},{"lineNumber":80,"author":{"gitId":"anselmlong"},"content":"                switch (cmd) {","lastModifiedDate":"2024-08-21","isFullCredit":false},{"lineNumber":81,"author":{"gitId":"anselmlong"},"content":"                case BYE:","lastModifiedDate":"2024-08-21","isFullCredit":false},{"lineNumber":82,"author":{"gitId":"anselmlong"},"content":"                    exit();","lastModifiedDate":"2024-08-20","isFullCredit":false},{"lineNumber":83,"author":{"gitId":"anselmlong"},"content":"                    System.exit(0);","lastModifiedDate":"2024-08-20","isFullCredit":false},{"lineNumber":84,"author":{"gitId":"anselmlong"},"content":"                    break;","lastModifiedDate":"2024-08-20","isFullCredit":false},{"lineNumber":85,"author":{"gitId":"anselmlong"},"content":"                case LIST:","lastModifiedDate":"2024-08-21","isFullCredit":false},{"lineNumber":86,"author":{"gitId":"anselmlong"},"content":"                    StringBuilder s \u003d new StringBuilder();","lastModifiedDate":"2024-08-20","isFullCredit":false},{"lineNumber":87,"author":{"gitId":"anselmlong"},"content":"                    for (int i \u003d 1; i \u003c\u003d items.size(); i++) {","lastModifiedDate":"2024-08-21","isFullCredit":false},{"lineNumber":88,"author":{"gitId":"anselmlong"},"content":"                        s.append(i + \". \" + items.get(i - 1).toString() + \"\\n\");","lastModifiedDate":"2024-08-21","isFullCredit":false},{"lineNumber":89,"author":{"gitId":"anselmlong"},"content":"                    }","lastModifiedDate":"2024-08-20","isFullCredit":false},{"lineNumber":90,"author":{"gitId":"anselmlong"},"content":"                    if (items.size() \u003d\u003d 0) {","lastModifiedDate":"2024-08-21","isFullCredit":false},{"lineNumber":91,"author":{"gitId":"anselmlong"},"content":"                        print(\"What the sigma? You have no tasks!\");","lastModifiedDate":"2024-08-21","isFullCredit":false},{"lineNumber":92,"author":{"gitId":"anselmlong"},"content":"                    } else {","lastModifiedDate":"2024-08-21","isFullCredit":false},{"lineNumber":93,"author":{"gitId":"anselmlong"},"content":"                        print(\"You want a list? You got it!\\n\" + s.toString());","lastModifiedDate":"2024-08-20","isFullCredit":false},{"lineNumber":94,"author":{"gitId":"anselmlong"},"content":"                    }","lastModifiedDate":"2024-08-21","isFullCredit":false},{"lineNumber":95,"author":{"gitId":"anselmlong"},"content":"                    break;","lastModifiedDate":"2024-08-20","isFullCredit":false},{"lineNumber":96,"author":{"gitId":"anselmlong"},"content":"                case MARK:","lastModifiedDate":"2024-08-21","isFullCredit":false},{"lineNumber":97,"author":{"gitId":"anselmlong"},"content":"                    if (split.length \u003e 1) {","lastModifiedDate":"2024-08-20","isFullCredit":false},{"lineNumber":98,"author":{"gitId":"anselmlong"},"content":"                        int index \u003d Integer.parseInt(split[1]);","lastModifiedDate":"2024-08-20","isFullCredit":false},{"lineNumber":99,"author":{"gitId":"anselmlong"},"content":"                        if (index \u003e 0 \u0026\u0026 index \u003c\u003d items.size()) {","lastModifiedDate":"2024-08-20","isFullCredit":false},{"lineNumber":100,"author":{"gitId":"anselmlong"},"content":"                            Task item \u003d items.get(index - 1);","lastModifiedDate":"2024-08-20","isFullCredit":false},{"lineNumber":101,"author":{"gitId":"anselmlong"},"content":"                            if (item.getStatusString() \u003d\u003d \"X\") {","lastModifiedDate":"2024-08-20","isFullCredit":false},{"lineNumber":102,"author":{"gitId":"anselmlong"},"content":"                                throw new SigmaException(\"What the sigma? Task already marked!\");","lastModifiedDate":"2024-08-21","isFullCredit":false},{"lineNumber":103,"author":{"gitId":"anselmlong"},"content":"                            }","lastModifiedDate":"2024-08-20","isFullCredit":false},{"lineNumber":104,"author":{"gitId":"anselmlong"},"content":"                            item.setStatus(true);","lastModifiedDate":"2024-08-20","isFullCredit":false},{"lineNumber":105,"author":{"gitId":"anselmlong"},"content":"                            print(String.format(\"SLAYYY! I\u0027m going to mark this done for you:\\n [%s] %s\", item.getStatusString(), item.getDesc()));","lastModifiedDate":"2024-08-20","isFullCredit":false},{"lineNumber":106,"author":{"gitId":"anselmlong"},"content":"                        } else {","lastModifiedDate":"2024-08-20","isFullCredit":false},{"lineNumber":107,"author":{"gitId":"anselmlong"},"content":"                            throw new SigmaException(\"Invalid task number!\");","lastModifiedDate":"2024-08-21","isFullCredit":false},{"lineNumber":108,"author":{"gitId":"anselmlong"},"content":"                        }","lastModifiedDate":"2024-08-20","isFullCredit":false},{"lineNumber":109,"author":{"gitId":"anselmlong"},"content":"                    } else {","lastModifiedDate":"2024-08-20","isFullCredit":false},{"lineNumber":110,"author":{"gitId":"anselmlong"},"content":"                        throw new SigmaException(\"Bro\u0027s dreaming. Add a number bozo!\");","lastModifiedDate":"2024-08-21","isFullCredit":false},{"lineNumber":111,"author":{"gitId":"anselmlong"},"content":"                    }","lastModifiedDate":"2024-08-20","isFullCredit":false},{"lineNumber":112,"author":{"gitId":"anselmlong"},"content":"                    break;","lastModifiedDate":"2024-08-20","isFullCredit":false},{"lineNumber":113,"author":{"gitId":"anselmlong"},"content":"                case UNMARK:","lastModifiedDate":"2024-08-21","isFullCredit":false},{"lineNumber":114,"author":{"gitId":"anselmlong"},"content":"                    if (split.length \u003e 1) {","lastModifiedDate":"2024-08-20","isFullCredit":false},{"lineNumber":115,"author":{"gitId":"anselmlong"},"content":"                        int index \u003d Integer.parseInt(split[1]);","lastModifiedDate":"2024-08-20","isFullCredit":false},{"lineNumber":116,"author":{"gitId":"anselmlong"},"content":"                        if (index \u003e 0 \u0026\u0026 index \u003c\u003d items.size()) {","lastModifiedDate":"2024-08-20","isFullCredit":false},{"lineNumber":117,"author":{"gitId":"anselmlong"},"content":"                            Task item \u003d items.get(index - 1);","lastModifiedDate":"2024-08-20","isFullCredit":false},{"lineNumber":118,"author":{"gitId":"anselmlong"},"content":"                            if (item.getStatusString() \u003d\u003d \" \") {","lastModifiedDate":"2024-08-20","isFullCredit":false},{"lineNumber":119,"author":{"gitId":"anselmlong"},"content":"                                throw new SigmaException(\"What the sigma? Task already unmarked!\");","lastModifiedDate":"2024-08-21","isFullCredit":false},{"lineNumber":120,"author":{"gitId":"anselmlong"},"content":"                            }","lastModifiedDate":"2024-08-20","isFullCredit":false},{"lineNumber":121,"author":{"gitId":"anselmlong"},"content":"                            item.setStatus(false);","lastModifiedDate":"2024-08-20","isFullCredit":false},{"lineNumber":122,"author":{"gitId":"anselmlong"},"content":"                            print(String.format(\"Dang, I\u0027m going to unmark this for you:\\n [%s] %s\", item.getStatusString(), item.getDesc()));","lastModifiedDate":"2024-08-20","isFullCredit":false},{"lineNumber":123,"author":{"gitId":"anselmlong"},"content":"                        } else {","lastModifiedDate":"2024-08-20","isFullCredit":false},{"lineNumber":124,"author":{"gitId":"anselmlong"},"content":"                            throw new SigmaException(\"What the skibidi? Invalid task number!\");","lastModifiedDate":"2024-08-21","isFullCredit":false},{"lineNumber":125,"author":{"gitId":"anselmlong"},"content":"                        }","lastModifiedDate":"2024-08-20","isFullCredit":false},{"lineNumber":126,"author":{"gitId":"anselmlong"},"content":"                    } else {","lastModifiedDate":"2024-08-20","isFullCredit":false},{"lineNumber":127,"author":{"gitId":"anselmlong"},"content":"                        throw new SigmaException(\"Bro\u0027s dreaming. Add a number bozo!\");","lastModifiedDate":"2024-08-21","isFullCredit":false},{"lineNumber":128,"author":{"gitId":"anselmlong"},"content":"                    }","lastModifiedDate":"2024-08-20","isFullCredit":false},{"lineNumber":129,"author":{"gitId":"anselmlong"},"content":"                    break;","lastModifiedDate":"2024-08-20","isFullCredit":false},{"lineNumber":130,"author":{"gitId":"anselmlong"},"content":"                case TODO:","lastModifiedDate":"2024-08-21","isFullCredit":false},{"lineNumber":131,"author":{"gitId":"anselmlong"},"content":"                    if (split.length \u003c 2) {","lastModifiedDate":"2024-08-21","isFullCredit":false},{"lineNumber":132,"author":{"gitId":"anselmlong"},"content":"                        throw new SigmaException(\"???? You\u0027re missing the task! Write \\\"todo \u003ctask\u003e\\\"!\");","lastModifiedDate":"2024-08-21","isFullCredit":false},{"lineNumber":133,"author":{"gitId":"anselmlong"},"content":"                    }","lastModifiedDate":"2024-08-21","isFullCredit":false},{"lineNumber":134,"author":{"gitId":"anselmlong"},"content":"                    ToDoTask toDoTask \u003d new ToDoTask(split[1]);","lastModifiedDate":"2024-08-20","isFullCredit":false},{"lineNumber":135,"author":{"gitId":"anselmlong"},"content":"                    items.add(toDoTask);","lastModifiedDate":"2024-08-20","isFullCredit":false},{"lineNumber":136,"author":{"gitId":"anselmlong"},"content":"                    print(\"Productive! Added: \\n\" + toDoTask.toString()","lastModifiedDate":"2024-08-20","isFullCredit":false},{"lineNumber":137,"author":{"gitId":"anselmlong"},"content":"                            + \"\\nNow you have \" + items.size() + \" tasks in the list!\");","lastModifiedDate":"2024-08-20","isFullCredit":false},{"lineNumber":138,"author":{"gitId":"anselmlong"},"content":"                    break;","lastModifiedDate":"2024-08-20","isFullCredit":false},{"lineNumber":139,"author":{"gitId":"anselmlong"},"content":"","lastModifiedDate":"2024-08-21","isFullCredit":false},{"lineNumber":140,"author":{"gitId":"anselmlong"},"content":"                case DEADLINE:","lastModifiedDate":"2024-08-21","isFullCredit":false},{"lineNumber":141,"author":{"gitId":"anselmlong"},"content":"                    if (split.length \u003c 2) {","lastModifiedDate":"2024-08-21","isFullCredit":false},{"lineNumber":142,"author":{"gitId":"anselmlong"},"content":"                        throw new SigmaException(\"What the sigma? You\u0027re missing the task! \" +","lastModifiedDate":"2024-08-21","isFullCredit":false},{"lineNumber":143,"author":{"gitId":"anselmlong"},"content":"                                \"Write \\\"deadline \u003ctask\u003e /by \u003cdeadline\u003e\\\"!\");","lastModifiedDate":"2024-08-21","isFullCredit":false},{"lineNumber":144,"author":{"gitId":"anselmlong"},"content":"                    }","lastModifiedDate":"2024-08-21","isFullCredit":false},{"lineNumber":145,"author":{"gitId":"anselmlong"},"content":"                    String[] deadlineSplit \u003d split[1].split(\" /by \");","lastModifiedDate":"2024-08-20","isFullCredit":false},{"lineNumber":146,"author":{"gitId":"anselmlong"},"content":"                    if (deadlineSplit.length \u003c 2) {","lastModifiedDate":"2024-08-20","isFullCredit":false},{"lineNumber":147,"author":{"gitId":"anselmlong"},"content":"                        throw new SigmaException(\"What the sigma? You\u0027re missing the deadline! \" +","lastModifiedDate":"2024-08-21","isFullCredit":false},{"lineNumber":148,"author":{"gitId":"anselmlong"},"content":"                                \"Write \\\"deadline \u003ctask\u003e /by \u003cdeadline\u003e\\\"!\");","lastModifiedDate":"2024-08-21","isFullCredit":false},{"lineNumber":149,"author":{"gitId":"anselmlong"},"content":"                    }","lastModifiedDate":"2024-08-20","isFullCredit":false},{"lineNumber":150,"author":{"gitId":"anselmlong"},"content":"                    DeadlineTask deadlineTask \u003d new DeadlineTask(deadlineSplit[0], deadlineSplit[1]);","lastModifiedDate":"2024-08-20","isFullCredit":false},{"lineNumber":151,"author":{"gitId":"anselmlong"},"content":"                    items.add(deadlineTask);","lastModifiedDate":"2024-08-20","isFullCredit":false},{"lineNumber":152,"author":{"gitId":"anselmlong"},"content":"                    print(\"Wow! Keeping yourself busy! Added: \\n\" + deadlineTask.toString()","lastModifiedDate":"2024-08-20","isFullCredit":false},{"lineNumber":153,"author":{"gitId":"anselmlong"},"content":"                            + \"\\nNow you have \" + items.size() + \" tasks in the list!\");","lastModifiedDate":"2024-08-20","isFullCredit":false},{"lineNumber":154,"author":{"gitId":"anselmlong"},"content":"                    break;","lastModifiedDate":"2024-08-20","isFullCredit":false},{"lineNumber":155,"author":{"gitId":"anselmlong"},"content":"                case EVENT:","lastModifiedDate":"2024-08-21","isFullCredit":false},{"lineNumber":156,"author":{"gitId":"anselmlong"},"content":"                    if (split.length \u003c 2) {","lastModifiedDate":"2024-08-21","isFullCredit":false},{"lineNumber":157,"author":{"gitId":"anselmlong"},"content":"                        throw new SigmaException(\"What the sigma? You\u0027re missing the task! \" +","lastModifiedDate":"2024-08-21","isFullCredit":false},{"lineNumber":158,"author":{"gitId":"anselmlong"},"content":"                                \"Write \\\"event \u003ctask\u003e /from \u003cstart time\u003e /to \u003cend time\u003e\\\"!\");","lastModifiedDate":"2024-08-21","isFullCredit":false},{"lineNumber":159,"author":{"gitId":"anselmlong"},"content":"                    }","lastModifiedDate":"2024-08-21","isFullCredit":false},{"lineNumber":160,"author":{"gitId":"anselmlong"},"content":"                    String[] eventSplit \u003d split[1].split(\" /from \");","lastModifiedDate":"2024-08-20","isFullCredit":false},{"lineNumber":161,"author":{"gitId":"anselmlong"},"content":"                    if (eventSplit.length \u003c 2) {","lastModifiedDate":"2024-08-20","isFullCredit":false},{"lineNumber":162,"author":{"gitId":"anselmlong"},"content":"                        throw new SigmaException(\"What the sigma? You\u0027re missing the timing!\");","lastModifiedDate":"2024-08-21","isFullCredit":false},{"lineNumber":163,"author":{"gitId":"anselmlong"},"content":"                    }","lastModifiedDate":"2024-08-20","isFullCredit":false},{"lineNumber":164,"author":{"gitId":"anselmlong"},"content":"                    String[] timing \u003d eventSplit[1].split(\" /to \");","lastModifiedDate":"2024-08-20","isFullCredit":false},{"lineNumber":165,"author":{"gitId":"anselmlong"},"content":"                    if (timing.length \u003c 2) {","lastModifiedDate":"2024-08-20","isFullCredit":false},{"lineNumber":166,"author":{"gitId":"anselmlong"},"content":"                        throw new SigmaException(\"What the sigma? You\u0027re missing the end timing!\");","lastModifiedDate":"2024-08-21","isFullCredit":false},{"lineNumber":167,"author":{"gitId":"anselmlong"},"content":"                    }","lastModifiedDate":"2024-08-20","isFullCredit":false},{"lineNumber":168,"author":{"gitId":"anselmlong"},"content":"                    EventTask eventTask \u003d new EventTask(eventSplit[0], timing[0], timing[1]);","lastModifiedDate":"2024-08-20","isFullCredit":false},{"lineNumber":169,"author":{"gitId":"anselmlong"},"content":"                    items.add(eventTask);","lastModifiedDate":"2024-08-20","isFullCredit":false},{"lineNumber":170,"author":{"gitId":"anselmlong"},"content":"                    print(\"You\u0027re a busy bee! Added: \\n\" + eventTask.toString()","lastModifiedDate":"2024-08-20","isFullCredit":false},{"lineNumber":171,"author":{"gitId":"anselmlong"},"content":"                            + \"\\nNow you have \" + items.size() + \" tasks in the list!\");","lastModifiedDate":"2024-08-20","isFullCredit":false},{"lineNumber":172,"author":{"gitId":"anselmlong"},"content":"                    break;","lastModifiedDate":"2024-08-20","isFullCredit":false},{"lineNumber":173,"author":{"gitId":"anselmlong"},"content":"","lastModifiedDate":"2024-08-21","isFullCredit":false},{"lineNumber":174,"author":{"gitId":"anselmlong"},"content":"                case DELETE:","lastModifiedDate":"2024-08-21","isFullCredit":false},{"lineNumber":175,"author":{"gitId":"anselmlong"},"content":"                    if (split.length \u003c 2) {","lastModifiedDate":"2024-08-21","isFullCredit":false},{"lineNumber":176,"author":{"gitId":"anselmlong"},"content":"                        throw new SigmaException(\"What the sigma? You\u0027re missing the task! \" +","lastModifiedDate":"2024-08-21","isFullCredit":false},{"lineNumber":177,"author":{"gitId":"anselmlong"},"content":"                                \"Write \\\"delete \u003ctask\u003e\\\"!\");","lastModifiedDate":"2024-08-21","isFullCredit":false},{"lineNumber":178,"author":{"gitId":"anselmlong"},"content":"                    }","lastModifiedDate":"2024-08-21","isFullCredit":false},{"lineNumber":179,"author":{"gitId":"anselmlong"},"content":"                    int index \u003d Integer.parseInt(split[1]);","lastModifiedDate":"2024-08-21","isFullCredit":false},{"lineNumber":180,"author":{"gitId":"anselmlong"},"content":"                    if (index \u003e 0 \u0026\u0026 index \u003c\u003d items.size()) {","lastModifiedDate":"2024-08-21","isFullCredit":false},{"lineNumber":181,"author":{"gitId":"anselmlong"},"content":"                        Task item \u003d items.get(index - 1);","lastModifiedDate":"2024-08-21","isFullCredit":false},{"lineNumber":182,"author":{"gitId":"anselmlong"},"content":"                        items.remove(index - 1);","lastModifiedDate":"2024-08-21","isFullCredit":false},{"lineNumber":183,"author":{"gitId":"anselmlong"},"content":"                        print(String.format(\"Dang, I\u0027m going to delete this for you:\\n %s\\n \" +","lastModifiedDate":"2024-08-21","isFullCredit":false},{"lineNumber":184,"author":{"gitId":"anselmlong"},"content":"                                \"Now you have %d tasks!\", item.toString(), items.size()));","lastModifiedDate":"2024-08-21","isFullCredit":false},{"lineNumber":185,"author":{"gitId":"anselmlong"},"content":"                    } else {","lastModifiedDate":"2024-08-21","isFullCredit":false},{"lineNumber":186,"author":{"gitId":"anselmlong"},"content":"                        throw new SigmaException(\"What the skibidi? Invalid task number!\");","lastModifiedDate":"2024-08-21","isFullCredit":false},{"lineNumber":187,"author":{"gitId":"anselmlong"},"content":"                    }","lastModifiedDate":"2024-08-21","isFullCredit":false},{"lineNumber":188,"author":{"gitId":"anselmlong"},"content":"                    break;","lastModifiedDate":"2024-08-21","isFullCredit":false},{"lineNumber":189,"author":{"gitId":"anselmlong"},"content":"","lastModifiedDate":"2024-08-21","isFullCredit":false},{"lineNumber":190,"author":{"gitId":"anselmlong"},"content":"                default:","lastModifiedDate":"2024-08-20","isFullCredit":false},{"lineNumber":191,"author":{"gitId":"anselmlong"},"content":"                    throw new SigmaException(\"That\u0027s crazy - I don\u0027t understand! Try again! Enter \" +","lastModifiedDate":"2024-08-21","isFullCredit":false},{"lineNumber":192,"author":{"gitId":"anselmlong"},"content":"                            \"\\\"todo\\\", \\\"deadline\\\", \\\"event\\\", \\\"list\\\", \\\"mark\\\", \\\"unmark\\\" or \\\"bye\\\"!\");","lastModifiedDate":"2024-08-20","isFullCredit":false},{"lineNumber":193,"author":{"gitId":"anselmlong"},"content":"                }","lastModifiedDate":"2024-08-21","isFullCredit":false},{"lineNumber":194,"author":{"gitId":"anselmlong"},"content":"            } catch (SigmaException e) {","lastModifiedDate":"2024-08-21","isFullCredit":false},{"lineNumber":195,"author":{"gitId":"anselmlong"},"content":"                print(e.getMessage());","lastModifiedDate":"2024-08-21","isFullCredit":false},{"lineNumber":196,"author":{"gitId":"anselmlong"},"content":"            } catch (NumberFormatException e) {","lastModifiedDate":"2024-08-21","isFullCredit":false},{"lineNumber":197,"author":{"gitId":"anselmlong"},"content":"                print(\"What the sigma? I need a number!\");","lastModifiedDate":"2024-08-21","isFullCredit":false},{"lineNumber":198,"author":{"gitId":"anselmlong"},"content":"            } finally {","lastModifiedDate":"2024-08-21","isFullCredit":false},{"lineNumber":199,"author":{"gitId":"anselmlong"},"content":"                // Do nothing","lastModifiedDate":"2024-08-21","isFullCredit":false},{"lineNumber":200,"author":{"gitId":"anselmlong"},"content":"            }","lastModifiedDate":"2024-08-20","isFullCredit":false},{"lineNumber":201,"author":{"gitId":"anselmlong"},"content":"            // Write data to file","lastModifiedDate":"2024-08-28","isFullCredit":false},{"lineNumber":202,"author":{"gitId":"anselmlong"},"content":"            try {","lastModifiedDate":"2024-08-28","isFullCredit":false},{"lineNumber":203,"author":{"gitId":"anselmlong"},"content":"                FileWriter writer \u003d new FileWriter(data);","lastModifiedDate":"2024-08-28","isFullCredit":false},{"lineNumber":204,"author":{"gitId":"anselmlong"},"content":"                for (Task item : items) {","lastModifiedDate":"2024-08-28","isFullCredit":false},{"lineNumber":205,"author":{"gitId":"anselmlong"},"content":"                    writer.write(String.format(\"%s | %s | %s | %s \\n\",","lastModifiedDate":"2024-08-28","isFullCredit":false},{"lineNumber":206,"author":{"gitId":"anselmlong"},"content":"                            item.getTaskType(), item.getStatusString(), item.getDesc(),","lastModifiedDate":"2024-08-28","isFullCredit":false},{"lineNumber":207,"author":{"gitId":"anselmlong"},"content":"                            item instanceof DeadlineTask","lastModifiedDate":"2024-08-28","isFullCredit":false},{"lineNumber":208,"author":{"gitId":"anselmlong"},"content":"                                    ? ((DeadlineTask) item).getDate()","lastModifiedDate":"2024-08-28","isFullCredit":false},{"lineNumber":209,"author":{"gitId":"anselmlong"},"content":"                                    : item instanceof EventTask","lastModifiedDate":"2024-08-28","isFullCredit":false},{"lineNumber":210,"author":{"gitId":"anselmlong"},"content":"                                        ? ((EventTask) item).getFrom() + \" | \" + ((EventTask) item).getTo()","lastModifiedDate":"2024-08-28","isFullCredit":false},{"lineNumber":211,"author":{"gitId":"anselmlong"},"content":"                                        : \"\"));","lastModifiedDate":"2024-08-28","isFullCredit":false},{"lineNumber":212,"author":{"gitId":"anselmlong"},"content":"                }","lastModifiedDate":"2024-08-28","isFullCredit":false},{"lineNumber":213,"author":{"gitId":"anselmlong"},"content":"                writer.close();","lastModifiedDate":"2024-08-28","isFullCredit":false},{"lineNumber":214,"author":{"gitId":"anselmlong"},"content":"            } catch (IOException e) {","lastModifiedDate":"2024-08-28","isFullCredit":false},{"lineNumber":215,"author":{"gitId":"anselmlong"},"content":"                System.out.println(\"An error occurred while writing to file.\");","lastModifiedDate":"2024-08-28","isFullCredit":false},{"lineNumber":216,"author":{"gitId":"anselmlong"},"content":"                e.printStackTrace();","lastModifiedDate":"2024-08-28","isFullCredit":false},{"lineNumber":217,"author":{"gitId":"anselmlong"},"content":"            }","lastModifiedDate":"2024-08-28","isFullCredit":false},{"lineNumber":218,"author":{"gitId":"anselmlong"},"content":"            userPrompt \u003d input.nextLine();","lastModifiedDate":"2024-08-20","isFullCredit":false},{"lineNumber":219,"author":{"gitId":"anselmlong"},"content":"        }","lastModifiedDate":"2024-08-20","isFullCredit":false},{"lineNumber":220,"author":{"gitId":"anselmlong"},"content":"        exit();","lastModifiedDate":"2024-08-19","isFullCredit":false},{"lineNumber":221,"author":{"gitId":"anselmlong"},"content":"    }","lastModifiedDate":"2024-08-19","isFullCredit":false},{"lineNumber":222,"author":{"gitId":"anselmlong"},"content":"","lastModifiedDate":"2024-08-19","isFullCredit":false},{"lineNumber":223,"author":{"gitId":"anselmlong"},"content":"    private static void exit() {","lastModifiedDate":"2024-08-19","isFullCredit":false},{"lineNumber":224,"author":{"gitId":"anselmlong"},"content":"        print(\"What the sigma? You\u0027re leaving so soon? Bye chat, see you again!\");","lastModifiedDate":"2024-08-20","isFullCredit":false},{"lineNumber":225,"author":{"gitId":"anselmlong"},"content":"    }","lastModifiedDate":"2024-08-20","isFullCredit":false},{"lineNumber":226,"author":{"gitId":"anselmlong"},"content":"","lastModifiedDate":"2024-08-20","isFullCredit":false},{"lineNumber":227,"author":{"gitId":"anselmlong"},"content":"    private static void print(String message) {","lastModifiedDate":"2024-08-20","isFullCredit":false},{"lineNumber":228,"author":{"gitId":"anselmlong"},"content":"        line();","lastModifiedDate":"2024-08-20","isFullCredit":false},{"lineNumber":229,"author":{"gitId":"anselmlong"},"content":"        System.out.println(message);","lastModifiedDate":"2024-08-20","isFullCredit":false},{"lineNumber":230,"author":{"gitId":"anselmlong"},"content":"        line();","lastModifiedDate":"2024-08-20","isFullCredit":false},{"lineNumber":231,"author":{"gitId":"anselmlong"},"content":"    }","lastModifiedDate":"2024-08-20","isFullCredit":false},{"lineNumber":232,"author":{"gitId":"anselmlong"},"content":"","lastModifiedDate":"2024-08-21","isFullCredit":false},{"lineNumber":233,"author":{"gitId":"anselmlong"},"content":"    private static void line() {","lastModifiedDate":"2024-08-20","isFullCredit":false},{"lineNumber":234,"author":{"gitId":"anselmlong"},"content":"        String line \u003d \"----------------------------------------------------------------------------------------------\";","lastModifiedDate":"2024-08-20","isFullCredit":false},{"lineNumber":235,"author":{"gitId":"anselmlong"},"content":"        System.out.println(line);","lastModifiedDate":"2024-08-20","isFullCredit":false},{"lineNumber":236,"author":{"gitId":"anselmlong"},"content":"    }","lastModifiedDate":"2024-08-19","isFullCredit":false},{"lineNumber":237,"author":{"gitId":"anselmlong"},"content":"}","lastModifiedDate":"2024-08-19","isFullCredit":false}],"authorContributionMap":{"anselmlong":237}},{"path":"src/main/java/SigmaException.java","fileType":"java","lines":[{"lineNumber":1,"author":{"gitId":"anselmlong"},"content":"public class SigmaException extends Exception {","lastModifiedDate":"2024-08-21","isFullCredit":false},{"lineNumber":2,"author":{"gitId":"anselmlong"},"content":"    public SigmaException(String message) {","lastModifiedDate":"2024-08-21","isFullCredit":false},{"lineNumber":3,"author":{"gitId":"anselmlong"},"content":"        super(message);","lastModifiedDate":"2024-08-21","isFullCredit":false},{"lineNumber":4,"author":{"gitId":"anselmlong"},"content":"    }","lastModifiedDate":"2024-08-21","isFullCredit":false},{"lineNumber":5,"author":{"gitId":"anselmlong"},"content":"}","lastModifiedDate":"2024-08-21","isFullCredit":false}],"authorContributionMap":{"anselmlong":5}},{"path":"src/main/java/Task.java","fileType":"java","lines":[{"lineNumber":1,"author":{"gitId":"anselmlong"},"content":"public class Task {","lastModifiedDate":"2024-08-20","isFullCredit":false},{"lineNumber":2,"author":{"gitId":"anselmlong"},"content":"    private int id;","lastModifiedDate":"2024-08-20","isFullCredit":false},{"lineNumber":3,"author":{"gitId":"anselmlong"},"content":"    private boolean status;","lastModifiedDate":"2024-08-20","isFullCredit":false},{"lineNumber":4,"author":{"gitId":"anselmlong"},"content":"    private String desc;","lastModifiedDate":"2024-08-20","isFullCredit":false},{"lineNumber":5,"author":{"gitId":"anselmlong"},"content":"    private static int count \u003d 1;","lastModifiedDate":"2024-08-20","isFullCredit":false},{"lineNumber":6,"author":{"gitId":"anselmlong"},"content":"","lastModifiedDate":"2024-08-20","isFullCredit":false},{"lineNumber":7,"author":{"gitId":"anselmlong"},"content":"    public Task(String desc) {","lastModifiedDate":"2024-08-20","isFullCredit":false},{"lineNumber":8,"author":{"gitId":"anselmlong"},"content":"        this.id \u003d count;","lastModifiedDate":"2024-08-20","isFullCredit":false},{"lineNumber":9,"author":{"gitId":"anselmlong"},"content":"        this.status \u003d false;","lastModifiedDate":"2024-08-20","isFullCredit":false},{"lineNumber":10,"author":{"gitId":"anselmlong"},"content":"        this.desc \u003d desc;","lastModifiedDate":"2024-08-20","isFullCredit":false},{"lineNumber":11,"author":{"gitId":"anselmlong"},"content":"        count++;","lastModifiedDate":"2024-08-20","isFullCredit":false},{"lineNumber":12,"author":{"gitId":"anselmlong"},"content":"    }","lastModifiedDate":"2024-08-20","isFullCredit":false},{"lineNumber":13,"author":{"gitId":"anselmlong"},"content":"","lastModifiedDate":"2024-08-20","isFullCredit":false},{"lineNumber":14,"author":{"gitId":"anselmlong"},"content":"    public void setStatus(boolean status) {","lastModifiedDate":"2024-08-20","isFullCredit":false},{"lineNumber":15,"author":{"gitId":"anselmlong"},"content":"        this.status \u003d status;","lastModifiedDate":"2024-08-20","isFullCredit":false},{"lineNumber":16,"author":{"gitId":"anselmlong"},"content":"    }","lastModifiedDate":"2024-08-20","isFullCredit":false},{"lineNumber":17,"author":{"gitId":"anselmlong"},"content":"","lastModifiedDate":"2024-08-20","isFullCredit":false},{"lineNumber":18,"author":{"gitId":"anselmlong"},"content":"    public int getId() {","lastModifiedDate":"2024-08-20","isFullCredit":false},{"lineNumber":19,"author":{"gitId":"anselmlong"},"content":"        return id;","lastModifiedDate":"2024-08-20","isFullCredit":false},{"lineNumber":20,"author":{"gitId":"anselmlong"},"content":"    }","lastModifiedDate":"2024-08-20","isFullCredit":false},{"lineNumber":21,"author":{"gitId":"anselmlong"},"content":"","lastModifiedDate":"2024-08-20","isFullCredit":false},{"lineNumber":22,"author":{"gitId":"anselmlong"},"content":"    public String getDesc() {","lastModifiedDate":"2024-08-20","isFullCredit":false},{"lineNumber":23,"author":{"gitId":"anselmlong"},"content":"        return desc;","lastModifiedDate":"2024-08-20","isFullCredit":false},{"lineNumber":24,"author":{"gitId":"anselmlong"},"content":"    }","lastModifiedDate":"2024-08-20","isFullCredit":false},{"lineNumber":25,"author":{"gitId":"anselmlong"},"content":"","lastModifiedDate":"2024-08-20","isFullCredit":false},{"lineNumber":26,"author":{"gitId":"anselmlong"},"content":"    public String getStatusString() {","lastModifiedDate":"2024-08-20","isFullCredit":false},{"lineNumber":27,"author":{"gitId":"anselmlong"},"content":"        return status ? \"X\" : \" \";","lastModifiedDate":"2024-08-20","isFullCredit":false},{"lineNumber":28,"author":{"gitId":"anselmlong"},"content":"    }","lastModifiedDate":"2024-08-20","isFullCredit":false},{"lineNumber":29,"author":{"gitId":"anselmlong"},"content":"","lastModifiedDate":"2024-08-20","isFullCredit":false},{"lineNumber":30,"author":{"gitId":"anselmlong"},"content":"    public String getTaskType() {","lastModifiedDate":"2024-08-28","isFullCredit":false},{"lineNumber":31,"author":{"gitId":"anselmlong"},"content":"        return \" \";","lastModifiedDate":"2024-08-28","isFullCredit":false},{"lineNumber":32,"author":{"gitId":"anselmlong"},"content":"    }","lastModifiedDate":"2024-08-28","isFullCredit":false},{"lineNumber":33,"author":{"gitId":"anselmlong"},"content":"","lastModifiedDate":"2024-08-28","isFullCredit":false},{"lineNumber":34,"author":{"gitId":"anselmlong"},"content":"    @Override","lastModifiedDate":"2024-08-20","isFullCredit":false},{"lineNumber":35,"author":{"gitId":"anselmlong"},"content":"    public String toString() {","lastModifiedDate":"2024-08-20","isFullCredit":false},{"lineNumber":36,"author":{"gitId":"anselmlong"},"content":"        return String.format(\"[%s] %s\", getStatusString(), getDesc());","lastModifiedDate":"2024-08-20","isFullCredit":false},{"lineNumber":37,"author":{"gitId":"anselmlong"},"content":"    }","lastModifiedDate":"2024-08-20","isFullCredit":false},{"lineNumber":38,"author":{"gitId":"anselmlong"},"content":"}","lastModifiedDate":"2024-08-20","isFullCredit":false}],"authorContributionMap":{"anselmlong":38}},{"path":"src/main/java/ToDoTask.java","fileType":"java","lines":[{"lineNumber":1,"author":{"gitId":"anselmlong"},"content":"public class ToDoTask extends Task {","lastModifiedDate":"2024-08-20","isFullCredit":false},{"lineNumber":2,"author":{"gitId":"anselmlong"},"content":"","lastModifiedDate":"2024-08-20","isFullCredit":false},{"lineNumber":3,"author":{"gitId":"anselmlong"},"content":"    public ToDoTask(String desc) {","lastModifiedDate":"2024-08-20","isFullCredit":false},{"lineNumber":4,"author":{"gitId":"anselmlong"},"content":"        super(desc);","lastModifiedDate":"2024-08-20","isFullCredit":false},{"lineNumber":5,"author":{"gitId":"anselmlong"},"content":"    }","lastModifiedDate":"2024-08-20","isFullCredit":false},{"lineNumber":6,"author":{"gitId":"anselmlong"},"content":"","lastModifiedDate":"2024-08-20","isFullCredit":false},{"lineNumber":7,"author":{"gitId":"anselmlong"},"content":"    public String getTaskType() {","lastModifiedDate":"2024-08-28","isFullCredit":false},{"lineNumber":8,"author":{"gitId":"anselmlong"},"content":"        return \"T\";","lastModifiedDate":"2024-08-28","isFullCredit":false},{"lineNumber":9,"author":{"gitId":"anselmlong"},"content":"    }","lastModifiedDate":"2024-08-28","isFullCredit":false},{"lineNumber":10,"author":{"gitId":"anselmlong"},"content":"","lastModifiedDate":"2024-08-28","isFullCredit":false},{"lineNumber":11,"author":{"gitId":"anselmlong"},"content":"    @Override","lastModifiedDate":"2024-08-20","isFullCredit":false},{"lineNumber":12,"author":{"gitId":"anselmlong"},"content":"    public String toString() {","lastModifiedDate":"2024-08-20","isFullCredit":false},{"lineNumber":13,"author":{"gitId":"anselmlong"},"content":"        return String.format(\"[T][%s] %s\", getStatusString(), getDesc());","lastModifiedDate":"2024-08-20","isFullCredit":false},{"lineNumber":14,"author":{"gitId":"anselmlong"},"content":"    }","lastModifiedDate":"2024-08-20","isFullCredit":false},{"lineNumber":15,"author":{"gitId":"anselmlong"},"content":"}","lastModifiedDate":"2024-08-20","isFullCredit":false}],"authorContributionMap":{"anselmlong":15}},{"path":"text-ui-test/input.txt","fileType":"txt","lines":[{"lineNumber":1,"author":{"gitId":"anselmlong"},"content":"todo borrow book","lastModifiedDate":"2024-08-21","isFullCredit":false},{"lineNumber":2,"author":{"gitId":"anselmlong"},"content":"list","lastModifiedDate":"2024-08-21","isFullCredit":false},{"lineNumber":3,"author":{"gitId":"anselmlong"},"content":"deadline return book /by Sunday","lastModifiedDate":"2024-08-21","isFullCredit":false},{"lineNumber":4,"author":{"gitId":"anselmlong"},"content":"event project meeting /from Mon 2pm /to 4pm","lastModifiedDate":"2024-08-21","isFullCredit":false},{"lineNumber":5,"author":{"gitId":"anselmlong"},"content":"todo meet friends","lastModifiedDate":"2024-08-21","isFullCredit":false},{"lineNumber":6,"author":{"gitId":"anselmlong"},"content":"list","lastModifiedDate":"2024-08-21","isFullCredit":false},{"lineNumber":7,"author":{"gitId":"anselmlong"},"content":"bye","lastModifiedDate":"2024-08-21","isFullCredit":false}],"authorContributionMap":{"anselmlong":7}},{"path":"text-ui-test/runtest.bat","fileType":"bat","lines":[{"lineNumber":1,"author":{"gitId":"-"},"content":"@ECHO OFF","lastModifiedDate":"2020-05-25","isFullCredit":false},{"lineNumber":2,"author":{"gitId":"-"},"content":"","lastModifiedDate":"2020-05-25","isFullCredit":false},{"lineNumber":3,"author":{"gitId":"-"},"content":"REM create bin directory if it doesn\u0027t exist","lastModifiedDate":"2020-05-25","isFullCredit":false},{"lineNumber":4,"author":{"gitId":"-"},"content":"if not exist ..\\bin mkdir ..\\bin","lastModifiedDate":"2020-05-25","isFullCredit":false},{"lineNumber":5,"author":{"gitId":"-"},"content":"","lastModifiedDate":"2020-05-25","isFullCredit":false},{"lineNumber":6,"author":{"gitId":"-"},"content":"REM delete output from previous run","lastModifiedDate":"2020-05-25","isFullCredit":false},{"lineNumber":7,"author":{"gitId":"-"},"content":"if exist ACTUAL.TXT del ACTUAL.TXT","lastModifiedDate":"2020-08-25","isFullCredit":false},{"lineNumber":8,"author":{"gitId":"-"},"content":"","lastModifiedDate":"2020-05-25","isFullCredit":false},{"lineNumber":9,"author":{"gitId":"-"},"content":"REM compile the code into the bin folder","lastModifiedDate":"2020-05-25","isFullCredit":false},{"lineNumber":10,"author":{"gitId":"-"},"content":"javac  -cp ..\\src\\main\\java -Xlint:none -d ..\\bin ..\\src\\main\\java\\*.java","lastModifiedDate":"2020-08-25","isFullCredit":false},{"lineNumber":11,"author":{"gitId":"-"},"content":"IF ERRORLEVEL 1 (","lastModifiedDate":"2020-05-25","isFullCredit":false},{"lineNumber":12,"author":{"gitId":"-"},"content":"    echo ********** BUILD FAILURE **********","lastModifiedDate":"2020-05-25","isFullCredit":false},{"lineNumber":13,"author":{"gitId":"-"},"content":"    exit /b 1","lastModifiedDate":"2020-05-25","isFullCredit":false},{"lineNumber":14,"author":{"gitId":"-"},"content":")","lastModifiedDate":"2020-05-25","isFullCredit":false},{"lineNumber":15,"author":{"gitId":"-"},"content":"REM no error here, errorlevel \u003d\u003d 0","lastModifiedDate":"2020-05-25","isFullCredit":false},{"lineNumber":16,"author":{"gitId":"-"},"content":"","lastModifiedDate":"2020-05-25","isFullCredit":false},{"lineNumber":17,"author":{"gitId":"-"},"content":"REM run the program, feed commands from input.txt file and redirect the output to the ACTUAL.TXT","lastModifiedDate":"2020-05-25","isFullCredit":false},{"lineNumber":18,"author":{"gitId":"anselmlong"},"content":"java -classpath ..\\bin Sigma \u003c input.txt \u003e ACTUAL.TXT","lastModifiedDate":"2024-08-21","isFullCredit":false},{"lineNumber":19,"author":{"gitId":"-"},"content":"","lastModifiedDate":"2020-05-25","isFullCredit":false},{"lineNumber":20,"author":{"gitId":"-"},"content":"REM compare the output to the expected output","lastModifiedDate":"2020-05-25","isFullCredit":false},{"lineNumber":21,"author":{"gitId":"-"},"content":"FC ACTUAL.TXT EXPECTED.TXT","lastModifiedDate":"2020-05-25","isFullCredit":false}],"authorContributionMap":{"anselmlong":1,"-":20}}]
