{"authorDailyContributionsMap":{"karthickkc":[{"date":"2024-08-20","commitResults":[{"hash":"ce68c028a6da9b605e036727c46a1a41fa7af0a4","isMergeCommit":false,"messageTitle":"did level-0","messageBody":"","tags":["Level-0"],"fileTypesAndContributionMap":{"java":{"insertions":7,"deletions":10}}},{"hash":"261368fc623117dd8eaf413678c0b38bdf0cc5e6","isMergeCommit":false,"messageTitle":"did Level-1","messageBody":"","tags":["Level-1"],"fileTypesAndContributionMap":{"java":{"insertions":13,"deletions":2}}}]},{"date":"2024-08-21","commitResults":[{"hash":"4843d5ffb1b97e50e1e8cf9f48e9fa5f47a9c7c8","isMergeCommit":false,"messageTitle":"did Level-2","messageBody":"","tags":["Level-2"],"fileTypesAndContributionMap":{"java":{"insertions":13,"deletions":2}}},{"hash":"c1e40c7ba0a8188e03cdc958771dac2855df38c8","isMergeCommit":false,"messageTitle":"did Level-3, added Task class","messageBody":"","tags":["Level-3"],"fileTypesAndContributionMap":{"java":{"insertions":41,"deletions":4}}},{"hash":"ca892c22cc9629a94d4401c3846ec03c82fccbfa","isMergeCommit":false,"messageTitle":"did Level-4, added 3 subclasses for Task","messageBody":"","tags":["Level-4"],"fileTypesAndContributionMap":{"java":{"insertions":94,"deletions":1}}},{"hash":"aa3eccf25e9f9fd086555862bff462cfdde72a36","isMergeCommit":false,"messageTitle":"Testing","messageBody":"","tags":["A-TextUiTesting"],"fileTypesAndContributionMap":{"txt":{"insertions":1,"deletions":0},"sh":{"insertions":1,"deletions":1}}},{"hash":"ce4781a4d5ad143e43ccd50a2c593eda68cbf80f","isMergeCommit":false,"messageTitle":"handling erroneous input","messageBody":"","tags":["Level-5"],"fileTypesAndContributionMap":{"java":{"insertions":72,"deletions":34}}},{"hash":"d76f5cfc59d854abda1d53157d04947ec7516344","isMergeCommit":false,"messageTitle":"did Level-6","messageBody":"","tags":["Level-6"],"fileTypesAndContributionMap":{"java":{"insertions":11,"deletions":0}}}]},{"date":"2024-08-24","commitResults":[{"hash":"b4d59dc1e25dfb9b35be00cb618604da3280e8e2","isMergeCommit":false,"messageTitle":"cleaned up code and did more error handling","messageBody":"","fileTypesAndContributionMap":{"java":{"insertions":111,"deletions":115}}}]},{"date":"2024-08-26","commitResults":[{"hash":"86aef01897a4a38745ef328cd254c33e4dd5ef07","isMergeCommit":false,"messageTitle":"Add save feature","messageBody":"As of now data is lost once the bot stops running and tasks are not saved and are unretrievable\n\nTherefore by saving these task in a local file and then loading in the data when bot is run again, allows information that was previously entered to be retrieved.\n","tags":["Level-7"],"fileTypesAndContributionMap":{"txt":{"insertions":1,"deletions":0},"java":{"insertions":67,"deletions":0}}},{"hash":"f4edc921de1caad5982a587fa3e6cc17f34f7a04","isMergeCommit":false,"messageTitle":"add date and time feature for task","messageBody":"date and time should be added for tasks with deadline or event with start and end dates and times instead of just strings\n\nmade use of java capabilities and libraries to do this and also fixed some bugs with the saving of tasks even after chatbot is closed\n","tags":["Level-8"],"fileTypesAndContributionMap":{"txt":{"insertions":2,"deletions":1},"java":{"insertions":69,"deletions":14}}}]},{"date":"2024-08-28","commitResults":[{"hash":"614532241b1a05c49da8632ae803db248712613e","isMergeCommit":false,"messageTitle":"Add more OOP principles","messageBody":"Everything was being done in the Bro.java file, so created more classes to handle different things.\n\nThe Ui class that handles all the printing required.\nStorage which handles saving tasks and then loading them back in when the bot is run again.\nParser which handles parsing of user inputs.\nTaskList which handles adding, deleting, marking, unmarking of tasks\n","tags":["A-MoreOOP"],"fileTypesAndContributionMap":{"java":{"insertions":250,"deletions":156}}},{"hash":"e9e0e3a66d54b9fc717c5af14fff4e2724580cde","isMergeCommit":false,"messageTitle":"Add package","messageBody":"Created package called bro, and moved all the classes under that package except for Bro.java\n","tags":["A-Packages"],"fileTypesAndContributionMap":{"java":{"insertions":22,"deletions":6}}},{"hash":"fdc78d72fa81c25e56882c3770adcca2fdc6c04b","isMergeCommit":true,"messageTitle":"Merge branch \u0027add-gradle-support\u0027 of https://github.com/karthickkc/ip","messageBody":"","tags":["A-Gradle"],"fileTypesAndContributionMap":{}},{"hash":"7598999638526cf29a2163b40070ed0b58f9a3c7","isMergeCommit":false,"messageTitle":"Add JUnit Tests","messageBody":"Added tests to see if addEvent throws Exception is wrong input is given.\nAdded test to see if parseDate can successfully parseDate is correct input is given\n","tags":["A-JUnit"],"fileTypesAndContributionMap":{"java":{"insertions":40,"deletions":1}}},{"hash":"3eff0c074f85cca7b8177b8a7a47c48142802a14","isMergeCommit":false,"messageTitle":"Edit build.gradle","messageBody":"Somes names in shadowJar were wrong and the mainClass was not set correctly\n","tags":["A-Jar1","A-Jar"],"fileTypesAndContributionMap":{"gradle":{"insertions":3,"deletions":2}}},{"hash":"a836cb52ecbde5af5083cd7c4edf24e1505b26aa","isMergeCommit":false,"messageTitle":"Add JavaDocs and coding standard","messageBody":"Added JavaDocs for most methods and tweaked code to follow coding standard\n","tags":["A-JavaDoc","A-CodingStandard"],"fileTypesAndContributionMap":{"java":{"insertions":204,"deletions":10}}}]},{"date":"2024-08-29","commitResults":[{"hash":"e5e88db44093362c7719f5d8fb0022528554e20b","isMergeCommit":false,"messageTitle":"Add find capability","messageBody":"Allows users to find tasks that contain a specific keyword using find command followed by keyword e.g. find book\n","tags":["Level-9"],"fileTypesAndContributionMap":{"java":{"insertions":32,"deletions":0}}}]},{"date":"2024-09-02","commitResults":[{"hash":"0e05807906f168867004669889296dc4e2271399","isMergeCommit":false,"messageTitle":"Add files for GUI","messageBody":"Added necessary files for GUI, but the code from older files remains unchanged\n","fileTypesAndContributionMap":{"gradle":{"insertions":16,"deletions":1},"fxml":{"insertions":65,"deletions":0},"java":{"insertions":147,"deletions":0}}}]},{"date":"2024-09-04","commitResults":[{"hash":"6b52eb38ac06688a14e3575d333167740d944dce","isMergeCommit":false,"messageTitle":"Finish GUI Setup","messageBody":"Finished GUI Setup, mainly by changing all the ui commands to return String instead of printing to the screen. Ensured that files are still saved to and loading in properly. Did some aesthetic changes and changes to javadocs\n","tags":["Level-10"],"fileTypesAndContributionMap":{"txt":{"insertions":2,"deletions":0},"java":{"insertions":232,"deletions":88}}}]},{"date":"2024-09-09","commitResults":[{"hash":"82dc0dabd8fc868fdd7bdd70777c282f646c5b33","isMergeCommit":false,"messageTitle":"Add assertions to validate key assumptions","messageBody":"Added assert statements to document and validate critical assumptions:\n  - Ensure that input strings for creation of tasks have the necessary information\n  - Validate that the task number to mark, unmark or delete is one and above\n  - Check that the task string to load in contains the data needed\n\nThese assertions will help catch potential bugs early by ensuring that the input values meet the expected criteria. If an assertion fails, an AssertionError will be thrown, making it easier to diagnose issues during development.\n","tags":["A-FullCommitMessage","A-Assertions"],"fileTypesAndContributionMap":{"gradle":{"insertions":2,"deletions":1},"txt":{"insertions":1,"deletions":0},"java":{"insertions":8,"deletions":0}}},{"hash":"d14123ff31a4ceea40eb07fb361f085f5c92ff39","isMergeCommit":false,"messageTitle":"Refactor code for better code quality and readability","messageBody":"Removed large chunks of unused code in the Bro.java file as the chatbot has switched from CLI to GUI\n\nEdited the message displayed by BroException, if exception is thrown, to look better in the GUI\n\nMade some minor changes and removed unused methods in Ui.java\n\nThis refactor improves robustness and code quality, and enhances code maintainability for future development.\n","tags":["A-CodeQuality"],"fileTypesAndContributionMap":{"java":{"insertions":4,"deletions":115}}},{"hash":"7146696279e5c6ce036393bd3c9d459085c39c49","isMergeCommit":true,"messageTitle":"Merge pull request #1 from karthickkc/branch-A-Assertions","messageBody":"Add assertions to validate key assumptions","fileTypesAndContributionMap":{}},{"hash":"4ff6fa20fb8ada5544825aff0d242cf12039d68d","isMergeCommit":true,"messageTitle":"Merge branch \u0027master\u0027 of https://github.com/karthickkc/ip","messageBody":"* \u0027master\u0027 of https://github.com/karthickkc/ip:\n  Add assertions to validate key assumptions\n","fileTypesAndContributionMap":{}},{"hash":"3cfb052b05f1d056e02938104e8981fa3759a580","isMergeCommit":true,"messageTitle":"Merge branch \u0027master\u0027 into branch-A-CodeQuality","messageBody":"* master:\n  Add assertions to validate key assumptions\n","fileTypesAndContributionMap":{}},{"hash":"d13cf4af9941e4797e01d19f01496476b5e87e9f","isMergeCommit":true,"messageTitle":"Merge pull request #2 from karthickkc/branch-A-CodeQuality","messageBody":"Branch a code quality","fileTypesAndContributionMap":{}},{"hash":"efbe854dabca5ae1406d89191e3d6cd95d01076f","isMergeCommit":true,"messageTitle":"Merge branch \u0027master\u0027 of https://github.com/karthickkc/ip","messageBody":"* \u0027master\u0027 of https://github.com/karthickkc/ip:\n  Refactor code for better code quality and readability\n","fileTypesAndContributionMap":{}}]}]},"authorFileTypeContributionMap":{"karthickkc":{"java":889,"md":0,"fxml":65,"sh":1,"bat":0,"gradle":19,"txt":6}},"authorContributionVariance":{"karthickkc":25273.04},"authorDisplayNameMap":{"karthickkc":"CS2103T-F11-1 KART..ARAM"}}
