[{"path":"README.md","fileType":"md","lines":[{"lineNumber":1,"author":{"gitId":"-"},"content":"# Duke project template","lastModifiedDate":"2020-05-25","isFullCredit":false},{"lineNumber":2,"author":{"gitId":"-"},"content":"","lastModifiedDate":"2020-05-25","isFullCredit":false},{"lineNumber":3,"author":{"gitId":"-"},"content":"This is a project template for a greenfield Java project. It\u0027s named after the Java mascot _Duke_. Given below are instructions on how to use it.","lastModifiedDate":"2020-05-25","isFullCredit":false},{"lineNumber":4,"author":{"gitId":"-"},"content":"","lastModifiedDate":"2020-05-25","isFullCredit":false},{"lineNumber":5,"author":{"gitId":"-"},"content":"## Setting up in Intellij","lastModifiedDate":"2020-05-25","isFullCredit":false},{"lineNumber":6,"author":{"gitId":"-"},"content":"","lastModifiedDate":"2020-05-25","isFullCredit":false},{"lineNumber":7,"author":{"gitId":"-"},"content":"Prerequisites: JDK 17, update Intellij to the most recent version.","lastModifiedDate":"2024-07-11","isFullCredit":false},{"lineNumber":8,"author":{"gitId":"-"},"content":"","lastModifiedDate":"2020-05-25","isFullCredit":false},{"lineNumber":9,"author":{"gitId":"-"},"content":"1. Open Intellij (if you are not in the welcome screen, click `File` \u003e `Close Project` to close the existing project first)","lastModifiedDate":"2021-01-17","isFullCredit":false},{"lineNumber":10,"author":{"gitId":"-"},"content":"1. Open the project into Intellij as follows:","lastModifiedDate":"2021-01-17","isFullCredit":false},{"lineNumber":11,"author":{"gitId":"-"},"content":"   1. Click `Open`.","lastModifiedDate":"2021-01-17","isFullCredit":false},{"lineNumber":12,"author":{"gitId":"-"},"content":"   1. Select the project directory, and click `OK`.","lastModifiedDate":"2021-01-17","isFullCredit":false},{"lineNumber":13,"author":{"gitId":"-"},"content":"   1. If there are any further prompts, accept the defaults.","lastModifiedDate":"2020-05-25","isFullCredit":false},{"lineNumber":14,"author":{"gitId":"-"},"content":"1. Configure the project to use **JDK 17** (not other versions) as explained in [here](https://www.jetbrains.com/help/idea/sdk.html#set-up-jdk).\u003cbr\u003e","lastModifiedDate":"2024-07-11","isFullCredit":false},{"lineNumber":15,"author":{"gitId":"-"},"content":"   In the same dialog, set the **Project language level** field to the `SDK default` option.","lastModifiedDate":"2021-07-29","isFullCredit":false},{"lineNumber":16,"author":{"gitId":"benjiBase"},"content":"3. After that, locate the `src/main/java/Duke.java` file, right-click it, and choose `Run Nameless.main()` (if the code editor is showing compile errors, try restarting the IDE). If the setup is correct, you should see something like the below as the output:","lastModifiedDate":"2024-08-17","isFullCredit":false},{"lineNumber":17,"author":{"gitId":"-"},"content":"   ```","lastModifiedDate":"2020-05-25","isFullCredit":false},{"lineNumber":18,"author":{"gitId":"-"},"content":"   Hello from","lastModifiedDate":"2020-05-25","isFullCredit":false},{"lineNumber":19,"author":{"gitId":"-"},"content":"    ____        _        ","lastModifiedDate":"2020-05-25","isFullCredit":false},{"lineNumber":20,"author":{"gitId":"-"},"content":"   |  _ \\ _   _| | _____ ","lastModifiedDate":"2020-05-25","isFullCredit":false},{"lineNumber":21,"author":{"gitId":"-"},"content":"   | | | | | | | |/ / _ \\","lastModifiedDate":"2020-05-25","isFullCredit":false},{"lineNumber":22,"author":{"gitId":"-"},"content":"   | |_| | |_| |   \u003c  __/","lastModifiedDate":"2020-05-25","isFullCredit":false},{"lineNumber":23,"author":{"gitId":"-"},"content":"   |____/ \\__,_|_|\\_\\___|","lastModifiedDate":"2020-05-25","isFullCredit":false},{"lineNumber":24,"author":{"gitId":"-"},"content":"   ```","lastModifiedDate":"2020-05-25","isFullCredit":false}],"authorContributionMap":{"benjiBase":1,"-":23}},{"path":"data/tasks.txt","fileType":"txt","lines":[{"lineNumber":1,"author":{"gitId":"benjiBase"},"content":"T | 1 | egg","lastModifiedDate":"2024-08-26","isFullCredit":false},{"lineNumber":2,"author":{"gitId":"benjiBase"},"content":"T | 1 | nae","lastModifiedDate":"2024-08-26","isFullCredit":false},{"lineNumber":3,"author":{"gitId":"benjiBase"},"content":"D | 0 | read book | 5th june","lastModifiedDate":"2024-08-26","isFullCredit":false}],"authorContributionMap":{"benjiBase":3}},{"path":"docs/README.md","fileType":"md","lines":[{"lineNumber":1,"author":{"gitId":"benjiBase"},"content":"# Nameless User Guide","lastModifiedDate":"2024-08-17","isFullCredit":false},{"lineNumber":2,"author":{"gitId":"-"},"content":"","lastModifiedDate":"2019-07-29","isFullCredit":false},{"lineNumber":3,"author":{"gitId":"-"},"content":"// Update the title above to match the actual product name","lastModifiedDate":"2024-01-07","isFullCredit":false},{"lineNumber":4,"author":{"gitId":"-"},"content":"","lastModifiedDate":"2019-07-29","isFullCredit":false},{"lineNumber":5,"author":{"gitId":"-"},"content":"// Product screenshot goes here","lastModifiedDate":"2024-01-07","isFullCredit":false},{"lineNumber":6,"author":{"gitId":"-"},"content":"","lastModifiedDate":"2021-07-17","isFullCredit":false},{"lineNumber":7,"author":{"gitId":"-"},"content":"// Product intro goes here","lastModifiedDate":"2024-01-07","isFullCredit":false},{"lineNumber":8,"author":{"gitId":"-"},"content":"","lastModifiedDate":"2021-07-17","isFullCredit":false},{"lineNumber":9,"author":{"gitId":"-"},"content":"## Adding deadlines","lastModifiedDate":"2024-01-07","isFullCredit":false},{"lineNumber":10,"author":{"gitId":"-"},"content":"","lastModifiedDate":"2021-07-17","isFullCredit":false},{"lineNumber":11,"author":{"gitId":"-"},"content":"// Describe the action and its outcome.","lastModifiedDate":"2024-01-07","isFullCredit":false},{"lineNumber":12,"author":{"gitId":"-"},"content":"","lastModifiedDate":"2019-07-29","isFullCredit":false},{"lineNumber":13,"author":{"gitId":"-"},"content":"// Give examples of usage","lastModifiedDate":"2024-01-07","isFullCredit":false},{"lineNumber":14,"author":{"gitId":"-"},"content":"","lastModifiedDate":"2019-07-29","isFullCredit":false},{"lineNumber":15,"author":{"gitId":"-"},"content":"Example: `keyword (optional arguments)`","lastModifiedDate":"2024-01-07","isFullCredit":false},{"lineNumber":16,"author":{"gitId":"-"},"content":"","lastModifiedDate":"2019-07-29","isFullCredit":false},{"lineNumber":17,"author":{"gitId":"-"},"content":"// A description of the expected outcome goes here","lastModifiedDate":"2024-01-07","isFullCredit":false},{"lineNumber":18,"author":{"gitId":"-"},"content":"","lastModifiedDate":"2019-07-29","isFullCredit":false},{"lineNumber":19,"author":{"gitId":"-"},"content":"```","lastModifiedDate":"2024-01-07","isFullCredit":false},{"lineNumber":20,"author":{"gitId":"-"},"content":"expected output","lastModifiedDate":"2024-01-07","isFullCredit":false},{"lineNumber":21,"author":{"gitId":"-"},"content":"```","lastModifiedDate":"2024-01-07","isFullCredit":false},{"lineNumber":22,"author":{"gitId":"-"},"content":"","lastModifiedDate":"2019-07-29","isFullCredit":false},{"lineNumber":23,"author":{"gitId":"-"},"content":"## Feature ABC","lastModifiedDate":"2024-01-07","isFullCredit":false},{"lineNumber":24,"author":{"gitId":"-"},"content":"","lastModifiedDate":"2019-07-29","isFullCredit":false},{"lineNumber":25,"author":{"gitId":"-"},"content":"// Feature details","lastModifiedDate":"2024-01-07","isFullCredit":false},{"lineNumber":26,"author":{"gitId":"-"},"content":"","lastModifiedDate":"2019-07-29","isFullCredit":false},{"lineNumber":27,"author":{"gitId":"-"},"content":"","lastModifiedDate":"2021-07-17","isFullCredit":false},{"lineNumber":28,"author":{"gitId":"-"},"content":"## Feature XYZ","lastModifiedDate":"2024-01-07","isFullCredit":false},{"lineNumber":29,"author":{"gitId":"-"},"content":"","lastModifiedDate":"2024-01-07","isFullCredit":false},{"lineNumber":30,"author":{"gitId":"-"},"content":"// Feature details","lastModifiedDate":"2024-01-07","isFullCredit":false}],"authorContributionMap":{"benjiBase":1,"-":29}},{"path":"src/main/java/Deadline.java","fileType":"java","lines":[{"lineNumber":1,"author":{"gitId":"benjiBase"},"content":"public class Deadline extends Task {","lastModifiedDate":"2024-08-18","isFullCredit":false},{"lineNumber":2,"author":{"gitId":"benjiBase"},"content":"","lastModifiedDate":"2024-08-18","isFullCredit":false},{"lineNumber":3,"author":{"gitId":"benjiBase"},"content":"    protected String by;","lastModifiedDate":"2024-08-18","isFullCredit":false},{"lineNumber":4,"author":{"gitId":"benjiBase"},"content":"","lastModifiedDate":"2024-08-18","isFullCredit":false},{"lineNumber":5,"author":{"gitId":"benjiBase"},"content":"    public Deadline(String description, String by) {","lastModifiedDate":"2024-08-18","isFullCredit":false},{"lineNumber":6,"author":{"gitId":"benjiBase"},"content":"        super(description);","lastModifiedDate":"2024-08-18","isFullCredit":false},{"lineNumber":7,"author":{"gitId":"benjiBase"},"content":"        this.by \u003d by;","lastModifiedDate":"2024-08-18","isFullCredit":false},{"lineNumber":8,"author":{"gitId":"benjiBase"},"content":"    }","lastModifiedDate":"2024-08-18","isFullCredit":false},{"lineNumber":9,"author":{"gitId":"benjiBase"},"content":"","lastModifiedDate":"2024-08-18","isFullCredit":false},{"lineNumber":10,"author":{"gitId":"benjiBase"},"content":"    @Override","lastModifiedDate":"2024-08-18","isFullCredit":false},{"lineNumber":11,"author":{"gitId":"benjiBase"},"content":"    public String toString() {","lastModifiedDate":"2024-08-18","isFullCredit":false},{"lineNumber":12,"author":{"gitId":"benjiBase"},"content":"        return \"[D]\" + super.toString() + \" (by: \" + by + \")\";","lastModifiedDate":"2024-08-18","isFullCredit":false},{"lineNumber":13,"author":{"gitId":"benjiBase"},"content":"    }","lastModifiedDate":"2024-08-18","isFullCredit":false},{"lineNumber":14,"author":{"gitId":"benjiBase"},"content":"","lastModifiedDate":"2024-08-26","isFullCredit":false},{"lineNumber":15,"author":{"gitId":"benjiBase"},"content":"    @Override","lastModifiedDate":"2024-08-26","isFullCredit":false},{"lineNumber":16,"author":{"gitId":"benjiBase"},"content":"    public String toFileString() {","lastModifiedDate":"2024-08-26","isFullCredit":false},{"lineNumber":17,"author":{"gitId":"benjiBase"},"content":"        return \"D | \" + (isDone ? \"1\" : \"0\") + \" | \" + description + \" | \" + by;","lastModifiedDate":"2024-08-26","isFullCredit":false},{"lineNumber":18,"author":{"gitId":"benjiBase"},"content":"    }","lastModifiedDate":"2024-08-26","isFullCredit":false},{"lineNumber":19,"author":{"gitId":"benjiBase"},"content":"}","lastModifiedDate":"2024-08-18","isFullCredit":false}],"authorContributionMap":{"benjiBase":19}},{"path":"src/main/java/DukeException.java","fileType":"java","lines":[{"lineNumber":1,"author":{"gitId":"benjiBase"},"content":"public class DukeException extends Exception {","lastModifiedDate":"2024-08-19","isFullCredit":false},{"lineNumber":2,"author":{"gitId":"benjiBase"},"content":"    public DukeException(String message) {","lastModifiedDate":"2024-08-19","isFullCredit":false},{"lineNumber":3,"author":{"gitId":"benjiBase"},"content":"        super(message);","lastModifiedDate":"2024-08-19","isFullCredit":false},{"lineNumber":4,"author":{"gitId":"benjiBase"},"content":"    }","lastModifiedDate":"2024-08-19","isFullCredit":false},{"lineNumber":5,"author":{"gitId":"benjiBase"},"content":"}","lastModifiedDate":"2024-08-19","isFullCredit":false}],"authorContributionMap":{"benjiBase":5}},{"path":"src/main/java/Event.java","fileType":"java","lines":[{"lineNumber":1,"author":{"gitId":"benjiBase"},"content":"public class Event extends Task {","lastModifiedDate":"2024-08-18","isFullCredit":false},{"lineNumber":2,"author":{"gitId":"benjiBase"},"content":"    protected String from;","lastModifiedDate":"2024-08-18","isFullCredit":false},{"lineNumber":3,"author":{"gitId":"benjiBase"},"content":"    protected String to;","lastModifiedDate":"2024-08-18","isFullCredit":false},{"lineNumber":4,"author":{"gitId":"benjiBase"},"content":"","lastModifiedDate":"2024-08-18","isFullCredit":false},{"lineNumber":5,"author":{"gitId":"benjiBase"},"content":"    public Event(String description, String from, String to) {","lastModifiedDate":"2024-08-18","isFullCredit":false},{"lineNumber":6,"author":{"gitId":"benjiBase"},"content":"        super(description);","lastModifiedDate":"2024-08-18","isFullCredit":false},{"lineNumber":7,"author":{"gitId":"benjiBase"},"content":"        this.from \u003d from;","lastModifiedDate":"2024-08-18","isFullCredit":false},{"lineNumber":8,"author":{"gitId":"benjiBase"},"content":"        this.to \u003d to;","lastModifiedDate":"2024-08-18","isFullCredit":false},{"lineNumber":9,"author":{"gitId":"benjiBase"},"content":"    }","lastModifiedDate":"2024-08-18","isFullCredit":false},{"lineNumber":10,"author":{"gitId":"benjiBase"},"content":"","lastModifiedDate":"2024-08-18","isFullCredit":false},{"lineNumber":11,"author":{"gitId":"benjiBase"},"content":"    @Override","lastModifiedDate":"2024-08-18","isFullCredit":false},{"lineNumber":12,"author":{"gitId":"benjiBase"},"content":"    public String toString() {","lastModifiedDate":"2024-08-18","isFullCredit":false},{"lineNumber":13,"author":{"gitId":"benjiBase"},"content":"        return \"[E]\" + super.toString() + \" (form: \" + from + \" to: \" + to + \")\";","lastModifiedDate":"2024-08-18","isFullCredit":false},{"lineNumber":14,"author":{"gitId":"benjiBase"},"content":"    }","lastModifiedDate":"2024-08-18","isFullCredit":false},{"lineNumber":15,"author":{"gitId":"benjiBase"},"content":"","lastModifiedDate":"2024-08-26","isFullCredit":false},{"lineNumber":16,"author":{"gitId":"benjiBase"},"content":"    @Override","lastModifiedDate":"2024-08-26","isFullCredit":false},{"lineNumber":17,"author":{"gitId":"benjiBase"},"content":"    public String toFileString() {","lastModifiedDate":"2024-08-26","isFullCredit":false},{"lineNumber":18,"author":{"gitId":"benjiBase"},"content":"        return \"E | \" + (isDone ? \"1\" : \"0\") + \" | \" + description + \" | \" + from + \" | \" + to;","lastModifiedDate":"2024-08-26","isFullCredit":false},{"lineNumber":19,"author":{"gitId":"benjiBase"},"content":"    }","lastModifiedDate":"2024-08-26","isFullCredit":false},{"lineNumber":20,"author":{"gitId":"benjiBase"},"content":"}","lastModifiedDate":"2024-08-18","isFullCredit":false}],"authorContributionMap":{"benjiBase":20}},{"path":"src/main/java/Nameless.java","fileType":"java","lines":[{"lineNumber":1,"author":{"gitId":"benjiBase"},"content":"import java.io.FileNotFoundException;","lastModifiedDate":"2024-08-26","isFullCredit":false},{"lineNumber":2,"author":{"gitId":"benjiBase"},"content":"import java.util.ArrayList;","lastModifiedDate":"2024-08-22","isFullCredit":false},{"lineNumber":3,"author":{"gitId":"benjiBase"},"content":"import java.util.Scanner;","lastModifiedDate":"2024-08-17","isFullCredit":false},{"lineNumber":4,"author":{"gitId":"benjiBase"},"content":"","lastModifiedDate":"2024-08-17","isFullCredit":false},{"lineNumber":5,"author":{"gitId":"benjiBase"},"content":"public class Nameless {","lastModifiedDate":"2024-08-17","isFullCredit":false},{"lineNumber":6,"author":{"gitId":"benjiBase"},"content":"    private static final String line \u003d \"______________________________________________________________\";","lastModifiedDate":"2024-08-19","isFullCredit":false},{"lineNumber":7,"author":{"gitId":"benjiBase"},"content":"    private static final String name \u003d \"Nameless\";","lastModifiedDate":"2024-08-18","isFullCredit":false},{"lineNumber":8,"author":{"gitId":"benjiBase"},"content":"    private static final String greetings \u003d \"Hello, I\u0027m \" + name + \"\\n\" + \"What can I do for you?\";","lastModifiedDate":"2024-08-18","isFullCredit":false},{"lineNumber":9,"author":{"gitId":"benjiBase"},"content":"    private static final String goodbye \u003d \"Bye. Hope to see you again!\";","lastModifiedDate":"2024-08-18","isFullCredit":false},{"lineNumber":10,"author":{"gitId":"benjiBase"},"content":"    private static ArrayList\u003cTask\u003e tasks \u003d new ArrayList\u003c\u003e();","lastModifiedDate":"2024-08-26","isFullCredit":false},{"lineNumber":11,"author":{"gitId":"benjiBase"},"content":"    private static Storage storage;","lastModifiedDate":"2024-08-26","isFullCredit":false},{"lineNumber":12,"author":{"gitId":"benjiBase"},"content":"    private static int splitGetNum(String input){","lastModifiedDate":"2024-08-18","isFullCredit":false},{"lineNumber":13,"author":{"gitId":"benjiBase"},"content":"        String[] words \u003d input.split(\" \");","lastModifiedDate":"2024-08-18","isFullCredit":false},{"lineNumber":14,"author":{"gitId":"benjiBase"},"content":"        return Integer.parseInt(words[1]) - 1;","lastModifiedDate":"2024-08-18","isFullCredit":false},{"lineNumber":15,"author":{"gitId":"benjiBase"},"content":"    }","lastModifiedDate":"2024-08-18","isFullCredit":false},{"lineNumber":16,"author":{"gitId":"benjiBase"},"content":"","lastModifiedDate":"2024-08-18","isFullCredit":false},{"lineNumber":17,"author":{"gitId":"benjiBase"},"content":"    private static String splitGetWords(String input){","lastModifiedDate":"2024-08-18","isFullCredit":false},{"lineNumber":18,"author":{"gitId":"benjiBase"},"content":"        String[] words \u003d input.split(\" \", 2);","lastModifiedDate":"2024-08-18","isFullCredit":false},{"lineNumber":19,"author":{"gitId":"benjiBase"},"content":"        return words.length \u003e 1 ? words[1] : \"\";","lastModifiedDate":"2024-08-19","isFullCredit":false},{"lineNumber":20,"author":{"gitId":"benjiBase"},"content":"    }","lastModifiedDate":"2024-08-18","isFullCredit":false},{"lineNumber":21,"author":{"gitId":"benjiBase"},"content":"","lastModifiedDate":"2024-08-26","isFullCredit":false},{"lineNumber":22,"author":{"gitId":"benjiBase"},"content":"    public static void main(String[] args) throws DukeException {","lastModifiedDate":"2024-08-19","isFullCredit":false},{"lineNumber":23,"author":{"gitId":"benjiBase"},"content":"        storage \u003d new Storage(\"data/tasks.txt\");","lastModifiedDate":"2024-08-26","isFullCredit":false},{"lineNumber":24,"author":{"gitId":"benjiBase"},"content":"        tasks \u003d storage.loadFile();","lastModifiedDate":"2024-08-26","isFullCredit":false},{"lineNumber":25,"author":{"gitId":"benjiBase"},"content":"        System.out.println(line + \"\\n\" + greetings + \"\\n\" + line);","lastModifiedDate":"2024-08-17","isFullCredit":false},{"lineNumber":26,"author":{"gitId":"benjiBase"},"content":"        String temp;","lastModifiedDate":"2024-08-19","isFullCredit":false},{"lineNumber":27,"author":{"gitId":"benjiBase"},"content":"        Scanner sc \u003d new Scanner(System.in);","lastModifiedDate":"2024-08-22","isFullCredit":false},{"lineNumber":28,"author":{"gitId":"benjiBase"},"content":"","lastModifiedDate":"2024-08-19","isFullCredit":false},{"lineNumber":29,"author":{"gitId":"benjiBase"},"content":"        while(true){","lastModifiedDate":"2024-08-17","isFullCredit":false},{"lineNumber":30,"author":{"gitId":"benjiBase"},"content":"            String input \u003d sc.nextLine();","lastModifiedDate":"2024-08-17","isFullCredit":false},{"lineNumber":31,"author":{"gitId":"benjiBase"},"content":"            try {","lastModifiedDate":"2024-08-19","isFullCredit":false},{"lineNumber":32,"author":{"gitId":"benjiBase"},"content":"                if (input.equals(\"bye\")) {","lastModifiedDate":"2024-08-17","isFullCredit":false},{"lineNumber":33,"author":{"gitId":"benjiBase"},"content":"                    Storage.writeFile(tasks);","lastModifiedDate":"2024-08-26","isFullCredit":false},{"lineNumber":34,"author":{"gitId":"benjiBase"},"content":"                    break;","lastModifiedDate":"2024-08-17","isFullCredit":false},{"lineNumber":35,"author":{"gitId":"benjiBase"},"content":"                } else if (input.equals(\"list\")) {","lastModifiedDate":"2024-08-18","isFullCredit":false},{"lineNumber":36,"author":{"gitId":"benjiBase"},"content":"                    //list tasking","lastModifiedDate":"2024-08-18","isFullCredit":false},{"lineNumber":37,"author":{"gitId":"benjiBase"},"content":"                    System.out.println(line + \"\\n Here are the tasks in your list:\");","lastModifiedDate":"2024-08-18","isFullCredit":false},{"lineNumber":38,"author":{"gitId":"benjiBase"},"content":"                    for (int i \u003d 0; i \u003c tasks.size(); i++) {","lastModifiedDate":"2024-08-22","isFullCredit":false},{"lineNumber":39,"author":{"gitId":"benjiBase"},"content":"                        System.out.println((i + 1) + \". \" + tasks.get(i).toString());","lastModifiedDate":"2024-08-26","isFullCredit":false},{"lineNumber":40,"author":{"gitId":"benjiBase"},"content":"                    }","lastModifiedDate":"2024-08-18","isFullCredit":false},{"lineNumber":41,"author":{"gitId":"benjiBase"},"content":"                    System.out.println(line);","lastModifiedDate":"2024-08-18","isFullCredit":false},{"lineNumber":42,"author":{"gitId":"benjiBase"},"content":"                } else if (input.matches(\"mark \\\\d+\")) {","lastModifiedDate":"2024-08-18","isFullCredit":false},{"lineNumber":43,"author":{"gitId":"benjiBase"},"content":"                    System.out.println(line);","lastModifiedDate":"2024-08-18","isFullCredit":false},{"lineNumber":44,"author":{"gitId":"benjiBase"},"content":"                    tasks.get(splitGetNum(input)).markTask();","lastModifiedDate":"2024-08-22","isFullCredit":false},{"lineNumber":45,"author":{"gitId":"benjiBase"},"content":"                    System.out.println(line);","lastModifiedDate":"2024-08-18","isFullCredit":false},{"lineNumber":46,"author":{"gitId":"benjiBase"},"content":"                } else if (input.matches(\"unmark \\\\d+\")) {","lastModifiedDate":"2024-08-18","isFullCredit":false},{"lineNumber":47,"author":{"gitId":"benjiBase"},"content":"                    System.out.println(line);","lastModifiedDate":"2024-08-18","isFullCredit":false},{"lineNumber":48,"author":{"gitId":"benjiBase"},"content":"                    tasks.get(splitGetNum(input)).unMarkTask();","lastModifiedDate":"2024-08-22","isFullCredit":false},{"lineNumber":49,"author":{"gitId":"benjiBase"},"content":"                    System.out.println(line);","lastModifiedDate":"2024-08-18","isFullCredit":false},{"lineNumber":50,"author":{"gitId":"benjiBase"},"content":"                } else if (input.matches(\"deadline(?: .+)?\")) {","lastModifiedDate":"2024-08-19","isFullCredit":false},{"lineNumber":51,"author":{"gitId":"benjiBase"},"content":"                    temp \u003d splitGetWords(input);","lastModifiedDate":"2024-08-18","isFullCredit":false},{"lineNumber":52,"author":{"gitId":"benjiBase"},"content":"                    String[] words \u003d temp.split(\" /by \");","lastModifiedDate":"2024-08-22","isFullCredit":false},{"lineNumber":53,"author":{"gitId":"benjiBase"},"content":"                    if (words.length \u003c 2) {","lastModifiedDate":"2024-08-22","isFullCredit":false},{"lineNumber":54,"author":{"gitId":"benjiBase"},"content":"                        throw new DukeException(\"incorrect format use \u0027deadline \u003ctask\u003e /by \u003cdate\u003e\u0027\");","lastModifiedDate":"2024-08-19","isFullCredit":false},{"lineNumber":55,"author":{"gitId":"benjiBase"},"content":"                    }","lastModifiedDate":"2024-08-19","isFullCredit":false},{"lineNumber":56,"author":{"gitId":"benjiBase"},"content":"                    tasks.add(new Deadline(words[0], words[1]));","lastModifiedDate":"2024-08-22","isFullCredit":false},{"lineNumber":57,"author":{"gitId":"benjiBase"},"content":"                    System.out.println(line + \"\\n\" + \"Got it. I\u0027ve added this task:\" +","lastModifiedDate":"2024-08-18","isFullCredit":false},{"lineNumber":58,"author":{"gitId":"benjiBase"},"content":"                            \"\\n     \" + tasks.get(tasks.size() - 1).toString() + \"\\n\" +","lastModifiedDate":"2024-08-22","isFullCredit":false},{"lineNumber":59,"author":{"gitId":"benjiBase"},"content":"                            \"Now you have \" + tasks.size() + \" task left \\n\" + line);","lastModifiedDate":"2024-08-22","isFullCredit":false},{"lineNumber":60,"author":{"gitId":"benjiBase"},"content":"                } else if (input.matches(\"event(?: .+)?\")) {","lastModifiedDate":"2024-08-19","isFullCredit":false},{"lineNumber":61,"author":{"gitId":"benjiBase"},"content":"                    temp \u003d splitGetWords(input);","lastModifiedDate":"2024-08-18","isFullCredit":false},{"lineNumber":62,"author":{"gitId":"benjiBase"},"content":"                    String[] words \u003d temp.split(\" /from | /to \");","lastModifiedDate":"2024-08-22","isFullCredit":false},{"lineNumber":63,"author":{"gitId":"benjiBase"},"content":"                    if (words.length !\u003d 3) {","lastModifiedDate":"2024-08-22","isFullCredit":false},{"lineNumber":64,"author":{"gitId":"benjiBase"},"content":"                        throw new DukeException(\"incorrect format use \u0027event \u003ctask\u003e /from \u003cdate\u003e /to \u003cdate\u003e\u0027\");","lastModifiedDate":"2024-08-19","isFullCredit":false},{"lineNumber":65,"author":{"gitId":"benjiBase"},"content":"                    }","lastModifiedDate":"2024-08-19","isFullCredit":false},{"lineNumber":66,"author":{"gitId":"benjiBase"},"content":"                    tasks.add(new Event(words[0], words[1], words[2]));","lastModifiedDate":"2024-08-22","isFullCredit":false},{"lineNumber":67,"author":{"gitId":"benjiBase"},"content":"                    System.out.println(line + \"\\n\" + \"Got it. I\u0027ve added this task:\" +","lastModifiedDate":"2024-08-18","isFullCredit":false},{"lineNumber":68,"author":{"gitId":"benjiBase"},"content":"                            \"\\n     \" + tasks.get(tasks.size() - 1).toString() + \"\\n\" +","lastModifiedDate":"2024-08-22","isFullCredit":false},{"lineNumber":69,"author":{"gitId":"benjiBase"},"content":"                            \"Now you have \" + tasks.size() + \" task left \\n\" + line);","lastModifiedDate":"2024-08-22","isFullCredit":false},{"lineNumber":70,"author":{"gitId":"benjiBase"},"content":"                } else if (input.matches(\"todo(?: .+)?\")) {","lastModifiedDate":"2024-08-19","isFullCredit":false},{"lineNumber":71,"author":{"gitId":"benjiBase"},"content":"                    //store tasking","lastModifiedDate":"2024-08-18","isFullCredit":false},{"lineNumber":72,"author":{"gitId":"benjiBase"},"content":"                    String words \u003d splitGetWords(input);","lastModifiedDate":"2024-08-19","isFullCredit":false},{"lineNumber":73,"author":{"gitId":"benjiBase"},"content":"                    if (words.isEmpty()) {","lastModifiedDate":"2024-08-19","isFullCredit":false},{"lineNumber":74,"author":{"gitId":"benjiBase"},"content":"                        throw new DukeException(\"The description of a todo cannot be empty.\");","lastModifiedDate":"2024-08-19","isFullCredit":false},{"lineNumber":75,"author":{"gitId":"benjiBase"},"content":"                    }","lastModifiedDate":"2024-08-19","isFullCredit":false},{"lineNumber":76,"author":{"gitId":"benjiBase"},"content":"                    tasks.add(new Todo(words));","lastModifiedDate":"2024-08-22","isFullCredit":false},{"lineNumber":77,"author":{"gitId":"benjiBase"},"content":"                    System.out.println(line + \"\\n\" + \"Got it. I\u0027ve added this task:\" +","lastModifiedDate":"2024-08-18","isFullCredit":false},{"lineNumber":78,"author":{"gitId":"benjiBase"},"content":"                            \"\\n     \" + tasks.get(tasks.size() - 1).toString() + \"\\n\" +","lastModifiedDate":"2024-08-22","isFullCredit":false},{"lineNumber":79,"author":{"gitId":"benjiBase"},"content":"                            \"Now you have \" + tasks.size() + \" task left \\n\" + line);","lastModifiedDate":"2024-08-22","isFullCredit":false},{"lineNumber":80,"author":{"gitId":"benjiBase"},"content":"","lastModifiedDate":"2024-08-18","isFullCredit":false},{"lineNumber":81,"author":{"gitId":"benjiBase"},"content":"                } else if(input.matches(\"delete \\\\d+\")){","lastModifiedDate":"2024-08-22","isFullCredit":false},{"lineNumber":82,"author":{"gitId":"benjiBase"},"content":"                    String task \u003d tasks.get(splitGetNum(input)).toString();","lastModifiedDate":"2024-08-22","isFullCredit":false},{"lineNumber":83,"author":{"gitId":"benjiBase"},"content":"                    if (task.isEmpty()){","lastModifiedDate":"2024-08-22","isFullCredit":false},{"lineNumber":84,"author":{"gitId":"benjiBase"},"content":"                        throw new DukeException(\"Delete need number Delete \u003cNumber\u003e.\");","lastModifiedDate":"2024-08-22","isFullCredit":false},{"lineNumber":85,"author":{"gitId":"benjiBase"},"content":"                    }","lastModifiedDate":"2024-08-22","isFullCredit":false},{"lineNumber":86,"author":{"gitId":"benjiBase"},"content":"                    tasks.remove(splitGetNum(input));","lastModifiedDate":"2024-08-22","isFullCredit":false},{"lineNumber":87,"author":{"gitId":"benjiBase"},"content":"                    System.out.println(line);","lastModifiedDate":"2024-08-22","isFullCredit":false},{"lineNumber":88,"author":{"gitId":"benjiBase"},"content":"                    System.out.println(\"Noted. I\u0027ve removed this task: \\n\" +","lastModifiedDate":"2024-08-22","isFullCredit":false},{"lineNumber":89,"author":{"gitId":"benjiBase"},"content":"                            \"    \" + task + \"\\nNow you have \" + tasks.size() + \" tasks in the list.\");","lastModifiedDate":"2024-08-22","isFullCredit":false},{"lineNumber":90,"author":{"gitId":"benjiBase"},"content":"                    System.out.println(line);","lastModifiedDate":"2024-08-22","isFullCredit":false},{"lineNumber":91,"author":{"gitId":"benjiBase"},"content":"                }","lastModifiedDate":"2024-08-22","isFullCredit":false},{"lineNumber":92,"author":{"gitId":"benjiBase"},"content":"                else {","lastModifiedDate":"2024-08-22","isFullCredit":false},{"lineNumber":93,"author":{"gitId":"benjiBase"},"content":"                    throw new DukeException(\"Sorry! I don\u0027t understand what you are saying.\" +","lastModifiedDate":"2024-08-19","isFullCredit":false},{"lineNumber":94,"author":{"gitId":"benjiBase"},"content":"                            \" Please enter a valid command. todo, deadline, event, list, mark/unmark, bye\");","lastModifiedDate":"2024-08-19","isFullCredit":false},{"lineNumber":95,"author":{"gitId":"benjiBase"},"content":"                }","lastModifiedDate":"2024-08-19","isFullCredit":false},{"lineNumber":96,"author":{"gitId":"benjiBase"},"content":"            } catch (DukeException e) {","lastModifiedDate":"2024-08-19","isFullCredit":false},{"lineNumber":97,"author":{"gitId":"benjiBase"},"content":"                System.out.println(line + \"\\n\" + e.getMessage() + \"\\n\" + line);","lastModifiedDate":"2024-08-19","isFullCredit":false},{"lineNumber":98,"author":{"gitId":"benjiBase"},"content":"            }","lastModifiedDate":"2024-08-17","isFullCredit":false},{"lineNumber":99,"author":{"gitId":"benjiBase"},"content":"        }","lastModifiedDate":"2024-08-17","isFullCredit":false},{"lineNumber":100,"author":{"gitId":"benjiBase"},"content":"","lastModifiedDate":"2024-08-17","isFullCredit":false},{"lineNumber":101,"author":{"gitId":"benjiBase"},"content":"        System.out.println(line + \"\\n\" + goodbye + \"\\n\" + line);","lastModifiedDate":"2024-08-17","isFullCredit":false},{"lineNumber":102,"author":{"gitId":"benjiBase"},"content":"    }","lastModifiedDate":"2024-08-17","isFullCredit":false},{"lineNumber":103,"author":{"gitId":"benjiBase"},"content":"}","lastModifiedDate":"2024-08-17","isFullCredit":false}],"authorContributionMap":{"benjiBase":103}},{"path":"src/main/java/Storage.java","fileType":"java","lines":[{"lineNumber":1,"author":{"gitId":"benjiBase"},"content":"import java.io.BufferedReader;","lastModifiedDate":"2024-08-26","isFullCredit":false},{"lineNumber":2,"author":{"gitId":"benjiBase"},"content":"import java.io.FileNotFoundException;","lastModifiedDate":"2024-08-26","isFullCredit":false},{"lineNumber":3,"author":{"gitId":"benjiBase"},"content":"import java.io.FileReader;","lastModifiedDate":"2024-08-26","isFullCredit":false},{"lineNumber":4,"author":{"gitId":"benjiBase"},"content":"import java.io.IOException;","lastModifiedDate":"2024-08-26","isFullCredit":false},{"lineNumber":5,"author":{"gitId":"benjiBase"},"content":"import java.io.BufferedWriter;","lastModifiedDate":"2024-08-26","isFullCredit":false},{"lineNumber":6,"author":{"gitId":"benjiBase"},"content":"import java.io.FileWriter;","lastModifiedDate":"2024-08-26","isFullCredit":false},{"lineNumber":7,"author":{"gitId":"benjiBase"},"content":"import java.nio.file.Paths;","lastModifiedDate":"2024-08-26","isFullCredit":false},{"lineNumber":8,"author":{"gitId":"benjiBase"},"content":"import java.nio.file.Files;","lastModifiedDate":"2024-08-26","isFullCredit":false},{"lineNumber":9,"author":{"gitId":"benjiBase"},"content":"import java.nio.file.Path;","lastModifiedDate":"2024-08-26","isFullCredit":false},{"lineNumber":10,"author":{"gitId":"benjiBase"},"content":"import java.util.ArrayList;","lastModifiedDate":"2024-08-26","isFullCredit":false},{"lineNumber":11,"author":{"gitId":"benjiBase"},"content":"","lastModifiedDate":"2024-08-26","isFullCredit":false},{"lineNumber":12,"author":{"gitId":"benjiBase"},"content":"public class Storage {","lastModifiedDate":"2024-08-26","isFullCredit":false},{"lineNumber":13,"author":{"gitId":"benjiBase"},"content":"    private static Path filePath \u003d null;","lastModifiedDate":"2024-08-26","isFullCredit":false},{"lineNumber":14,"author":{"gitId":"benjiBase"},"content":"    private static String line;","lastModifiedDate":"2024-08-26","isFullCredit":false},{"lineNumber":15,"author":{"gitId":"benjiBase"},"content":"    public Storage(String filePath) throws DukeException {","lastModifiedDate":"2024-08-26","isFullCredit":false},{"lineNumber":16,"author":{"gitId":"benjiBase"},"content":"        Storage.filePath \u003d Paths.get(filePath);","lastModifiedDate":"2024-08-26","isFullCredit":false},{"lineNumber":17,"author":{"gitId":"benjiBase"},"content":"        createFile();","lastModifiedDate":"2024-08-26","isFullCredit":false},{"lineNumber":18,"author":{"gitId":"benjiBase"},"content":"    }","lastModifiedDate":"2024-08-26","isFullCredit":false},{"lineNumber":19,"author":{"gitId":"benjiBase"},"content":"","lastModifiedDate":"2024-08-26","isFullCredit":false},{"lineNumber":20,"author":{"gitId":"benjiBase"},"content":"    private void createDirectory() throws  DukeException {","lastModifiedDate":"2024-08-26","isFullCredit":false},{"lineNumber":21,"author":{"gitId":"benjiBase"},"content":"        Path directory \u003d filePath.getParent();","lastModifiedDate":"2024-08-26","isFullCredit":false},{"lineNumber":22,"author":{"gitId":"benjiBase"},"content":"        if (Files.notExists(directory)) {","lastModifiedDate":"2024-08-26","isFullCredit":false},{"lineNumber":23,"author":{"gitId":"benjiBase"},"content":"            try {","lastModifiedDate":"2024-08-26","isFullCredit":false},{"lineNumber":24,"author":{"gitId":"benjiBase"},"content":"                Files.createDirectories(directory);","lastModifiedDate":"2024-08-26","isFullCredit":false},{"lineNumber":25,"author":{"gitId":"benjiBase"},"content":"                System.out.println(\"new directory created: \" + directory);","lastModifiedDate":"2024-08-26","isFullCredit":false},{"lineNumber":26,"author":{"gitId":"benjiBase"},"content":"            } catch (IOException e) {","lastModifiedDate":"2024-08-26","isFullCredit":false},{"lineNumber":27,"author":{"gitId":"benjiBase"},"content":"                throw new DukeException(\"Error creating directory\");","lastModifiedDate":"2024-08-26","isFullCredit":false},{"lineNumber":28,"author":{"gitId":"benjiBase"},"content":"            }","lastModifiedDate":"2024-08-26","isFullCredit":false},{"lineNumber":29,"author":{"gitId":"benjiBase"},"content":"        }","lastModifiedDate":"2024-08-26","isFullCredit":false},{"lineNumber":30,"author":{"gitId":"benjiBase"},"content":"    }","lastModifiedDate":"2024-08-26","isFullCredit":false},{"lineNumber":31,"author":{"gitId":"benjiBase"},"content":"","lastModifiedDate":"2024-08-26","isFullCredit":false},{"lineNumber":32,"author":{"gitId":"benjiBase"},"content":"    public void createFile() throws DukeException {","lastModifiedDate":"2024-08-26","isFullCredit":false},{"lineNumber":33,"author":{"gitId":"benjiBase"},"content":"        if(Files.notExists(filePath)){","lastModifiedDate":"2024-08-26","isFullCredit":false},{"lineNumber":34,"author":{"gitId":"benjiBase"},"content":"            createDirectory();","lastModifiedDate":"2024-08-26","isFullCredit":false},{"lineNumber":35,"author":{"gitId":"benjiBase"},"content":"            try {","lastModifiedDate":"2024-08-26","isFullCredit":false},{"lineNumber":36,"author":{"gitId":"benjiBase"},"content":"                Files.createFile(filePath);","lastModifiedDate":"2024-08-26","isFullCredit":false},{"lineNumber":37,"author":{"gitId":"benjiBase"},"content":"                System.out.println(\"new file created: \" + filePath);","lastModifiedDate":"2024-08-26","isFullCredit":false},{"lineNumber":38,"author":{"gitId":"benjiBase"},"content":"            } catch (IOException e) {","lastModifiedDate":"2024-08-26","isFullCredit":false},{"lineNumber":39,"author":{"gitId":"benjiBase"},"content":"                throw new DukeException(\"Error creating file\");","lastModifiedDate":"2024-08-26","isFullCredit":false},{"lineNumber":40,"author":{"gitId":"benjiBase"},"content":"            }","lastModifiedDate":"2024-08-26","isFullCredit":false},{"lineNumber":41,"author":{"gitId":"benjiBase"},"content":"        }","lastModifiedDate":"2024-08-26","isFullCredit":false},{"lineNumber":42,"author":{"gitId":"benjiBase"},"content":"    }","lastModifiedDate":"2024-08-26","isFullCredit":false},{"lineNumber":43,"author":{"gitId":"benjiBase"},"content":"","lastModifiedDate":"2024-08-26","isFullCredit":false},{"lineNumber":44,"author":{"gitId":"benjiBase"},"content":"    public static void readFile() throws DukeException {","lastModifiedDate":"2024-08-26","isFullCredit":false},{"lineNumber":45,"author":{"gitId":"benjiBase"},"content":"        try (BufferedReader br \u003d new BufferedReader(new FileReader(filePath.toString()))) {","lastModifiedDate":"2024-08-26","isFullCredit":false},{"lineNumber":46,"author":{"gitId":"benjiBase"},"content":"            while ((line \u003d br.readLine()) !\u003d null) {","lastModifiedDate":"2024-08-26","isFullCredit":false},{"lineNumber":47,"author":{"gitId":"benjiBase"},"content":"                System.out.println(line);","lastModifiedDate":"2024-08-26","isFullCredit":false},{"lineNumber":48,"author":{"gitId":"benjiBase"},"content":"            }","lastModifiedDate":"2024-08-26","isFullCredit":false},{"lineNumber":49,"author":{"gitId":"benjiBase"},"content":"        } catch (IOException e) {","lastModifiedDate":"2024-08-26","isFullCredit":false},{"lineNumber":50,"author":{"gitId":"benjiBase"},"content":"            throw new DukeException(\"Error reading file\");","lastModifiedDate":"2024-08-26","isFullCredit":false},{"lineNumber":51,"author":{"gitId":"benjiBase"},"content":"        }","lastModifiedDate":"2024-08-26","isFullCredit":false},{"lineNumber":52,"author":{"gitId":"benjiBase"},"content":"    }","lastModifiedDate":"2024-08-26","isFullCredit":false},{"lineNumber":53,"author":{"gitId":"benjiBase"},"content":"","lastModifiedDate":"2024-08-26","isFullCredit":false},{"lineNumber":54,"author":{"gitId":"benjiBase"},"content":"    public static void writeFile(ArrayList\u003cTask\u003e tasks) throws DukeException {","lastModifiedDate":"2024-08-26","isFullCredit":false},{"lineNumber":55,"author":{"gitId":"benjiBase"},"content":"        try (BufferedWriter bw \u003d new BufferedWriter(new FileWriter(filePath.toString()))) {","lastModifiedDate":"2024-08-26","isFullCredit":false},{"lineNumber":56,"author":{"gitId":"benjiBase"},"content":"            for (Task task : tasks) {","lastModifiedDate":"2024-08-26","isFullCredit":false},{"lineNumber":57,"author":{"gitId":"benjiBase"},"content":"                bw.write(task.toFileString());","lastModifiedDate":"2024-08-26","isFullCredit":false},{"lineNumber":58,"author":{"gitId":"benjiBase"},"content":"                bw.newLine(); // Ensure each task is on a new line","lastModifiedDate":"2024-08-26","isFullCredit":false},{"lineNumber":59,"author":{"gitId":"benjiBase"},"content":"            }","lastModifiedDate":"2024-08-26","isFullCredit":false},{"lineNumber":60,"author":{"gitId":"benjiBase"},"content":"        } catch (IOException e) {","lastModifiedDate":"2024-08-26","isFullCredit":false},{"lineNumber":61,"author":{"gitId":"benjiBase"},"content":"            throw new DukeException(\"Error writing to file\");","lastModifiedDate":"2024-08-26","isFullCredit":false},{"lineNumber":62,"author":{"gitId":"benjiBase"},"content":"        }","lastModifiedDate":"2024-08-26","isFullCredit":false},{"lineNumber":63,"author":{"gitId":"benjiBase"},"content":"    }","lastModifiedDate":"2024-08-26","isFullCredit":false},{"lineNumber":64,"author":{"gitId":"benjiBase"},"content":"","lastModifiedDate":"2024-08-26","isFullCredit":false},{"lineNumber":65,"author":{"gitId":"benjiBase"},"content":"    public ArrayList\u003cTask\u003e loadFile() throws DukeException {","lastModifiedDate":"2024-08-26","isFullCredit":false},{"lineNumber":66,"author":{"gitId":"benjiBase"},"content":"        ArrayList\u003cTask\u003e tasks \u003d new ArrayList\u003c\u003e();","lastModifiedDate":"2024-08-26","isFullCredit":false},{"lineNumber":67,"author":{"gitId":"benjiBase"},"content":"        boolean isDone;","lastModifiedDate":"2024-08-26","isFullCredit":false},{"lineNumber":68,"author":{"gitId":"benjiBase"},"content":"        try(BufferedReader br \u003d new BufferedReader(new FileReader(filePath.toString()))) {","lastModifiedDate":"2024-08-26","isFullCredit":false},{"lineNumber":69,"author":{"gitId":"benjiBase"},"content":"            while ((line \u003d br.readLine()) !\u003d null) {","lastModifiedDate":"2024-08-26","isFullCredit":false},{"lineNumber":70,"author":{"gitId":"benjiBase"},"content":"                isDone \u003d line.charAt(4) \u003d\u003d \u00271\u0027;","lastModifiedDate":"2024-08-26","isFullCredit":false},{"lineNumber":71,"author":{"gitId":"benjiBase"},"content":"                tasks.add(stringToTask(line));","lastModifiedDate":"2024-08-26","isFullCredit":false},{"lineNumber":72,"author":{"gitId":"benjiBase"},"content":"                tasks.get(tasks.size() - 1).isDone \u003d isDone;","lastModifiedDate":"2024-08-26","isFullCredit":false},{"lineNumber":73,"author":{"gitId":"benjiBase"},"content":"            };","lastModifiedDate":"2024-08-26","isFullCredit":false},{"lineNumber":74,"author":{"gitId":"benjiBase"},"content":"        } catch (IOException e) {","lastModifiedDate":"2024-08-26","isFullCredit":false},{"lineNumber":75,"author":{"gitId":"benjiBase"},"content":"            throw new DukeException(\"Error reading file\");","lastModifiedDate":"2024-08-26","isFullCredit":false},{"lineNumber":76,"author":{"gitId":"benjiBase"},"content":"        }","lastModifiedDate":"2024-08-26","isFullCredit":false},{"lineNumber":77,"author":{"gitId":"benjiBase"},"content":"        return tasks;","lastModifiedDate":"2024-08-26","isFullCredit":false},{"lineNumber":78,"author":{"gitId":"benjiBase"},"content":"    }","lastModifiedDate":"2024-08-26","isFullCredit":false},{"lineNumber":79,"author":{"gitId":"benjiBase"},"content":"","lastModifiedDate":"2024-08-26","isFullCredit":false},{"lineNumber":80,"author":{"gitId":"benjiBase"},"content":"    private Task stringToTask(String line) {","lastModifiedDate":"2024-08-26","isFullCredit":false},{"lineNumber":81,"author":{"gitId":"benjiBase"},"content":"        String[] words \u003d line.split(\" \\\\| \");","lastModifiedDate":"2024-08-26","isFullCredit":false},{"lineNumber":82,"author":{"gitId":"benjiBase"},"content":"        if(words[0].equals(\"T\")){","lastModifiedDate":"2024-08-26","isFullCredit":false},{"lineNumber":83,"author":{"gitId":"benjiBase"},"content":"            return new Todo(words[2]);","lastModifiedDate":"2024-08-26","isFullCredit":false},{"lineNumber":84,"author":{"gitId":"benjiBase"},"content":"        } else if(words[0].equals(\"D\")){","lastModifiedDate":"2024-08-26","isFullCredit":false},{"lineNumber":85,"author":{"gitId":"benjiBase"},"content":"            return new Deadline(words[2], words[3]);","lastModifiedDate":"2024-08-26","isFullCredit":false},{"lineNumber":86,"author":{"gitId":"benjiBase"},"content":"        } else if(words[0].equals(\"E\")){","lastModifiedDate":"2024-08-26","isFullCredit":false},{"lineNumber":87,"author":{"gitId":"benjiBase"},"content":"            return new Event(words[2], words[3], words[4]);","lastModifiedDate":"2024-08-26","isFullCredit":false},{"lineNumber":88,"author":{"gitId":"benjiBase"},"content":"        } else {","lastModifiedDate":"2024-08-26","isFullCredit":false},{"lineNumber":89,"author":{"gitId":"benjiBase"},"content":"            return null;","lastModifiedDate":"2024-08-26","isFullCredit":false},{"lineNumber":90,"author":{"gitId":"benjiBase"},"content":"        }","lastModifiedDate":"2024-08-26","isFullCredit":false},{"lineNumber":91,"author":{"gitId":"benjiBase"},"content":"    }","lastModifiedDate":"2024-08-26","isFullCredit":false},{"lineNumber":92,"author":{"gitId":"benjiBase"},"content":"}","lastModifiedDate":"2024-08-26","isFullCredit":false}],"authorContributionMap":{"benjiBase":92}},{"path":"src/main/java/Task.java","fileType":"java","lines":[{"lineNumber":1,"author":{"gitId":"benjiBase"},"content":"public abstract class Task {","lastModifiedDate":"2024-08-26","isFullCredit":false},{"lineNumber":2,"author":{"gitId":"benjiBase"},"content":"    protected String description;","lastModifiedDate":"2024-08-18","isFullCredit":false},{"lineNumber":3,"author":{"gitId":"benjiBase"},"content":"    protected boolean isDone;","lastModifiedDate":"2024-08-18","isFullCredit":false},{"lineNumber":4,"author":{"gitId":"benjiBase"},"content":"","lastModifiedDate":"2024-08-18","isFullCredit":false},{"lineNumber":5,"author":{"gitId":"benjiBase"},"content":"    public abstract String toFileString();","lastModifiedDate":"2024-08-26","isFullCredit":false},{"lineNumber":6,"author":{"gitId":"benjiBase"},"content":"","lastModifiedDate":"2024-08-26","isFullCredit":false},{"lineNumber":7,"author":{"gitId":"benjiBase"},"content":"    public Task(String description) {","lastModifiedDate":"2024-08-18","isFullCredit":false},{"lineNumber":8,"author":{"gitId":"benjiBase"},"content":"        this.description \u003d description;","lastModifiedDate":"2024-08-18","isFullCredit":false},{"lineNumber":9,"author":{"gitId":"benjiBase"},"content":"        this.isDone \u003d false;","lastModifiedDate":"2024-08-18","isFullCredit":false},{"lineNumber":10,"author":{"gitId":"benjiBase"},"content":"    }","lastModifiedDate":"2024-08-18","isFullCredit":false},{"lineNumber":11,"author":{"gitId":"benjiBase"},"content":"","lastModifiedDate":"2024-08-18","isFullCredit":false},{"lineNumber":12,"author":{"gitId":"benjiBase"},"content":"    public String getStatusIcon() {","lastModifiedDate":"2024-08-18","isFullCredit":false},{"lineNumber":13,"author":{"gitId":"benjiBase"},"content":"        return (isDone ? \"X\" : \" \"); // mark done task with X","lastModifiedDate":"2024-08-18","isFullCredit":false},{"lineNumber":14,"author":{"gitId":"benjiBase"},"content":"    }","lastModifiedDate":"2024-08-18","isFullCredit":false},{"lineNumber":15,"author":{"gitId":"benjiBase"},"content":"","lastModifiedDate":"2024-08-18","isFullCredit":false},{"lineNumber":16,"author":{"gitId":"benjiBase"},"content":"    public void unMarkTask() {","lastModifiedDate":"2024-08-18","isFullCredit":false},{"lineNumber":17,"author":{"gitId":"benjiBase"},"content":"        this.isDone \u003d false;","lastModifiedDate":"2024-08-18","isFullCredit":false},{"lineNumber":18,"author":{"gitId":"benjiBase"},"content":"        System.out.println(\"OK, I\u0027ve unmarked this task as not done yet: \\n\" +","lastModifiedDate":"2024-08-18","isFullCredit":false},{"lineNumber":19,"author":{"gitId":"benjiBase"},"content":"                \"   [\" + this.getStatusIcon() + \"] \" + this.description);","lastModifiedDate":"2024-08-18","isFullCredit":false},{"lineNumber":20,"author":{"gitId":"benjiBase"},"content":"    }","lastModifiedDate":"2024-08-18","isFullCredit":false},{"lineNumber":21,"author":{"gitId":"benjiBase"},"content":"    public void markTask() {","lastModifiedDate":"2024-08-18","isFullCredit":false},{"lineNumber":22,"author":{"gitId":"benjiBase"},"content":"        this.isDone \u003d true;","lastModifiedDate":"2024-08-18","isFullCredit":false},{"lineNumber":23,"author":{"gitId":"benjiBase"},"content":"        System.out.println(\"Nice! I\u0027ve marked this task as done: \\n\" +","lastModifiedDate":"2024-08-18","isFullCredit":false},{"lineNumber":24,"author":{"gitId":"benjiBase"},"content":"                \"   [\" + this.getStatusIcon() + \"] \" + this.description);","lastModifiedDate":"2024-08-18","isFullCredit":false},{"lineNumber":25,"author":{"gitId":"benjiBase"},"content":"    }","lastModifiedDate":"2024-08-18","isFullCredit":false},{"lineNumber":26,"author":{"gitId":"benjiBase"},"content":"    @Override","lastModifiedDate":"2024-08-18","isFullCredit":false},{"lineNumber":27,"author":{"gitId":"benjiBase"},"content":"    public String toString() {","lastModifiedDate":"2024-08-18","isFullCredit":false},{"lineNumber":28,"author":{"gitId":"benjiBase"},"content":"        return \"[\" + getStatusIcon() + \"] \" + description;","lastModifiedDate":"2024-08-18","isFullCredit":false},{"lineNumber":29,"author":{"gitId":"benjiBase"},"content":"    }","lastModifiedDate":"2024-08-18","isFullCredit":false},{"lineNumber":30,"author":{"gitId":"benjiBase"},"content":"","lastModifiedDate":"2024-08-18","isFullCredit":false},{"lineNumber":31,"author":{"gitId":"benjiBase"},"content":"}","lastModifiedDate":"2024-08-18","isFullCredit":false}],"authorContributionMap":{"benjiBase":31}},{"path":"src/main/java/Todo.java","fileType":"java","lines":[{"lineNumber":1,"author":{"gitId":"benjiBase"},"content":"public class Todo extends Task {","lastModifiedDate":"2024-08-18","isFullCredit":false},{"lineNumber":2,"author":{"gitId":"benjiBase"},"content":"","lastModifiedDate":"2024-08-18","isFullCredit":false},{"lineNumber":3,"author":{"gitId":"benjiBase"},"content":"    public Todo(String description) {","lastModifiedDate":"2024-08-18","isFullCredit":false},{"lineNumber":4,"author":{"gitId":"benjiBase"},"content":"        super(description);","lastModifiedDate":"2024-08-18","isFullCredit":false},{"lineNumber":5,"author":{"gitId":"benjiBase"},"content":"    }","lastModifiedDate":"2024-08-18","isFullCredit":false},{"lineNumber":6,"author":{"gitId":"benjiBase"},"content":"    @Override","lastModifiedDate":"2024-08-18","isFullCredit":false},{"lineNumber":7,"author":{"gitId":"benjiBase"},"content":"    public String toString() {","lastModifiedDate":"2024-08-18","isFullCredit":false},{"lineNumber":8,"author":{"gitId":"benjiBase"},"content":"        return \"[T]\" + super.toString();","lastModifiedDate":"2024-08-18","isFullCredit":false},{"lineNumber":9,"author":{"gitId":"benjiBase"},"content":"    }","lastModifiedDate":"2024-08-18","isFullCredit":false},{"lineNumber":10,"author":{"gitId":"benjiBase"},"content":"","lastModifiedDate":"2024-08-26","isFullCredit":false},{"lineNumber":11,"author":{"gitId":"benjiBase"},"content":"    @Override","lastModifiedDate":"2024-08-26","isFullCredit":false},{"lineNumber":12,"author":{"gitId":"benjiBase"},"content":"    public String toFileString() {","lastModifiedDate":"2024-08-26","isFullCredit":false},{"lineNumber":13,"author":{"gitId":"benjiBase"},"content":"        return \"T | \" + (isDone ? \"1\" : \"0\") + \" | \" + description;","lastModifiedDate":"2024-08-26","isFullCredit":false},{"lineNumber":14,"author":{"gitId":"benjiBase"},"content":"    }","lastModifiedDate":"2024-08-26","isFullCredit":false},{"lineNumber":15,"author":{"gitId":"benjiBase"},"content":"}","lastModifiedDate":"2024-08-18","isFullCredit":false}],"authorContributionMap":{"benjiBase":15}},{"path":"text-ui-test/input.txt","fileType":"txt","lines":[{"lineNumber":1,"author":{"gitId":"benjiBase"},"content":"todo borrow book","lastModifiedDate":"2024-08-22","isFullCredit":false},{"lineNumber":2,"author":{"gitId":"benjiBase"},"content":"deadline return book /by 6th June","lastModifiedDate":"2024-08-22","isFullCredit":false},{"lineNumber":3,"author":{"gitId":"benjiBase"},"content":"event project meeting /from Aug 6th 2pm /to 4pm","lastModifiedDate":"2024-08-22","isFullCredit":false},{"lineNumber":4,"author":{"gitId":"benjiBase"},"content":"todo join sports club","lastModifiedDate":"2024-08-22","isFullCredit":false},{"lineNumber":5,"author":{"gitId":"benjiBase"},"content":"todo borrow book","lastModifiedDate":"2024-08-22","isFullCredit":false},{"lineNumber":6,"author":{"gitId":"benjiBase"},"content":"mark 1","lastModifiedDate":"2024-08-22","isFullCredit":false},{"lineNumber":7,"author":{"gitId":"benjiBase"},"content":"mark 4","lastModifiedDate":"2024-08-22","isFullCredit":false},{"lineNumber":8,"author":{"gitId":"benjiBase"},"content":"deadline return book /by Sunday","lastModifiedDate":"2024-08-22","isFullCredit":false},{"lineNumber":9,"author":{"gitId":"benjiBase"},"content":"event project meeting /from Mon 2pm /to 4pm","lastModifiedDate":"2024-08-22","isFullCredit":false},{"lineNumber":10,"author":{"gitId":"benjiBase"},"content":"event","lastModifiedDate":"2024-08-22","isFullCredit":false},{"lineNumber":11,"author":{"gitId":"benjiBase"},"content":"deadline","lastModifiedDate":"2024-08-22","isFullCredit":false},{"lineNumber":12,"author":{"gitId":"benjiBase"},"content":"todo","lastModifiedDate":"2024-08-22","isFullCredit":false},{"lineNumber":13,"author":{"gitId":"benjiBase"},"content":"list","lastModifiedDate":"2024-08-22","isFullCredit":false},{"lineNumber":14,"author":{"gitId":"benjiBase"},"content":"delete 5","lastModifiedDate":"2024-08-22","isFullCredit":false},{"lineNumber":15,"author":{"gitId":"benjiBase"},"content":"delete 4","lastModifiedDate":"2024-08-22","isFullCredit":false},{"lineNumber":16,"author":{"gitId":"benjiBase"},"content":"list","lastModifiedDate":"2024-08-19","isFullCredit":false},{"lineNumber":17,"author":{"gitId":"benjiBase"},"content":"bye","lastModifiedDate":"2024-08-19","isFullCredit":false}],"authorContributionMap":{"benjiBase":17}},{"path":"text-ui-test/runtest.bat","fileType":"bat","lines":[{"lineNumber":1,"author":{"gitId":"-"},"content":"@ECHO OFF","lastModifiedDate":"2020-05-25","isFullCredit":false},{"lineNumber":2,"author":{"gitId":"-"},"content":"","lastModifiedDate":"2020-05-25","isFullCredit":false},{"lineNumber":3,"author":{"gitId":"-"},"content":"REM create bin directory if it doesn\u0027t exist","lastModifiedDate":"2020-05-25","isFullCredit":false},{"lineNumber":4,"author":{"gitId":"-"},"content":"if not exist ..\\bin mkdir ..\\bin","lastModifiedDate":"2020-05-25","isFullCredit":false},{"lineNumber":5,"author":{"gitId":"-"},"content":"","lastModifiedDate":"2020-05-25","isFullCredit":false},{"lineNumber":6,"author":{"gitId":"-"},"content":"REM delete output from previous run","lastModifiedDate":"2020-05-25","isFullCredit":false},{"lineNumber":7,"author":{"gitId":"-"},"content":"if exist ACTUAL.TXT del ACTUAL.TXT","lastModifiedDate":"2020-08-25","isFullCredit":false},{"lineNumber":8,"author":{"gitId":"-"},"content":"","lastModifiedDate":"2020-05-25","isFullCredit":false},{"lineNumber":9,"author":{"gitId":"-"},"content":"REM compile the code into the bin folder","lastModifiedDate":"2020-05-25","isFullCredit":false},{"lineNumber":10,"author":{"gitId":"-"},"content":"javac  -cp ..\\src\\main\\java -Xlint:none -d ..\\bin ..\\src\\main\\java\\*.java","lastModifiedDate":"2020-08-25","isFullCredit":false},{"lineNumber":11,"author":{"gitId":"-"},"content":"IF ERRORLEVEL 1 (","lastModifiedDate":"2020-05-25","isFullCredit":false},{"lineNumber":12,"author":{"gitId":"-"},"content":"    echo ********** BUILD FAILURE **********","lastModifiedDate":"2020-05-25","isFullCredit":false},{"lineNumber":13,"author":{"gitId":"-"},"content":"    exit /b 1","lastModifiedDate":"2020-05-25","isFullCredit":false},{"lineNumber":14,"author":{"gitId":"-"},"content":")","lastModifiedDate":"2020-05-25","isFullCredit":false},{"lineNumber":15,"author":{"gitId":"-"},"content":"REM no error here, errorlevel \u003d\u003d 0","lastModifiedDate":"2020-05-25","isFullCredit":false},{"lineNumber":16,"author":{"gitId":"-"},"content":"","lastModifiedDate":"2020-05-25","isFullCredit":false},{"lineNumber":17,"author":{"gitId":"-"},"content":"REM run the program, feed commands from input.txt file and redirect the output to the ACTUAL.TXT","lastModifiedDate":"2020-05-25","isFullCredit":false},{"lineNumber":18,"author":{"gitId":"benjiBase"},"content":"java -classpath ..\\bin Nameless \u003c input.txt \u003e ACTUAL.TXT","lastModifiedDate":"2024-08-17","isFullCredit":false},{"lineNumber":19,"author":{"gitId":"-"},"content":"","lastModifiedDate":"2020-05-25","isFullCredit":false},{"lineNumber":20,"author":{"gitId":"-"},"content":"REM compare the output to the expected output","lastModifiedDate":"2020-05-25","isFullCredit":false},{"lineNumber":21,"author":{"gitId":"-"},"content":"FC ACTUAL.TXT EXPECTED.TXT","lastModifiedDate":"2020-05-25","isFullCredit":false}],"authorContributionMap":{"benjiBase":1,"-":20}}]
