[{"path":"src/main/java/Deadline.java","fileType":"java","lines":[{"lineNumber":1,"author":{"gitId":"antgyf"},"content":"public class Deadline extends Task{","lastModifiedDate":"2024-08-22","isFullCredit":false},{"lineNumber":2,"author":{"gitId":"antgyf"},"content":"    private String deadline;","lastModifiedDate":"2024-08-22","isFullCredit":false},{"lineNumber":3,"author":{"gitId":"antgyf"},"content":"    public Deadline(String task, String deadline) {","lastModifiedDate":"2024-08-22","isFullCredit":false},{"lineNumber":4,"author":{"gitId":"antgyf"},"content":"        super(task);","lastModifiedDate":"2024-08-22","isFullCredit":false},{"lineNumber":5,"author":{"gitId":"antgyf"},"content":"        this.deadline \u003d deadline;","lastModifiedDate":"2024-08-22","isFullCredit":false},{"lineNumber":6,"author":{"gitId":"antgyf"},"content":"    }","lastModifiedDate":"2024-08-22","isFullCredit":false},{"lineNumber":7,"author":{"gitId":"antgyf"},"content":"","lastModifiedDate":"2024-08-22","isFullCredit":false},{"lineNumber":8,"author":{"gitId":"antgyf"},"content":"    @Override","lastModifiedDate":"2024-08-22","isFullCredit":false},{"lineNumber":9,"author":{"gitId":"antgyf"},"content":"    public String toString() {","lastModifiedDate":"2024-08-22","isFullCredit":false},{"lineNumber":10,"author":{"gitId":"antgyf"},"content":"        return \"[D]\" + super.toString() + \"(by: \" + deadline + \")\";","lastModifiedDate":"2024-08-22","isFullCredit":false},{"lineNumber":11,"author":{"gitId":"antgyf"},"content":"    }","lastModifiedDate":"2024-08-22","isFullCredit":false},{"lineNumber":12,"author":{"gitId":"antgyf"},"content":"}","lastModifiedDate":"2024-08-22","isFullCredit":false}],"authorContributionMap":{"antgyf":12}},{"path":"src/main/java/Event.java","fileType":"java","lines":[{"lineNumber":1,"author":{"gitId":"antgyf"},"content":"public class Event extends Task {","lastModifiedDate":"2024-08-22","isFullCredit":false},{"lineNumber":2,"author":{"gitId":"antgyf"},"content":"    private String date;","lastModifiedDate":"2024-08-22","isFullCredit":false},{"lineNumber":3,"author":{"gitId":"antgyf"},"content":"    public Event(String event, String date) {","lastModifiedDate":"2024-08-22","isFullCredit":false},{"lineNumber":4,"author":{"gitId":"antgyf"},"content":"        super(event);","lastModifiedDate":"2024-08-22","isFullCredit":false},{"lineNumber":5,"author":{"gitId":"antgyf"},"content":"        this.date \u003d date;","lastModifiedDate":"2024-08-22","isFullCredit":false},{"lineNumber":6,"author":{"gitId":"antgyf"},"content":"    }","lastModifiedDate":"2024-08-22","isFullCredit":false},{"lineNumber":7,"author":{"gitId":"antgyf"},"content":"","lastModifiedDate":"2024-08-22","isFullCredit":false},{"lineNumber":8,"author":{"gitId":"antgyf"},"content":"    @Override","lastModifiedDate":"2024-08-22","isFullCredit":false},{"lineNumber":9,"author":{"gitId":"antgyf"},"content":"    public String toString() {","lastModifiedDate":"2024-08-22","isFullCredit":false},{"lineNumber":10,"author":{"gitId":"antgyf"},"content":"        return \"[E]\" + super.toString() + \"(from: \" + date + \")\";","lastModifiedDate":"2024-08-22","isFullCredit":false},{"lineNumber":11,"author":{"gitId":"antgyf"},"content":"    }","lastModifiedDate":"2024-08-22","isFullCredit":false},{"lineNumber":12,"author":{"gitId":"antgyf"},"content":"}","lastModifiedDate":"2024-08-22","isFullCredit":false}],"authorContributionMap":{"antgyf":12}},{"path":"src/main/java/PHamBot.java","fileType":"java","lines":[{"lineNumber":1,"author":{"gitId":"antgyf"},"content":"import java.util.List;","lastModifiedDate":"2024-08-22","isFullCredit":false},{"lineNumber":2,"author":{"gitId":"antgyf"},"content":"import java.util.Scanner;","lastModifiedDate":"2024-08-22","isFullCredit":false},{"lineNumber":3,"author":{"gitId":"antgyf"},"content":"import java.util.ArrayList;","lastModifiedDate":"2024-08-22","isFullCredit":false},{"lineNumber":4,"author":{"gitId":"antgyf"},"content":"","lastModifiedDate":"2024-08-22","isFullCredit":false},{"lineNumber":5,"author":{"gitId":"antgyf"},"content":"public class PHamBot {","lastModifiedDate":"2024-08-22","isFullCredit":false},{"lineNumber":6,"author":{"gitId":"antgyf"},"content":"    private static final String line \u003d \"____________________________________________________________\\n\";","lastModifiedDate":"2024-08-22","isFullCredit":false},{"lineNumber":7,"author":{"gitId":"antgyf"},"content":"    private static TaskList tasks \u003d new TaskList();","lastModifiedDate":"2024-08-22","isFullCredit":false},{"lineNumber":8,"author":{"gitId":"antgyf"},"content":"","lastModifiedDate":"2024-08-22","isFullCredit":false},{"lineNumber":9,"author":{"gitId":"antgyf"},"content":"    public static void main(String[] args) {","lastModifiedDate":"2024-08-22","isFullCredit":false},{"lineNumber":10,"author":{"gitId":"antgyf"},"content":"        Greet();","lastModifiedDate":"2024-08-22","isFullCredit":false},{"lineNumber":11,"author":{"gitId":"antgyf"},"content":"        Scanner scanner \u003d new Scanner(System.in);","lastModifiedDate":"2024-08-22","isFullCredit":false},{"lineNumber":12,"author":{"gitId":"antgyf"},"content":"","lastModifiedDate":"2024-08-22","isFullCredit":false},{"lineNumber":13,"author":{"gitId":"antgyf"},"content":"        while (true) {","lastModifiedDate":"2024-08-22","isFullCredit":false},{"lineNumber":14,"author":{"gitId":"antgyf"},"content":"            String input \u003d scanner.nextLine();","lastModifiedDate":"2024-08-22","isFullCredit":false},{"lineNumber":15,"author":{"gitId":"antgyf"},"content":"","lastModifiedDate":"2024-08-22","isFullCredit":false},{"lineNumber":16,"author":{"gitId":"antgyf"},"content":"            if (input.equals(\"bye\")) {","lastModifiedDate":"2024-08-22","isFullCredit":false},{"lineNumber":17,"author":{"gitId":"antgyf"},"content":"                SayGoodbye();","lastModifiedDate":"2024-08-22","isFullCredit":false},{"lineNumber":18,"author":{"gitId":"antgyf"},"content":"                break;","lastModifiedDate":"2024-08-22","isFullCredit":false},{"lineNumber":19,"author":{"gitId":"antgyf"},"content":"            }","lastModifiedDate":"2024-08-22","isFullCredit":false},{"lineNumber":20,"author":{"gitId":"antgyf"},"content":"            if (input.equals(\"list\")) {","lastModifiedDate":"2024-08-22","isFullCredit":false},{"lineNumber":21,"author":{"gitId":"antgyf"},"content":"                ListTasks();","lastModifiedDate":"2024-08-22","isFullCredit":false},{"lineNumber":22,"author":{"gitId":"antgyf"},"content":"            }","lastModifiedDate":"2024-08-22","isFullCredit":false},{"lineNumber":23,"author":{"gitId":"antgyf"},"content":"            if (input.contains(\"todo\")) {","lastModifiedDate":"2024-08-22","isFullCredit":false},{"lineNumber":24,"author":{"gitId":"antgyf"},"content":"                String task \u003d input.substring(5);","lastModifiedDate":"2024-08-22","isFullCredit":false},{"lineNumber":25,"author":{"gitId":"antgyf"},"content":"                System.out.println(OutlineMessage(addToDo(task)));","lastModifiedDate":"2024-08-22","isFullCredit":false},{"lineNumber":26,"author":{"gitId":"antgyf"},"content":"            }","lastModifiedDate":"2024-08-22","isFullCredit":false},{"lineNumber":27,"author":{"gitId":"antgyf"},"content":"            if (input.contains(\"deadline\")) {","lastModifiedDate":"2024-08-22","isFullCredit":false},{"lineNumber":28,"author":{"gitId":"antgyf"},"content":"                int dateIndex \u003d input.indexOf(\"/\");","lastModifiedDate":"2024-08-22","isFullCredit":false},{"lineNumber":29,"author":{"gitId":"antgyf"},"content":"                String task \u003d input.substring(9, dateIndex);","lastModifiedDate":"2024-08-22","isFullCredit":false},{"lineNumber":30,"author":{"gitId":"antgyf"},"content":"                String deadline \u003d input.substring(dateIndex + 1);","lastModifiedDate":"2024-08-22","isFullCredit":false},{"lineNumber":31,"author":{"gitId":"antgyf"},"content":"                System.out.println(OutlineMessage(addDeadline(task, deadline)));","lastModifiedDate":"2024-08-22","isFullCredit":false},{"lineNumber":32,"author":{"gitId":"antgyf"},"content":"            }","lastModifiedDate":"2024-08-22","isFullCredit":false},{"lineNumber":33,"author":{"gitId":"antgyf"},"content":"            if (input.contains(\"event\")) {","lastModifiedDate":"2024-08-22","isFullCredit":false},{"lineNumber":34,"author":{"gitId":"antgyf"},"content":"                int dateIndex \u003d input.indexOf(\"/\");","lastModifiedDate":"2024-08-22","isFullCredit":false},{"lineNumber":35,"author":{"gitId":"antgyf"},"content":"                String task \u003d input.substring(6, dateIndex);","lastModifiedDate":"2024-08-22","isFullCredit":false},{"lineNumber":36,"author":{"gitId":"antgyf"},"content":"                String deadline \u003d input.substring(dateIndex + 1);","lastModifiedDate":"2024-08-22","isFullCredit":false},{"lineNumber":37,"author":{"gitId":"antgyf"},"content":"                System.out.println(OutlineMessage(addEvent(task, deadline)));","lastModifiedDate":"2024-08-22","isFullCredit":false},{"lineNumber":38,"author":{"gitId":"antgyf"},"content":"            }","lastModifiedDate":"2024-08-22","isFullCredit":false},{"lineNumber":39,"author":{"gitId":"antgyf"},"content":"            if (input.contains(\"unmark\")) {","lastModifiedDate":"2024-08-22","isFullCredit":false},{"lineNumber":40,"author":{"gitId":"antgyf"},"content":"                unmark(Integer.parseInt(input.substring(7)));","lastModifiedDate":"2024-08-22","isFullCredit":false},{"lineNumber":41,"author":{"gitId":"antgyf"},"content":"            } else if (input.contains(\"mark\")) {","lastModifiedDate":"2024-08-22","isFullCredit":false},{"lineNumber":42,"author":{"gitId":"antgyf"},"content":"                mark(Integer.parseInt(input.substring(5)));","lastModifiedDate":"2024-08-22","isFullCredit":false},{"lineNumber":43,"author":{"gitId":"antgyf"},"content":"            }","lastModifiedDate":"2024-08-22","isFullCredit":false},{"lineNumber":44,"author":{"gitId":"antgyf"},"content":"","lastModifiedDate":"2024-08-22","isFullCredit":false},{"lineNumber":45,"author":{"gitId":"antgyf"},"content":"","lastModifiedDate":"2024-08-22","isFullCredit":false},{"lineNumber":46,"author":{"gitId":"antgyf"},"content":"        }","lastModifiedDate":"2024-08-22","isFullCredit":false},{"lineNumber":47,"author":{"gitId":"antgyf"},"content":"    }","lastModifiedDate":"2024-08-22","isFullCredit":false},{"lineNumber":48,"author":{"gitId":"antgyf"},"content":"","lastModifiedDate":"2024-08-22","isFullCredit":false},{"lineNumber":49,"author":{"gitId":"antgyf"},"content":"    private static String OutlineMessage(String msg) {","lastModifiedDate":"2024-08-22","isFullCredit":false},{"lineNumber":50,"author":{"gitId":"antgyf"},"content":"        return line + msg + \"\\n\" + line;","lastModifiedDate":"2024-08-22","isFullCredit":false},{"lineNumber":51,"author":{"gitId":"antgyf"},"content":"    }","lastModifiedDate":"2024-08-22","isFullCredit":false},{"lineNumber":52,"author":{"gitId":"antgyf"},"content":"","lastModifiedDate":"2024-08-22","isFullCredit":false},{"lineNumber":53,"author":{"gitId":"antgyf"},"content":"    public static void Greet() {","lastModifiedDate":"2024-08-22","isFullCredit":false},{"lineNumber":54,"author":{"gitId":"antgyf"},"content":"        String greeting \u003d \"Hi! I\u0027m PHamBot\\nHappy to be of service to you today!\";","lastModifiedDate":"2024-08-22","isFullCredit":false},{"lineNumber":55,"author":{"gitId":"antgyf"},"content":"        System.out.println(OutlineMessage(greeting));","lastModifiedDate":"2024-08-22","isFullCredit":false},{"lineNumber":56,"author":{"gitId":"antgyf"},"content":"    }","lastModifiedDate":"2024-08-22","isFullCredit":false},{"lineNumber":57,"author":{"gitId":"antgyf"},"content":"","lastModifiedDate":"2024-08-22","isFullCredit":false},{"lineNumber":58,"author":{"gitId":"antgyf"},"content":"    public static void SayGoodbye() {","lastModifiedDate":"2024-08-22","isFullCredit":false},{"lineNumber":59,"author":{"gitId":"antgyf"},"content":"        String goodbye \u003d \"Hope I was able to help\\nGoodbye!\";","lastModifiedDate":"2024-08-22","isFullCredit":false},{"lineNumber":60,"author":{"gitId":"antgyf"},"content":"        System.out.println(OutlineMessage(goodbye));","lastModifiedDate":"2024-08-22","isFullCredit":false},{"lineNumber":61,"author":{"gitId":"antgyf"},"content":"    }","lastModifiedDate":"2024-08-22","isFullCredit":false},{"lineNumber":62,"author":{"gitId":"antgyf"},"content":"","lastModifiedDate":"2024-08-22","isFullCredit":false},{"lineNumber":63,"author":{"gitId":"antgyf"},"content":"    public static String addToDo(String task) {","lastModifiedDate":"2024-08-22","isFullCredit":false},{"lineNumber":64,"author":{"gitId":"antgyf"},"content":"        tasks.addTask(new ToDo(task));","lastModifiedDate":"2024-08-22","isFullCredit":false},{"lineNumber":65,"author":{"gitId":"antgyf"},"content":"        return \"Added:\\n\" + task;","lastModifiedDate":"2024-08-22","isFullCredit":false},{"lineNumber":66,"author":{"gitId":"antgyf"},"content":"    }","lastModifiedDate":"2024-08-22","isFullCredit":false},{"lineNumber":67,"author":{"gitId":"antgyf"},"content":"","lastModifiedDate":"2024-08-22","isFullCredit":false},{"lineNumber":68,"author":{"gitId":"antgyf"},"content":"    public static String addDeadline(String task, String deadline) {","lastModifiedDate":"2024-08-22","isFullCredit":false},{"lineNumber":69,"author":{"gitId":"antgyf"},"content":"        tasks.addTask(new Deadline(task, deadline));","lastModifiedDate":"2024-08-22","isFullCredit":false},{"lineNumber":70,"author":{"gitId":"antgyf"},"content":"        return \"Added:\\n\" + task;","lastModifiedDate":"2024-08-22","isFullCredit":false},{"lineNumber":71,"author":{"gitId":"antgyf"},"content":"    }","lastModifiedDate":"2024-08-22","isFullCredit":false},{"lineNumber":72,"author":{"gitId":"antgyf"},"content":"","lastModifiedDate":"2024-08-22","isFullCredit":false},{"lineNumber":73,"author":{"gitId":"antgyf"},"content":"    public static String addEvent(String task, String date) {","lastModifiedDate":"2024-08-22","isFullCredit":false},{"lineNumber":74,"author":{"gitId":"antgyf"},"content":"        tasks.addTask(new Event(task, date));","lastModifiedDate":"2024-08-22","isFullCredit":false},{"lineNumber":75,"author":{"gitId":"antgyf"},"content":"        return \"Added:\\n\" + task;","lastModifiedDate":"2024-08-22","isFullCredit":false},{"lineNumber":76,"author":{"gitId":"antgyf"},"content":"    }","lastModifiedDate":"2024-08-22","isFullCredit":false},{"lineNumber":77,"author":{"gitId":"antgyf"},"content":"","lastModifiedDate":"2024-08-22","isFullCredit":false},{"lineNumber":78,"author":{"gitId":"antgyf"},"content":"    public static void ListTasks() {","lastModifiedDate":"2024-08-22","isFullCredit":false},{"lineNumber":79,"author":{"gitId":"antgyf"},"content":"        System.out.println(OutlineMessage(tasks.toString()));","lastModifiedDate":"2024-08-22","isFullCredit":false},{"lineNumber":80,"author":{"gitId":"antgyf"},"content":"    }","lastModifiedDate":"2024-08-22","isFullCredit":false},{"lineNumber":81,"author":{"gitId":"antgyf"},"content":"","lastModifiedDate":"2024-08-22","isFullCredit":false},{"lineNumber":82,"author":{"gitId":"antgyf"},"content":"    public static boolean mark(int index) {","lastModifiedDate":"2024-08-22","isFullCredit":false},{"lineNumber":83,"author":{"gitId":"antgyf"},"content":"        int i \u003d index - 1;","lastModifiedDate":"2024-08-22","isFullCredit":false},{"lineNumber":84,"author":{"gitId":"antgyf"},"content":"        tasks.markTask(i);","lastModifiedDate":"2024-08-22","isFullCredit":false},{"lineNumber":85,"author":{"gitId":"antgyf"},"content":"        System.out.println(OutlineMessage(\"I\u0027ve marked the following task as done!\\n\" + tasks.getTask(i)));","lastModifiedDate":"2024-08-22","isFullCredit":false},{"lineNumber":86,"author":{"gitId":"antgyf"},"content":"        return true;","lastModifiedDate":"2024-08-22","isFullCredit":false},{"lineNumber":87,"author":{"gitId":"antgyf"},"content":"    }","lastModifiedDate":"2024-08-22","isFullCredit":false},{"lineNumber":88,"author":{"gitId":"antgyf"},"content":"","lastModifiedDate":"2024-08-22","isFullCredit":false},{"lineNumber":89,"author":{"gitId":"antgyf"},"content":"    public static boolean unmark(int index) {","lastModifiedDate":"2024-08-22","isFullCredit":false},{"lineNumber":90,"author":{"gitId":"antgyf"},"content":"        int i \u003d index - 1;","lastModifiedDate":"2024-08-22","isFullCredit":false},{"lineNumber":91,"author":{"gitId":"antgyf"},"content":"        tasks.unmarkTask(i);","lastModifiedDate":"2024-08-22","isFullCredit":false},{"lineNumber":92,"author":{"gitId":"antgyf"},"content":"        System.out.println(OutlineMessage(\"I\u0027ve marked the following task as not done.\\n\" + tasks.getTask(i)));","lastModifiedDate":"2024-08-22","isFullCredit":false},{"lineNumber":93,"author":{"gitId":"antgyf"},"content":"        return true;","lastModifiedDate":"2024-08-22","isFullCredit":false},{"lineNumber":94,"author":{"gitId":"antgyf"},"content":"    }","lastModifiedDate":"2024-08-22","isFullCredit":false},{"lineNumber":95,"author":{"gitId":"antgyf"},"content":"}","lastModifiedDate":"2024-08-22","isFullCredit":false}],"authorContributionMap":{"antgyf":95}},{"path":"src/main/java/Task.java","fileType":"java","lines":[{"lineNumber":1,"author":{"gitId":"antgyf"},"content":"public class Task {","lastModifiedDate":"2024-08-22","isFullCredit":false},{"lineNumber":2,"author":{"gitId":"antgyf"},"content":"    private String taskName;","lastModifiedDate":"2024-08-22","isFullCredit":false},{"lineNumber":3,"author":{"gitId":"antgyf"},"content":"    private boolean isDone;","lastModifiedDate":"2024-08-22","isFullCredit":false},{"lineNumber":4,"author":{"gitId":"antgyf"},"content":"","lastModifiedDate":"2024-08-22","isFullCredit":false},{"lineNumber":5,"author":{"gitId":"antgyf"},"content":"    public Task(String taskName) {","lastModifiedDate":"2024-08-22","isFullCredit":false},{"lineNumber":6,"author":{"gitId":"antgyf"},"content":"        this.taskName \u003d taskName;","lastModifiedDate":"2024-08-22","isFullCredit":false},{"lineNumber":7,"author":{"gitId":"antgyf"},"content":"        this.isDone \u003d false;","lastModifiedDate":"2024-08-22","isFullCredit":false},{"lineNumber":8,"author":{"gitId":"antgyf"},"content":"    }","lastModifiedDate":"2024-08-22","isFullCredit":false},{"lineNumber":9,"author":{"gitId":"antgyf"},"content":"","lastModifiedDate":"2024-08-22","isFullCredit":false},{"lineNumber":10,"author":{"gitId":"antgyf"},"content":"    public Task(String taskName, boolean isDone) {","lastModifiedDate":"2024-08-22","isFullCredit":false},{"lineNumber":11,"author":{"gitId":"antgyf"},"content":"        this.taskName \u003d taskName;","lastModifiedDate":"2024-08-22","isFullCredit":false},{"lineNumber":12,"author":{"gitId":"antgyf"},"content":"        this.isDone \u003d isDone;","lastModifiedDate":"2024-08-22","isFullCredit":false},{"lineNumber":13,"author":{"gitId":"antgyf"},"content":"    }","lastModifiedDate":"2024-08-22","isFullCredit":false},{"lineNumber":14,"author":{"gitId":"antgyf"},"content":"","lastModifiedDate":"2024-08-22","isFullCredit":false},{"lineNumber":15,"author":{"gitId":"antgyf"},"content":"    public boolean completeTask() {","lastModifiedDate":"2024-08-22","isFullCredit":false},{"lineNumber":16,"author":{"gitId":"antgyf"},"content":"        isDone \u003d true;","lastModifiedDate":"2024-08-22","isFullCredit":false},{"lineNumber":17,"author":{"gitId":"antgyf"},"content":"        return isDone;","lastModifiedDate":"2024-08-22","isFullCredit":false},{"lineNumber":18,"author":{"gitId":"antgyf"},"content":"    }","lastModifiedDate":"2024-08-22","isFullCredit":false},{"lineNumber":19,"author":{"gitId":"antgyf"},"content":"","lastModifiedDate":"2024-08-22","isFullCredit":false},{"lineNumber":20,"author":{"gitId":"antgyf"},"content":"    public boolean uncompleteTask() {","lastModifiedDate":"2024-08-22","isFullCredit":false},{"lineNumber":21,"author":{"gitId":"antgyf"},"content":"        isDone \u003d false;","lastModifiedDate":"2024-08-22","isFullCredit":false},{"lineNumber":22,"author":{"gitId":"antgyf"},"content":"        return isDone;","lastModifiedDate":"2024-08-22","isFullCredit":false},{"lineNumber":23,"author":{"gitId":"antgyf"},"content":"    }","lastModifiedDate":"2024-08-22","isFullCredit":false},{"lineNumber":24,"author":{"gitId":"antgyf"},"content":"    public String getTaskName() {","lastModifiedDate":"2024-08-22","isFullCredit":false},{"lineNumber":25,"author":{"gitId":"antgyf"},"content":"        return taskName;","lastModifiedDate":"2024-08-22","isFullCredit":false},{"lineNumber":26,"author":{"gitId":"antgyf"},"content":"    }","lastModifiedDate":"2024-08-22","isFullCredit":false},{"lineNumber":27,"author":{"gitId":"antgyf"},"content":"","lastModifiedDate":"2024-08-22","isFullCredit":false},{"lineNumber":28,"author":{"gitId":"antgyf"},"content":"    public boolean getTaskStatus() {","lastModifiedDate":"2024-08-22","isFullCredit":false},{"lineNumber":29,"author":{"gitId":"antgyf"},"content":"        return isDone;","lastModifiedDate":"2024-08-22","isFullCredit":false},{"lineNumber":30,"author":{"gitId":"antgyf"},"content":"    }","lastModifiedDate":"2024-08-22","isFullCredit":false},{"lineNumber":31,"author":{"gitId":"antgyf"},"content":"","lastModifiedDate":"2024-08-22","isFullCredit":false},{"lineNumber":32,"author":{"gitId":"antgyf"},"content":"    @Override","lastModifiedDate":"2024-08-22","isFullCredit":false},{"lineNumber":33,"author":{"gitId":"antgyf"},"content":"    public String toString() {","lastModifiedDate":"2024-08-22","isFullCredit":false},{"lineNumber":34,"author":{"gitId":"antgyf"},"content":"        String res;","lastModifiedDate":"2024-08-22","isFullCredit":false},{"lineNumber":35,"author":{"gitId":"antgyf"},"content":"        if (isDone) {","lastModifiedDate":"2024-08-22","isFullCredit":false},{"lineNumber":36,"author":{"gitId":"antgyf"},"content":"            res \u003d \"[X] \";","lastModifiedDate":"2024-08-22","isFullCredit":false},{"lineNumber":37,"author":{"gitId":"antgyf"},"content":"        }","lastModifiedDate":"2024-08-22","isFullCredit":false},{"lineNumber":38,"author":{"gitId":"antgyf"},"content":"        else {","lastModifiedDate":"2024-08-22","isFullCredit":false},{"lineNumber":39,"author":{"gitId":"antgyf"},"content":"            res \u003d \"[ ] \";","lastModifiedDate":"2024-08-22","isFullCredit":false},{"lineNumber":40,"author":{"gitId":"antgyf"},"content":"        }","lastModifiedDate":"2024-08-22","isFullCredit":false},{"lineNumber":41,"author":{"gitId":"antgyf"},"content":"        return res + taskName;","lastModifiedDate":"2024-08-22","isFullCredit":false},{"lineNumber":42,"author":{"gitId":"antgyf"},"content":"    }","lastModifiedDate":"2024-08-22","isFullCredit":false},{"lineNumber":43,"author":{"gitId":"antgyf"},"content":"}","lastModifiedDate":"2024-08-22","isFullCredit":false}],"authorContributionMap":{"antgyf":43}},{"path":"src/main/java/TaskList.java","fileType":"java","lines":[{"lineNumber":1,"author":{"gitId":"antgyf"},"content":"import java.util.ArrayList;","lastModifiedDate":"2024-08-22","isFullCredit":false},{"lineNumber":2,"author":{"gitId":"antgyf"},"content":"","lastModifiedDate":"2024-08-22","isFullCredit":false},{"lineNumber":3,"author":{"gitId":"antgyf"},"content":"public class TaskList {","lastModifiedDate":"2024-08-22","isFullCredit":false},{"lineNumber":4,"author":{"gitId":"antgyf"},"content":"    private ArrayList\u003cTask\u003e tasks;","lastModifiedDate":"2024-08-22","isFullCredit":false},{"lineNumber":5,"author":{"gitId":"antgyf"},"content":"","lastModifiedDate":"2024-08-22","isFullCredit":false},{"lineNumber":6,"author":{"gitId":"antgyf"},"content":"    public TaskList() {","lastModifiedDate":"2024-08-22","isFullCredit":false},{"lineNumber":7,"author":{"gitId":"antgyf"},"content":"        tasks \u003d new ArrayList\u003c\u003e();","lastModifiedDate":"2024-08-22","isFullCredit":false},{"lineNumber":8,"author":{"gitId":"antgyf"},"content":"    }","lastModifiedDate":"2024-08-22","isFullCredit":false},{"lineNumber":9,"author":{"gitId":"antgyf"},"content":"","lastModifiedDate":"2024-08-22","isFullCredit":false},{"lineNumber":10,"author":{"gitId":"antgyf"},"content":"    public boolean addTask(Task task) {","lastModifiedDate":"2024-08-22","isFullCredit":false},{"lineNumber":11,"author":{"gitId":"antgyf"},"content":"        return tasks.add(task);","lastModifiedDate":"2024-08-22","isFullCredit":false},{"lineNumber":12,"author":{"gitId":"antgyf"},"content":"    }","lastModifiedDate":"2024-08-22","isFullCredit":false},{"lineNumber":13,"author":{"gitId":"antgyf"},"content":"","lastModifiedDate":"2024-08-22","isFullCredit":false},{"lineNumber":14,"author":{"gitId":"antgyf"},"content":"    public Task getTask(int index) {","lastModifiedDate":"2024-08-22","isFullCredit":false},{"lineNumber":15,"author":{"gitId":"antgyf"},"content":"        return tasks.get(index);","lastModifiedDate":"2024-08-22","isFullCredit":false},{"lineNumber":16,"author":{"gitId":"antgyf"},"content":"    }","lastModifiedDate":"2024-08-22","isFullCredit":false},{"lineNumber":17,"author":{"gitId":"antgyf"},"content":"","lastModifiedDate":"2024-08-22","isFullCredit":false},{"lineNumber":18,"author":{"gitId":"antgyf"},"content":"    public boolean markTask(int index) {","lastModifiedDate":"2024-08-22","isFullCredit":false},{"lineNumber":19,"author":{"gitId":"antgyf"},"content":"        return tasks.get(index).completeTask();","lastModifiedDate":"2024-08-22","isFullCredit":false},{"lineNumber":20,"author":{"gitId":"antgyf"},"content":"    }","lastModifiedDate":"2024-08-22","isFullCredit":false},{"lineNumber":21,"author":{"gitId":"antgyf"},"content":"","lastModifiedDate":"2024-08-22","isFullCredit":false},{"lineNumber":22,"author":{"gitId":"antgyf"},"content":"    public boolean unmarkTask(int index) {","lastModifiedDate":"2024-08-22","isFullCredit":false},{"lineNumber":23,"author":{"gitId":"antgyf"},"content":"        return tasks.get(index).uncompleteTask();","lastModifiedDate":"2024-08-22","isFullCredit":false},{"lineNumber":24,"author":{"gitId":"antgyf"},"content":"    }","lastModifiedDate":"2024-08-22","isFullCredit":false},{"lineNumber":25,"author":{"gitId":"antgyf"},"content":"","lastModifiedDate":"2024-08-22","isFullCredit":false},{"lineNumber":26,"author":{"gitId":"antgyf"},"content":"    @Override","lastModifiedDate":"2024-08-22","isFullCredit":false},{"lineNumber":27,"author":{"gitId":"antgyf"},"content":"    public String toString() {","lastModifiedDate":"2024-08-22","isFullCredit":false},{"lineNumber":28,"author":{"gitId":"antgyf"},"content":"        String res \u003d \"\";","lastModifiedDate":"2024-08-22","isFullCredit":false},{"lineNumber":29,"author":{"gitId":"antgyf"},"content":"        for (int i \u003d 0; i \u003c tasks.size(); i++) {","lastModifiedDate":"2024-08-22","isFullCredit":false},{"lineNumber":30,"author":{"gitId":"antgyf"},"content":"            res \u003d res + (i + 1) + \". \" + tasks.get(i) + \"\\n\";","lastModifiedDate":"2024-08-22","isFullCredit":false},{"lineNumber":31,"author":{"gitId":"antgyf"},"content":"        }","lastModifiedDate":"2024-08-22","isFullCredit":false},{"lineNumber":32,"author":{"gitId":"antgyf"},"content":"        return res;","lastModifiedDate":"2024-08-22","isFullCredit":false},{"lineNumber":33,"author":{"gitId":"antgyf"},"content":"    }","lastModifiedDate":"2024-08-22","isFullCredit":false},{"lineNumber":34,"author":{"gitId":"antgyf"},"content":"}","lastModifiedDate":"2024-08-22","isFullCredit":false}],"authorContributionMap":{"antgyf":34}},{"path":"src/main/java/ToDo.java","fileType":"java","lines":[{"lineNumber":1,"author":{"gitId":"antgyf"},"content":"public class ToDo extends Task{","lastModifiedDate":"2024-08-22","isFullCredit":false},{"lineNumber":2,"author":{"gitId":"antgyf"},"content":"    public ToDo(String task) {","lastModifiedDate":"2024-08-22","isFullCredit":false},{"lineNumber":3,"author":{"gitId":"antgyf"},"content":"        super(task);","lastModifiedDate":"2024-08-22","isFullCredit":false},{"lineNumber":4,"author":{"gitId":"antgyf"},"content":"    }","lastModifiedDate":"2024-08-22","isFullCredit":false},{"lineNumber":5,"author":{"gitId":"antgyf"},"content":"","lastModifiedDate":"2024-08-22","isFullCredit":false},{"lineNumber":6,"author":{"gitId":"antgyf"},"content":"    @Override","lastModifiedDate":"2024-08-22","isFullCredit":false},{"lineNumber":7,"author":{"gitId":"antgyf"},"content":"    public String toString() {","lastModifiedDate":"2024-08-22","isFullCredit":false},{"lineNumber":8,"author":{"gitId":"antgyf"},"content":"        return \"[T]\" + super.toString();","lastModifiedDate":"2024-08-22","isFullCredit":false},{"lineNumber":9,"author":{"gitId":"antgyf"},"content":"    }","lastModifiedDate":"2024-08-22","isFullCredit":false},{"lineNumber":10,"author":{"gitId":"antgyf"},"content":"}","lastModifiedDate":"2024-08-22","isFullCredit":false}],"authorContributionMap":{"antgyf":10}}]
