{"authorDailyContributionsMap":{"antgyf":[{"date":"2024-08-22","commitResults":[{"hash":"d9d8cb6709565805cc767ea20d2a3247f2707b0d","isMergeCommit":false,"messageTitle":"Week 2 level 0","messageBody":"","tags":["Level-0"],"fileTypesAndContributionMap":{"java":{"insertions":15,"deletions":10}}},{"hash":"25331f86946d273b20f891f8330408664b909bd7","isMergeCommit":false,"messageTitle":"Week2 Level-1","messageBody":"","tags":["Level-1"],"fileTypesAndContributionMap":{"java":{"insertions":26,"deletions":4}}},{"hash":"2b8d2c24ec78de21079ca478d82c6b6dad8b8045","isMergeCommit":false,"messageTitle":"Week2 Level 2","messageBody":"","tags":["Level-2"],"fileTypesAndContributionMap":{"java":{"insertions":22,"deletions":3}}},{"hash":"5a9cc364caba9761e20e1e1086cdfac2c02bb1fb","isMergeCommit":false,"messageTitle":"Week2 Level 3","messageBody":"","tags":["Level-3"],"fileTypesAndContributionMap":{"java":{"insertions":105,"deletions":12}}},{"hash":"d5c7a27690cd66d23b5bf15d56963415838a4fba","isMergeCommit":false,"messageTitle":"Week2 Level 4","messageBody":"","tags":["Level-4"],"fileTypesAndContributionMap":{"java":{"insertions":62,"deletions":5}}},{"hash":"bc196bbed733203d653096a57cd5a74b3868fd55","isMergeCommit":false,"messageTitle":"Automated testing","messageBody":"","tags":["Level-5","A-TextUiTesting"],"fileTypesAndContributionMap":{"txt":{"insertions":9,"deletions":0},"bat":{"insertions":2,"deletions":2}}}]},{"date":"2024-08-23","commitResults":[{"hash":"88795de5cd26109e94e1a329e75710c263b8f0b9","isMergeCommit":false,"messageTitle":"Week2 Level-5","messageBody":"","tags":["Level-6"],"fileTypesAndContributionMap":{"txt":{"insertions":10,"deletions":0},"java":{"insertions":84,"deletions":21}}}]},{"date":"2024-08-26","commitResults":[{"hash":"19bb686e87f44eff1142e6159bd2280a177826b9","isMergeCommit":false,"messageTitle":"Week2 Level-6 in progress","messageBody":"","tags":["Level-6.2"],"fileTypesAndContributionMap":{"java":{"insertions":104,"deletions":11}}},{"hash":"c29b8728066152d5b043c5ddacf884f64d3a93db","isMergeCommit":false,"messageTitle":"Week2 Level-6 in progress","messageBody":"","fileTypesAndContributionMap":{"java":{"insertions":46,"deletions":23}}},{"hash":"128cec59d4a12a5204890a2b9420acfdc716efa2","isMergeCommit":false,"messageTitle":"Week2 Level-6 done","messageBody":"","fileTypesAndContributionMap":{"java":{"insertions":48,"deletions":56}}},{"hash":"d8d006ca2ceae8befed9f6563ee21062441f3c3c","isMergeCommit":false,"messageTitle":"Level-7 in progress","messageBody":"","tags":["Level-7"],"fileTypesAndContributionMap":{"txt":{"insertions":4,"deletions":0},"java":{"insertions":29,"deletions":4}}},{"hash":"b8cd4960826530cdfeddb758cd72c4bcd78af2f8","isMergeCommit":false,"messageTitle":"Week3 Level-7","messageBody":"","tags":["Level-8"],"fileTypesAndContributionMap":{"txt":{"insertions":2,"deletions":0},"java":{"insertions":57,"deletions":4}}}]},{"date":"2024-08-27","commitResults":[{"hash":"b126d78bd823c8f9930e4d89ae16838d6d86a83a","isMergeCommit":false,"messageTitle":"Week3 Level-8","messageBody":"","tags":["A-MoreOOP"],"fileTypesAndContributionMap":{"txt":{"insertions":8,"deletions":6},"java":{"insertions":65,"deletions":26}}}]},{"date":"2024-09-01","commitResults":[{"hash":"459d8dd694861c5cf6b8bb390298decffbb492c3","isMergeCommit":false,"messageTitle":"Week3 A-MoreOOP","messageBody":"","fileTypesAndContributionMap":{"java":{"insertions":362,"deletions":147}}},{"hash":"9df10c20acc322c96227f925ff4c84ec8323db3c","isMergeCommit":false,"messageTitle":"bugfixing","messageBody":"","tags":["A-Packages"],"fileTypesAndContributionMap":{"txt":{"insertions":2,"deletions":1},"java":{"insertions":98,"deletions":123}}},{"hash":"f71f38cf84fc8efa080a92734628a174245e352b","isMergeCommit":false,"messageTitle":"week3 A-Packages","messageBody":"","fileTypesAndContributionMap":{"java":{"insertions":90,"deletions":7}}},{"hash":"7c7f9985814e904e673ae18bb2b5b9cf2799ccf1","isMergeCommit":false,"messageTitle":"forgot to stage data folder","messageBody":"","fileTypesAndContributionMap":{"txt":{"insertions":0,"deletions":1}}},{"hash":"3e1613b900b2810903ee8d56b89ed9919d316602","isMergeCommit":true,"messageTitle":"Merge remote-tracking branch \u0027upstream/add-gradle-support\u0027","messageBody":"","tags":["A-Gradle"],"fileTypesAndContributionMap":{}},{"hash":"846278cb1213a17f93d1818f1ea11b51d41fce05","isMergeCommit":false,"messageTitle":"Week3 A-Gradle","messageBody":"","tags":["A-JUnit"],"fileTypesAndContributionMap":{"gradle":{"insertions":2,"deletions":2},"txt":{"insertions":1,"deletions":0}}},{"hash":"038a2dc22f5864719a7b6e8a921ec24352bacd92","isMergeCommit":false,"messageTitle":"Week3 A-JUnit","messageBody":"","tags":["A-Jar"],"fileTypesAndContributionMap":{"java":{"insertions":39,"deletions":0}}}]}]},"authorFileTypeContributionMap":{"antgyf":{"java":806,"md":0,"fxml":0,"sh":0,"bat":2,"gradle":2,"txt":28}},"authorContributionVariance":{"antgyf":49113.9},"authorDisplayNameMap":{"antgyf":"CS2103T-T12-1 ANTH..FENG"}}
