{"authorDailyContributionsMap":{"oolongwater":[{"date":"2024-08-19","commitResults":[{"hash":"96bac239fa28d6637e36e69f14925d07f15dfce2","isMergeCommit":false,"messageTitle":"Level-0","messageBody":"","tags":["Level-0"],"fileTypesAndContributionMap":{"java":{"insertions":11,"deletions":10},"bat":{"insertions":1,"deletions":1},"md":{"insertions":3,"deletions":3}}},{"hash":"5bcce828773bb792e4431726efad945b95a40278","isMergeCommit":false,"messageTitle":"Level-1","messageBody":"","tags":["Level-1"],"fileTypesAndContributionMap":{"java":{"insertions":28,"deletions":5}}},{"hash":"c874777bdf4e9efd3c9edc702ecf30a36587f7b8","isMergeCommit":false,"messageTitle":"Level-2","messageBody":"","tags":["Level-2"],"fileTypesAndContributionMap":{"java":{"insertions":27,"deletions":5}}},{"hash":"50f753cd5d6e4f3a0930fa617b82511b89bd67ff","isMergeCommit":false,"messageTitle":"Level-3","messageBody":"","tags":["Level-3"],"fileTypesAndContributionMap":{"java":{"insertions":97,"deletions":24}}},{"hash":"b6dcb7e00ca3ace88838188add6f18819fc26b17","isMergeCommit":false,"messageTitle":"Level-4","messageBody":"","tags":["Level-4"],"fileTypesAndContributionMap":{"java":{"insertions":83,"deletions":10}}},{"hash":"d1fb5930c43900a4f1adf2ddd223d7583124150b","isMergeCommit":false,"messageTitle":"A-TextUiTesting","messageBody":"","tags":["A-TextUiTesting"],"fileTypesAndContributionMap":{"txt":{"insertions":9,"deletions":0},"sh":{"insertions":1,"deletions":1}}},{"hash":"b8279e16a37e7a28d565f404cd133f14e8565424","isMergeCommit":false,"messageTitle":"Level-5","messageBody":"","tags":["Level-5"],"fileTypesAndContributionMap":{"java":{"insertions":72,"deletions":56}}},{"hash":"743d0fd2015e846c93deac730a3dddc6cee68938","isMergeCommit":false,"messageTitle":"Level-6","messageBody":"","tags":["Level-6"],"fileTypesAndContributionMap":{"java":{"insertions":53,"deletions":28}}},{"hash":"939e5c30cd6c99fba807ced5b643c82d1a17304e","isMergeCommit":false,"messageTitle":"A-Enums","messageBody":"","tags":["A-Enums"],"fileTypesAndContributionMap":{"java":{"insertions":84,"deletions":60}}}]},{"date":"2024-08-20","commitResults":[{"hash":"766b33acc363280aa31f9f960b3c21c216409a54","isMergeCommit":false,"messageTitle":"Level-7","messageBody":"","tags":["Level-7"],"fileTypesAndContributionMap":{"java":{"insertions":131,"deletions":2}}},{"hash":"ba342dd4564df2de32fc2ff16b90bf3977c0873a","isMergeCommit":false,"messageTitle":"Level-8","messageBody":"","tags":["Level-8"],"fileTypesAndContributionMap":{"java":{"insertions":19,"deletions":8}}},{"hash":"335926e52c03b16f54c40b6f0de721aed819f9e7","isMergeCommit":false,"messageTitle":"Level-8 Stretch","messageBody":"","tags":["Level-8-Stretch"],"fileTypesAndContributionMap":{"java":{"insertions":21,"deletions":1}}}]},{"date":"2024-08-21","commitResults":[{"hash":"fc60f6b3e7a6dae1c5f6644d9b67341f4e75b32e","isMergeCommit":false,"messageTitle":"A-MoreOOP","messageBody":"","tags":["A-MoreOOP"],"fileTypesAndContributionMap":{"java":{"insertions":350,"deletions":254}}},{"hash":"cff43fd563e94b934a5f70fae42164b975486abe","isMergeCommit":false,"messageTitle":"A-Packages","messageBody":"","tags":["A-Packages"],"fileTypesAndContributionMap":{"java":{"insertions":523,"deletions":523}}},{"hash":"44eb2fe411bdeb2d36cd571b461691532121e6f7","isMergeCommit":true,"messageTitle":"Merge commit \u002781a9c537afe8492675eb253968939364d65db091\u0027","messageBody":"","fileTypesAndContributionMap":{}},{"hash":"7f8292ece8a0d81819db6501ba3f31ec0d9aca3b","isMergeCommit":false,"messageTitle":"Updated delete command","messageBody":"","fileTypesAndContributionMap":{"java":{"insertions":12,"deletions":4}}},{"hash":"61936b254dbf2a461730565a852aefe0461473f6","isMergeCommit":false,"messageTitle":"A-Gradle","messageBody":"","tags":["A-Gradle"],"fileTypesAndContributionMap":{"java":{"insertions":1608,"deletions":3}}},{"hash":"5bfd29a480c7a084c634ca8167246276c44bbc2d","isMergeCommit":false,"messageTitle":"Deleted extra src","messageBody":"","fileTypesAndContributionMap":{"java":{"insertions":0,"deletions":1603}}},{"hash":"c19c13f42827909f0bf89a244f7c0d2b5231f7e1","isMergeCommit":false,"messageTitle":"A-JUnit","messageBody":"","tags":["A-Jar","A-JUnit"],"fileTypesAndContributionMap":{"java":{"insertions":54,"deletions":0}}},{"hash":"90558f02b92b5d316004b084350003abd50e5c4e","isMergeCommit":false,"messageTitle":"A-Jar Fixed gradle","messageBody":"","fileTypesAndContributionMap":{"gradle":{"insertions":11,"deletions":3}}},{"hash":"d451a93ebda128aabafc5713565bec359d372a60","isMergeCommit":false,"messageTitle":"A-JavaDoc","messageBody":"","tags":["A-CodingStandard"],"fileTypesAndContributionMap":{"java":{"insertions":353,"deletions":80}}},{"hash":"09e6c4a9c1f83fee50fafea51e12d05d4cbc4208","isMergeCommit":false,"messageTitle":"Level-9","messageBody":"","tags":["Level-9"],"fileTypesAndContributionMap":{"gradle":{"insertions":3,"deletions":3},"java":{"insertions":29,"deletions":3}}}]}]},"authorFileTypeContributionMap":{"oolongwater":{"java":886,"md":3,"fxml":0,"sh":1,"bat":1,"gradle":10,"txt":9}},"authorContributionVariance":{"oolongwater":3881974.8},"authorDisplayNameMap":{"oolongwater":"CS2103T-W09-1 LOW ..EWEN"}}
