{"authorDailyContributionsMap":{"oolongwater":[{"date":"2024-08-19","commitResults":[{"hash":"96bac239fa28d6637e36e69f14925d07f15dfce2","isMergeCommit":false,"messageTitle":"Level-0","messageBody":"","tags":["Level-0"],"fileTypesAndContributionMap":{"java":{"insertions":11,"deletions":10},"bat":{"insertions":1,"deletions":1},"md":{"insertions":3,"deletions":3}}},{"hash":"5bcce828773bb792e4431726efad945b95a40278","isMergeCommit":false,"messageTitle":"Level-1","messageBody":"","tags":["Level-1"],"fileTypesAndContributionMap":{"java":{"insertions":28,"deletions":5}}},{"hash":"c874777bdf4e9efd3c9edc702ecf30a36587f7b8","isMergeCommit":false,"messageTitle":"Level-2","messageBody":"","tags":["Level-2"],"fileTypesAndContributionMap":{"java":{"insertions":27,"deletions":5}}},{"hash":"50f753cd5d6e4f3a0930fa617b82511b89bd67ff","isMergeCommit":false,"messageTitle":"Level-3","messageBody":"","tags":["Level-3"],"fileTypesAndContributionMap":{"java":{"insertions":97,"deletions":24}}},{"hash":"b6dcb7e00ca3ace88838188add6f18819fc26b17","isMergeCommit":false,"messageTitle":"Level-4","messageBody":"","tags":["Level-4"],"fileTypesAndContributionMap":{"java":{"insertions":83,"deletions":10}}},{"hash":"d1fb5930c43900a4f1adf2ddd223d7583124150b","isMergeCommit":false,"messageTitle":"A-TextUiTesting","messageBody":"","tags":["A-TextUiTesting"],"fileTypesAndContributionMap":{"txt":{"insertions":9,"deletions":0},"sh":{"insertions":1,"deletions":1}}},{"hash":"b8279e16a37e7a28d565f404cd133f14e8565424","isMergeCommit":false,"messageTitle":"Level-5","messageBody":"","tags":["Level-5"],"fileTypesAndContributionMap":{"java":{"insertions":72,"deletions":56}}},{"hash":"743d0fd2015e846c93deac730a3dddc6cee68938","isMergeCommit":false,"messageTitle":"Level-6","messageBody":"","tags":["Level-6"],"fileTypesAndContributionMap":{"java":{"insertions":53,"deletions":28}}},{"hash":"939e5c30cd6c99fba807ced5b643c82d1a17304e","isMergeCommit":false,"messageTitle":"A-Enums","messageBody":"","tags":["A-Enums"],"fileTypesAndContributionMap":{"java":{"insertions":84,"deletions":60}}}]},{"date":"2024-08-20","commitResults":[{"hash":"766b33acc363280aa31f9f960b3c21c216409a54","isMergeCommit":false,"messageTitle":"Level-7","messageBody":"","tags":["Level-7"],"fileTypesAndContributionMap":{"java":{"insertions":131,"deletions":2}}},{"hash":"ba342dd4564df2de32fc2ff16b90bf3977c0873a","isMergeCommit":false,"messageTitle":"Level-8","messageBody":"","tags":["Level-8"],"fileTypesAndContributionMap":{"java":{"insertions":19,"deletions":8}}},{"hash":"335926e52c03b16f54c40b6f0de721aed819f9e7","isMergeCommit":false,"messageTitle":"Level-8 Stretch","messageBody":"","tags":["Level-8-Stretch"],"fileTypesAndContributionMap":{"java":{"insertions":21,"deletions":1}}}]},{"date":"2024-08-21","commitResults":[{"hash":"fc60f6b3e7a6dae1c5f6644d9b67341f4e75b32e","isMergeCommit":false,"messageTitle":"A-MoreOOP","messageBody":"","tags":["A-MoreOOP"],"fileTypesAndContributionMap":{"java":{"insertions":350,"deletions":254}}},{"hash":"cff43fd563e94b934a5f70fae42164b975486abe","isMergeCommit":false,"messageTitle":"A-Packages","messageBody":"","tags":["A-Packages"],"fileTypesAndContributionMap":{"java":{"insertions":523,"deletions":523}}},{"hash":"44eb2fe411bdeb2d36cd571b461691532121e6f7","isMergeCommit":true,"messageTitle":"Merge commit \u002781a9c537afe8492675eb253968939364d65db091\u0027","messageBody":"","fileTypesAndContributionMap":{}},{"hash":"7f8292ece8a0d81819db6501ba3f31ec0d9aca3b","isMergeCommit":false,"messageTitle":"Updated delete command","messageBody":"","fileTypesAndContributionMap":{"java":{"insertions":12,"deletions":4}}},{"hash":"61936b254dbf2a461730565a852aefe0461473f6","isMergeCommit":false,"messageTitle":"A-Gradle","messageBody":"","tags":["A-Gradle"],"fileTypesAndContributionMap":{"java":{"insertions":1608,"deletions":3}}},{"hash":"5bfd29a480c7a084c634ca8167246276c44bbc2d","isMergeCommit":false,"messageTitle":"Deleted extra src","messageBody":"","fileTypesAndContributionMap":{"java":{"insertions":0,"deletions":1603}}},{"hash":"c19c13f42827909f0bf89a244f7c0d2b5231f7e1","isMergeCommit":false,"messageTitle":"A-JUnit","messageBody":"","tags":["A-Jar","A-JUnit"],"fileTypesAndContributionMap":{"java":{"insertions":54,"deletions":0}}},{"hash":"90558f02b92b5d316004b084350003abd50e5c4e","isMergeCommit":false,"messageTitle":"A-Jar Fixed gradle","messageBody":"","fileTypesAndContributionMap":{"gradle":{"insertions":11,"deletions":3}}},{"hash":"d451a93ebda128aabafc5713565bec359d372a60","isMergeCommit":false,"messageTitle":"A-JavaDoc","messageBody":"","tags":["A-JavaDoc","A-CodingStandard"],"fileTypesAndContributionMap":{"java":{"insertions":353,"deletions":80}}},{"hash":"09e6c4a9c1f83fee50fafea51e12d05d4cbc4208","isMergeCommit":false,"messageTitle":"Level-9","messageBody":"","tags":["Level-9"],"fileTypesAndContributionMap":{"gradle":{"insertions":3,"deletions":3},"java":{"insertions":29,"deletions":3}}}]},{"date":"2024-08-27","commitResults":[{"hash":"e3463934217396e02b8e7bc1dd05413c43935125","isMergeCommit":false,"messageTitle":"A-CheckStyle","messageBody":"","tags":["A-CheckStyle"],"fileTypesAndContributionMap":{"gradle":{"insertions":7,"deletions":0},"java":{"insertions":544,"deletions":476}}},{"hash":"dc369fad830dcf30a4f3d818f11b0f404c2f259d","isMergeCommit":false,"messageTitle":"Level-10 Deep-Fried GUI","messageBody":"","fileTypesAndContributionMap":{"gradle":{"insertions":22,"deletions":3},"fxml":{"insertions":45,"deletions":0},"java":{"insertions":356,"deletions":324}}},{"hash":"9d253a36de642f4c9e876119ca441683a00ebc30","isMergeCommit":false,"messageTitle":"Level-10 Normal GUI","messageBody":"","tags":["Level-10"],"fileTypesAndContributionMap":{"java":{"insertions":67,"deletions":7}}},{"hash":"05657e93155fd9b49c203e71684bc9cf2a5e3f06","isMergeCommit":false,"messageTitle":"A-Varargs","messageBody":"","tags":["A-Varargs"],"fileTypesAndContributionMap":{"java":{"insertions":12,"deletions":14}}},{"hash":"6385caac7983da25af8b5fbfdc9b8fe15c2423b5","isMergeCommit":false,"messageTitle":"Fixed Date Bug","messageBody":"","fileTypesAndContributionMap":{"java":{"insertions":2,"deletions":3}}}]},{"date":"2024-09-03","commitResults":[{"hash":"c47e7a7220d7e92b39290b1005d2b138f97a4a9d","isMergeCommit":false,"messageTitle":"Add assert statements to document important assumptions","messageBody":"Added assert statements in various parts of the code to document\nimportant assumptions that should hold at various points. This helps\nin identifying potential issues early and ensures that the code\nbehaves as expected.\n\nChanges include:\n- Added asserts in `Giorgo.java` to check for non-null tasks and\n  non-empty arguments.\n- Added asserts in `Event.java` and `Deadline.java` to validate\n  file format and structure.\n- Added asserts in `Storage.java` to handle unknown task types\n  and ensure proper task loading.\n\nThese changes improve code robustness and make debugging easier\nby catching invalid states early.\n","tags":["A-FullCommitMessage"],"fileTypesAndContributionMap":{"java":{"insertions":20,"deletions":25}}},{"hash":"dcc6bbf6bbaa4033c33a78171daaa83b2c0874d5","isMergeCommit":true,"messageTitle":"Merge pull request #1 from oolongwater/A-Assertions","messageBody":"Add assert statements to document important assumptions","tags":["A-Assertions"],"fileTypesAndContributionMap":{}},{"hash":"e9f4002b2bb2c4327f379cf28931886f59f5790d","isMergeCommit":false,"messageTitle":"Refactor code for improved readability and maintainability","messageBody":"The codebase contains several areas where readability and maintainability can be improved. This includes adding Javadoc comments, using modern Java features, and refactoring methods for clarity.\n\nTo address these issues, the following changes have been made:\n* Added Javadoc comments to the `Giorgo` class and its methods to provide detailed descriptions of their functionality.\n* Improved code quality in `Storage.java` by using try-with-resources and extracting task creation logic into a separate method.\n* Enhanced `Main.java` and `Launcher.java` for better readability and maintainability.\n* Refactored the `getTasksOnDate` method in `Ui.java` for clarity and efficiency.\n\nThese changes help ensure the code is easier to understand and maintain, reducing the likelihood of bugs and making future enhancements simpler.\n","tags":["A-CodeQuality"],"fileTypesAndContributionMap":{"java":{"insertions":126,"deletions":100}}},{"hash":"52e4e11847aa0f962dee4a8fb973682f16f02575","isMergeCommit":true,"messageTitle":"Merge pull request #2 from oolongwater/A-CodeQuality","messageBody":"Refactor code for improved readability and maintainability","fileTypesAndContributionMap":{}},{"hash":"0f23929fdd6d066423f180843ac79c8699795e24","isMergeCommit":false,"messageTitle":"Use Java Streams for improved code readability and efficiency","messageBody":"The codebase contains several areas where the use of Java Streams can\nimprove readability and efficiency. This includes refactoring methods to\nuse Streams for filtering, mapping, and collecting data.\n\nTo address these issues, the following changes have been made:\n\n* Refactored the `getTasksOnDate` method to use Java Streams for filtering\n  and collecting tasks.\n* Refactored the `load` method in the `Storage` class to use Java Streams\n  for reading lines from the file and creating tasks.\n* Refactored the `save` method in the `Storage` class to use Java Streams\n  for writing tasks to the file.\n\nThese changes help ensure the code is more concise and easier to\nunderstand, while also leveraging the benefits of Java Streams for\nprocessing collections.\n","fileTypesAndContributionMap":{"java":{"insertions":30,"deletions":23}}},{"hash":"75b35011693864ac82001af19c6c749f8fb619d3","isMergeCommit":true,"messageTitle":"Merge pull request #3 from oolongwater/A-Streams","messageBody":"Use Java Streams for improved code readability and efficiency","tags":["A-Streams"],"fileTypesAndContributionMap":{}},{"hash":"45d9ead28d7259b2ac1f1509f0e806633a028f62","isMergeCommit":false,"messageTitle":"Update README.md","messageBody":"","fileTypesAndContributionMap":{"md":{"insertions":1,"deletions":1}}},{"hash":"cb81ee10ba6a73000043f284809b5eb4e3771029","isMergeCommit":false,"messageTitle":"Add priority feature to tasks","messageBody":"Tasks in the application did not have a priority level, making it\ndifficult for users to manage and prioritize their tasks effectively.\n\nAdding a priority feature allows users to assign a priority level to\neach task, helping them to better organize and manage their tasks\nbased on importance.\n\nLet\u0027s:\n* Modify the `UI` class to display the priority level in the task\n  added message.\n* Update the `handleTodo`, `handleDeadline`, and `handleEvent` methods\n  in `Giorgo.java` to handle the priority level.\n* Adjust the `parseDeadlineArguments` method in the `Parser` class to\n  correctly parse the deadline input with priority.\n* Ensure the `Deadline` class constructor can handle single-digit\n  dates and months.\n\nThis approach ensures that the priority feature is integrated\nseamlessly into the existing task management system, enhancing the\nuser experience.\n","fileTypesAndContributionMap":{"java":{"insertions":118,"deletions":147}}},{"hash":"fe0f8300b59db2868c72930f4b02fdd8da5f0d44","isMergeCommit":true,"messageTitle":"Merge tag \u0027BCD-Extension\u0027","messageBody":"","tags":["BCD-Extension"],"fileTypesAndContributionMap":{}},{"hash":"8eaee7c703d8a5676ef9ceff057ef11cd8211223","isMergeCommit":false,"messageTitle":"Update README.md","messageBody":"","fileTypesAndContributionMap":{"md":{"insertions":46,"deletions":24}}}]},{"date":"2024-09-10","commitResults":[{"hash":"c54c292fa35e169d8c22fd59afd27dbe4979b204","isMergeCommit":false,"messageTitle":"docs: Add UI screenshot and update command descriptions in README","messageBody":"The README.md file now includes a screenshot of the UI to provide users\nwith a visual reference. Additionally, the command descriptions have been\nupdated for better clarity and accuracy.\n\nLet\u0027s,\n* add the `Ui.png` image to the `docs` directory\n* update the README.md to display the image\n* refine the command descriptions in the README.md\n","tags":["A-UserGuide"],"fileTypesAndContributionMap":{"java":{"insertions":94,"deletions":29},"md":{"insertions":50,"deletions":15}}},{"hash":"01f2b1b0fa6c56a2b89521a3490f5abd7564388f","isMergeCommit":false,"messageTitle":"docs: Update command descriptions in README","messageBody":"The command descriptions have been\nupdated with the priority feature for better clarity and accuracy.\n\nLet\u0027s,\n* refine the command descriptions to reflect priority in the README.md\n","tags":["v0.2"],"fileTypesAndContributionMap":{"gradle":{"insertions":6,"deletions":4},"md":{"insertions":7,"deletions":7}}},{"hash":"1436b1e128de7e3c190b21c2fa526682714146bc","isMergeCommit":false,"messageTitle":"chore(release): prepare for final release","messageBody":"- Ensure all dependencies are up to date\n- Verify main class configuration in `build.gradle`\n- Confirm correct package structure and classpath\n- Update documentation and README\n","tags":["A-Release"],"fileTypesAndContributionMap":{"gradle":{"insertions":6,"deletions":7}}}]}]},"authorFileTypeContributionMap":{"oolongwater":{"java":1107,"md":92,"fxml":45,"sh":1,"bat":1,"gradle":39,"txt":9}},"authorContributionVariance":{"oolongwater":1182149.6},"authorDisplayNameMap":{"oolongwater":"CS2103T-W09-1 LOW ..EWEN"}}
