{"authorDailyContributionsMap":{"Reallyeasy1":[{"date":"2024-08-18","commitResults":[{"hash":"60aad18c8666e8cc25f189573389cb2fc6ad902b","isMergeCommit":false,"messageTitle":"Add Database Save Feature to Chatbot","messageBody":"","fileTypesAndContributionMap":{"java":{"insertions":123,"deletions":1}}},{"hash":"4ab51b2e5253cab1160a5c14758597304f33436f","isMergeCommit":true,"messageTitle":"Merge pull request #1 from Reallyeasy1/branch-level-7","messageBody":"Add Database Save Feature to Chatbot","tags":["Level-7"],"fileTypesAndContributionMap":{}},{"hash":"b9b80379d1d115d488172d482bd569aab270657f","isMergeCommit":false,"messageTitle":"Use LocalDateTime for event and deadline","messageBody":"","fileTypesAndContributionMap":{"java":{"insertions":40,"deletions":15}}},{"hash":"f8c14448f1b93832a149c1c32ad5b46e022095f8","isMergeCommit":false,"messageTitle":"Handle wrong DateTime format error","messageBody":"","fileTypesAndContributionMap":{"java":{"insertions":4,"deletions":1}}},{"hash":"77a9160e28ba6f65778573400a4f2bb42416141f","isMergeCommit":false,"messageTitle":"Add check for if start time is before end time for event task","messageBody":"","fileTypesAndContributionMap":{"java":{"insertions":11,"deletions":6}}}]},{"date":"2024-08-19","commitResults":[{"hash":"2a25ce5e5a17f7bb91f86e840c3f55564a8b021e","isMergeCommit":true,"messageTitle":"Merge pull request #2 from Reallyeasy1/branch-level-8","messageBody":"Branch level 8","fileTypesAndContributionMap":{}},{"hash":"e5d796f3aa54b6c8650702d4c614a1f26eb29ec0","isMergeCommit":false,"messageTitle":"Add different printing formats for datetime","messageBody":"","fileTypesAndContributionMap":{"java":{"insertions":22,"deletions":5}}},{"hash":"b1225fcd312a4fc21a9314a9350848763e111d37","isMergeCommit":true,"messageTitle":"Merge pull request #3 from Reallyeasy1/branch-level-8","messageBody":"Add different printing formats for datetime","tags":["Level-8"],"fileTypesAndContributionMap":{}},{"hash":"b58734596a00a32f1d2b0eb7d0d33f5e46b35092","isMergeCommit":false,"messageTitle":"Changed Database to Storage","messageBody":"","fileTypesAndContributionMap":{"java":{"insertions":3,"deletions":3}}}]},{"date":"2024-08-22","commitResults":[{"hash":"5a636626550456759f74a0984e011bb702c70384","isMergeCommit":false,"messageTitle":"Change ArrayList to TaskList to store Tasks","messageBody":"","fileTypesAndContributionMap":{"java":{"insertions":52,"deletions":6}}},{"hash":"88a07ce892791a4d53351f8fb84bf875f11e755e","isMergeCommit":false,"messageTitle":"Fix bugs regarding TaskList","messageBody":"","fileTypesAndContributionMap":{"java":{"insertions":4,"deletions":8}}},{"hash":"de59b576f3315009c63547d137a8a83cf8e92a29","isMergeCommit":false,"messageTitle":"Separate out the handle functions as classes and create TextUi class","messageBody":"","fileTypesAndContributionMap":{"java":{"insertions":295,"deletions":32}}},{"hash":"6916edb0d24309b47393f2ab73b1cdb5bc22e79e","isMergeCommit":false,"messageTitle":"Allow TextUI to listen for inputs and display texts for all commands","messageBody":"","fileTypesAndContributionMap":{"java":{"insertions":23,"deletions":151}}},{"hash":"2dfcac53ce1c85c996877cc1035f0bcf680618c2","isMergeCommit":false,"messageTitle":"Add Parser class","messageBody":"","tags":["A-MoreOOP"],"fileTypesAndContributionMap":{"java":{"insertions":24,"deletions":12}}},{"hash":"671de63f7026a933a9ac7c75e8b6c711793135d6","isMergeCommit":false,"messageTitle":"Move all files/ packages into Citadel Package","messageBody":"","tags":["A-Packages"],"fileTypesAndContributionMap":{"java":{"insertions":77,"deletions":97}}}]},{"date":"2024-08-23","commitResults":[{"hash":"24a0ddab6a638627555ea9af18e8fb574f814fba","isMergeCommit":true,"messageTitle":"Merge branch \u0027master\u0027 into add-gradle-support","messageBody":"","tags":["A-Gradle"],"fileTypesAndContributionMap":{}},{"hash":"5f26a3e165ad06a5654eda5ce2be9993eaeae277","isMergeCommit":false,"messageTitle":"Added JUnit Test","messageBody":"","tags":["A-JUnit"],"fileTypesAndContributionMap":{"java":{"insertions":66,"deletions":0}}},{"hash":"4270ab843d9f23af9f8c43806a699523cbc2e53e","isMergeCommit":true,"messageTitle":"Merge pull request #4 from Reallyeasy1/add-gradle-support","messageBody":"Add gradle support and JUnit Tests","tags":["A-Jar"],"fileTypesAndContributionMap":{}},{"hash":"066dbced33df5243a28743bf848e7cf71b2b238f","isMergeCommit":false,"messageTitle":"Refactor naming of packages","messageBody":"","fileTypesAndContributionMap":{"txt":{"insertions":1,"deletions":1},"java":{"insertions":83,"deletions":83}}},{"hash":"2b7b89b8ab099be2c2104f04119a43093ec1a457","isMergeCommit":false,"messageTitle":"Change Class names into Pascal Case","messageBody":"","fileTypesAndContributionMap":{"java":{"insertions":28,"deletions":28}}},{"hash":"c2e19cb770e8fa8df11c0b26a50b5eec89efbd1c","isMergeCommit":false,"messageTitle":"Rename CONST to SCREAMING_SNAKE_CASE","messageBody":"","fileTypesAndContributionMap":{"java":{"insertions":68,"deletions":0}}},{"hash":"1b638420c62caad881df5e71d5519f72dbf31fed","isMergeCommit":false,"messageTitle":"Improve code layout by splitting long lines","messageBody":"","fileTypesAndContributionMap":{"java":{"insertions":46,"deletions":20}}},{"hash":"89fffbdb8831c4d81fb1e0ab4130f5ed7332f4b8","isMergeCommit":false,"messageTitle":"Improve code layout by splitting long lines part 2","messageBody":"","fileTypesAndContributionMap":{"java":{"insertions":14,"deletions":5}}},{"hash":"b81acb4d6637105a95cb8a8c46d5847f91f5b030","isMergeCommit":false,"messageTitle":"Use switch statement to handle if else statement","messageBody":"","fileTypesAndContributionMap":{"java":{"insertions":35,"deletions":16}}},{"hash":"71c289721327e47ee44a626be605cad1a1328bfa","isMergeCommit":false,"messageTitle":"Format Import structure","messageBody":"","fileTypesAndContributionMap":{"java":{"insertions":1,"deletions":3}}},{"hash":"fa63a10b231cfcefe2a30c976829a93c1f65754e","isMergeCommit":false,"messageTitle":"Reformat variables and spacing","messageBody":"","fileTypesAndContributionMap":{"java":{"insertions":1,"deletions":15}}},{"hash":"23fed8b8fbcd44fddd24dfdfdfbfa91bd98136c6","isMergeCommit":true,"messageTitle":"Merge pull request #6 from Reallyeasy1/A-CodingStandard","messageBody":"Adhere Coding Standard","tags":["A-CodingStandard","A-Coding-Standard"],"fileTypesAndContributionMap":{}},{"hash":"96e77c299f10ddacad2e7a530ce0096f1484908f","isMergeCommit":false,"messageTitle":"Add JavaDocs","messageBody":"","tags":["A-JavaDoc"],"fileTypesAndContributionMap":{"java":{"insertions":485,"deletions":45}}},{"hash":"1a45e88018b24193860d08f8362d7760f8fecbe2","isMergeCommit":false,"messageTitle":"Partially done with printFind","messageBody":"","fileTypesAndContributionMap":{"java":{"insertions":53,"deletions":1}}},{"hash":"dcaa8b14ed0fbebdb1db6af6a9653561b9ef1fa9","isMergeCommit":false,"messageTitle":"Add Find","messageBody":"","tags":["Level-9"],"fileTypesAndContributionMap":{"java":{"insertions":56,"deletions":8}}},{"hash":"165bcb87e184796f42d71ebadff39d298678784f","isMergeCommit":true,"messageTitle":"Merge conflicts","messageBody":"","fileTypesAndContributionMap":{}},{"hash":"453df0ce8805fb2099ffe85485ec606d53d2b204","isMergeCommit":false,"messageTitle":"Resolve merge conflicts","messageBody":"","fileTypesAndContributionMap":{"java":{"insertions":1,"deletions":38}}},{"hash":"a9009f84df864248ff40173372859326bc2506c2","isMergeCommit":false,"messageTitle":"Add JavaDocs to Citadel and TextUI","messageBody":"","fileTypesAndContributionMap":{"java":{"insertions":115,"deletions":8}}}]},{"date":"2024-08-28","commitResults":[{"hash":"2e452e779e03e169a27d961db3048cafc47b5aff","isMergeCommit":false,"messageTitle":"Add :D to introduction","messageBody":"","fileTypesAndContributionMap":{"java":{"insertions":1,"deletions":1}}}]},{"date":"2024-08-29","commitResults":[{"hash":"b8a3fe905bc84ccb07dedcb82eb22793f2f47874","isMergeCommit":false,"messageTitle":"Add checkStyle to the project","messageBody":"","fileTypesAndContributionMap":{"gradle":{"insertions":6,"deletions":0}}},{"hash":"41c963faf56f57e9e1288abcda23606831a7bb99","isMergeCommit":false,"messageTitle":"Add JavaFX tutorial/ base layout","messageBody":"","fileTypesAndContributionMap":{"gradle":{"insertions":14,"deletions":1},"fxml":{"insertions":66,"deletions":0},"java":{"insertions":175,"deletions":1}}}]},{"date":"2024-08-30","commitResults":[{"hash":"db74fddd4d5c4a3a15a68e12cfe423b89316ba43","isMergeCommit":false,"messageTitle":"Add handleInput function for Citadel","messageBody":"","fileTypesAndContributionMap":{"fxml":{"insertions":15,"deletions":39},"java":{"insertions":117,"deletions":82}}},{"hash":"f50bce1b4d1652e0fbced4cea645eee135703c86","isMergeCommit":false,"messageTitle":"Refactor all Command classes to return String instead of void","messageBody":"","fileTypesAndContributionMap":{"java":{"insertions":16,"deletions":15}}},{"hash":"71ddc9af4598694736c0c8d3af5f4c4c0f436826","isMergeCommit":false,"messageTitle":"Refactor getResponse function to add base handleInput feature to frontend","messageBody":"","fileTypesAndContributionMap":{"java":{"insertions":22,"deletions":20}}},{"hash":"1a17b0e0104aaf1bf0bfd56ac39dd4ca25502733","isMergeCommit":false,"messageTitle":"Refactor code to adhere to CheckStyle","messageBody":"","fileTypesAndContributionMap":{"java":{"insertions":3,"deletions":3}}},{"hash":"e70ac9e2c7323899279cc9083c81316c699493a2","isMergeCommit":false,"messageTitle":"Refactor code to adhere to CheckStyle part 2","messageBody":"","tags":["A-CheckStyle"],"fileTypesAndContributionMap":{"fxml":{"insertions":16,"deletions":5},"java":{"insertions":58,"deletions":34}}},{"hash":"fa861e8353664e7e5cc99ab1b7a2f4dabbcc9599","isMergeCommit":false,"messageTitle":"Add intro message to GUI","messageBody":"","fileTypesAndContributionMap":{"java":{"insertions":38,"deletions":19}}}]},{"date":"2024-09-01","commitResults":[{"hash":"91204cf699f9666524afa926cb80946b5e34b447","isMergeCommit":false,"messageTitle":"Allow Bye to close GUI Application","messageBody":"","fileTypesAndContributionMap":{"java":{"insertions":18,"deletions":3}}},{"hash":"9b35958f353df02ca08a6bf7ece512eed664e7c8","isMergeCommit":false,"messageTitle":"Add loadDatabase and saveDatabase to GUI","messageBody":"","tags":["Level-10"],"fileTypesAndContributionMap":{"java":{"insertions":24,"deletions":6}}}]},{"date":"2024-09-06","commitResults":[{"hash":"c013cfdbe7f937ca1811c6e871b756fd864bba95","isMergeCommit":false,"messageTitle":"Add assertions","messageBody":"- Added assert statements in Parser.java to check for null and empty inputs when parsing commands.\n- Implemented assert checks in Citadel.java to validate input strings, parsed commands, and task list existence before database operations.\n- Added assertions in TextUI.java to ensure the task list and task representations are not null before printing.\n- Added assert statements in Task.java to prevent duplicate marking or unmarking of tasks.\n- Improved overall error handling and program robustness by validating critical variables before executing logic.\n\nThese changes help catch potential issues early, ensuring that the program only operates on valid data.\n","fileTypesAndContributionMap":{"java":{"insertions":18,"deletions":0}}},{"hash":"ec820a150e61aa3c174c2ce1dfab095d08199d85","isMergeCommit":true,"messageTitle":"Merge pull request #10 from Reallyeasy1/branch-A-Assertions","messageBody":"Add assertions","tags":["A-Assertions"],"fileTypesAndContributionMap":{}},{"hash":"45700458c1faf13371ff744798d874c3dc7a7e8a","isMergeCommit":false,"messageTitle":"Refactor TextUI/Command subclasses","messageBody":"- Refactored `TextUI` class:\n  - Extracted common printing logic into a reusable `printMessage` method to reduce code duplication.\n  - Added method `printTaskStatus` to consolidate task status (mark/unmark) printing logic.\n  - Used `String.format` for better readability and efficiency when constructing strings.\n  - Replaced magic strings and numbers with named constants where appropriate.\n  - Applied guard clauses in methods to simplify error checking and reduce nesting.\n\n  - Refactored Command subclasses\n  - Add code comments for HandleDeadline, HandleTodo, MarkTask and UnmarkTask\n","fileTypesAndContributionMap":{"java":{"insertions":69,"deletions":93}}},{"hash":"cebbfa1dbae75f6360473ef9bd32ae875f207678","isMergeCommit":false,"messageTitle":"Refactor code part 2","messageBody":"Refactor Storage class: Add code comments explaining the purpose and rationale\n\n- Added detailed comments in the Storage class focusing on explaining WHAT the code is doing and WHY it\u0027s structured in a particular way.\n- Clarified the purpose of key methods such as `getTasks()`, `saveData()`, `createDeadline()`, `createEvent()`, and `createTodo()` by specifying their roles in managing tasks and interacting with the storage file.\n- Provided explanations for input validation to ensure that task descriptions and deadlines are properly formatted and complete.\n- Explained the rationale behind parsing string data into LocalDateTime objects for accurate task scheduling.\n- Enhanced readability by adding comments where decisions were made to ensure data integrity, such as checking for empty strings or incomplete input.\n- This refactor improves the code\u0027s maintainability and clarity, ensuring future developers can easily understand the purpose and logic behind each method without needing to infer the reason from the code alone.\n\nRefactor Citadel class\nRenamed processCommand() to handleInput() for consistency.\nImproved error handling in getResponse() and the main loop, ensuring exceptions like CitadelException and DateTimeParseException are properly managed.\nEnsured command processing is consistent and reliable, with explicit checks for valid input and commands.\nMaintained the main application flow with better input validation and task saving.\n\nOthers:\nAdd code comments for deleteTask, HandleEvent TaskList, and Storage\n","tags":["A-FullCommitMessage"],"fileTypesAndContributionMap":{"java":{"insertions":48,"deletions":42}}},{"hash":"301c338af54a02b035a16475df1f609d764ab7ac","isMergeCommit":true,"messageTitle":"Merge branch \u0027master\u0027 into A-CodeQuality","messageBody":"","fileTypesAndContributionMap":{}},{"hash":"f6b06652b71a2bceede78cec12f845aeaf5a9fcb","isMergeCommit":true,"messageTitle":"Merge pull request #11 from Reallyeasy1/A-CodeQuality","messageBody":"A code quality","tags":["A-CodeQuality"],"fileTypesAndContributionMap":{}}]},{"date":"2024-09-07","commitResults":[{"hash":"b69361b3599a404403d2cd6dd88daa30eda82b60","isMergeCommit":false,"messageTitle":"Fix Citadel bug","messageBody":"","fileTypesAndContributionMap":{"java":{"insertions":11,"deletions":4}}},{"hash":"1da638b15c7be8ccffda214ed69d21ff120b6d24","isMergeCommit":false,"messageTitle":"Add tags ArrayList and functionality to Task","messageBody":"","tags":["BCD-Extension"],"fileTypesAndContributionMap":{"java":{"insertions":206,"deletions":11}}}]}]},"authorFileTypeContributionMap":{"Reallyeasy1":{"java":1771,"md":0,"fxml":53,"sh":0,"bat":0,"gradle":20,"txt":1}},"authorContributionVariance":{"Reallyeasy1":98818.7},"authorDisplayNameMap":{"Reallyeasy1":"CS2103T-W08-1 LO Y.. ZHE"}}
