{"authorDailyContributionsMap":{"charlesliyifeng":[{"date":"2024-08-20","commitResults":[{"hash":"3e32a76d901aa2c426e2436407dceb7791a81460","isMergeCommit":false,"messageTitle":"level 0","messageBody":"","tags":["Level-0"],"fileTypesAndContributionMap":{"java":{"insertions":23,"deletions":10}}},{"hash":"77508ee08e2304f31fc5c07394ad7abfe25da8d8","isMergeCommit":false,"messageTitle":"add echo","messageBody":"","tags":["Level-1"],"fileTypesAndContributionMap":{"java":{"insertions":12,"deletions":0}}},{"hash":"4f2196dcfd3edd0ece8be614df65f6b46c216293","isMergeCommit":false,"messageTitle":"Add add and list","messageBody":"","tags":["Level-2"],"fileTypesAndContributionMap":{"java":{"insertions":31,"deletions":6}}}]},{"date":"2024-08-21","commitResults":[{"hash":"7db265c2d631347310af46887677a4cce407b9e3","isMergeCommit":false,"messageTitle":"Add mark + unmark Create Task and TaskList","messageBody":"","tags":["Level-3"],"fileTypesAndContributionMap":{"java":{"insertions":67,"deletions":9}}},{"hash":"b172dbe539df4b43b7a68d72e90af148f1ac3ea3","isMergeCommit":false,"messageTitle":"Fix format","messageBody":"","fileTypesAndContributionMap":{"java":{"insertions":1,"deletions":1}}},{"hash":"bc57a6b9721b543eee63e7e66ce45b898eae59f3","isMergeCommit":false,"messageTitle":"Add Todo, Event, Deadline","messageBody":"","fileTypesAndContributionMap":{"java":{"insertions":38,"deletions":0}}},{"hash":"57f83b384507e3c4501826fa65489cf34a8bbb25","isMergeCommit":false,"messageTitle":"Add support for different task types","messageBody":"","tags":["Level-4"],"fileTypesAndContributionMap":{"java":{"insertions":71,"deletions":20}}},{"hash":"5d4ecd215b073f97bd998dae94637378d3fa4972","isMergeCommit":false,"messageTitle":"Add automated testing","messageBody":"","tags":["A-TextUiTesting"],"fileTypesAndContributionMap":{"txt":{"insertions":8,"deletions":0},"bat":{"insertions":1,"deletions":1}}},{"hash":"d19d7fe9105b1a0d9aa7502ee98ba546cedb57b0","isMergeCommit":false,"messageTitle":"Add error handling","messageBody":"","tags":["Level-5"],"fileTypesAndContributionMap":{"java":{"insertions":65,"deletions":34}}},{"hash":"ab0b7929b61debb6398a5292ad6810fe402eca08","isMergeCommit":false,"messageTitle":"Add delete task","messageBody":"","tags":["Level-6"],"fileTypesAndContributionMap":{"txt":{"insertions":4,"deletions":0},"java":{"insertions":31,"deletions":17}}},{"hash":"cd9d460f3eda0c37c1fd220d7d65000912d0a28c","isMergeCommit":false,"messageTitle":"Add TaskType enum","messageBody":"","tags":["A-Enums"],"fileTypesAndContributionMap":{"java":{"insertions":15,"deletions":9}}}]},{"date":"2024-08-27","commitResults":[{"hash":"345d6462d6386ff3bfe8b77d3fa46edb2a4aa5d0","isMergeCommit":false,"messageTitle":"Add Javadoc comments","messageBody":"","fileTypesAndContributionMap":{"java":{"insertions":20,"deletions":0}}},{"hash":"eacb52068cd6093e82057fcbc68886f0cf58368b","isMergeCommit":false,"messageTitle":"Add write tasks to file","messageBody":"","fileTypesAndContributionMap":{"java":{"insertions":60,"deletions":1}}},{"hash":"a6e2337649c04b5796bcd6531fe03ea77819862c","isMergeCommit":false,"messageTitle":"Add read tasks from file","messageBody":"","fileTypesAndContributionMap":{"java":{"insertions":69,"deletions":12}}},{"hash":"b4e8c696cade08f0bd211c256730fbd1039c3cb3","isMergeCommit":true,"messageTitle":"Merge branch \u0027branch-Level-7\u0027","messageBody":"","tags":["Level-7"],"fileTypesAndContributionMap":{}},{"hash":"e1a88fd39984d83bfeb694794f787f963199e78c","isMergeCommit":false,"messageTitle":"Update tasks to store dates using LocalDateTime","messageBody":"","fileTypesAndContributionMap":{"java":{"insertions":37,"deletions":18}}},{"hash":"32901d075645f2be4e08809b9db942ba329f9a57","isMergeCommit":true,"messageTitle":"Merge branch \u0027branch-Level-8\u0027","messageBody":"","tags":["Level-8"],"fileTypesAndContributionMap":{}}]},{"date":"2024-08-28","commitResults":[{"hash":"6eb1620bf45c00ade9c984d083ffa711ac097fc1","isMergeCommit":false,"messageTitle":"Add Ui class","messageBody":"","fileTypesAndContributionMap":{"java":{"insertions":80,"deletions":45}}},{"hash":"52633893ef914758a82880d3d921251bd6a31f47","isMergeCommit":false,"messageTitle":"Add Storage class","messageBody":"","fileTypesAndContributionMap":{"java":{"insertions":64,"deletions":41}}},{"hash":"804074f53c64fd4a612f41e6638a297e2ca6e0fa","isMergeCommit":false,"messageTitle":"Add Parser and Commands","messageBody":"","fileTypesAndContributionMap":{"java":{"insertions":228,"deletions":164}}},{"hash":"c4be08d6a83129f0033d0d65d5e5366377677ece","isMergeCommit":true,"messageTitle":"Merge branch \u0027more-OOP\u0027","messageBody":"","tags":["A-MoreOOP"],"fileTypesAndContributionMap":{}}]}]},"authorFileTypeContributionMap":{"charlesliyifeng":{"java":535,"md":0,"fxml":0,"sh":0,"bat":1,"gradle":0,"txt":12}},"authorContributionVariance":{"charlesliyifeng":35519.08},"authorDisplayNameMap":{"charlesliyifeng":"CS2103T-W09-4 LI Y..FENG"}}
