{"authorDailyContributionsMap":{"ITLimJiaWei":[{"date":"2024-08-18","commitResults":[{"hash":"ed2ef04b7e281beaace4a5bed13935e479c4c27a","isMergeCommit":false,"messageTitle":"Add rename, greet and exit functionality","messageBody":"","fileTypesAndContributionMap":{"java":{"insertions":32,"deletions":10},"bat":{"insertions":1,"deletions":1},"md":{"insertions":3,"deletions":3}}},{"hash":"c3583bf271944c7de035916a3f785931f8002b70","isMergeCommit":false,"messageTitle":"Add acknowledgements to ASCII art site","messageBody":"","tags":["Level-0"],"fileTypesAndContributionMap":{"md":{"insertions":7,"deletions":2}}},{"hash":"6679fcfac08a0394bfa9bd42ef1fdfa849362ad1","isMergeCommit":false,"messageTitle":"Add echo feature","messageBody":"","tags":["Level-1"],"fileTypesAndContributionMap":{"java":{"insertions":31,"deletions":2}}},{"hash":"aabf3cd580636f39869383b4604d51f16c523139","isMergeCommit":false,"messageTitle":"Add add and list features","messageBody":"","tags":["Level-2"],"fileTypesAndContributionMap":{"java":{"insertions":28,"deletions":1}}},{"hash":"2298cdc344a7252acb7930d2e539f267561205d1","isMergeCommit":false,"messageTitle":"Add task class","messageBody":"","fileTypesAndContributionMap":{"java":{"insertions":23,"deletions":0}}},{"hash":"9815ad58fbb2a4b8decab168b6348e90875d07f4","isMergeCommit":false,"messageTitle":"Add support for mark as done","messageBody":"","tags":["Level-3"],"fileTypesAndContributionMap":{"java":{"insertions":39,"deletions":5}}}]},{"date":"2024-08-19","commitResults":[{"hash":"767273478916d19591a640ccebf50d3d042480d3","isMergeCommit":false,"messageTitle":"Add deadline, event and todo classes","messageBody":"","fileTypesAndContributionMap":{"java":{"insertions":42,"deletions":0}}},{"hash":"f4d0f788b9f0fc6fe263687b79ca09ffa6a93306","isMergeCommit":false,"messageTitle":"Update task to be abstract and added toString method","messageBody":"","fileTypesAndContributionMap":{"java":{"insertions":6,"deletions":1}}},{"hash":"044d07140952b6fb0d24b7e4002163849256dd4f","isMergeCommit":false,"messageTitle":"Add support for todos, events, deadlines","messageBody":"","tags":["Level-4"],"fileTypesAndContributionMap":{"java":{"insertions":52,"deletions":8}}},{"hash":"e30ede0fc21ddc6f5f2a090d0ac025fe438ac14e","isMergeCommit":false,"messageTitle":"Add simple error handling for invalid input","messageBody":"","fileTypesAndContributionMap":{"java":{"insertions":9,"deletions":9}}}]},{"date":"2024-08-20","commitResults":[{"hash":"41dc1603d42c3e63543277959d4950ae0d8d9b06","isMergeCommit":false,"messageTitle":"Add javadocs","messageBody":"","fileTypesAndContributionMap":{"java":{"insertions":84,"deletions":1}}},{"hash":"e9508822c38b84358a68a771773934214467e215","isMergeCommit":false,"messageTitle":"Add HoshiException class and support for error handling","messageBody":"","tags":["Level-5"],"fileTypesAndContributionMap":{"java":{"insertions":83,"deletions":33}}},{"hash":"4bed508e4d45900c269b340c1e6a76b63cb8c3b7","isMergeCommit":false,"messageTitle":"Add support for delete and more error handling","messageBody":"","tags":["Level-6"],"fileTypesAndContributionMap":{"java":{"insertions":75,"deletions":29}}},{"hash":"b763d0fc77bda6e9c3ea4fb7871d82594636184f","isMergeCommit":false,"messageTitle":"fix mark/unmark error handling","messageBody":"","fileTypesAndContributionMap":{"java":{"insertions":13,"deletions":10}}}]},{"date":"2024-08-21","commitResults":[{"hash":"c12ebdb5f8cf70d47f158861f6e8a1819cead223","isMergeCommit":false,"messageTitle":"Add automated text ui testing","messageBody":"","tags":["A-TextUiTesting"],"fileTypesAndContributionMap":{"txt":{"insertions":14,"deletions":0},"java":{"insertions":1,"deletions":2},"sh":{"insertions":1,"deletions":1}}},{"hash":"28d287e165e2b277778e4328ae9bd55c88df8d4d","isMergeCommit":false,"messageTitle":"Add error handling for when user inputs just mark, unmark, delete or add","messageBody":"","fileTypesAndContributionMap":{"java":{"insertions":128,"deletions":99}}}]},{"date":"2024-08-23","commitResults":[{"hash":"bf95f1ae2e6dad9c9ac81f43521f94705bfb8385","isMergeCommit":false,"messageTitle":"Fix switch case indentation and starton README","messageBody":"","fileTypesAndContributionMap":{"java":{"insertions":56,"deletions":59},"md":{"insertions":21,"deletions":1}}}]},{"date":"2024-08-25","commitResults":[{"hash":"777e0833d93ba42713879c6d869ebd2da1d0e01c","isMergeCommit":false,"messageTitle":"Remove deprecated code","messageBody":"","fileTypesAndContributionMap":{"java":{"insertions":0,"deletions":3}}},{"hash":"07831b13f68a136342106c261f07b02d74bb87a2","isMergeCommit":false,"messageTitle":"Revert \"Remove deprecated code\"","messageBody":"This reverts commit 777e0833d93ba42713879c6d869ebd2da1d0e01c.\n","fileTypesAndContributionMap":{"java":{"insertions":3,"deletions":0}}},{"hash":"e296f80350969626fab3b48a8d577f7a686244a1","isMergeCommit":false,"messageTitle":"Add support for save feature and improved JavaDocs","messageBody":"","tags":["Level-7"],"fileTypesAndContributionMap":{"java":{"insertions":256,"deletions":26}}},{"hash":"a533eeb791b0cfb06df79087ec8b481f54a7ab08","isMergeCommit":false,"messageTitle":"Add support for deadline and event datetimes","messageBody":"","tags":["Level-8"],"fileTypesAndContributionMap":{"java":{"insertions":180,"deletions":135}}},{"hash":"70e8550eb322788f839c90d4239397930caea94d","isMergeCommit":false,"messageTitle":"Add Ui class","messageBody":"","fileTypesAndContributionMap":{"java":{"insertions":63,"deletions":0}}},{"hash":"a7359ecf8b57b917b9a40e78618f8782ee26563c","isMergeCommit":false,"messageTitle":"Add storage class","messageBody":"","fileTypesAndContributionMap":{"java":{"insertions":150,"deletions":1}}},{"hash":"7bf65fb2188ed62373f0c966ff7888c5b4c2c7a9","isMergeCommit":false,"messageTitle":"Update Storage and Ui Javadocs","messageBody":"","fileTypesAndContributionMap":{"java":{"insertions":4,"deletions":1}}},{"hash":"f32942ee5b70c99046e27758e8d0f9cfad7c0782","isMergeCommit":false,"messageTitle":"Add Parser class and more Ui functionality","messageBody":"","fileTypesAndContributionMap":{"java":{"insertions":290,"deletions":4}}},{"hash":"46e218fdabf86eb6b8d24774a878a0b087b8396e","isMergeCommit":false,"messageTitle":"Add TaskList","messageBody":"","fileTypesAndContributionMap":{"java":{"insertions":87,"deletions":41}}},{"hash":"1c99c6b2584c431d76e3b950f731e625fae1b9cd","isMergeCommit":false,"messageTitle":"Add support for MoreOOP and Fix datetime toString","messageBody":"","fileTypesAndContributionMap":{"java":{"insertions":69,"deletions":157}}},{"hash":"5faec701b0aa98cbdd6bb1a124422cea32676100","isMergeCommit":false,"messageTitle":"Added more support for MoreOOP","messageBody":"","tags":["A-MoreOOP"],"fileTypesAndContributionMap":{"java":{"insertions":103,"deletions":31}}}]},{"date":"2024-08-26","commitResults":[{"hash":"a863e8f20319dbe7e1bc6038700e2aa0804da362","isMergeCommit":false,"messageTitle":"Add packaging and fix delete bug","messageBody":"","tags":["A-Packages"],"fileTypesAndContributionMap":{"java":{"insertions":51,"deletions":3}}},{"hash":"540013b53e3ee8eea37af34605684f897a35a2af","isMergeCommit":false,"messageTitle":"fix issue where tasks are only saved on program termination","messageBody":"","fileTypesAndContributionMap":{"java":{"insertions":44,"deletions":2}}},{"hash":"0659f1c9359661383ca7d40651a131ca2c5609a2","isMergeCommit":false,"messageTitle":"Remove repetitive code for saving task","messageBody":"","fileTypesAndContributionMap":{"java":{"insertions":16,"deletions":30}}}]},{"date":"2024-08-28","commitResults":[{"hash":"d14ac993b22db9916d8a935b2250d3a6acb220e6","isMergeCommit":false,"messageTitle":"Remove irrelevant code","messageBody":"","fileTypesAndContributionMap":{"java":{"insertions":2,"deletions":3}}},{"hash":"e18deef31a1389c4fab039e4396ff35c1017ff97","isMergeCommit":true,"messageTitle":"Merge remote-tracking branch \u0027origin/add-gradle-support\u0027 into branch-A-Gradle","messageBody":"","tags":["A-Gradle"],"fileTypesAndContributionMap":{}},{"hash":"fc0603f845c3b1c5903e072feb0ca742c2ef72bc","isMergeCommit":false,"messageTitle":"Add several JUnit tests for Parser class","messageBody":"","fileTypesAndContributionMap":{"gradle":{"insertions":5,"deletions":2},"java":{"insertions":221,"deletions":13}}},{"hash":"8879eab7d28de9b70753c0cc9a76b3646240e5c7","isMergeCommit":false,"messageTitle":"Remove deprecated methods after packaging","messageBody":"","fileTypesAndContributionMap":{"java":{"insertions":0,"deletions":260}}},{"hash":"1ef1321e18b469bc2785b99d6307a9ae0a168378","isMergeCommit":false,"messageTitle":"Add support for JUnit testing for Parser class","messageBody":"","tags":["A-Jar","A-JUnit"],"fileTypesAndContributionMap":{"java":{"insertions":57,"deletions":7}}}]},{"date":"2024-08-29","commitResults":[{"hash":"79c8942ee66fbc57e5c6b0452b2858936c348315","isMergeCommit":false,"messageTitle":"Add Javadocs","messageBody":"","fileTypesAndContributionMap":{"java":{"insertions":105,"deletions":23}}},{"hash":"493a92eb2596e4285957b51e179070571e720196","isMergeCommit":false,"messageTitle":"Fix several coding standard issues","messageBody":"","fileTypesAndContributionMap":{"java":{"insertions":13,"deletions":32}}},{"hash":"c980ef961daffbbd278c758c5835dfec817f4139","isMergeCommit":false,"messageTitle":"Add support for Find feature","messageBody":"","fileTypesAndContributionMap":{"java":{"insertions":55,"deletions":13}}},{"hash":"e677cc0808644131285f6074691768a4b4c52684","isMergeCommit":true,"messageTitle":"Merge branch \u0027branch-A-CodingStandard\u0027 into master","messageBody":"# Conflicts:\n#\tsrc/main/java/hoshi/Hoshi.java\n#\tsrc/main/java/hoshi/task/TaskList.java\n#\tsrc/main/java/hoshi/utils/Parser.java\n","fileTypesAndContributionMap":{}},{"hash":"b2b50a43af4094c110322622420b1de6f42a8bf9","isMergeCommit":true,"messageTitle":"Merge branch \u0027branch-Level-9\u0027 into master","messageBody":"# Conflicts:\n#\tsrc/main/java/hoshi/ui/Ui.java\n#\tsrc/main/java/hoshi/utils/Parser.java\n","tags":["Level-9","A-JavaDoc","A-CodingStandard"],"fileTypesAndContributionMap":{}}]},{"date":"2024-09-03","commitResults":[{"hash":"a9a61f24a155d2d3ad4c16a63355de9a7afff24a","isMergeCommit":false,"messageTitle":"Incorporate feedback from 1st PR review","messageBody":"","fileTypesAndContributionMap":{"java":{"insertions":37,"deletions":32},"md":{"insertions":15,"deletions":8}}},{"hash":"3b588ab0007adb289ab1071265626ca105ca5e4e","isMergeCommit":false,"messageTitle":"Remove redundant code","messageBody":"","fileTypesAndContributionMap":{"java":{"insertions":0,"deletions":1}}},{"hash":"1a9bf47faeb3be182281c931e89064d68a3cc9aa","isMergeCommit":false,"messageTitle":"Add support for CheckStyle","messageBody":"","tags":["A-CheckStyle"],"fileTypesAndContributionMap":{"gradle":{"insertions":5,"deletions":0},"java":{"insertions":64,"deletions":47}}},{"hash":"c6ff16503833ad1a4a3504d4457c750c8a3178c9","isMergeCommit":false,"messageTitle":"Add barebones support for GUI and fixed mocking issue in ParserTest","messageBody":"","fileTypesAndContributionMap":{"fxml":{"insertions":66,"deletions":0},"java":{"insertions":34,"deletions":13}}},{"hash":"e990622c32a697df623ea2e9094c0104b943d740","isMergeCommit":false,"messageTitle":"Add partial support for GUI (list, bye, mark/unmark features only for now)","messageBody":"","fileTypesAndContributionMap":{"gradle":{"insertions":17,"deletions":1},"java":{"insertions":214,"deletions":80}}}]},{"date":"2024-09-04","commitResults":[{"hash":"0985f1aed583b15cb0971fb8bf2314f7ce29b60b","isMergeCommit":false,"messageTitle":"Improve GUI","messageBody":"","fileTypesAndContributionMap":{"fxml":{"insertions":15,"deletions":40},"java":{"insertions":51,"deletions":4}}},{"hash":"a11799c220fe1c301047c3f0b28243a14ad2ab25","isMergeCommit":false,"messageTitle":"Fix bye command and add 2s delay before terminating","messageBody":"","fileTypesAndContributionMap":{"java":{"insertions":18,"deletions":3}}},{"hash":"9b7900d1bb1fad09a09c42ccb5d0e30f0e7d5b83","isMergeCommit":false,"messageTitle":"Incorporate PR feedback and improve css","messageBody":"","fileTypesAndContributionMap":{"java":{"insertions":33,"deletions":33}}}]},{"date":"2024-09-05","commitResults":[{"hash":"69220f4e4c7f1439b678111f99e8a411b45b6f99","isMergeCommit":false,"messageTitle":"Add support for JavaFX GUI","messageBody":"","tags":["Level-10"],"fileTypesAndContributionMap":{"fxml":{"insertions":1,"deletions":1},"java":{"insertions":98,"deletions":110}}},{"hash":"8e88d4224112106713e86c28af2764d6d2b7db46","isMergeCommit":false,"messageTitle":"Update README","messageBody":"","fileTypesAndContributionMap":{"md":{"insertions":2,"deletions":2}}},{"hash":"37fc914fa1b0cba030d0f83a4cebdd2d40d5be4b","isMergeCommit":false,"messageTitle":"Update README","messageBody":"","fileTypesAndContributionMap":{"md":{"insertions":24,"deletions":23}}},{"hash":"d321815266908a4dde54c38f56edb6ba70256d3f","isMergeCommit":false,"messageTitle":"Update README","messageBody":"","fileTypesAndContributionMap":{"md":{"insertions":3,"deletions":2}}}]},{"date":"2024-09-07","commitResults":[{"hash":"f9ed7b8d70f23820c499111fa9bb364f09b9ec5a","isMergeCommit":false,"messageTitle":"Improve code quality","messageBody":"","fileTypesAndContributionMap":{"java":{"insertions":131,"deletions":141}}},{"hash":"9d1cf86aa159a511333b200e2dedbf73985656a8","isMergeCommit":false,"messageTitle":"Improve code standard for HandleAdd in Parser class","messageBody":"","fileTypesAndContributionMap":{"java":{"insertions":79,"deletions":102}}},{"hash":"7c55aad8efc42f75d5056e8a5d70df8c3835eb0c","isMergeCommit":false,"messageTitle":"Fix JUnit test bug caused by deprecation of CLI","messageBody":"","fileTypesAndContributionMap":{"java":{"insertions":4,"deletions":12}}}]},{"date":"2024-09-09","commitResults":[{"hash":"2a6a1440e03884646d25608d3dc59c9b2032e82a","isMergeCommit":false,"messageTitle":"Add support for Java Assertions feature","messageBody":"Parser and Storage classes: add Java Assertions\n\nWith Java assertions, the developer wille be able to more quickly\nfind issues or bugs within the code if any do occur.\n\nJava assertions are added at certain points to ensure fields such\nas input, description and markIndex are not null or empty(if\napplicable).\n\nThese assertions are placed at these points as these variables are\nmore prone causing bugs related to null values.\n","tags":["A-FullCommitMessage"],"fileTypesAndContributionMap":{"gradle":{"insertions":4,"deletions":0},"java":{"insertions":25,"deletions":1}}}]},{"date":"2024-09-10","commitResults":[{"hash":"01483f15755cdec89ed67a9d678b1ba731e5899f","isMergeCommit":false,"messageTitle":"Update classes to adhere to SLAP principle","messageBody":"Hoshi and Parser Classes: Adhere to SLAP\n\nThese changes are made to improve code readability which would lead\nto easier maintenance and faster debugging.\n\nMethod calls are separated from usual lines of code at appropiate\nplaces by abstracting code into smaller functions. In addition to\nthis, Parser logic has been separated into Command classes for\nbetter readability.\n\nIn order to ensure methods have a single layer of abstraction.\n","fileTypesAndContributionMap":{"java":{"insertions":434,"deletions":314}}},{"hash":"bbb7f78b3d4e3fc6a0a4d1c0eef1b625526352d2","isMergeCommit":false,"messageTitle":"Update storage class to adhere to SLAP","messageBody":"","tags":["A-CodeQuality"],"fileTypesAndContributionMap":{"java":{"insertions":103,"deletions":92}}},{"hash":"0f739fb27f84c04e97f52ef5d18e5d05cef8a74e","isMergeCommit":true,"messageTitle":"Merge pull request #1 from ITLimJiaWei/branch-A-CodeQuality","messageBody":"A-CodeQuality PR ","fileTypesAndContributionMap":{}},{"hash":"ed397f7dd38d3a8483d3d775fccfd223c73f3e73","isMergeCommit":true,"messageTitle":"Merge branch \u0027master\u0027 into branch-A-Assertions","messageBody":"# Conflicts:\n#\tsrc/main/java/hoshi/utils/Parser.java\n#\tsrc/main/java/hoshi/utils/Storage.java\n","fileTypesAndContributionMap":{}},{"hash":"7cfc46b53ff1df409ca61a7398a4e866abb4accb","isMergeCommit":false,"messageTitle":"Fix merge conflicts when merging master to branch-A-Assertions","messageBody":"","tags":["A-Assertions"],"fileTypesAndContributionMap":{"java":{"insertions":14,"deletions":334}}},{"hash":"3244961c83bfe5561b00363e8cf5d26210a05e27","isMergeCommit":true,"messageTitle":"Merge pull request #2 from ITLimJiaWei/branch-A-Assertions","messageBody":"branch-A-Assertions PR","fileTypesAndContributionMap":{}},{"hash":"90a403b6a75fa0a7b34608ed069cf46abf613ec3","isMergeCommit":false,"messageTitle":"Fix checkstyle bug causing CI failure","messageBody":"","fileTypesAndContributionMap":{"java":{"insertions":0,"deletions":1}}},{"hash":"40bd9215a263954b4260187ce2177bea38a04edd","isMergeCommit":true,"messageTitle":"Merge pull request #3 from ITLimJiaWei/branch-A-IC","messageBody":"Branch-A-IC PR","tags":["A-CI"],"fileTypesAndContributionMap":{}},{"hash":"fac9e3ab8a3c4b20b587860394e1bca8f09c548f","isMergeCommit":false,"messageTitle":"Redo several JUnit tests to support command classes","messageBody":"","fileTypesAndContributionMap":{"java":{"insertions":369,"deletions":244}}},{"hash":"f8ac6ffdfdb57e1d79c7c9691e9c3b1ccce6e999","isMergeCommit":false,"messageTitle":"Redo JUnit tests for command classes","messageBody":"","fileTypesAndContributionMap":{"java":{"insertions":368,"deletions":244}}},{"hash":"e8de2d118600d3e5d21f19fd16786b28d64a03e0","isMergeCommit":true,"messageTitle":"Merge remote-tracking branch \u0027origin/master\u0027","messageBody":"# Conflicts:\n#\tsrc/test/java/hoshi/command/AddCommandTest.java\n#\tsrc/test/java/hoshi/utils/ParserTest.java\n","fileTypesAndContributionMap":{}},{"hash":"d67e124e8f623c3dc5a490fa70da1f94ce2f5cad","isMergeCommit":false,"messageTitle":"Add support for C-Help","messageBody":"","fileTypesAndContributionMap":{"fxml":{"insertions":5,"deletions":0},"java":{"insertions":28,"deletions":0}}},{"hash":"723606c4903e32a5882a69bb5fdced22f4a4bad2","isMergeCommit":false,"messageTitle":"Remove redundant variables","messageBody":"","tags":["BCD-Extension"],"fileTypesAndContributionMap":{"java":{"insertions":0,"deletions":4}}},{"hash":"ed839105cb2584ffadb661564c0059353d7452b8","isMergeCommit":false,"messageTitle":"Fix checkstyle","messageBody":"","fileTypesAndContributionMap":{"java":{"insertions":0,"deletions":1}}},{"hash":"b0d12f3f162ce8237d9b1611bcc94ec952753629","isMergeCommit":true,"messageTitle":"Merge pull request #4 from ITLimJiaWei/branch-BCD-Extension","messageBody":"Branch-BCD-extension PR","fileTypesAndContributionMap":{}},{"hash":"68b358f3e42636e28e03558f855230bb70b5e80b","isMergeCommit":false,"messageTitle":"Fix empty input bug","messageBody":"","fileTypesAndContributionMap":{"java":{"insertions":4,"deletions":3}}},{"hash":"a22d41d045ec6f85a64f7ba1bdf2a7b4e8b34a28","isMergeCommit":true,"messageTitle":"Merge remote-tracking branch \u0027origin/master\u0027","messageBody":"","fileTypesAndContributionMap":{}},{"hash":"d5d1752e36d0a10d5ce6b1aae4d43d06c63df197","isMergeCommit":false,"messageTitle":"Replace magic numbers with enumerable","messageBody":"","fileTypesAndContributionMap":{"java":{"insertions":8,"deletions":3}}},{"hash":"8a911cf7b4fd44518ef5a6d8a5982d553807e805","isMergeCommit":false,"messageTitle":"Improve code quality, add more command classes and update README","messageBody":"","fileTypesAndContributionMap":{"java":{"insertions":97,"deletions":14},"md":{"insertions":9,"deletions":2}}},{"hash":"31b2736922ce5693721e4c8aac5ec3eaa2e245b6","isMergeCommit":false,"messageTitle":"Remove deprecated code for command line version","messageBody":"","fileTypesAndContributionMap":{"java":{"insertions":1,"deletions":95}}},{"hash":"9fb4a94f5d87087f9006991374040b3757211d9b","isMergeCommit":false,"messageTitle":"Update README.md","messageBody":"","fileTypesAndContributionMap":{"md":{"insertions":6,"deletions":1}}}]},{"date":"2024-09-13","commitResults":[{"hash":"06ca43d678bebeb7948b4ed5698245f1bcfdd185","isMergeCommit":false,"messageTitle":"Improve code quality and fix storage loading bug","messageBody":"","fileTypesAndContributionMap":{"java":{"insertions":26,"deletions":67}}},{"hash":"f257fa8cea73618e009de20d1b954a6e626722c4","isMergeCommit":false,"messageTitle":"Improve code quality","messageBody":"","fileTypesAndContributionMap":{"java":{"insertions":32,"deletions":8}}}]}]},"authorFileTypeContributionMap":{"ITLimJiaWei":{"java":1833,"md":64,"fxml":46,"sh":1,"bat":1,"gradle":30,"txt":14}},"authorContributionVariance":{"ITLimJiaWei":328416.88},"authorDisplayNameMap":{"ITLimJiaWei":"CS2103-F10-3 LIM .. WEI"}}
