{"authorDailyContributionsMap":{"leroytan":[{"date":"2024-08-22","commitResults":[{"hash":"9f06e1ef8b0c8a48b4c11f615a0973e78c68281e","isMergeCommit":false,"messageTitle":"Level-0","messageBody":"","tags":["Level-0"],"fileTypesAndContributionMap":{"java":{"insertions":4,"deletions":6}}},{"hash":"a12e031260eb1d15db67ed54ceb8dee01c443f83","isMergeCommit":false,"messageTitle":"Level-1","messageBody":"","tags":["Level-1"],"fileTypesAndContributionMap":{"java":{"insertions":14,"deletions":3}}},{"hash":"ced9ae13a554a75b3ffb2a4d1705ec2b0bed6518","isMergeCommit":false,"messageTitle":"Level-2","messageBody":"","tags":["Level-2"],"fileTypesAndContributionMap":{"java":{"insertions":15,"deletions":1}}},{"hash":"0a56ac8f82524f2328f5af860c374ee77989c96b","isMergeCommit":false,"messageTitle":"Level-3","messageBody":"","tags":["Level-3"],"fileTypesAndContributionMap":{"java":{"insertions":46,"deletions":3}}},{"hash":"94daef1200c3d0b28aec5b276957d1d8a69a77ab","isMergeCommit":false,"messageTitle":"Level-4","messageBody":"","tags":["Level-4"],"fileTypesAndContributionMap":{"java":{"insertions":101,"deletions":34}}},{"hash":"00a94b9e1312c8094571f0bc2850ad6baad53206","isMergeCommit":false,"messageTitle":"Level-5","messageBody":"","tags":["Level-5"],"fileTypesAndContributionMap":{"java":{"insertions":51,"deletions":13}}},{"hash":"e516599ea993e76aa1419d09581091109754081c","isMergeCommit":false,"messageTitle":"Level-6","messageBody":"","tags":["Level-6"],"fileTypesAndContributionMap":{"java":{"insertions":15,"deletions":7}}}]},{"date":"2024-08-23","commitResults":[{"hash":"a6e93821541785d370fde91fae8534af576b71f6","isMergeCommit":false,"messageTitle":"A-TextUiTesting","messageBody":"","tags":["A-TextUiTesting"],"fileTypesAndContributionMap":{"txt":{"insertions":4,"deletions":0},"java":{"insertions":1,"deletions":1}}}]},{"date":"2024-08-29","commitResults":[{"hash":"8871f74d3212f67bd5b1edbad1b235688f5c964e","isMergeCommit":false,"messageTitle":"Implement saved list","messageBody":"The program currently lacks the functionality to persist data across\nsessions, which means any information stored in the list is lost when\nthe program closes.\n\nThis limitation makes the application less user-friendly, as users\nhave to re-enter their data every time they run the program.\nPersistent storage is necessary to improve usability.\n\nAdd methods to read and write to file to handle data storage and\nretrieval.\n\nThe \u0027writeToFile()\u0027 method is used to store the current state of the\nlist into a file, \u0027arrayToNumberedString()\u0027 formats the data for\nreadability, and \u0027readFromFile()\u0027 is used to retrieve the stored data\nwhen the program runs again. This approach ensures that data is\nconsistently saved and retrieved in a structured manner.\n","fileTypesAndContributionMap":{"java":{"insertions":103,"deletions":7}}},{"hash":"7fc6e0c979e8c800d0550eee2ebc1400bfbc85ec","isMergeCommit":false,"messageTitle":"Implement saved list","messageBody":"The program currently lacks the functionality to persist data across\nsessions, which means any information stored in the list is lost when\nthe program closes.\n\nThis limitation makes the application less user-friendly, as users\nhave to re-enter their data every time they run the program.\nPersistent storage is necessary to improve usability.\n\nAdd methods to read and write to file to handle data storage and\nretrieval.\n\nThe \u0027writeToFile()\u0027 method is used to store the current state of the\nlist into a file, \u0027arrayToNumberedString()\u0027 formats the data for\nreadability, and \u0027readFromFile()\u0027 is used to retrieve the stored data\nwhen the program runs again. This approach ensures that data is\nconsistently saved and retrieved in a structured manner.\n","tags":["Level-7"],"fileTypesAndContributionMap":{"java":{"insertions":44,"deletions":14}}},{"hash":"8d632cec54c38df1b797af9f96a4c7f69f58df9d","isMergeCommit":true,"messageTitle":"Merge branch \u0027branch-Level-7\u0027","messageBody":"","fileTypesAndContributionMap":{}},{"hash":"0cb14ea255a503b6de4aac111ddcf479cc94483b","isMergeCommit":false,"messageTitle":"Implement Datetime handling","messageBody":"The chatbot currently treats dates and times as plain strings,\nlimiting its ability to manage tasks effectively.\n\nProper date and time handling is crucial for managing deadlines and\nevents, making the chatbot more useful and user-friendly.\n","tags":["Level-8"],"fileTypesAndContributionMap":{"java":{"insertions":1,"deletions":1}}},{"hash":"18d9d557a0d5d7533d9d4e60e9fbd5de185e9146","isMergeCommit":true,"messageTitle":"Merge branch \u0027branch-Level-8\u0027","messageBody":"","fileTypesAndContributionMap":{}}]},{"date":"2024-08-30","commitResults":[{"hash":"2dc3e17634ae835654b7c9b445e47d1057826807","isMergeCommit":false,"messageTitle":"A-MoreOOP (Changed code to obey OOP)","messageBody":"Refactoring the code to adhere to Object-Oriented Programming (OOP)\nprinciples will improve maintainability and scalability,\nmaking the code more modular and easier to extend.\n\nExtract the code into separate classes:\nUi: Handles user interactions.\nStorage: Manages loading and saving tasks from/to a file.\nParser: Interprets user commands.\nTaskList: Contains the task list and provides operations for\nadding and deleting tasks.\nCommand: Represents the instructions the program can receive\n","tags":["A-MoreOOP"],"fileTypesAndContributionMap":{"txt":{"insertions":3,"deletions":3},"java":{"insertions":379,"deletions":232},"bat":{"insertions":1,"deletions":1},"sh":{"insertions":1,"deletions":1},"md":{"insertions":3,"deletions":3}}},{"hash":"133a1816d7f4ae58b7679fc09a039e96a4cdaf07","isMergeCommit":false,"messageTitle":"A-Packages (Put classes into packages)","messageBody":"All classes in the Light program are currently in a single namespace,\nmaking it harder to manage and scale as the program grows.\n\nOrganizing the classes into packages improves code organization,\nreadability, and maintainability. It also allows for easier management\nof the growing codebase as more classes are added.\nGrouping related classes into packages also enhances modularity and\nhelps maintain a clean project structure.\n","tags":["A-Packages"],"fileTypesAndContributionMap":{"java":{"insertions":95,"deletions":16}}},{"hash":"a5607fcfd2c9705508d05e42a2754349904fa6f3","isMergeCommit":true,"messageTitle":"Merge tag \u0027A-Packages\u0027","messageBody":"","fileTypesAndContributionMap":{}},{"hash":"71f0178ea9e94fab31b5e1bf091e48c8bda494c9","isMergeCommit":true,"messageTitle":"Merge branch \u0027add-gradle-support\u0027 of https://github.com/leroytan/ip","messageBody":"","fileTypesAndContributionMap":{}}]},{"date":"2024-08-31","commitResults":[{"hash":"329ce5be86c26a02481b406096a0421910844928","isMergeCommit":false,"messageTitle":"Add Gradle support","messageBody":"","tags":["A-Gradle"],"fileTypesAndContributionMap":{"gradle":{"insertions":2,"deletions":2}}}]},{"date":"2024-09-03","commitResults":[{"hash":"fed903ed2fb50a6f9647d86841c64a8f1e201a8e","isMergeCommit":false,"messageTitle":"A-JUnit","messageBody":"","tags":["A-JUnit"],"fileTypesAndContributionMap":{"txt":{"insertions":0,"deletions":0},"java":{"insertions":193,"deletions":2}}},{"hash":"fa4dff12ab79d03eb8640ba3e93ed71f94425a52","isMergeCommit":false,"messageTitle":"A-Jar","messageBody":"","tags":["A-Jar"],"fileTypesAndContributionMap":{"gradle":{"insertions":1,"deletions":0},"txt":{"insertions":0,"deletions":0}}},{"hash":"8f2335a9ec309e17b72a389346e8aa8bb98ef9a3","isMergeCommit":false,"messageTitle":"A-JavaDoc","messageBody":"","tags":["A-JavaDoc"],"fileTypesAndContributionMap":{"java":{"insertions":170,"deletions":13}}},{"hash":"9f7c7caedd962b8c8417101d37716ce271cf6510","isMergeCommit":false,"messageTitle":"Adhere to A-CodingStandard","messageBody":"","tags":["A-CodingStandard"],"fileTypesAndContributionMap":{"java":{"insertions":126,"deletions":106}}},{"hash":"07297cf1947a46d38520b461c3ea1949a3c0d0be","isMergeCommit":false,"messageTitle":"Add Level-9(Find)","messageBody":"","tags":["Level-9"],"fileTypesAndContributionMap":{"java":{"insertions":110,"deletions":55}}},{"hash":"6ff9967155f80520cdd43acad42beafedd8b667e","isMergeCommit":true,"messageTitle":"Merge tag \u0027A-JavaDoc\u0027","messageBody":"","fileTypesAndContributionMap":{}},{"hash":"f9421d5f59b1093aea7cdef41a0a0309deb43698","isMergeCommit":true,"messageTitle":"Merge tag \u0027A-CodingStandard\u0027","messageBody":"# Conflicts:\n#\tsrc/main/java/Light.java\n#\tsrc/main/java/command/AddCommand.java\n#\tsrc/main/java/command/DeleteCommand.java\n#\tsrc/main/java/command/ListCommand.java\n#\tsrc/main/java/command/MarkCommand.java\n#\tsrc/main/java/components/Storage.java\n#\tsrc/main/java/components/Ui.java\n#\tsrc/main/java/exceptions/LightException.java\n","fileTypesAndContributionMap":{}},{"hash":"559f2e974810f6a13350201b46591864b03c3219","isMergeCommit":true,"messageTitle":"Merge tag \u0027Level-9\u0027","messageBody":"# Conflicts:\n#\tsrc/main/java/components/Parser.java\n","fileTypesAndContributionMap":{}}]},{"date":"2024-09-06","commitResults":[{"hash":"c3696540a4d72a826acc02ceaf9cdaa6c7f0f560","isMergeCommit":false,"messageTitle":"Add GUI (Level-10)","messageBody":"","tags":["Level-10"],"fileTypesAndContributionMap":{"gradle":{"insertions":15,"deletions":1},"fxml":{"insertions":66,"deletions":0},"java":{"insertions":208,"deletions":36},"bat":{"insertions":1,"deletions":1},"md":{"insertions":3,"deletions":3}}},{"hash":"1bf3ead13c88514ee0f2c336e5df8000eda7cafa","isMergeCommit":true,"messageTitle":"Merge tag \u0027Level-10\u0027","messageBody":"","fileTypesAndContributionMap":{}}]},{"date":"2024-09-11","commitResults":[{"hash":"d75606b33b059ffa738ad3fccc1414746293f671","isMergeCommit":false,"messageTitle":"Add Assertions","messageBody":"The program does not currently include assert statements to verify key\nassumptions at runtime.\n\nUsing assertions ensures that critical assumptions are valid, helping to\ncatch potential errors early in development.\n\nAdd assert statements at important points in the code to document and\nvalidate assumptions.\n\nAssertions act as a safeguard, only running during development, without\nimpacting performance in production when disabled.\n","tags":["A-Assertions"],"fileTypesAndContributionMap":{"java":{"insertions":105,"deletions":14}}},{"hash":"d2d874af2fb48ba7c83eebc926694a50ab19d968","isMergeCommit":false,"messageTitle":"Improve CodeQuality","messageBody":"Command represented by strings, poor naming of variables affects code\nreadability\n\nReplacement of command strings by enums, restructuring of code allows\nshort and readable code\n","tags":["A-CodeQuality"],"fileTypesAndContributionMap":{"java":{"insertions":118,"deletions":83}}},{"hash":"ec28d969ed0a1e460027fbafcf0a1345e31cab63","isMergeCommit":true,"messageTitle":"Merge tag \u0027A-Assertions\u0027","messageBody":"","fileTypesAndContributionMap":{}},{"hash":"178dda72be978a532e612918bd45af97f9f48c50","isMergeCommit":true,"messageTitle":"Merge tag \u0027A-CodeQuality\u0027","messageBody":"# Conflicts:\n#\tsrc/main/java/command/ListCommand.java\n#\tsrc/main/java/components/Light.java\n#\tsrc/main/java/components/Storage.java\n","fileTypesAndContributionMap":{}}]},{"date":"2024-09-12","commitResults":[{"hash":"ad8783ff99e21e8b53439d8b6b511544ceca391c","isMergeCommit":false,"messageTitle":"Fix bug where the brackets are printed twice","messageBody":"","fileTypesAndContributionMap":{"java":{"insertions":7,"deletions":5}}},{"hash":"bf90f8a4fa791b79079bbd9754e9c838143e491a","isMergeCommit":true,"messageTitle":"Merge branch \u0027master\u0027 into C-Undo","messageBody":"","fileTypesAndContributionMap":{}},{"hash":"f55dd0101df4b12ad6a182a97779fbb56b178b4b","isMergeCommit":false,"messageTitle":"Add Undo and Redo commands","messageBody":"The program currently lacks the ability to undo or redo actions, making\nit difficult for users to correct mistakes or revert changes.\n\nUndo and redo functions improve the user experience by allowing users\nto reverse unintended actions and restore previous states.\n\nImplement an undo/redo feature by tracking changes to the task list\nand allowing users to step backward or forward through their action\nhistory.\n\nThis approach ensures actions can be easily reverted or reapplied,\nimproving flexibility and usability.\n\nThe implementation stores previous states to support multiple undo/redo\nsteps.\n","tags":["BCD-Extension"],"fileTypesAndContributionMap":{"gradle":{"insertions":1,"deletions":1},"java":{"insertions":307,"deletions":34}}},{"hash":"462feaab0b4f4dadf428172fc1f489a00b49d4ce","isMergeCommit":true,"messageTitle":"Merge branch \u0027C-Undo\u0027","messageBody":"","fileTypesAndContributionMap":{}}]}]},"authorFileTypeContributionMap":{"leroytan":{"java":1529,"md":3,"fxml":66,"sh":1,"bat":1,"gradle":18,"txt":4}},"authorContributionVariance":{"leroytan":46030.566},"authorDisplayNameMap":{"leroytan":"CS2103T-F12-4 LERO..IANG"}}
