{"authorDailyContributionsMap":{"leroytan":[{"date":"2024-08-22","commitResults":[{"hash":"9f06e1ef8b0c8a48b4c11f615a0973e78c68281e","isMergeCommit":false,"messageTitle":"Level-0","messageBody":"","tags":["Level-0"],"fileTypesAndContributionMap":{"java":{"insertions":4,"deletions":6}}},{"hash":"a12e031260eb1d15db67ed54ceb8dee01c443f83","isMergeCommit":false,"messageTitle":"Level-1","messageBody":"","tags":["Level-1"],"fileTypesAndContributionMap":{"java":{"insertions":14,"deletions":3}}},{"hash":"ced9ae13a554a75b3ffb2a4d1705ec2b0bed6518","isMergeCommit":false,"messageTitle":"Level-2","messageBody":"","tags":["Level-2"],"fileTypesAndContributionMap":{"java":{"insertions":15,"deletions":1}}},{"hash":"0a56ac8f82524f2328f5af860c374ee77989c96b","isMergeCommit":false,"messageTitle":"Level-3","messageBody":"","tags":["Level-3"],"fileTypesAndContributionMap":{"java":{"insertions":46,"deletions":3}}},{"hash":"94daef1200c3d0b28aec5b276957d1d8a69a77ab","isMergeCommit":false,"messageTitle":"Level-4","messageBody":"","tags":["Level-4"],"fileTypesAndContributionMap":{"java":{"insertions":101,"deletions":34}}},{"hash":"00a94b9e1312c8094571f0bc2850ad6baad53206","isMergeCommit":false,"messageTitle":"Level-5","messageBody":"","tags":["Level-5"],"fileTypesAndContributionMap":{"java":{"insertions":51,"deletions":13}}},{"hash":"e516599ea993e76aa1419d09581091109754081c","isMergeCommit":false,"messageTitle":"Level-6","messageBody":"","tags":["Level-6"],"fileTypesAndContributionMap":{"java":{"insertions":15,"deletions":7}}}]},{"date":"2024-08-23","commitResults":[{"hash":"a6e93821541785d370fde91fae8534af576b71f6","isMergeCommit":false,"messageTitle":"A-TextUiTesting","messageBody":"","tags":["A-TextUiTesting"],"fileTypesAndContributionMap":{"txt":{"insertions":4,"deletions":0},"java":{"insertions":1,"deletions":1}}}]},{"date":"2024-08-29","commitResults":[{"hash":"8871f74d3212f67bd5b1edbad1b235688f5c964e","isMergeCommit":false,"messageTitle":"Implement saved list","messageBody":"The program currently lacks the functionality to persist data across\nsessions, which means any information stored in the list is lost when\nthe program closes.\n\nThis limitation makes the application less user-friendly, as users\nhave to re-enter their data every time they run the program.\nPersistent storage is necessary to improve usability.\n\nAdd methods to read and write to file to handle data storage and\nretrieval.\n\nThe \u0027writeToFile()\u0027 method is used to store the current state of the\nlist into a file, \u0027arrayToNumberedString()\u0027 formats the data for\nreadability, and \u0027readFromFile()\u0027 is used to retrieve the stored data\nwhen the program runs again. This approach ensures that data is\nconsistently saved and retrieved in a structured manner.\n","fileTypesAndContributionMap":{"java":{"insertions":103,"deletions":7}}},{"hash":"7fc6e0c979e8c800d0550eee2ebc1400bfbc85ec","isMergeCommit":false,"messageTitle":"Implement saved list","messageBody":"The program currently lacks the functionality to persist data across\nsessions, which means any information stored in the list is lost when\nthe program closes.\n\nThis limitation makes the application less user-friendly, as users\nhave to re-enter their data every time they run the program.\nPersistent storage is necessary to improve usability.\n\nAdd methods to read and write to file to handle data storage and\nretrieval.\n\nThe \u0027writeToFile()\u0027 method is used to store the current state of the\nlist into a file, \u0027arrayToNumberedString()\u0027 formats the data for\nreadability, and \u0027readFromFile()\u0027 is used to retrieve the stored data\nwhen the program runs again. This approach ensures that data is\nconsistently saved and retrieved in a structured manner.\n","tags":["Level-7"],"fileTypesAndContributionMap":{"java":{"insertions":44,"deletions":14}}},{"hash":"8d632cec54c38df1b797af9f96a4c7f69f58df9d","isMergeCommit":true,"messageTitle":"Merge branch \u0027branch-Level-7\u0027","messageBody":"","fileTypesAndContributionMap":{}},{"hash":"0cb14ea255a503b6de4aac111ddcf479cc94483b","isMergeCommit":false,"messageTitle":"Implement Datetime handling","messageBody":"The chatbot currently treats dates and times as plain strings,\nlimiting its ability to manage tasks effectively.\n\nProper date and time handling is crucial for managing deadlines and\nevents, making the chatbot more useful and user-friendly.\n","tags":["Level-8"],"fileTypesAndContributionMap":{"java":{"insertions":1,"deletions":1}}},{"hash":"18d9d557a0d5d7533d9d4e60e9fbd5de185e9146","isMergeCommit":true,"messageTitle":"Merge branch \u0027branch-Level-8\u0027","messageBody":"","fileTypesAndContributionMap":{}}]},{"date":"2024-08-30","commitResults":[{"hash":"2dc3e17634ae835654b7c9b445e47d1057826807","isMergeCommit":false,"messageTitle":"A-MoreOOP (Changed code to obey OOP)","messageBody":"Refactoring the code to adhere to Object-Oriented Programming (OOP)\nprinciples will improve maintainability and scalability,\nmaking the code more modular and easier to extend.\n\nExtract the code into separate classes:\nUi: Handles user interactions.\nStorage: Manages loading and saving tasks from/to a file.\nParser: Interprets user commands.\nTaskList: Contains the task list and provides operations for\nadding and deleting tasks.\nCommand: Represents the instructions the program can receive\n","tags":["A-MoreOOP"],"fileTypesAndContributionMap":{"txt":{"insertions":3,"deletions":3},"java":{"insertions":379,"deletions":232},"bat":{"insertions":1,"deletions":1},"sh":{"insertions":1,"deletions":1},"md":{"insertions":3,"deletions":3}}},{"hash":"133a1816d7f4ae58b7679fc09a039e96a4cdaf07","isMergeCommit":false,"messageTitle":"A-Packages (Put classes into packages)","messageBody":"All classes in the Light program are currently in a single namespace,\nmaking it harder to manage and scale as the program grows.\n\nOrganizing the classes into packages improves code organization,\nreadability, and maintainability. It also allows for easier management\nof the growing codebase as more classes are added.\nGrouping related classes into packages also enhances modularity and\nhelps maintain a clean project structure.\n","tags":["A-Packages"],"fileTypesAndContributionMap":{"java":{"insertions":95,"deletions":16}}},{"hash":"a5607fcfd2c9705508d05e42a2754349904fa6f3","isMergeCommit":true,"messageTitle":"Merge tag \u0027A-Packages\u0027","messageBody":"","fileTypesAndContributionMap":{}}]}]},"authorFileTypeContributionMap":{"leroytan":{"java":541,"md":3,"fxml":0,"sh":1,"bat":1,"gradle":0,"txt":4}},"authorContributionVariance":{"leroytan":38078.695},"authorDisplayNameMap":{"leroytan":"CS2103T-F12-4 LERO..IANG"}}
