{"authorDailyContributionsMap":{"Plishh":[{"date":"2024-08-23","commitResults":[{"hash":"b2a5826be3da15ba50b159a7726051572e0934db","isMergeCommit":false,"messageTitle":"Rename main class","messageBody":"","fileTypesAndContributionMap":{"java":{"insertions":10,"deletions":10}}},{"hash":"e9fd1169ce1a8091059470dbc08ffcf224c151bc","isMergeCommit":false,"messageTitle":"Added echo","messageBody":"","fileTypesAndContributionMap":{"java":{"insertions":10,"deletions":1}}}]}]},"authorFileTypeContributionMap":{"Plishh":{"java":19,"md":0,"fxml":0,"sh":0,"bat":0,"gradle":0,"txt":0}},"authorContributionVariance":{"Plishh":105.109375},"authorDisplayNameMap":{"Plishh":"YAO ..COLN"}}
