{"authorDailyContributionsMap":{"tansanchian":[{"date":"2024-08-22","commitResults":[{"hash":"7646a41094e61d781685b40956c4a9d6e79b8e18","isMergeCommit":false,"messageTitle":"Rename, Greet, Exit","messageBody":"","tags":["Level-0"],"fileTypesAndContributionMap":{"java":{"insertions":7,"deletions":10}}},{"hash":"742fc169b93e98fcd0912002f4bd4f13a53426e0","isMergeCommit":false,"messageTitle":"Echo","messageBody":"","tags":["Level-1"],"fileTypesAndContributionMap":{"java":{"insertions":17,"deletions":3}}},{"hash":"a0ddc94f7e5477ec4cde9057509b80eea303a2e7","isMergeCommit":false,"messageTitle":"Add, List","messageBody":"","tags":["Level-2"],"fileTypesAndContributionMap":{"java":{"insertions":12,"deletions":5}}},{"hash":"6fc65b73562209c314aed67f83936026aa277a6d","isMergeCommit":false,"messageTitle":"Mark as Done","messageBody":"","tags":["Level-3"],"fileTypesAndContributionMap":{"java":{"insertions":61,"deletions":3}}}]},{"date":"2024-08-23","commitResults":[{"hash":"51ab9a97e9415b71874e6eccba45bf14df01ff32","isMergeCommit":false,"messageTitle":"ToDos, Events, Deadlines","messageBody":"","fileTypesAndContributionMap":{"java":{"insertions":75,"deletions":12}}},{"hash":"f749a55ef174d968e99b83502f639697ab7f34a2","isMergeCommit":false,"messageTitle":"Automated Text UI Testing","messageBody":"","tags":["A-TextUiTesting"],"fileTypesAndContributionMap":{"txt":{"insertions":8,"deletions":0},"java":{"insertions":3,"deletions":3},"bat":{"insertions":2,"deletions":2},"sh":{"insertions":1,"deletions":1}}},{"hash":"a1a175d32b0af5aa9681bd022f3aa94ef5064fcf","isMergeCommit":false,"messageTitle":"Handle Errors","messageBody":"","tags":["Level-5"],"fileTypesAndContributionMap":{"java":{"insertions":87,"deletions":62}}},{"hash":"e4994bc6c02eca8bd89de713595f632211c8d5d9","isMergeCommit":false,"messageTitle":"Delete","messageBody":"","tags":["Level-6"],"fileTypesAndContributionMap":{"java":{"insertions":30,"deletions":23}}}]}]},"authorFileTypeContributionMap":{"tansanchian":{"java":181,"md":0,"fxml":0,"sh":1,"bat":1,"gradle":0,"txt":8}},"authorContributionVariance":{"tansanchian":10826.734},"authorDisplayNameMap":{"tansanchian":"TAN ..HIAN"}}
