{"authorDailyContributionsMap":{"isaactodo":[{"date":"2024-08-20","commitResults":[{"hash":"c79fd534954420bada6297e84188720a070b76f5","isMergeCommit":false,"messageTitle":"feat: Rename chatbot, greet and exit","messageBody":"","tags":["Level-0"],"fileTypesAndContributionMap":{"java":{"insertions":33,"deletions":10}}},{"hash":"60f514e22456016386f3e1a2af51155cb0208ed0","isMergeCommit":false,"messageTitle":"feat: Add echo feature to chatbot","messageBody":"","tags":["Level-1"],"fileTypesAndContributionMap":{"java":{"insertions":16,"deletions":0}}},{"hash":"f466cb83078d6cfa2636cf8696e861281d7926aa","isMergeCommit":false,"messageTitle":"feat: Add ability to store and output lists","messageBody":"","tags":["Level-2"],"fileTypesAndContributionMap":{"java":{"insertions":68,"deletions":2}}},{"hash":"13ce2214b4b664eb948596bcf3d91e6ada83ebc3","isMergeCommit":false,"messageTitle":"Add javadocs to public methods","messageBody":"","fileTypesAndContributionMap":{"java":{"insertions":12,"deletions":1}}}]},{"date":"2024-08-21","commitResults":[{"hash":"157607fd1d81fef90264d43ea329bf7fc6fce3a8","isMergeCommit":false,"messageTitle":"feat: add command parsing and marking system","messageBody":"","tags":["Level-3"],"fileTypesAndContributionMap":{"java":{"insertions":129,"deletions":6}}},{"hash":"e7bc182a9d6588fd5b7b91b43baa8b2174fcfdd2","isMergeCommit":false,"messageTitle":"feat: add todos, events and deadlines","messageBody":"","fileTypesAndContributionMap":{"java":{"insertions":146,"deletions":13}}},{"hash":"4a73d7e487c940d5d50aa1a726cdf8a8115996ed","isMergeCommit":false,"messageTitle":"Removed scanner import","messageBody":"","tags":["Level-4"],"fileTypesAndContributionMap":{"java":{"insertions":0,"deletions":2}}},{"hash":"b0329757e2c205e5f57593c13e6601b171bf2ee8","isMergeCommit":false,"messageTitle":"fix: removed extra println statement","messageBody":"","fileTypesAndContributionMap":{"java":{"insertions":0,"deletions":2}}},{"hash":"8f5393e1937078be8b8d049f7c18015652c6a60c","isMergeCommit":false,"messageTitle":"feat: Add automated text UI testing","messageBody":"","fileTypesAndContributionMap":{"txt":{"insertions":4,"deletions":0},"java":{"insertions":5,"deletions":1},"bat":{"insertions":1,"deletions":1}}},{"hash":"db908e58a9433fb989254ff3ee35ca0b1d5d7217","isMergeCommit":false,"messageTitle":"fix: Fix automatic testing","messageBody":"","tags":["A-TextUiTesting"],"fileTypesAndContributionMap":{"sh":{"insertions":1,"deletions":1}}},{"hash":"5b27cb3c104e9f860b46c7e4afd3539ab482d58d","isMergeCommit":false,"messageTitle":"Add SentinelException class","messageBody":"","tags":["Level-5"],"fileTypesAndContributionMap":{"java":{"insertions":32,"deletions":20}}},{"hash":"df787b7e77811db2177cbe0ce0ed2d9e828cb56c","isMergeCommit":false,"messageTitle":"TaskList.java: Change to use ArrayList instead of arrays","messageBody":"","fileTypesAndContributionMap":{"java":{"insertions":14,"deletions":14}}},{"hash":"8dbde58a827e8dc259a820beebec75887dda526f","isMergeCommit":false,"messageTitle":"Add delete command to Sentinel","messageBody":"","fileTypesAndContributionMap":{"java":{"insertions":33,"deletions":0}}},{"hash":"ba73e704c5203d6e132e696ee173bb14201415ce","isMergeCommit":false,"messageTitle":"Fix error when trying to index a task that does not exist","messageBody":"","fileTypesAndContributionMap":{"java":{"insertions":18,"deletions":6}}},{"hash":"ba99ef8dabe1ed321a71ff0411fd48ff02479bba","isMergeCommit":false,"messageTitle":"Add javadocs to most public methods","messageBody":"","fileTypesAndContributionMap":{"java":{"insertions":133,"deletions":10}}},{"hash":"28a00ac0de68c8cfb684a3840a177454f1bac9e0","isMergeCommit":false,"messageTitle":"Add test cases for deletion and marking tasks","messageBody":"","tags":["Level-6"],"fileTypesAndContributionMap":{"txt":{"insertions":6,"deletions":1}}}]},{"date":"2024-08-25","commitResults":[{"hash":"adf2db98daa2af85e091747fd7b50fa8092ff02f","isMergeCommit":false,"messageTitle":"Add task saving feature","messageBody":"","fileTypesAndContributionMap":{"java":{"insertions":120,"deletions":2}}},{"hash":"1c9e1965a3b7d05ae41f664ea720d25e33b21b3b","isMergeCommit":true,"messageTitle":"Merge branch \u0027branch-Level-7\u0027","messageBody":"","tags":["Level-7"],"fileTypesAndContributionMap":{}}]}]},"authorFileTypeContributionMap":{"isaactodo":{"java":680,"md":0,"fxml":0,"sh":1,"bat":1,"gradle":0,"txt":9}},"authorContributionVariance":{"isaactodo":31937.213},"authorDisplayNameMap":{"isaactodo":"CS2103T-W10-4 ISAA.. ZAC"}}
