{"authorDailyContributionsMap":{"kohkakohla":[{"date":"2024-08-22","commitResults":[{"hash":"700ab675e6d7b7743172ee0d0e517780c7b2c1aa","isMergeCommit":false,"messageTitle":"Changed chatbot name, implemented initial skeleton","messageBody":"","tags":["Level-0"],"fileTypesAndContributionMap":{"java":{"insertions":15,"deletions":10}}},{"hash":"d1ffec8ea63d6895d54084e14f972f157d93a505","isMergeCommit":false,"messageTitle":"BotimusPrime.java: Bot now echoes commands entered by user","messageBody":"","tags":["Level-1"],"fileTypesAndContributionMap":{"java":{"insertions":26,"deletions":5}}},{"hash":"9931ab98286f2f71faee0f2fdb68a0b44c55f371","isMergeCommit":false,"messageTitle":"BotimusPrime.java: added ability to store and list items","messageBody":"","tags":["Level-2"],"fileTypesAndContributionMap":{"java":{"insertions":14,"deletions":2}}},{"hash":"55b375ba371246d3b96bd9f2f6558b9153b65415","isMergeCommit":false,"messageTitle":"Task.java: Added new Task class to encapsulate a task in todolist BotimusPrime.java: Added ability to mark tasks as done","messageBody":"","tags":["Level-3"],"fileTypesAndContributionMap":{"java":{"insertions":58,"deletions":13}}},{"hash":"370fd84ac312e59aa5f27ac757f4cff192ad8efb","isMergeCommit":false,"messageTitle":"Added Deadline, Event, Todo tasks","messageBody":"","tags":["Level-4"],"fileTypesAndContributionMap":{"java":{"insertions":82,"deletions":4}}},{"hash":"6bfc074612a818e2af7021ee27241880d1c97e06","isMergeCommit":false,"messageTitle":"Error handling added","messageBody":"","tags":["Level-5"],"fileTypesAndContributionMap":{"txt":{"insertions":8,"deletions":0},"java":{"insertions":138,"deletions":69},"bat":{"insertions":2,"deletions":2}}},{"hash":"991383428c381ed7314d925d0d59e400b82987da","isMergeCommit":false,"messageTitle":"Added deletion of tasks","messageBody":"","tags":["Level-6"],"fileTypesAndContributionMap":{"java":{"insertions":14,"deletions":1}}},{"hash":"8869e23a39cddfa1319d9b94fab05fcd42c18826","isMergeCommit":false,"messageTitle":"Updated Text UI testing","messageBody":"","tags":["A-TextUiTesting"],"fileTypesAndContributionMap":{"txt":{"insertions":1,"deletions":0}}}]},{"date":"2024-08-27","commitResults":[{"hash":"6bdfcfffc36ca6cae3bf6f0bc0a19611fdd56cad","isMergeCommit":false,"messageTitle":"BotimusPrime class: add save, load Task classes: add save formatting","messageBody":"","tags":["Level-7"],"fileTypesAndContributionMap":{"java":{"insertions":112,"deletions":13}}},{"hash":"d7b6e0b8923bcae8eb8a6f9d2278eb796d745a15","isMergeCommit":false,"messageTitle":"Revert \"BotimusPrime class: add save, load\"","messageBody":"This reverts commit 6bdfcfffc36ca6cae3bf6f0bc0a19611fdd56cad.\n","fileTypesAndContributionMap":{"java":{"insertions":13,"deletions":112}}},{"hash":"5c1de4cab822c45c0d1df9cc30d28ebfab389b1f","isMergeCommit":false,"messageTitle":"Deadline.java: Format code","messageBody":"","fileTypesAndContributionMap":{"java":{"insertions":1,"deletions":1}}},{"hash":"ec4cd5ab6977704ef9e66f9ef02a9f109a79603b","isMergeCommit":true,"messageTitle":"Merge branch \u0027branch-Level-7\u0027","messageBody":"","fileTypesAndContributionMap":{}},{"hash":"7a0809b66cb1ce0ee1840379fd98da2bd372dcd1","isMergeCommit":false,"messageTitle":"BotimusPrime class: Add save, load","messageBody":"","fileTypesAndContributionMap":{"txt":{"insertions":1,"deletions":0}}},{"hash":"ca5f605019d758ef7a8990d7cfebd6404ff3e5cb","isMergeCommit":true,"messageTitle":"Merge branch \u0027branch-Level-7\u0027","messageBody":"","fileTypesAndContributionMap":{}},{"hash":"8725f249b0734f0406a5f1b831cc45e34cd21517","isMergeCommit":false,"messageTitle":"Revert \"Merge branch \u0027branch-Level-7\u0027\"","messageBody":"This reverts commit ec4cd5ab6977704ef9e66f9ef02a9f109a79603b, reversing\nchanges made to d7b6e0b8923bcae8eb8a6f9d2278eb796d745a15.\n","fileTypesAndContributionMap":{"java":{"insertions":1,"deletions":1}}},{"hash":"e3dc27e97c25943e67ccf5dd611231a33b65cce7","isMergeCommit":true,"messageTitle":"Merge branch \u0027branch-Level-7\u0027","messageBody":"","fileTypesAndContributionMap":{}},{"hash":"5b1286d84b6ac4a82d193c64501450f6c696d2e4","isMergeCommit":false,"messageTitle":"Merge branch \u0027branch-Level-7\u0027","messageBody":"","fileTypesAndContributionMap":{"java":{"insertions":118,"deletions":19}}}]},{"date":"2024-08-28","commitResults":[{"hash":"cdc152cdf2b9d5e808901a09c6a231c3a58b8b62","isMergeCommit":false,"messageTitle":"Task classes: Add saving times as DateTime objects","messageBody":"","fileTypesAndContributionMap":{"java":{"insertions":63,"deletions":15}}},{"hash":"a56ab3fbce9ca8091a3f9721ae656be0940ff03d","isMergeCommit":true,"messageTitle":"Merge branch \u0027branch-Level-8\u0027","messageBody":"","tags":["Level-8"],"fileTypesAndContributionMap":{}},{"hash":"e7d6942d73ed4ff50c0369c67a576c6330805ee7","isMergeCommit":false,"messageTitle":"Extract Ui, Storage, Parser, TaskList classes","messageBody":"","fileTypesAndContributionMap":{"java":{"insertions":404,"deletions":260}}},{"hash":"2429084ca4d0d370382a71f68a48674f0a116794","isMergeCommit":false,"messageTitle":"Revert \"Extract Ui, Storage, Parser, TaskList classes\"","messageBody":"This reverts commit e7d6942d73ed4ff50c0369c67a576c6330805ee7.\n","fileTypesAndContributionMap":{"java":{"insertions":260,"deletions":404}}},{"hash":"8678344464e0e278eb1d481f5a12c4ef7b4537e9","isMergeCommit":true,"messageTitle":"Merge branch \u0027branch-A-MoreOOP\u0027","messageBody":"","fileTypesAndContributionMap":{}},{"hash":"3bbcfe1ef650ea8cb3a520e276e69c8c4b5631a4","isMergeCommit":false,"messageTitle":"Merge branch \u0027branch-A-MoreOOP\u0027","messageBody":"","tags":["A-MoreOOP"],"fileTypesAndContributionMap":{"java":{"insertions":404,"deletions":260}}},{"hash":"efc6d4a78107fcc1b3215eb2fb14277aacd50c28","isMergeCommit":false,"messageTitle":"Organise classes into packages","messageBody":"","fileTypesAndContributionMap":{"java":{"insertions":38,"deletions":17},"bat":{"insertions":2,"deletions":2}}},{"hash":"bdfcc09b16e417c779c4e8ab6fce1a4f65572390","isMergeCommit":true,"messageTitle":"Merge branch \u0027branch-A-Packages\u0027","messageBody":"","tags":["A-Packages"],"fileTypesAndContributionMap":{}},{"hash":"3f79ecc4596568b7b5222e369826de8271ef7067","isMergeCommit":true,"messageTitle":"Merge branch \u0027add-gradle-support\u0027","messageBody":"","fileTypesAndContributionMap":{}},{"hash":"03d3ebb2e9fcd965d32d6728b5eb3e1c77777c09","isMergeCommit":false,"messageTitle":"Refactor changes to class names","messageBody":"","fileTypesAndContributionMap":{"gradle":{"insertions":2,"deletions":2},"java":{"insertions":25,"deletions":25},"bat":{"insertions":2,"deletions":2}}},{"hash":"f090bc16ca6c624285f40dbf2af0fc5f8ccc4f5f","isMergeCommit":true,"messageTitle":"Merge branch \u0027branch-A-Gradle\u0027","messageBody":"","tags":["A-Gradle"],"fileTypesAndContributionMap":{}}]},{"date":"2024-08-29","commitResults":[{"hash":"ce90cc30a9e8595ec00c8f61dd27ac5b15f8fd72","isMergeCommit":false,"messageTitle":"Add tests for TaskList, Storage classes","messageBody":"","tags":["A-Jar","A-JUnit"],"fileTypesAndContributionMap":{"java":{"insertions":142,"deletions":1}}},{"hash":"20c9eb3b45d172f0c3179c6b0e690612028597e5","isMergeCommit":true,"messageTitle":"Merge branch \u0027branch-A-JUnit\u0027","messageBody":"","fileTypesAndContributionMap":{}}]},{"date":"2024-08-30","commitResults":[{"hash":"21dba8f3e8eee800ee412f8d15f235ba7bc9f940","isMergeCommit":false,"messageTitle":"Add JavaDocs to major classes","messageBody":"","fileTypesAndContributionMap":{"java":{"insertions":238,"deletions":0}}},{"hash":"fa66cdbbc41af4e4a5fa67252fd992672797aebb","isMergeCommit":false,"messageTitle":"Tweak code to comply with coding standards","messageBody":"","fileTypesAndContributionMap":{"java":{"insertions":64,"deletions":48}}},{"hash":"867767fc3b9f6329333096c32c22f7372f87a049","isMergeCommit":false,"messageTitle":"TaskList.java: Add find function","messageBody":"","fileTypesAndContributionMap":{"java":{"insertions":33,"deletions":0}}},{"hash":"fd6715e9f78c3650bc2f0a52ef4396230f5b7446","isMergeCommit":true,"messageTitle":"Merge branch \u0027branch-A-JavaDoc\u0027","messageBody":"","tags":["A-JavaDoc"],"fileTypesAndContributionMap":{}},{"hash":"ebb43c29ef6531cf0e0e3e0eb66a65ca2388cb46","isMergeCommit":true,"messageTitle":"Merge with branch \u0027branch-A-CodingStandard\u0027","messageBody":"","fileTypesAndContributionMap":{}},{"hash":"4171a842dbf21dcb742cfbb28993b34b716bb6e6","isMergeCommit":true,"messageTitle":"Merge branch \u0027branch-Level-9\u0027","messageBody":"","tags":["Level-9"],"fileTypesAndContributionMap":{}}]}]},"authorFileTypeContributionMap":{"kohkakohla":{"java":993,"md":0,"fxml":0,"sh":0,"bat":2,"gradle":2,"txt":10}},"authorContributionVariance":{"kohkakohla":297992.2},"authorDisplayNameMap":{"kohkakohla":"CS2103T-F08-1 IVAN..U EN"}}
