[{"path":"src/main/java/Genesis.java","fileType":"java","lines":[{"lineNumber":1,"author":{"gitId":"ethan-goh"},"content":"import java.util.Scanner;","lastModifiedDate":"2024-08-22","isFullCredit":false},{"lineNumber":2,"author":{"gitId":"ethan-goh"},"content":"import java.util.ArrayList;","lastModifiedDate":"2024-08-22","isFullCredit":false},{"lineNumber":3,"author":{"gitId":"ethan-goh"},"content":"","lastModifiedDate":"2024-08-22","isFullCredit":false},{"lineNumber":4,"author":{"gitId":"ethan-goh"},"content":"class Task {","lastModifiedDate":"2024-08-22","isFullCredit":false},{"lineNumber":5,"author":{"gitId":"ethan-goh"},"content":"    protected String description;","lastModifiedDate":"2024-08-22","isFullCredit":false},{"lineNumber":6,"author":{"gitId":"ethan-goh"},"content":"    protected boolean isComplete;","lastModifiedDate":"2024-08-22","isFullCredit":false},{"lineNumber":7,"author":{"gitId":"ethan-goh"},"content":"","lastModifiedDate":"2024-08-22","isFullCredit":false},{"lineNumber":8,"author":{"gitId":"ethan-goh"},"content":"    public Task (String description) {","lastModifiedDate":"2024-08-22","isFullCredit":false},{"lineNumber":9,"author":{"gitId":"ethan-goh"},"content":"        this.description \u003d description;","lastModifiedDate":"2024-08-22","isFullCredit":false},{"lineNumber":10,"author":{"gitId":"ethan-goh"},"content":"        this.isComplete \u003d false;","lastModifiedDate":"2024-08-22","isFullCredit":false},{"lineNumber":11,"author":{"gitId":"ethan-goh"},"content":"    }","lastModifiedDate":"2024-08-22","isFullCredit":false},{"lineNumber":12,"author":{"gitId":"ethan-goh"},"content":"","lastModifiedDate":"2024-08-22","isFullCredit":false},{"lineNumber":13,"author":{"gitId":"ethan-goh"},"content":"    @Override","lastModifiedDate":"2024-08-22","isFullCredit":false},{"lineNumber":14,"author":{"gitId":"ethan-goh"},"content":"    public String toString() {","lastModifiedDate":"2024-08-22","isFullCredit":false},{"lineNumber":15,"author":{"gitId":"ethan-goh"},"content":"        String marked;","lastModifiedDate":"2024-08-22","isFullCredit":false},{"lineNumber":16,"author":{"gitId":"ethan-goh"},"content":"        if (isComplete) {","lastModifiedDate":"2024-08-22","isFullCredit":false},{"lineNumber":17,"author":{"gitId":"ethan-goh"},"content":"            marked \u003d \"[X] \";","lastModifiedDate":"2024-08-22","isFullCredit":false},{"lineNumber":18,"author":{"gitId":"ethan-goh"},"content":"        } else {","lastModifiedDate":"2024-08-22","isFullCredit":false},{"lineNumber":19,"author":{"gitId":"ethan-goh"},"content":"            marked \u003d \"[ ] \";","lastModifiedDate":"2024-08-22","isFullCredit":false},{"lineNumber":20,"author":{"gitId":"ethan-goh"},"content":"        }","lastModifiedDate":"2024-08-22","isFullCredit":false},{"lineNumber":21,"author":{"gitId":"ethan-goh"},"content":"        return marked + this.description;","lastModifiedDate":"2024-08-22","isFullCredit":false},{"lineNumber":22,"author":{"gitId":"ethan-goh"},"content":"    }","lastModifiedDate":"2024-08-22","isFullCredit":false},{"lineNumber":23,"author":{"gitId":"ethan-goh"},"content":"","lastModifiedDate":"2024-08-22","isFullCredit":false},{"lineNumber":24,"author":{"gitId":"ethan-goh"},"content":"    public void mark() {","lastModifiedDate":"2024-08-22","isFullCredit":false},{"lineNumber":25,"author":{"gitId":"ethan-goh"},"content":"        this.isComplete \u003d true;","lastModifiedDate":"2024-08-22","isFullCredit":false},{"lineNumber":26,"author":{"gitId":"ethan-goh"},"content":"    }","lastModifiedDate":"2024-08-22","isFullCredit":false},{"lineNumber":27,"author":{"gitId":"ethan-goh"},"content":"    public void unmark() {","lastModifiedDate":"2024-08-22","isFullCredit":false},{"lineNumber":28,"author":{"gitId":"ethan-goh"},"content":"        this.isComplete \u003d false;","lastModifiedDate":"2024-08-22","isFullCredit":false},{"lineNumber":29,"author":{"gitId":"ethan-goh"},"content":"    }","lastModifiedDate":"2024-08-22","isFullCredit":false},{"lineNumber":30,"author":{"gitId":"ethan-goh"},"content":"}","lastModifiedDate":"2024-08-22","isFullCredit":false},{"lineNumber":31,"author":{"gitId":"ethan-goh"},"content":"public class Genesis {","lastModifiedDate":"2024-08-22","isFullCredit":false},{"lineNumber":32,"author":{"gitId":"ethan-goh"},"content":"","lastModifiedDate":"2024-08-22","isFullCredit":false},{"lineNumber":33,"author":{"gitId":"ethan-goh"},"content":"","lastModifiedDate":"2024-08-22","isFullCredit":false},{"lineNumber":34,"author":{"gitId":"ethan-goh"},"content":"    public static void main(String[] args) {","lastModifiedDate":"2024-08-22","isFullCredit":false},{"lineNumber":35,"author":{"gitId":"ethan-goh"},"content":"","lastModifiedDate":"2024-08-22","isFullCredit":false},{"lineNumber":36,"author":{"gitId":"ethan-goh"},"content":"        /*String logo \u003d \" ____        _        \\n\"","lastModifiedDate":"2024-08-22","isFullCredit":false},{"lineNumber":37,"author":{"gitId":"ethan-goh"},"content":"                + \"|  _ \\\\ _   _| | _____ \\n\"","lastModifiedDate":"2024-08-22","isFullCredit":false},{"lineNumber":38,"author":{"gitId":"ethan-goh"},"content":"                + \"| | | | | | | |/ / _ \\\\\\n\"","lastModifiedDate":"2024-08-22","isFullCredit":false},{"lineNumber":39,"author":{"gitId":"ethan-goh"},"content":"                + \"| |_| | |_| |   \u003c  __/\\n\"","lastModifiedDate":"2024-08-22","isFullCredit":false},{"lineNumber":40,"author":{"gitId":"ethan-goh"},"content":"                + \"|____/ \\\\__,_|_|\\\\_\\\\___|\\n\";*/","lastModifiedDate":"2024-08-22","isFullCredit":false},{"lineNumber":41,"author":{"gitId":"ethan-goh"},"content":"        System.out.println(\"Hello! I\u0027m Genesis!\\n\"","lastModifiedDate":"2024-08-22","isFullCredit":false},{"lineNumber":42,"author":{"gitId":"ethan-goh"},"content":"                + \"What can I do for you?\\n\");","lastModifiedDate":"2024-08-22","isFullCredit":false},{"lineNumber":43,"author":{"gitId":"ethan-goh"},"content":"        Scanner sc \u003d new Scanner(System.in);","lastModifiedDate":"2024-08-22","isFullCredit":false},{"lineNumber":44,"author":{"gitId":"ethan-goh"},"content":"        ArrayList\u003cTask\u003e items \u003d new ArrayList\u003c\u003e();","lastModifiedDate":"2024-08-22","isFullCredit":false},{"lineNumber":45,"author":{"gitId":"ethan-goh"},"content":"        while (true) {","lastModifiedDate":"2024-08-22","isFullCredit":false},{"lineNumber":46,"author":{"gitId":"ethan-goh"},"content":"            String input \u003d sc.nextLine();","lastModifiedDate":"2024-08-22","isFullCredit":false},{"lineNumber":47,"author":{"gitId":"ethan-goh"},"content":"            if (input.equalsIgnoreCase(\"bye\")) {","lastModifiedDate":"2024-08-22","isFullCredit":false},{"lineNumber":48,"author":{"gitId":"ethan-goh"},"content":"                System.out.println(\"Bye. Hope to see you again soon!\");","lastModifiedDate":"2024-08-22","isFullCredit":false},{"lineNumber":49,"author":{"gitId":"ethan-goh"},"content":"                break;","lastModifiedDate":"2024-08-22","isFullCredit":false},{"lineNumber":50,"author":{"gitId":"ethan-goh"},"content":"            } else if (input.equalsIgnoreCase(\"list\")) {","lastModifiedDate":"2024-08-22","isFullCredit":false},{"lineNumber":51,"author":{"gitId":"ethan-goh"},"content":"                for (int i \u003d 0; i \u003c items.size(); i++) {","lastModifiedDate":"2024-08-22","isFullCredit":false},{"lineNumber":52,"author":{"gitId":"ethan-goh"},"content":"                    System.out.println(i + 1 + \". \" + items.get(i));","lastModifiedDate":"2024-08-22","isFullCredit":false},{"lineNumber":53,"author":{"gitId":"ethan-goh"},"content":"                }","lastModifiedDate":"2024-08-22","isFullCredit":false},{"lineNumber":54,"author":{"gitId":"ethan-goh"},"content":"            } else if (input.startsWith(\"mark \")) {","lastModifiedDate":"2024-08-22","isFullCredit":false},{"lineNumber":55,"author":{"gitId":"ethan-goh"},"content":"                int index \u003d Integer.parseInt(input.substring(5)) - 1;","lastModifiedDate":"2024-08-22","isFullCredit":false},{"lineNumber":56,"author":{"gitId":"ethan-goh"},"content":"                if (index \u003e\u003d items.size()) {","lastModifiedDate":"2024-08-22","isFullCredit":false},{"lineNumber":57,"author":{"gitId":"ethan-goh"},"content":"                    System.out.println(\"No such task exists!\");","lastModifiedDate":"2024-08-22","isFullCredit":false},{"lineNumber":58,"author":{"gitId":"ethan-goh"},"content":"                    continue;","lastModifiedDate":"2024-08-22","isFullCredit":false},{"lineNumber":59,"author":{"gitId":"ethan-goh"},"content":"                }","lastModifiedDate":"2024-08-22","isFullCredit":false},{"lineNumber":60,"author":{"gitId":"ethan-goh"},"content":"                Task current \u003d items.get(index);","lastModifiedDate":"2024-08-22","isFullCredit":false},{"lineNumber":61,"author":{"gitId":"ethan-goh"},"content":"                current.mark();","lastModifiedDate":"2024-08-22","isFullCredit":false},{"lineNumber":62,"author":{"gitId":"ethan-goh"},"content":"                System.out.println(\"Nice! I\u0027ve marked this as done:\\n\" +","lastModifiedDate":"2024-08-22","isFullCredit":false},{"lineNumber":63,"author":{"gitId":"ethan-goh"},"content":"                                    current.description);","lastModifiedDate":"2024-08-22","isFullCredit":false},{"lineNumber":64,"author":{"gitId":"ethan-goh"},"content":"            } else if (input.startsWith(\"unmark \")) {","lastModifiedDate":"2024-08-22","isFullCredit":false},{"lineNumber":65,"author":{"gitId":"ethan-goh"},"content":"                int index \u003d Integer.parseInt(input.substring(7)) - 1;","lastModifiedDate":"2024-08-22","isFullCredit":false},{"lineNumber":66,"author":{"gitId":"ethan-goh"},"content":"                if (index \u003e\u003d items.size()) {","lastModifiedDate":"2024-08-22","isFullCredit":false},{"lineNumber":67,"author":{"gitId":"ethan-goh"},"content":"                    System.out.println(\"No such task exists!\");","lastModifiedDate":"2024-08-22","isFullCredit":false},{"lineNumber":68,"author":{"gitId":"ethan-goh"},"content":"                    continue;","lastModifiedDate":"2024-08-22","isFullCredit":false},{"lineNumber":69,"author":{"gitId":"ethan-goh"},"content":"                }","lastModifiedDate":"2024-08-22","isFullCredit":false},{"lineNumber":70,"author":{"gitId":"ethan-goh"},"content":"                Task current \u003d items.get(index);","lastModifiedDate":"2024-08-22","isFullCredit":false},{"lineNumber":71,"author":{"gitId":"ethan-goh"},"content":"                current.unmark();","lastModifiedDate":"2024-08-22","isFullCredit":false},{"lineNumber":72,"author":{"gitId":"ethan-goh"},"content":"                System.out.println(\"Ok. I\u0027ve marked this task as not done yet:\\n\" +","lastModifiedDate":"2024-08-22","isFullCredit":false},{"lineNumber":73,"author":{"gitId":"ethan-goh"},"content":"                        current.description);","lastModifiedDate":"2024-08-22","isFullCredit":false},{"lineNumber":74,"author":{"gitId":"ethan-goh"},"content":"            } else {","lastModifiedDate":"2024-08-22","isFullCredit":false},{"lineNumber":75,"author":{"gitId":"ethan-goh"},"content":"                Task current \u003d new Task(input);","lastModifiedDate":"2024-08-22","isFullCredit":false},{"lineNumber":76,"author":{"gitId":"ethan-goh"},"content":"                items.add(current);","lastModifiedDate":"2024-08-22","isFullCredit":false},{"lineNumber":77,"author":{"gitId":"ethan-goh"},"content":"                System.out.println(\"added: \" + current.description);","lastModifiedDate":"2024-08-22","isFullCredit":false},{"lineNumber":78,"author":{"gitId":"ethan-goh"},"content":"            }","lastModifiedDate":"2024-08-22","isFullCredit":false},{"lineNumber":79,"author":{"gitId":"ethan-goh"},"content":"        }","lastModifiedDate":"2024-08-22","isFullCredit":false},{"lineNumber":80,"author":{"gitId":"ethan-goh"},"content":"","lastModifiedDate":"2024-08-22","isFullCredit":false},{"lineNumber":81,"author":{"gitId":"ethan-goh"},"content":"    }","lastModifiedDate":"2024-08-22","isFullCredit":false},{"lineNumber":82,"author":{"gitId":"ethan-goh"},"content":"}","lastModifiedDate":"2024-08-22","isFullCredit":false}],"authorContributionMap":{"ethan-goh":82}}]
