{"authorDailyContributionsMap":{"ethan-goh":[{"date":"2024-08-22","commitResults":[{"hash":"edb91cb9ae1df34801e278742dbe72caa8f63f26","isMergeCommit":false,"messageTitle":"completed level 0","messageBody":"","fileTypesAndContributionMap":{"java":{"insertions":13,"deletions":10}}},{"hash":"78385e41e27553d229ae32ee8743c8fb1dee05bd","isMergeCommit":false,"messageTitle":"level 1","messageBody":"","fileTypesAndContributionMap":{"java":{"insertions":13,"deletions":2}}},{"hash":"f1f66987f1f978087df730b6436a0bcc4dca7766","isMergeCommit":false,"messageTitle":"completed level 2","messageBody":"","fileTypesAndContributionMap":{"java":{"insertions":8,"deletions":1}}}]}]},"authorFileTypeContributionMap":{"ethan-goh":{"java":31,"md":0,"fxml":0,"sh":0,"bat":0,"gradle":0,"txt":0}},"authorContributionVariance":{"ethan-goh":270.48978},"authorDisplayNameMap":{"ethan-goh":"ETHA.. ERN"}}
