[{"path":"src/main/java/CommandParser.java","fileType":"java","lines":[{"lineNumber":1,"author":{"gitId":"RadieonAjax"},"content":"public class CommandParser {","lastModifiedDate":"2024-08-23","isFullCredit":false},{"lineNumber":2,"author":{"gitId":"RadieonAjax"},"content":"    public enum CommandType {","lastModifiedDate":"2024-08-23","isFullCredit":false},{"lineNumber":3,"author":{"gitId":"RadieonAjax"},"content":"        LIST, BYE, MARK, UNMARK, ADD","lastModifiedDate":"2024-08-23","isFullCredit":false},{"lineNumber":4,"author":{"gitId":"RadieonAjax"},"content":"    }","lastModifiedDate":"2024-08-23","isFullCredit":false},{"lineNumber":5,"author":{"gitId":"RadieonAjax"},"content":"","lastModifiedDate":"2024-08-23","isFullCredit":false},{"lineNumber":6,"author":{"gitId":"RadieonAjax"},"content":"    public static CommandType parseCommand(String userInput) {","lastModifiedDate":"2024-08-23","isFullCredit":false},{"lineNumber":7,"author":{"gitId":"RadieonAjax"},"content":"        if (userInput.equalsIgnoreCase(\"bye\")) {","lastModifiedDate":"2024-08-23","isFullCredit":false},{"lineNumber":8,"author":{"gitId":"RadieonAjax"},"content":"            return CommandType.BYE;","lastModifiedDate":"2024-08-23","isFullCredit":false},{"lineNumber":9,"author":{"gitId":"RadieonAjax"},"content":"        } else if (userInput.equalsIgnoreCase(\"list\")) {","lastModifiedDate":"2024-08-23","isFullCredit":false},{"lineNumber":10,"author":{"gitId":"RadieonAjax"},"content":"            return CommandType.LIST;","lastModifiedDate":"2024-08-23","isFullCredit":false},{"lineNumber":11,"author":{"gitId":"RadieonAjax"},"content":"        } else if (userInput.startsWith(\"mark\")) {","lastModifiedDate":"2024-08-23","isFullCredit":false},{"lineNumber":12,"author":{"gitId":"RadieonAjax"},"content":"            return CommandType.MARK;","lastModifiedDate":"2024-08-23","isFullCredit":false},{"lineNumber":13,"author":{"gitId":"RadieonAjax"},"content":"        } else if (userInput.startsWith(\"unmark\")) {","lastModifiedDate":"2024-08-23","isFullCredit":false},{"lineNumber":14,"author":{"gitId":"RadieonAjax"},"content":"            return CommandType.UNMARK;","lastModifiedDate":"2024-08-23","isFullCredit":false},{"lineNumber":15,"author":{"gitId":"RadieonAjax"},"content":"        } else {","lastModifiedDate":"2024-08-23","isFullCredit":false},{"lineNumber":16,"author":{"gitId":"RadieonAjax"},"content":"            return CommandType.ADD;","lastModifiedDate":"2024-08-23","isFullCredit":false},{"lineNumber":17,"author":{"gitId":"RadieonAjax"},"content":"        }","lastModifiedDate":"2024-08-23","isFullCredit":false},{"lineNumber":18,"author":{"gitId":"RadieonAjax"},"content":"    }","lastModifiedDate":"2024-08-23","isFullCredit":false},{"lineNumber":19,"author":{"gitId":"RadieonAjax"},"content":"}","lastModifiedDate":"2024-08-23","isFullCredit":false}],"authorContributionMap":{"RadieonAjax":19}},{"path":"src/main/java/Shrimp.java","fileType":"java","lines":[{"lineNumber":1,"author":{"gitId":"RadieonAjax"},"content":"import java.util.Scanner;","lastModifiedDate":"2024-08-22","isFullCredit":false},{"lineNumber":2,"author":{"gitId":"RadieonAjax"},"content":"","lastModifiedDate":"2024-08-22","isFullCredit":false},{"lineNumber":3,"author":{"gitId":"RadieonAjax"},"content":"public class Shrimp {","lastModifiedDate":"2024-08-22","isFullCredit":false},{"lineNumber":4,"author":{"gitId":"RadieonAjax"},"content":"","lastModifiedDate":"2024-08-22","isFullCredit":false},{"lineNumber":5,"author":{"gitId":"RadieonAjax"},"content":"    private static final String PARTITION \u003d \"____________________________________________________________\";","lastModifiedDate":"2024-08-22","isFullCredit":false},{"lineNumber":6,"author":{"gitId":"RadieonAjax"},"content":"","lastModifiedDate":"2024-08-22","isFullCredit":false},{"lineNumber":7,"author":{"gitId":"RadieonAjax"},"content":"    public static void main(String[] args) {","lastModifiedDate":"2024-08-22","isFullCredit":false},{"lineNumber":8,"author":{"gitId":"RadieonAjax"},"content":"        //program initialise","lastModifiedDate":"2024-08-23","isFullCredit":false},{"lineNumber":9,"author":{"gitId":"RadieonAjax"},"content":"        programStart();","lastModifiedDate":"2024-08-22","isFullCredit":false},{"lineNumber":10,"author":{"gitId":"RadieonAjax"},"content":"","lastModifiedDate":"2024-08-22","isFullCredit":false},{"lineNumber":11,"author":{"gitId":"RadieonAjax"},"content":"        //scans for user\u0027s command","lastModifiedDate":"2024-08-23","isFullCredit":false},{"lineNumber":12,"author":{"gitId":"RadieonAjax"},"content":"        Scanner sc \u003d new Scanner(System.in);","lastModifiedDate":"2024-08-22","isFullCredit":false},{"lineNumber":13,"author":{"gitId":"RadieonAjax"},"content":"        String userInput, output;","lastModifiedDate":"2024-08-23","isFullCredit":false},{"lineNumber":14,"author":{"gitId":"RadieonAjax"},"content":"        TaskList taskList \u003d new TaskList();","lastModifiedDate":"2024-08-22","isFullCredit":false},{"lineNumber":15,"author":{"gitId":"RadieonAjax"},"content":"","lastModifiedDate":"2024-08-22","isFullCredit":false},{"lineNumber":16,"author":{"gitId":"RadieonAjax"},"content":"        while (true) {","lastModifiedDate":"2024-08-22","isFullCredit":false},{"lineNumber":17,"author":{"gitId":"RadieonAjax"},"content":"            userInput \u003d sc.nextLine();  //read the next line of user input","lastModifiedDate":"2024-08-23","isFullCredit":false},{"lineNumber":18,"author":{"gitId":"RadieonAjax"},"content":"            Task newTask \u003d new Task(userInput); //creates a new Task object","lastModifiedDate":"2024-08-23","isFullCredit":false},{"lineNumber":19,"author":{"gitId":"RadieonAjax"},"content":"","lastModifiedDate":"2024-08-22","isFullCredit":false},{"lineNumber":20,"author":{"gitId":"RadieonAjax"},"content":"            CommandParser.CommandType commandType \u003d CommandParser.parseCommand(userInput);","lastModifiedDate":"2024-08-23","isFullCredit":false},{"lineNumber":21,"author":{"gitId":"RadieonAjax"},"content":"","lastModifiedDate":"2024-08-23","isFullCredit":false},{"lineNumber":22,"author":{"gitId":"RadieonAjax"},"content":"            switch (commandType) {","lastModifiedDate":"2024-08-23","isFullCredit":false},{"lineNumber":23,"author":{"gitId":"RadieonAjax"},"content":"                case BYE: //exits the program","lastModifiedDate":"2024-08-23","isFullCredit":false},{"lineNumber":24,"author":{"gitId":"RadieonAjax"},"content":"                    programExit();","lastModifiedDate":"2024-08-23","isFullCredit":false},{"lineNumber":25,"author":{"gitId":"RadieonAjax"},"content":"                    return;","lastModifiedDate":"2024-08-23","isFullCredit":false},{"lineNumber":26,"author":{"gitId":"RadieonAjax"},"content":"","lastModifiedDate":"2024-08-23","isFullCredit":false},{"lineNumber":27,"author":{"gitId":"RadieonAjax"},"content":"                case LIST:","lastModifiedDate":"2024-08-23","isFullCredit":false},{"lineNumber":28,"author":{"gitId":"RadieonAjax"},"content":"                    System.out.println(PARTITION);","lastModifiedDate":"2024-08-22","isFullCredit":false},{"lineNumber":29,"author":{"gitId":"RadieonAjax"},"content":"                    System.out.println(\"Gotchaaa~ Here\u0027s the list so far:\");","lastModifiedDate":"2024-08-22","isFullCredit":false},{"lineNumber":30,"author":{"gitId":"RadieonAjax"},"content":"                    for (int i \u003d 0; i \u003c taskList.getCount(); i++) {","lastModifiedDate":"2024-08-22","isFullCredit":false},{"lineNumber":31,"author":{"gitId":"RadieonAjax"},"content":"                        Task task \u003d taskList.getTask(i);","lastModifiedDate":"2024-08-23","isFullCredit":false},{"lineNumber":32,"author":{"gitId":"RadieonAjax"},"content":"                        output \u003d  String.format(\"%s.%s %s\", i + 1,","lastModifiedDate":"2024-08-23","isFullCredit":false},{"lineNumber":33,"author":{"gitId":"RadieonAjax"},"content":"                                task.getHasCompleted() ? \"[X]\" : \"[ ]\", task);","lastModifiedDate":"2024-08-23","isFullCredit":false},{"lineNumber":34,"author":{"gitId":"RadieonAjax"},"content":"                        System.out.println(output);","lastModifiedDate":"2024-08-23","isFullCredit":false},{"lineNumber":35,"author":{"gitId":"RadieonAjax"},"content":"                    }","lastModifiedDate":"2024-08-22","isFullCredit":false},{"lineNumber":36,"author":{"gitId":"RadieonAjax"},"content":"                    System.out.println(PARTITION);","lastModifiedDate":"2024-08-22","isFullCredit":false},{"lineNumber":37,"author":{"gitId":"RadieonAjax"},"content":"                    break;","lastModifiedDate":"2024-08-23","isFullCredit":false},{"lineNumber":38,"author":{"gitId":"RadieonAjax"},"content":"","lastModifiedDate":"2024-08-23","isFullCredit":false},{"lineNumber":39,"author":{"gitId":"RadieonAjax"},"content":"                case ADD:","lastModifiedDate":"2024-08-23","isFullCredit":false},{"lineNumber":40,"author":{"gitId":"RadieonAjax"},"content":"                    taskList.addTask(newTask);","lastModifiedDate":"2024-08-22","isFullCredit":false},{"lineNumber":41,"author":{"gitId":"RadieonAjax"},"content":"                    output \u003d \"rawr! \u0027\" + userInput + \"\u0027 has been added to the list~\";","lastModifiedDate":"2024-08-23","isFullCredit":false},{"lineNumber":42,"author":{"gitId":"RadieonAjax"},"content":"                    System.out.println(PARTITION);","lastModifiedDate":"2024-08-22","isFullCredit":false},{"lineNumber":43,"author":{"gitId":"RadieonAjax"},"content":"                    System.out.println(output);","lastModifiedDate":"2024-08-22","isFullCredit":false},{"lineNumber":44,"author":{"gitId":"RadieonAjax"},"content":"                    System.out.println(PARTITION);","lastModifiedDate":"2024-08-22","isFullCredit":false},{"lineNumber":45,"author":{"gitId":"RadieonAjax"},"content":"                    break;","lastModifiedDate":"2024-08-23","isFullCredit":false},{"lineNumber":46,"author":{"gitId":"RadieonAjax"},"content":"","lastModifiedDate":"2024-08-23","isFullCredit":false},{"lineNumber":47,"author":{"gitId":"RadieonAjax"},"content":"                case MARK:","lastModifiedDate":"2024-08-23","isFullCredit":false},{"lineNumber":48,"author":{"gitId":"RadieonAjax"},"content":"                    int indexMark \u003d getTaskNumber(userInput);","lastModifiedDate":"2024-08-23","isFullCredit":false},{"lineNumber":49,"author":{"gitId":"RadieonAjax"},"content":"                    Task oldTaskMark \u003d taskList.getTask(indexMark);","lastModifiedDate":"2024-08-23","isFullCredit":false},{"lineNumber":50,"author":{"gitId":"RadieonAjax"},"content":"                    Task updatedTaskMark \u003d new Task(oldTaskMark.toString(), true);","lastModifiedDate":"2024-08-23","isFullCredit":false},{"lineNumber":51,"author":{"gitId":"RadieonAjax"},"content":"                    taskList.replaceTask(indexMark, updatedTaskMark);","lastModifiedDate":"2024-08-23","isFullCredit":false},{"lineNumber":52,"author":{"gitId":"RadieonAjax"},"content":"                    output \u003d \"heya~ I\u0027ve checked this task as complete! Feels good, right?\";","lastModifiedDate":"2024-08-23","isFullCredit":false},{"lineNumber":53,"author":{"gitId":"RadieonAjax"},"content":"                    System.out.println(PARTITION);","lastModifiedDate":"2024-08-23","isFullCredit":false},{"lineNumber":54,"author":{"gitId":"RadieonAjax"},"content":"                    System.out.println(output);","lastModifiedDate":"2024-08-23","isFullCredit":false},{"lineNumber":55,"author":{"gitId":"RadieonAjax"},"content":"                    System.out.println(\"    [X] \" + updatedTaskMark);","lastModifiedDate":"2024-08-23","isFullCredit":false},{"lineNumber":56,"author":{"gitId":"RadieonAjax"},"content":"                    System.out.println(PARTITION);","lastModifiedDate":"2024-08-23","isFullCredit":false},{"lineNumber":57,"author":{"gitId":"RadieonAjax"},"content":"                    break;","lastModifiedDate":"2024-08-23","isFullCredit":false},{"lineNumber":58,"author":{"gitId":"RadieonAjax"},"content":"","lastModifiedDate":"2024-08-23","isFullCredit":false},{"lineNumber":59,"author":{"gitId":"RadieonAjax"},"content":"                case UNMARK:","lastModifiedDate":"2024-08-23","isFullCredit":false},{"lineNumber":60,"author":{"gitId":"RadieonAjax"},"content":"                    int indexUnmark \u003d getTaskNumber(userInput);","lastModifiedDate":"2024-08-23","isFullCredit":false},{"lineNumber":61,"author":{"gitId":"RadieonAjax"},"content":"                    Task oldTaskUnmark \u003d taskList.getTask(indexUnmark);","lastModifiedDate":"2024-08-23","isFullCredit":false},{"lineNumber":62,"author":{"gitId":"RadieonAjax"},"content":"                    Task updatedTaskUnmark \u003d new Task(oldTaskUnmark.toString());","lastModifiedDate":"2024-08-23","isFullCredit":false},{"lineNumber":63,"author":{"gitId":"RadieonAjax"},"content":"                    taskList.replaceTask(indexUnmark, updatedTaskUnmark);","lastModifiedDate":"2024-08-23","isFullCredit":false},{"lineNumber":64,"author":{"gitId":"RadieonAjax"},"content":"                    output \u003d \"Whoops~ I\u0027ve unchecked the task as incomplete! Be careful next time~\";","lastModifiedDate":"2024-08-23","isFullCredit":false},{"lineNumber":65,"author":{"gitId":"RadieonAjax"},"content":"                    System.out.println(PARTITION);","lastModifiedDate":"2024-08-23","isFullCredit":false},{"lineNumber":66,"author":{"gitId":"RadieonAjax"},"content":"                    System.out.println(output);","lastModifiedDate":"2024-08-23","isFullCredit":false},{"lineNumber":67,"author":{"gitId":"RadieonAjax"},"content":"                    System.out.println(\"    [ ] \" + updatedTaskUnmark);","lastModifiedDate":"2024-08-23","isFullCredit":false},{"lineNumber":68,"author":{"gitId":"RadieonAjax"},"content":"                    System.out.println(PARTITION);","lastModifiedDate":"2024-08-23","isFullCredit":false},{"lineNumber":69,"author":{"gitId":"RadieonAjax"},"content":"                    break;","lastModifiedDate":"2024-08-23","isFullCredit":false},{"lineNumber":70,"author":{"gitId":"RadieonAjax"},"content":"            }","lastModifiedDate":"2024-08-22","isFullCredit":false},{"lineNumber":71,"author":{"gitId":"RadieonAjax"},"content":"        }","lastModifiedDate":"2024-08-22","isFullCredit":false},{"lineNumber":72,"author":{"gitId":"RadieonAjax"},"content":"    }","lastModifiedDate":"2024-08-22","isFullCredit":false},{"lineNumber":73,"author":{"gitId":"RadieonAjax"},"content":"","lastModifiedDate":"2024-08-22","isFullCredit":false},{"lineNumber":74,"author":{"gitId":"RadieonAjax"},"content":"    static void programStart() {","lastModifiedDate":"2024-08-22","isFullCredit":false},{"lineNumber":75,"author":{"gitId":"RadieonAjax"},"content":"        String greetings \u003d \"Domo! Same desu~ I am shrimp, and I am happy to assist you! Hewwo? \u003c3\\n\";","lastModifiedDate":"2024-08-22","isFullCredit":false},{"lineNumber":76,"author":{"gitId":"RadieonAjax"},"content":"        String logo \u003d \"\"\"","lastModifiedDate":"2024-08-22","isFullCredit":false},{"lineNumber":77,"author":{"gitId":"RadieonAjax"},"content":"                ","lastModifiedDate":"2024-08-22","isFullCredit":false},{"lineNumber":78,"author":{"gitId":"RadieonAjax"},"content":"                       .__          .__               \\s","lastModifiedDate":"2024-08-22","isFullCredit":false},{"lineNumber":79,"author":{"gitId":"RadieonAjax"},"content":"                  _____|  |_________|__| _____ ______ \\s","lastModifiedDate":"2024-08-22","isFullCredit":false},{"lineNumber":80,"author":{"gitId":"RadieonAjax"},"content":"                 /  ___/  |  \\\\_  __ \\\\  |/     \\\\\\\\____ \\\\\\s","lastModifiedDate":"2024-08-22","isFullCredit":false},{"lineNumber":81,"author":{"gitId":"RadieonAjax"},"content":"                 \\\\___ \\\\|   Y  \\\\  | \\\\/  |  Y Y  \\\\  |_\u003e \u003e","lastModifiedDate":"2024-08-22","isFullCredit":false},{"lineNumber":82,"author":{"gitId":"RadieonAjax"},"content":"                /____  \u003e___|  /__|  |__|__|_|  /   __/\\s","lastModifiedDate":"2024-08-22","isFullCredit":false},{"lineNumber":83,"author":{"gitId":"RadieonAjax"},"content":"                     \\\\/     \\\\/               \\\\/|__|   \\s","lastModifiedDate":"2024-08-22","isFullCredit":false},{"lineNumber":84,"author":{"gitId":"RadieonAjax"},"content":"                                                      \\s","lastModifiedDate":"2024-08-22","isFullCredit":false},{"lineNumber":85,"author":{"gitId":"RadieonAjax"},"content":"                \"\"\";","lastModifiedDate":"2024-08-22","isFullCredit":false},{"lineNumber":86,"author":{"gitId":"RadieonAjax"},"content":"        String output \u003d greetings + logo;","lastModifiedDate":"2024-08-22","isFullCredit":false},{"lineNumber":87,"author":{"gitId":"RadieonAjax"},"content":"        System.out.println(PARTITION);","lastModifiedDate":"2024-08-22","isFullCredit":false},{"lineNumber":88,"author":{"gitId":"RadieonAjax"},"content":"        System.out.println(output);","lastModifiedDate":"2024-08-22","isFullCredit":false},{"lineNumber":89,"author":{"gitId":"RadieonAjax"},"content":"        System.out.println(PARTITION);","lastModifiedDate":"2024-08-22","isFullCredit":false},{"lineNumber":90,"author":{"gitId":"RadieonAjax"},"content":"    }","lastModifiedDate":"2024-08-22","isFullCredit":false},{"lineNumber":91,"author":{"gitId":"RadieonAjax"},"content":"","lastModifiedDate":"2024-08-22","isFullCredit":false},{"lineNumber":92,"author":{"gitId":"RadieonAjax"},"content":"    static void programExit() {","lastModifiedDate":"2024-08-22","isFullCredit":false},{"lineNumber":93,"author":{"gitId":"RadieonAjax"},"content":"        String output \u003d \"Byebye~ It\u0027s time to say goodbye for the day~ Hope you enjoyed and had fuuun~ \" +","lastModifiedDate":"2024-08-22","isFullCredit":false},{"lineNumber":94,"author":{"gitId":"RadieonAjax"},"content":"                \"I\u0027ll see you later~\";","lastModifiedDate":"2024-08-22","isFullCredit":false},{"lineNumber":95,"author":{"gitId":"RadieonAjax"},"content":"        System.out.println(output);","lastModifiedDate":"2024-08-22","isFullCredit":false},{"lineNumber":96,"author":{"gitId":"RadieonAjax"},"content":"        System.out.println(PARTITION);","lastModifiedDate":"2024-08-22","isFullCredit":false},{"lineNumber":97,"author":{"gitId":"RadieonAjax"},"content":"    }","lastModifiedDate":"2024-08-22","isFullCredit":false},{"lineNumber":98,"author":{"gitId":"RadieonAjax"},"content":"","lastModifiedDate":"2024-08-23","isFullCredit":false},{"lineNumber":99,"author":{"gitId":"RadieonAjax"},"content":"    // Helper method to extract task number for MARK","lastModifiedDate":"2024-08-23","isFullCredit":false},{"lineNumber":100,"author":{"gitId":"RadieonAjax"},"content":"    private static int getTaskNumber(String userInput) {","lastModifiedDate":"2024-08-23","isFullCredit":false},{"lineNumber":101,"author":{"gitId":"RadieonAjax"},"content":"        return Integer.parseInt(userInput.split(\" \")[1]) - 1;","lastModifiedDate":"2024-08-23","isFullCredit":false},{"lineNumber":102,"author":{"gitId":"RadieonAjax"},"content":"    }","lastModifiedDate":"2024-08-23","isFullCredit":false},{"lineNumber":103,"author":{"gitId":"RadieonAjax"},"content":"}","lastModifiedDate":"2024-08-22","isFullCredit":false}],"authorContributionMap":{"RadieonAjax":103}},{"path":"src/main/java/Task.java","fileType":"java","lines":[{"lineNumber":1,"author":{"gitId":"RadieonAjax"},"content":"public class Task {","lastModifiedDate":"2024-08-22","isFullCredit":false},{"lineNumber":2,"author":{"gitId":"RadieonAjax"},"content":"    private final String command;","lastModifiedDate":"2024-08-23","isFullCredit":false},{"lineNumber":3,"author":{"gitId":"RadieonAjax"},"content":"    protected final Boolean hasCompleted;","lastModifiedDate":"2024-08-23","isFullCredit":false},{"lineNumber":4,"author":{"gitId":"RadieonAjax"},"content":"","lastModifiedDate":"2024-08-22","isFullCredit":false},{"lineNumber":5,"author":{"gitId":"RadieonAjax"},"content":"    Task(String command) {","lastModifiedDate":"2024-08-22","isFullCredit":false},{"lineNumber":6,"author":{"gitId":"RadieonAjax"},"content":"        this.command \u003d command;","lastModifiedDate":"2024-08-22","isFullCredit":false},{"lineNumber":7,"author":{"gitId":"RadieonAjax"},"content":"        this.hasCompleted \u003d false;","lastModifiedDate":"2024-08-23","isFullCredit":false},{"lineNumber":8,"author":{"gitId":"RadieonAjax"},"content":"    }","lastModifiedDate":"2024-08-23","isFullCredit":false},{"lineNumber":9,"author":{"gitId":"RadieonAjax"},"content":"","lastModifiedDate":"2024-08-23","isFullCredit":false},{"lineNumber":10,"author":{"gitId":"RadieonAjax"},"content":"    Task(String command, Boolean hasCompleted) {","lastModifiedDate":"2024-08-23","isFullCredit":false},{"lineNumber":11,"author":{"gitId":"RadieonAjax"},"content":"        this.command \u003d command;","lastModifiedDate":"2024-08-23","isFullCredit":false},{"lineNumber":12,"author":{"gitId":"RadieonAjax"},"content":"        this.hasCompleted \u003d hasCompleted;","lastModifiedDate":"2024-08-23","isFullCredit":false},{"lineNumber":13,"author":{"gitId":"RadieonAjax"},"content":"    }","lastModifiedDate":"2024-08-23","isFullCredit":false},{"lineNumber":14,"author":{"gitId":"RadieonAjax"},"content":"","lastModifiedDate":"2024-08-23","isFullCredit":false},{"lineNumber":15,"author":{"gitId":"RadieonAjax"},"content":"    Boolean getHasCompleted() {","lastModifiedDate":"2024-08-23","isFullCredit":false},{"lineNumber":16,"author":{"gitId":"RadieonAjax"},"content":"        return hasCompleted;","lastModifiedDate":"2024-08-23","isFullCredit":false},{"lineNumber":17,"author":{"gitId":"RadieonAjax"},"content":"    }","lastModifiedDate":"2024-08-22","isFullCredit":false},{"lineNumber":18,"author":{"gitId":"RadieonAjax"},"content":"","lastModifiedDate":"2024-08-22","isFullCredit":false},{"lineNumber":19,"author":{"gitId":"RadieonAjax"},"content":"    @Override","lastModifiedDate":"2024-08-22","isFullCredit":false},{"lineNumber":20,"author":{"gitId":"RadieonAjax"},"content":"    public String toString() {","lastModifiedDate":"2024-08-22","isFullCredit":false},{"lineNumber":21,"author":{"gitId":"RadieonAjax"},"content":"        return command;","lastModifiedDate":"2024-08-22","isFullCredit":false},{"lineNumber":22,"author":{"gitId":"RadieonAjax"},"content":"    }","lastModifiedDate":"2024-08-22","isFullCredit":false},{"lineNumber":23,"author":{"gitId":"RadieonAjax"},"content":"}","lastModifiedDate":"2024-08-22","isFullCredit":false}],"authorContributionMap":{"RadieonAjax":23}},{"path":"src/main/java/TaskList.java","fileType":"java","lines":[{"lineNumber":1,"author":{"gitId":"RadieonAjax"},"content":"import java.util.ArrayList;","lastModifiedDate":"2024-08-22","isFullCredit":false},{"lineNumber":2,"author":{"gitId":"RadieonAjax"},"content":"","lastModifiedDate":"2024-08-22","isFullCredit":false},{"lineNumber":3,"author":{"gitId":"RadieonAjax"},"content":"public class TaskList {","lastModifiedDate":"2024-08-22","isFullCredit":false},{"lineNumber":4,"author":{"gitId":"RadieonAjax"},"content":"    private final ArrayList\u003cTask\u003e tasks;","lastModifiedDate":"2024-08-22","isFullCredit":false},{"lineNumber":5,"author":{"gitId":"RadieonAjax"},"content":"","lastModifiedDate":"2024-08-22","isFullCredit":false},{"lineNumber":6,"author":{"gitId":"RadieonAjax"},"content":"    public TaskList() {","lastModifiedDate":"2024-08-22","isFullCredit":false},{"lineNumber":7,"author":{"gitId":"RadieonAjax"},"content":"        this.tasks \u003d new ArrayList\u003c\u003e();","lastModifiedDate":"2024-08-23","isFullCredit":false},{"lineNumber":8,"author":{"gitId":"RadieonAjax"},"content":"    }","lastModifiedDate":"2024-08-22","isFullCredit":false},{"lineNumber":9,"author":{"gitId":"RadieonAjax"},"content":"","lastModifiedDate":"2024-08-22","isFullCredit":false},{"lineNumber":10,"author":{"gitId":"RadieonAjax"},"content":"    public void addTask(Task task) {","lastModifiedDate":"2024-08-22","isFullCredit":false},{"lineNumber":11,"author":{"gitId":"RadieonAjax"},"content":"        this.tasks.add(task);","lastModifiedDate":"2024-08-22","isFullCredit":false},{"lineNumber":12,"author":{"gitId":"RadieonAjax"},"content":"    }","lastModifiedDate":"2024-08-22","isFullCredit":false},{"lineNumber":13,"author":{"gitId":"RadieonAjax"},"content":"","lastModifiedDate":"2024-08-22","isFullCredit":false},{"lineNumber":14,"author":{"gitId":"RadieonAjax"},"content":"    public Task getTask(int index) {","lastModifiedDate":"2024-08-22","isFullCredit":false},{"lineNumber":15,"author":{"gitId":"RadieonAjax"},"content":"        return tasks.get(index);","lastModifiedDate":"2024-08-22","isFullCredit":false},{"lineNumber":16,"author":{"gitId":"RadieonAjax"},"content":"    }","lastModifiedDate":"2024-08-22","isFullCredit":false},{"lineNumber":17,"author":{"gitId":"RadieonAjax"},"content":"","lastModifiedDate":"2024-08-22","isFullCredit":false},{"lineNumber":18,"author":{"gitId":"RadieonAjax"},"content":"    public int getIndex(Task task) {","lastModifiedDate":"2024-08-23","isFullCredit":false},{"lineNumber":19,"author":{"gitId":"RadieonAjax"},"content":"        return tasks.indexOf(task);","lastModifiedDate":"2024-08-23","isFullCredit":false},{"lineNumber":20,"author":{"gitId":"RadieonAjax"},"content":"    }","lastModifiedDate":"2024-08-23","isFullCredit":false},{"lineNumber":21,"author":{"gitId":"RadieonAjax"},"content":"","lastModifiedDate":"2024-08-23","isFullCredit":false},{"lineNumber":22,"author":{"gitId":"RadieonAjax"},"content":"    public void replaceTask(int index, Task newTask) {","lastModifiedDate":"2024-08-23","isFullCredit":false},{"lineNumber":23,"author":{"gitId":"RadieonAjax"},"content":"        tasks.set(index, newTask);","lastModifiedDate":"2024-08-23","isFullCredit":false},{"lineNumber":24,"author":{"gitId":"RadieonAjax"},"content":"    }","lastModifiedDate":"2024-08-23","isFullCredit":false},{"lineNumber":25,"author":{"gitId":"RadieonAjax"},"content":"","lastModifiedDate":"2024-08-23","isFullCredit":false},{"lineNumber":26,"author":{"gitId":"RadieonAjax"},"content":"    public int getCount() {","lastModifiedDate":"2024-08-22","isFullCredit":false},{"lineNumber":27,"author":{"gitId":"RadieonAjax"},"content":"        return tasks.size();","lastModifiedDate":"2024-08-22","isFullCredit":false},{"lineNumber":28,"author":{"gitId":"RadieonAjax"},"content":"    }","lastModifiedDate":"2024-08-22","isFullCredit":false},{"lineNumber":29,"author":{"gitId":"RadieonAjax"},"content":"","lastModifiedDate":"2024-08-22","isFullCredit":false},{"lineNumber":30,"author":{"gitId":"RadieonAjax"},"content":"}","lastModifiedDate":"2024-08-22","isFullCredit":false}],"authorContributionMap":{"RadieonAjax":30}}]
