[{"path":"src/main/java/AnsiCode.java","fileType":"java","lines":[{"lineNumber":1,"author":{"gitId":"RadieonAjax"},"content":"public class AnsiCode {","lastModifiedDate":"2024-08-23","isFullCredit":false},{"lineNumber":2,"author":{"gitId":"RadieonAjax"},"content":"    public static final String RESET \u003d \"\\u001B[0m\";","lastModifiedDate":"2024-08-23","isFullCredit":false},{"lineNumber":3,"author":{"gitId":"RadieonAjax"},"content":"    public static final String ITALIC \u003d \"\\u001B[3m\";","lastModifiedDate":"2024-08-23","isFullCredit":false},{"lineNumber":4,"author":{"gitId":"RadieonAjax"},"content":"    public static final String RED \u003d \"\\u001B[31m\";","lastModifiedDate":"2024-08-23","isFullCredit":false},{"lineNumber":5,"author":{"gitId":"RadieonAjax"},"content":"    public static final String PURPLE \u003d \"\\u001B[35m\";","lastModifiedDate":"2024-08-23","isFullCredit":false},{"lineNumber":6,"author":{"gitId":"RadieonAjax"},"content":"    public static final String CYAN \u003d \"\\u001B[36m\";","lastModifiedDate":"2024-08-23","isFullCredit":false},{"lineNumber":7,"author":{"gitId":"RadieonAjax"},"content":"}","lastModifiedDate":"2024-08-23","isFullCredit":false}],"authorContributionMap":{"RadieonAjax":7}},{"path":"src/main/java/CommandParser.java","fileType":"java","lines":[{"lineNumber":1,"author":{"gitId":"RadieonAjax"},"content":"public class CommandParser {","lastModifiedDate":"2024-08-23","isFullCredit":false},{"lineNumber":2,"author":{"gitId":"RadieonAjax"},"content":"    public enum CommandType {","lastModifiedDate":"2024-08-23","isFullCredit":false},{"lineNumber":3,"author":{"gitId":"RadieonAjax"},"content":"        LIST, BYE, MARK, UNMARK, ADD, DEADLINE, EVENT, ERROR, DELETE","lastModifiedDate":"2024-08-23","isFullCredit":false},{"lineNumber":4,"author":{"gitId":"RadieonAjax"},"content":"    }","lastModifiedDate":"2024-08-23","isFullCredit":false},{"lineNumber":5,"author":{"gitId":"RadieonAjax"},"content":"","lastModifiedDate":"2024-08-23","isFullCredit":false},{"lineNumber":6,"author":{"gitId":"RadieonAjax"},"content":"    public static CommandType parseCommand(String userInput) {","lastModifiedDate":"2024-08-23","isFullCredit":false},{"lineNumber":7,"author":{"gitId":"RadieonAjax"},"content":"        if (userInput.equalsIgnoreCase(\"bye\")) {","lastModifiedDate":"2024-08-23","isFullCredit":false},{"lineNumber":8,"author":{"gitId":"RadieonAjax"},"content":"            return CommandType.BYE;","lastModifiedDate":"2024-08-23","isFullCredit":false},{"lineNumber":9,"author":{"gitId":"RadieonAjax"},"content":"        } else if (userInput.equalsIgnoreCase(\"list\")) {","lastModifiedDate":"2024-08-23","isFullCredit":false},{"lineNumber":10,"author":{"gitId":"RadieonAjax"},"content":"            return CommandType.LIST;","lastModifiedDate":"2024-08-23","isFullCredit":false},{"lineNumber":11,"author":{"gitId":"RadieonAjax"},"content":"        } else if (userInput.startsWith(\"mark\")) {","lastModifiedDate":"2024-08-23","isFullCredit":false},{"lineNumber":12,"author":{"gitId":"RadieonAjax"},"content":"            return CommandType.MARK;","lastModifiedDate":"2024-08-23","isFullCredit":false},{"lineNumber":13,"author":{"gitId":"RadieonAjax"},"content":"        } else if (userInput.startsWith(\"unmark\")) {","lastModifiedDate":"2024-08-23","isFullCredit":false},{"lineNumber":14,"author":{"gitId":"RadieonAjax"},"content":"            return CommandType.UNMARK;","lastModifiedDate":"2024-08-23","isFullCredit":false},{"lineNumber":15,"author":{"gitId":"RadieonAjax"},"content":"        } else if (userInput.startsWith(\"deadline\")) {","lastModifiedDate":"2024-08-23","isFullCredit":false},{"lineNumber":16,"author":{"gitId":"RadieonAjax"},"content":"            return CommandType.DEADLINE;","lastModifiedDate":"2024-08-23","isFullCredit":false},{"lineNumber":17,"author":{"gitId":"RadieonAjax"},"content":"        } else if (userInput.startsWith(\"event\")) {","lastModifiedDate":"2024-08-23","isFullCredit":false},{"lineNumber":18,"author":{"gitId":"RadieonAjax"},"content":"            return CommandType.EVENT;","lastModifiedDate":"2024-08-23","isFullCredit":false},{"lineNumber":19,"author":{"gitId":"RadieonAjax"},"content":"        } else if (userInput.startsWith(\"todo\")) {","lastModifiedDate":"2024-08-23","isFullCredit":false},{"lineNumber":20,"author":{"gitId":"RadieonAjax"},"content":"            return CommandType.ADD;","lastModifiedDate":"2024-08-23","isFullCredit":false},{"lineNumber":21,"author":{"gitId":"RadieonAjax"},"content":"        } else if (userInput.startsWith(\"delete\")) {","lastModifiedDate":"2024-08-23","isFullCredit":false},{"lineNumber":22,"author":{"gitId":"RadieonAjax"},"content":"            return CommandType.DELETE;","lastModifiedDate":"2024-08-23","isFullCredit":false},{"lineNumber":23,"author":{"gitId":"RadieonAjax"},"content":"        }else {","lastModifiedDate":"2024-08-23","isFullCredit":false},{"lineNumber":24,"author":{"gitId":"RadieonAjax"},"content":"            return CommandType.ERROR;","lastModifiedDate":"2024-08-23","isFullCredit":false},{"lineNumber":25,"author":{"gitId":"RadieonAjax"},"content":"        }","lastModifiedDate":"2024-08-23","isFullCredit":false},{"lineNumber":26,"author":{"gitId":"RadieonAjax"},"content":"    }","lastModifiedDate":"2024-08-23","isFullCredit":false},{"lineNumber":27,"author":{"gitId":"RadieonAjax"},"content":"}","lastModifiedDate":"2024-08-23","isFullCredit":false}],"authorContributionMap":{"RadieonAjax":27}},{"path":"src/main/java/Deadline.java","fileType":"java","lines":[{"lineNumber":1,"author":{"gitId":"RadieonAjax"},"content":"public class Deadline extends Task {","lastModifiedDate":"2024-08-23","isFullCredit":false},{"lineNumber":2,"author":{"gitId":"RadieonAjax"},"content":"    private final String by;","lastModifiedDate":"2024-08-23","isFullCredit":false},{"lineNumber":3,"author":{"gitId":"RadieonAjax"},"content":"","lastModifiedDate":"2024-08-23","isFullCredit":false},{"lineNumber":4,"author":{"gitId":"RadieonAjax"},"content":"    Deadline(String description, String by) {","lastModifiedDate":"2024-08-23","isFullCredit":false},{"lineNumber":5,"author":{"gitId":"RadieonAjax"},"content":"        super(description);","lastModifiedDate":"2024-08-23","isFullCredit":false},{"lineNumber":6,"author":{"gitId":"RadieonAjax"},"content":"        this.by \u003d by;","lastModifiedDate":"2024-08-23","isFullCredit":false},{"lineNumber":7,"author":{"gitId":"RadieonAjax"},"content":"    }","lastModifiedDate":"2024-08-23","isFullCredit":false},{"lineNumber":8,"author":{"gitId":"RadieonAjax"},"content":"","lastModifiedDate":"2024-08-23","isFullCredit":false},{"lineNumber":9,"author":{"gitId":"RadieonAjax"},"content":"    private Deadline(String description, String by, boolean isDone) {","lastModifiedDate":"2024-08-23","isFullCredit":false},{"lineNumber":10,"author":{"gitId":"RadieonAjax"},"content":"        super(description, isDone);","lastModifiedDate":"2024-08-23","isFullCredit":false},{"lineNumber":11,"author":{"gitId":"RadieonAjax"},"content":"        this.by \u003d by;","lastModifiedDate":"2024-08-23","isFullCredit":false},{"lineNumber":12,"author":{"gitId":"RadieonAjax"},"content":"    }","lastModifiedDate":"2024-08-23","isFullCredit":false},{"lineNumber":13,"author":{"gitId":"RadieonAjax"},"content":"","lastModifiedDate":"2024-08-23","isFullCredit":false},{"lineNumber":14,"author":{"gitId":"RadieonAjax"},"content":"    @Override","lastModifiedDate":"2024-08-23","isFullCredit":false},{"lineNumber":15,"author":{"gitId":"RadieonAjax"},"content":"    public Deadline markAsDone() {","lastModifiedDate":"2024-08-23","isFullCredit":false},{"lineNumber":16,"author":{"gitId":"RadieonAjax"},"content":"        return new Deadline(getDescription(), this.by, true);","lastModifiedDate":"2024-08-23","isFullCredit":false},{"lineNumber":17,"author":{"gitId":"RadieonAjax"},"content":"    }","lastModifiedDate":"2024-08-23","isFullCredit":false},{"lineNumber":18,"author":{"gitId":"RadieonAjax"},"content":"","lastModifiedDate":"2024-08-23","isFullCredit":false},{"lineNumber":19,"author":{"gitId":"RadieonAjax"},"content":"    @Override","lastModifiedDate":"2024-08-23","isFullCredit":false},{"lineNumber":20,"author":{"gitId":"RadieonAjax"},"content":"    public Deadline markAsNotDone() {","lastModifiedDate":"2024-08-23","isFullCredit":false},{"lineNumber":21,"author":{"gitId":"RadieonAjax"},"content":"        return new Deadline(getDescription(), this.by, false);","lastModifiedDate":"2024-08-23","isFullCredit":false},{"lineNumber":22,"author":{"gitId":"RadieonAjax"},"content":"    }","lastModifiedDate":"2024-08-23","isFullCredit":false},{"lineNumber":23,"author":{"gitId":"RadieonAjax"},"content":"","lastModifiedDate":"2024-08-23","isFullCredit":false},{"lineNumber":24,"author":{"gitId":"RadieonAjax"},"content":"    public String getType() {","lastModifiedDate":"2024-08-23","isFullCredit":false},{"lineNumber":25,"author":{"gitId":"RadieonAjax"},"content":"        return \"[D]\";","lastModifiedDate":"2024-08-23","isFullCredit":false},{"lineNumber":26,"author":{"gitId":"RadieonAjax"},"content":"    }","lastModifiedDate":"2024-08-23","isFullCredit":false},{"lineNumber":27,"author":{"gitId":"RadieonAjax"},"content":"","lastModifiedDate":"2024-08-23","isFullCredit":false},{"lineNumber":28,"author":{"gitId":"RadieonAjax"},"content":"    @Override","lastModifiedDate":"2024-08-23","isFullCredit":false},{"lineNumber":29,"author":{"gitId":"RadieonAjax"},"content":"    public String toString() {","lastModifiedDate":"2024-08-23","isFullCredit":false},{"lineNumber":30,"author":{"gitId":"RadieonAjax"},"content":"        return getType() + super.toString() + \" (by: \" + by + \")\";","lastModifiedDate":"2024-08-23","isFullCredit":false},{"lineNumber":31,"author":{"gitId":"RadieonAjax"},"content":"    }","lastModifiedDate":"2024-08-23","isFullCredit":false},{"lineNumber":32,"author":{"gitId":"RadieonAjax"},"content":"}","lastModifiedDate":"2024-08-23","isFullCredit":false}],"authorContributionMap":{"RadieonAjax":32}},{"path":"src/main/java/Event.java","fileType":"java","lines":[{"lineNumber":1,"author":{"gitId":"RadieonAjax"},"content":"public class Event extends Task {","lastModifiedDate":"2024-08-23","isFullCredit":false},{"lineNumber":2,"author":{"gitId":"RadieonAjax"},"content":"    private final String from;","lastModifiedDate":"2024-08-23","isFullCredit":false},{"lineNumber":3,"author":{"gitId":"RadieonAjax"},"content":"    private final String to;","lastModifiedDate":"2024-08-23","isFullCredit":false},{"lineNumber":4,"author":{"gitId":"RadieonAjax"},"content":"","lastModifiedDate":"2024-08-23","isFullCredit":false},{"lineNumber":5,"author":{"gitId":"RadieonAjax"},"content":"    Event(String description, String from, String to) {","lastModifiedDate":"2024-08-23","isFullCredit":false},{"lineNumber":6,"author":{"gitId":"RadieonAjax"},"content":"        super(description);","lastModifiedDate":"2024-08-23","isFullCredit":false},{"lineNumber":7,"author":{"gitId":"RadieonAjax"},"content":"        this.from \u003d from;","lastModifiedDate":"2024-08-23","isFullCredit":false},{"lineNumber":8,"author":{"gitId":"RadieonAjax"},"content":"        this.to \u003d to;","lastModifiedDate":"2024-08-23","isFullCredit":false},{"lineNumber":9,"author":{"gitId":"RadieonAjax"},"content":"    }","lastModifiedDate":"2024-08-23","isFullCredit":false},{"lineNumber":10,"author":{"gitId":"RadieonAjax"},"content":"","lastModifiedDate":"2024-08-23","isFullCredit":false},{"lineNumber":11,"author":{"gitId":"RadieonAjax"},"content":"    private Event(String description, String from, String to, Boolean hasCompleted) {","lastModifiedDate":"2024-08-23","isFullCredit":false},{"lineNumber":12,"author":{"gitId":"RadieonAjax"},"content":"        super(description, hasCompleted);","lastModifiedDate":"2024-08-23","isFullCredit":false},{"lineNumber":13,"author":{"gitId":"RadieonAjax"},"content":"        this.from \u003d from;","lastModifiedDate":"2024-08-23","isFullCredit":false},{"lineNumber":14,"author":{"gitId":"RadieonAjax"},"content":"        this.to \u003d to;","lastModifiedDate":"2024-08-23","isFullCredit":false},{"lineNumber":15,"author":{"gitId":"RadieonAjax"},"content":"    }","lastModifiedDate":"2024-08-23","isFullCredit":false},{"lineNumber":16,"author":{"gitId":"RadieonAjax"},"content":"","lastModifiedDate":"2024-08-23","isFullCredit":false},{"lineNumber":17,"author":{"gitId":"RadieonAjax"},"content":"    @Override","lastModifiedDate":"2024-08-23","isFullCredit":false},{"lineNumber":18,"author":{"gitId":"RadieonAjax"},"content":"    public Event markAsDone() {","lastModifiedDate":"2024-08-23","isFullCredit":false},{"lineNumber":19,"author":{"gitId":"RadieonAjax"},"content":"        return new Event(getDescription(), this.from, this.to, true);","lastModifiedDate":"2024-08-23","isFullCredit":false},{"lineNumber":20,"author":{"gitId":"RadieonAjax"},"content":"    }","lastModifiedDate":"2024-08-23","isFullCredit":false},{"lineNumber":21,"author":{"gitId":"RadieonAjax"},"content":"","lastModifiedDate":"2024-08-23","isFullCredit":false},{"lineNumber":22,"author":{"gitId":"RadieonAjax"},"content":"    @Override","lastModifiedDate":"2024-08-23","isFullCredit":false},{"lineNumber":23,"author":{"gitId":"RadieonAjax"},"content":"    public Event markAsNotDone() {","lastModifiedDate":"2024-08-23","isFullCredit":false},{"lineNumber":24,"author":{"gitId":"RadieonAjax"},"content":"        return new Event(getDescription(), this.from, this.to, false);","lastModifiedDate":"2024-08-23","isFullCredit":false},{"lineNumber":25,"author":{"gitId":"RadieonAjax"},"content":"    }","lastModifiedDate":"2024-08-23","isFullCredit":false},{"lineNumber":26,"author":{"gitId":"RadieonAjax"},"content":"","lastModifiedDate":"2024-08-23","isFullCredit":false},{"lineNumber":27,"author":{"gitId":"RadieonAjax"},"content":"    public String getType() {","lastModifiedDate":"2024-08-23","isFullCredit":false},{"lineNumber":28,"author":{"gitId":"RadieonAjax"},"content":"        return \"[E]\";","lastModifiedDate":"2024-08-23","isFullCredit":false},{"lineNumber":29,"author":{"gitId":"RadieonAjax"},"content":"    }","lastModifiedDate":"2024-08-23","isFullCredit":false},{"lineNumber":30,"author":{"gitId":"RadieonAjax"},"content":"","lastModifiedDate":"2024-08-23","isFullCredit":false},{"lineNumber":31,"author":{"gitId":"RadieonAjax"},"content":"    @Override","lastModifiedDate":"2024-08-23","isFullCredit":false},{"lineNumber":32,"author":{"gitId":"RadieonAjax"},"content":"    public String toString() {","lastModifiedDate":"2024-08-23","isFullCredit":false},{"lineNumber":33,"author":{"gitId":"RadieonAjax"},"content":"        return getType() + super.toString() + \" (from: \" + from + \" to: \" + to + \")\";","lastModifiedDate":"2024-08-23","isFullCredit":false},{"lineNumber":34,"author":{"gitId":"RadieonAjax"},"content":"    }","lastModifiedDate":"2024-08-23","isFullCredit":false},{"lineNumber":35,"author":{"gitId":"RadieonAjax"},"content":"}","lastModifiedDate":"2024-08-23","isFullCredit":false}],"authorContributionMap":{"RadieonAjax":35}},{"path":"src/main/java/Shrimp.java","fileType":"java","lines":[{"lineNumber":1,"author":{"gitId":"RadieonAjax"},"content":"import java.util.Scanner;","lastModifiedDate":"2024-08-22","isFullCredit":false},{"lineNumber":2,"author":{"gitId":"RadieonAjax"},"content":"","lastModifiedDate":"2024-08-22","isFullCredit":false},{"lineNumber":3,"author":{"gitId":"RadieonAjax"},"content":"public class Shrimp {","lastModifiedDate":"2024-08-22","isFullCredit":false},{"lineNumber":4,"author":{"gitId":"RadieonAjax"},"content":"","lastModifiedDate":"2024-08-22","isFullCredit":false},{"lineNumber":5,"author":{"gitId":"RadieonAjax"},"content":"","lastModifiedDate":"2024-08-22","isFullCredit":false},{"lineNumber":6,"author":{"gitId":"RadieonAjax"},"content":"    public static void main(String[] args) {","lastModifiedDate":"2024-08-22","isFullCredit":false},{"lineNumber":7,"author":{"gitId":"RadieonAjax"},"content":"        //program initialise","lastModifiedDate":"2024-08-23","isFullCredit":false},{"lineNumber":8,"author":{"gitId":"RadieonAjax"},"content":"        programStart();","lastModifiedDate":"2024-08-22","isFullCredit":false},{"lineNumber":9,"author":{"gitId":"RadieonAjax"},"content":"    }","lastModifiedDate":"2024-08-23","isFullCredit":false},{"lineNumber":10,"author":{"gitId":"RadieonAjax"},"content":"","lastModifiedDate":"2024-08-23","isFullCredit":false},{"lineNumber":11,"author":{"gitId":"RadieonAjax"},"content":"    static void programStart() {","lastModifiedDate":"2024-08-23","isFullCredit":false},{"lineNumber":12,"author":{"gitId":"RadieonAjax"},"content":"        String greetings \u003d \"Domo! Same desu~ I am shrimp, and I am happy to assist you! Hewwo? \u003c3\\n\";","lastModifiedDate":"2024-08-23","isFullCredit":false},{"lineNumber":13,"author":{"gitId":"RadieonAjax"},"content":"        String logo \u003d \"\"\"","lastModifiedDate":"2024-08-23","isFullCredit":false},{"lineNumber":14,"author":{"gitId":"RadieonAjax"},"content":"                ","lastModifiedDate":"2024-08-22","isFullCredit":false},{"lineNumber":15,"author":{"gitId":"RadieonAjax"},"content":"                       .__          .__               \\s","lastModifiedDate":"2024-08-23","isFullCredit":false},{"lineNumber":16,"author":{"gitId":"RadieonAjax"},"content":"                  _____|  |_________|__| _____ ______ \\s","lastModifiedDate":"2024-08-23","isFullCredit":false},{"lineNumber":17,"author":{"gitId":"RadieonAjax"},"content":"                 /  ___/  |  \\\\_  __ \\\\  |/     \\\\\\\\____ \\\\\\s","lastModifiedDate":"2024-08-23","isFullCredit":false},{"lineNumber":18,"author":{"gitId":"RadieonAjax"},"content":"                 \\\\___ \\\\|   Y  \\\\  | \\\\/  |  Y Y  \\\\  |_\u003e \u003e","lastModifiedDate":"2024-08-23","isFullCredit":false},{"lineNumber":19,"author":{"gitId":"RadieonAjax"},"content":"                /____  \u003e___|  /__|  |__|__|_|  /   __/\\s","lastModifiedDate":"2024-08-23","isFullCredit":false},{"lineNumber":20,"author":{"gitId":"RadieonAjax"},"content":"                     \\\\/     \\\\/               \\\\/|__|   \\s","lastModifiedDate":"2024-08-23","isFullCredit":false},{"lineNumber":21,"author":{"gitId":"RadieonAjax"},"content":"                                                      \\s","lastModifiedDate":"2024-08-23","isFullCredit":false},{"lineNumber":22,"author":{"gitId":"RadieonAjax"},"content":"                \"\"\";","lastModifiedDate":"2024-08-23","isFullCredit":false},{"lineNumber":23,"author":{"gitId":"RadieonAjax"},"content":"        String output \u003d greetings + logo;","lastModifiedDate":"2024-08-23","isFullCredit":false},{"lineNumber":24,"author":{"gitId":"RadieonAjax"},"content":"        System.out.println(AnsiCode.CYAN + output);","lastModifiedDate":"2024-08-23","isFullCredit":false},{"lineNumber":25,"author":{"gitId":"RadieonAjax"},"content":"        chatBotRun();","lastModifiedDate":"2024-08-23","isFullCredit":false},{"lineNumber":26,"author":{"gitId":"RadieonAjax"},"content":"    }","lastModifiedDate":"2024-08-23","isFullCredit":false},{"lineNumber":27,"author":{"gitId":"RadieonAjax"},"content":"","lastModifiedDate":"2024-08-23","isFullCredit":false},{"lineNumber":28,"author":{"gitId":"RadieonAjax"},"content":"    static void chatBotRun() {","lastModifiedDate":"2024-08-23","isFullCredit":false},{"lineNumber":29,"author":{"gitId":"RadieonAjax"},"content":"        //scans for user\u0027s command","lastModifiedDate":"2024-08-23","isFullCredit":false},{"lineNumber":30,"author":{"gitId":"RadieonAjax"},"content":"        Scanner sc \u003d new Scanner(System.in);","lastModifiedDate":"2024-08-22","isFullCredit":false},{"lineNumber":31,"author":{"gitId":"RadieonAjax"},"content":"        String userInput, output;","lastModifiedDate":"2024-08-23","isFullCredit":false},{"lineNumber":32,"author":{"gitId":"RadieonAjax"},"content":"        TaskList taskList \u003d new TaskList();","lastModifiedDate":"2024-08-22","isFullCredit":false},{"lineNumber":33,"author":{"gitId":"RadieonAjax"},"content":"","lastModifiedDate":"2024-08-22","isFullCredit":false},{"lineNumber":34,"author":{"gitId":"RadieonAjax"},"content":"        while (true) {","lastModifiedDate":"2024-08-22","isFullCredit":false},{"lineNumber":35,"author":{"gitId":"RadieonAjax"},"content":"            try {","lastModifiedDate":"2024-08-23","isFullCredit":false},{"lineNumber":36,"author":{"gitId":"RadieonAjax"},"content":"                userInput \u003d sc.nextLine();  //read the next line of user input","lastModifiedDate":"2024-08-23","isFullCredit":false},{"lineNumber":37,"author":{"gitId":"RadieonAjax"},"content":"                if (userInput \u003d\u003d null || userInput.isEmpty()) {","lastModifiedDate":"2024-08-23","isFullCredit":false},{"lineNumber":38,"author":{"gitId":"RadieonAjax"},"content":"                    throw new ShrimpException.InvalidCommandException();","lastModifiedDate":"2024-08-23","isFullCredit":false},{"lineNumber":39,"author":{"gitId":"RadieonAjax"},"content":"                }","lastModifiedDate":"2024-08-23","isFullCredit":false},{"lineNumber":40,"author":{"gitId":"RadieonAjax"},"content":"","lastModifiedDate":"2024-08-22","isFullCredit":false},{"lineNumber":41,"author":{"gitId":"RadieonAjax"},"content":"                CommandParser.CommandType commandType \u003d CommandParser.parseCommand(userInput);","lastModifiedDate":"2024-08-23","isFullCredit":false},{"lineNumber":42,"author":{"gitId":"RadieonAjax"},"content":"","lastModifiedDate":"2024-08-23","isFullCredit":false},{"lineNumber":43,"author":{"gitId":"RadieonAjax"},"content":"                switch (commandType) {","lastModifiedDate":"2024-08-23","isFullCredit":false},{"lineNumber":44,"author":{"gitId":"RadieonAjax"},"content":"                    case BYE: //exits the program","lastModifiedDate":"2024-08-23","isFullCredit":false},{"lineNumber":45,"author":{"gitId":"RadieonAjax"},"content":"                        programExit();","lastModifiedDate":"2024-08-23","isFullCredit":false},{"lineNumber":46,"author":{"gitId":"RadieonAjax"},"content":"                        return;","lastModifiedDate":"2024-08-23","isFullCredit":false},{"lineNumber":47,"author":{"gitId":"RadieonAjax"},"content":"","lastModifiedDate":"2024-08-23","isFullCredit":false},{"lineNumber":48,"author":{"gitId":"RadieonAjax"},"content":"                    case LIST:","lastModifiedDate":"2024-08-23","isFullCredit":false},{"lineNumber":49,"author":{"gitId":"RadieonAjax"},"content":"                        if (taskList.getCount() \u003d\u003d 0) {","lastModifiedDate":"2024-08-23","isFullCredit":false},{"lineNumber":50,"author":{"gitId":"RadieonAjax"},"content":"                            throw new ShrimpException.EmptyArrayException();","lastModifiedDate":"2024-08-23","isFullCredit":false},{"lineNumber":51,"author":{"gitId":"RadieonAjax"},"content":"                        }","lastModifiedDate":"2024-08-23","isFullCredit":false},{"lineNumber":52,"author":{"gitId":"RadieonAjax"},"content":"                        System.out.println(\"Gotchaaa~ Here\u0027s the list so far:\");","lastModifiedDate":"2024-08-22","isFullCredit":false},{"lineNumber":53,"author":{"gitId":"RadieonAjax"},"content":"                        for (int i \u003d 0; i \u003c taskList.getCount(); i++) {","lastModifiedDate":"2024-08-22","isFullCredit":false},{"lineNumber":54,"author":{"gitId":"RadieonAjax"},"content":"                            Task task \u003d taskList.getTask(i);","lastModifiedDate":"2024-08-23","isFullCredit":false},{"lineNumber":55,"author":{"gitId":"RadieonAjax"},"content":"                            output \u003d String.format(\"    %s.%s\", i + 1, task);","lastModifiedDate":"2024-08-23","isFullCredit":false},{"lineNumber":56,"author":{"gitId":"RadieonAjax"},"content":"                            System.out.println(AnsiCode.PURPLE + output + AnsiCode.CYAN);","lastModifiedDate":"2024-08-23","isFullCredit":false},{"lineNumber":57,"author":{"gitId":"RadieonAjax"},"content":"                        }","lastModifiedDate":"2024-08-22","isFullCredit":false},{"lineNumber":58,"author":{"gitId":"RadieonAjax"},"content":"                        System.out.printf(\"Lemme count~ You now have %s item(s) in your list!%n\", taskList.getCount());","lastModifiedDate":"2024-08-23","isFullCredit":false},{"lineNumber":59,"author":{"gitId":"RadieonAjax"},"content":"                        break;","lastModifiedDate":"2024-08-23","isFullCredit":false},{"lineNumber":60,"author":{"gitId":"RadieonAjax"},"content":"","lastModifiedDate":"2024-08-23","isFullCredit":false},{"lineNumber":61,"author":{"gitId":"RadieonAjax"},"content":"                    case MARK:","lastModifiedDate":"2024-08-23","isFullCredit":false},{"lineNumber":62,"author":{"gitId":"RadieonAjax"},"content":"                        int indexMark \u003d getTaskNumber(userInput, commandType);","lastModifiedDate":"2024-08-23","isFullCredit":false},{"lineNumber":63,"author":{"gitId":"RadieonAjax"},"content":"                        if (indexMark \u003e taskList.getCount()) {","lastModifiedDate":"2024-08-23","isFullCredit":false},{"lineNumber":64,"author":{"gitId":"RadieonAjax"},"content":"                            throw new ShrimpException.ArrayIndexOutOfBoundException();","lastModifiedDate":"2024-08-23","isFullCredit":false},{"lineNumber":65,"author":{"gitId":"RadieonAjax"},"content":"                        } else if (taskList.getCount() \u003d\u003d 0) {","lastModifiedDate":"2024-08-23","isFullCredit":false},{"lineNumber":66,"author":{"gitId":"RadieonAjax"},"content":"                            throw new ShrimpException.EmptyArrayException();","lastModifiedDate":"2024-08-23","isFullCredit":false},{"lineNumber":67,"author":{"gitId":"RadieonAjax"},"content":"                        }","lastModifiedDate":"2024-08-23","isFullCredit":false},{"lineNumber":68,"author":{"gitId":"RadieonAjax"},"content":"                        Task oldTaskMark \u003d taskList.getTask(indexMark);","lastModifiedDate":"2024-08-23","isFullCredit":false},{"lineNumber":69,"author":{"gitId":"RadieonAjax"},"content":"                        Task updatedTaskMark \u003d oldTaskMark.markAsDone();","lastModifiedDate":"2024-08-23","isFullCredit":false},{"lineNumber":70,"author":{"gitId":"RadieonAjax"},"content":"                        taskList.replaceTask(indexMark, updatedTaskMark);","lastModifiedDate":"2024-08-23","isFullCredit":false},{"lineNumber":71,"author":{"gitId":"RadieonAjax"},"content":"                        output \u003d \"heya~ I\u0027ve checked this task as complete! Feels good, right?\";","lastModifiedDate":"2024-08-23","isFullCredit":false},{"lineNumber":72,"author":{"gitId":"RadieonAjax"},"content":"                        System.out.println(output);","lastModifiedDate":"2024-08-23","isFullCredit":false},{"lineNumber":73,"author":{"gitId":"RadieonAjax"},"content":"                        System.out.println(\"    \" + updatedTaskMark);","lastModifiedDate":"2024-08-23","isFullCredit":false},{"lineNumber":74,"author":{"gitId":"RadieonAjax"},"content":"                        break;","lastModifiedDate":"2024-08-23","isFullCredit":false},{"lineNumber":75,"author":{"gitId":"RadieonAjax"},"content":"","lastModifiedDate":"2024-08-23","isFullCredit":false},{"lineNumber":76,"author":{"gitId":"RadieonAjax"},"content":"                    case UNMARK:","lastModifiedDate":"2024-08-23","isFullCredit":false},{"lineNumber":77,"author":{"gitId":"RadieonAjax"},"content":"                        int indexUnmark \u003d getTaskNumber(userInput, commandType);","lastModifiedDate":"2024-08-23","isFullCredit":false},{"lineNumber":78,"author":{"gitId":"RadieonAjax"},"content":"                        if (indexUnmark \u003e taskList.getCount()) {","lastModifiedDate":"2024-08-23","isFullCredit":false},{"lineNumber":79,"author":{"gitId":"RadieonAjax"},"content":"                            throw new ShrimpException.ArrayIndexOutOfBoundException();","lastModifiedDate":"2024-08-23","isFullCredit":false},{"lineNumber":80,"author":{"gitId":"RadieonAjax"},"content":"                        } else if (taskList.getCount() \u003d\u003d 0) {","lastModifiedDate":"2024-08-23","isFullCredit":false},{"lineNumber":81,"author":{"gitId":"RadieonAjax"},"content":"                            throw new ShrimpException.EmptyArrayException();","lastModifiedDate":"2024-08-23","isFullCredit":false},{"lineNumber":82,"author":{"gitId":"RadieonAjax"},"content":"                        }","lastModifiedDate":"2024-08-23","isFullCredit":false},{"lineNumber":83,"author":{"gitId":"RadieonAjax"},"content":"                        Task oldTaskUnmark \u003d taskList.getTask(indexUnmark);","lastModifiedDate":"2024-08-23","isFullCredit":false},{"lineNumber":84,"author":{"gitId":"RadieonAjax"},"content":"                        Task updatedTaskUnmark \u003d oldTaskUnmark.markAsNotDone();","lastModifiedDate":"2024-08-23","isFullCredit":false},{"lineNumber":85,"author":{"gitId":"RadieonAjax"},"content":"                        taskList.replaceTask(indexUnmark, updatedTaskUnmark);","lastModifiedDate":"2024-08-23","isFullCredit":false},{"lineNumber":86,"author":{"gitId":"RadieonAjax"},"content":"                        output \u003d \"Whoops~ I\u0027ve unchecked the task as incomplete! Be careful next time~\";","lastModifiedDate":"2024-08-23","isFullCredit":false},{"lineNumber":87,"author":{"gitId":"RadieonAjax"},"content":"                        System.out.println(output);","lastModifiedDate":"2024-08-23","isFullCredit":false},{"lineNumber":88,"author":{"gitId":"RadieonAjax"},"content":"                        System.out.println(\"    \" + updatedTaskUnmark);","lastModifiedDate":"2024-08-23","isFullCredit":false},{"lineNumber":89,"author":{"gitId":"RadieonAjax"},"content":"                        break;","lastModifiedDate":"2024-08-23","isFullCredit":false},{"lineNumber":90,"author":{"gitId":"RadieonAjax"},"content":"","lastModifiedDate":"2024-08-22","isFullCredit":false},{"lineNumber":91,"author":{"gitId":"RadieonAjax"},"content":"                    case DELETE:","lastModifiedDate":"2024-08-23","isFullCredit":false},{"lineNumber":92,"author":{"gitId":"RadieonAjax"},"content":"                        int indexDelete \u003d getTaskNumber(userInput, commandType);","lastModifiedDate":"2024-08-23","isFullCredit":false},{"lineNumber":93,"author":{"gitId":"RadieonAjax"},"content":"                        if (indexDelete \u003e taskList.getCount()) {","lastModifiedDate":"2024-08-23","isFullCredit":false},{"lineNumber":94,"author":{"gitId":"RadieonAjax"},"content":"                            throw new ShrimpException.ArrayIndexOutOfBoundException();","lastModifiedDate":"2024-08-23","isFullCredit":false},{"lineNumber":95,"author":{"gitId":"RadieonAjax"},"content":"                        } else if (taskList.getCount() \u003d\u003d 0) {","lastModifiedDate":"2024-08-23","isFullCredit":false},{"lineNumber":96,"author":{"gitId":"RadieonAjax"},"content":"                            throw new ShrimpException.EmptyArrayException();","lastModifiedDate":"2024-08-23","isFullCredit":false},{"lineNumber":97,"author":{"gitId":"RadieonAjax"},"content":"                        }","lastModifiedDate":"2024-08-23","isFullCredit":false},{"lineNumber":98,"author":{"gitId":"RadieonAjax"},"content":"                        Task taskDeleted \u003d taskList.getTask(indexDelete);","lastModifiedDate":"2024-08-23","isFullCredit":false},{"lineNumber":99,"author":{"gitId":"RadieonAjax"},"content":"                        taskList.deleteTask(indexDelete);","lastModifiedDate":"2024-08-23","isFullCredit":false},{"lineNumber":100,"author":{"gitId":"RadieonAjax"},"content":"                        output \u003d \"Done! The task has been deleted!\";","lastModifiedDate":"2024-08-23","isFullCredit":false},{"lineNumber":101,"author":{"gitId":"RadieonAjax"},"content":"                        System.out.println(output);","lastModifiedDate":"2024-08-23","isFullCredit":false},{"lineNumber":102,"author":{"gitId":"RadieonAjax"},"content":"                        System.out.println(\"    \" + taskDeleted);","lastModifiedDate":"2024-08-23","isFullCredit":false},{"lineNumber":103,"author":{"gitId":"RadieonAjax"},"content":"                        System.out.printf(\"You now have %s item(s) in your list!%n\", taskList.getCount());","lastModifiedDate":"2024-08-23","isFullCredit":false},{"lineNumber":104,"author":{"gitId":"RadieonAjax"},"content":"                        break;","lastModifiedDate":"2024-08-23","isFullCredit":false},{"lineNumber":105,"author":{"gitId":"RadieonAjax"},"content":"","lastModifiedDate":"2024-08-23","isFullCredit":false},{"lineNumber":106,"author":{"gitId":"RadieonAjax"},"content":"                    case ADD:","lastModifiedDate":"2024-08-23","isFullCredit":false},{"lineNumber":107,"author":{"gitId":"RadieonAjax"},"content":"                        if (userInput.length() \u003c\u003d 5) {","lastModifiedDate":"2024-08-23","isFullCredit":false},{"lineNumber":108,"author":{"gitId":"RadieonAjax"},"content":"                            throw new ShrimpException.MissingArgumentException(commandType);","lastModifiedDate":"2024-08-23","isFullCredit":false},{"lineNumber":109,"author":{"gitId":"RadieonAjax"},"content":"                        }","lastModifiedDate":"2024-08-23","isFullCredit":false},{"lineNumber":110,"author":{"gitId":"RadieonAjax"},"content":"                        String input \u003d userInput.substring(5);","lastModifiedDate":"2024-08-23","isFullCredit":false},{"lineNumber":111,"author":{"gitId":"RadieonAjax"},"content":"                        Todo newTodo \u003d new Todo(input); //creates a new Task object","lastModifiedDate":"2024-08-23","isFullCredit":false},{"lineNumber":112,"author":{"gitId":"RadieonAjax"},"content":"                        taskList.addTask(newTodo);","lastModifiedDate":"2024-08-23","isFullCredit":false},{"lineNumber":113,"author":{"gitId":"RadieonAjax"},"content":"                        output \u003d \"rawr! \u0027\" + input + \"\u0027 has been added to the list~\";","lastModifiedDate":"2024-08-23","isFullCredit":false},{"lineNumber":114,"author":{"gitId":"RadieonAjax"},"content":"                        System.out.println(output);","lastModifiedDate":"2024-08-22","isFullCredit":false},{"lineNumber":115,"author":{"gitId":"RadieonAjax"},"content":"                        break;","lastModifiedDate":"2024-08-23","isFullCredit":false},{"lineNumber":116,"author":{"gitId":"RadieonAjax"},"content":"","lastModifiedDate":"2024-08-23","isFullCredit":false},{"lineNumber":117,"author":{"gitId":"RadieonAjax"},"content":"                    case DEADLINE:","lastModifiedDate":"2024-08-23","isFullCredit":false},{"lineNumber":118,"author":{"gitId":"RadieonAjax"},"content":"                        if (userInput.length() \u003c\u003d 9 || !userInput.contains(\"/by\")) {","lastModifiedDate":"2024-08-23","isFullCredit":false},{"lineNumber":119,"author":{"gitId":"RadieonAjax"},"content":"                            throw new ShrimpException.MissingArgumentException(commandType);","lastModifiedDate":"2024-08-23","isFullCredit":false},{"lineNumber":120,"author":{"gitId":"RadieonAjax"},"content":"                        }","lastModifiedDate":"2024-08-23","isFullCredit":false},{"lineNumber":121,"author":{"gitId":"RadieonAjax"},"content":"                        String[] deadlineDetails \u003d userInput.split(\"/by \");","lastModifiedDate":"2024-08-23","isFullCredit":false},{"lineNumber":122,"author":{"gitId":"RadieonAjax"},"content":"                        String deadlineDescription \u003d deadlineDetails[0].substring(9); // Extracting the task description","lastModifiedDate":"2024-08-23","isFullCredit":false},{"lineNumber":123,"author":{"gitId":"RadieonAjax"},"content":"                        String by \u003d deadlineDetails[1];","lastModifiedDate":"2024-08-23","isFullCredit":false},{"lineNumber":124,"author":{"gitId":"RadieonAjax"},"content":"                        Task newDeadline \u003d new Deadline(deadlineDescription, by);","lastModifiedDate":"2024-08-23","isFullCredit":false},{"lineNumber":125,"author":{"gitId":"RadieonAjax"},"content":"                        taskList.addTask(newDeadline);","lastModifiedDate":"2024-08-23","isFullCredit":false},{"lineNumber":126,"author":{"gitId":"RadieonAjax"},"content":"                        System.out.println(\"Gotchaa~ I\u0027ve added this task:\");","lastModifiedDate":"2024-08-23","isFullCredit":false},{"lineNumber":127,"author":{"gitId":"RadieonAjax"},"content":"                        System.out.println(\"    \" + newDeadline);","lastModifiedDate":"2024-08-23","isFullCredit":false},{"lineNumber":128,"author":{"gitId":"RadieonAjax"},"content":"                        System.out.println(\"You now have \" + taskList.getCount() + \" task(s) in the list~\");","lastModifiedDate":"2024-08-23","isFullCredit":false},{"lineNumber":129,"author":{"gitId":"RadieonAjax"},"content":"                        break;","lastModifiedDate":"2024-08-23","isFullCredit":false},{"lineNumber":130,"author":{"gitId":"RadieonAjax"},"content":"","lastModifiedDate":"2024-08-23","isFullCredit":false},{"lineNumber":131,"author":{"gitId":"RadieonAjax"},"content":"                    case EVENT:","lastModifiedDate":"2024-08-23","isFullCredit":false},{"lineNumber":132,"author":{"gitId":"RadieonAjax"},"content":"                        if (userInput.length() \u003c\u003d 6 || !userInput.contains(\"/from\") || !userInput.contains(\"/to\")) {","lastModifiedDate":"2024-08-23","isFullCredit":false},{"lineNumber":133,"author":{"gitId":"RadieonAjax"},"content":"                            throw new ShrimpException.MissingArgumentException(commandType);","lastModifiedDate":"2024-08-23","isFullCredit":false},{"lineNumber":134,"author":{"gitId":"RadieonAjax"},"content":"                        }","lastModifiedDate":"2024-08-23","isFullCredit":false},{"lineNumber":135,"author":{"gitId":"RadieonAjax"},"content":"                        String[] eventDetails \u003d userInput.split(\"/from | /to \");","lastModifiedDate":"2024-08-23","isFullCredit":false},{"lineNumber":136,"author":{"gitId":"RadieonAjax"},"content":"                        String eventDescription \u003d eventDetails[0].substring(6); // Extracting the task description","lastModifiedDate":"2024-08-23","isFullCredit":false},{"lineNumber":137,"author":{"gitId":"RadieonAjax"},"content":"                        String from \u003d eventDetails[1];","lastModifiedDate":"2024-08-23","isFullCredit":false},{"lineNumber":138,"author":{"gitId":"RadieonAjax"},"content":"                        String to \u003d eventDetails[2];","lastModifiedDate":"2024-08-23","isFullCredit":false},{"lineNumber":139,"author":{"gitId":"RadieonAjax"},"content":"                        Task newEvent \u003d new Event(eventDescription, from, to);","lastModifiedDate":"2024-08-23","isFullCredit":false},{"lineNumber":140,"author":{"gitId":"RadieonAjax"},"content":"                        taskList.addTask(newEvent);","lastModifiedDate":"2024-08-23","isFullCredit":false},{"lineNumber":141,"author":{"gitId":"RadieonAjax"},"content":"                        System.out.println(\"Gotchaa~ I\u0027ve added this task:\");","lastModifiedDate":"2024-08-23","isFullCredit":false},{"lineNumber":142,"author":{"gitId":"RadieonAjax"},"content":"                        System.out.println(\"    \" + newEvent);","lastModifiedDate":"2024-08-23","isFullCredit":false},{"lineNumber":143,"author":{"gitId":"RadieonAjax"},"content":"                        System.out.println(\"You now have \" + taskList.getCount() + \" task(s) in the list~\");","lastModifiedDate":"2024-08-23","isFullCredit":false},{"lineNumber":144,"author":{"gitId":"RadieonAjax"},"content":"                        break;","lastModifiedDate":"2024-08-23","isFullCredit":false},{"lineNumber":145,"author":{"gitId":"RadieonAjax"},"content":"","lastModifiedDate":"2024-08-23","isFullCredit":false},{"lineNumber":146,"author":{"gitId":"RadieonAjax"},"content":"                    default:","lastModifiedDate":"2024-08-23","isFullCredit":false},{"lineNumber":147,"author":{"gitId":"RadieonAjax"},"content":"                        throw new ShrimpException.InvalidCommandException();","lastModifiedDate":"2024-08-23","isFullCredit":false},{"lineNumber":148,"author":{"gitId":"RadieonAjax"},"content":"                }","lastModifiedDate":"2024-08-23","isFullCredit":false},{"lineNumber":149,"author":{"gitId":"RadieonAjax"},"content":"            } catch (ShrimpException e) {","lastModifiedDate":"2024-08-23","isFullCredit":false},{"lineNumber":150,"author":{"gitId":"RadieonAjax"},"content":"                System.out.println(AnsiCode.RED + e.getMessage() + AnsiCode.CYAN);","lastModifiedDate":"2024-08-23","isFullCredit":false},{"lineNumber":151,"author":{"gitId":"RadieonAjax"},"content":"            } catch (Exception e) {","lastModifiedDate":"2024-08-23","isFullCredit":false},{"lineNumber":152,"author":{"gitId":"RadieonAjax"},"content":"                System.out.println(AnsiCode.RED + \"Oh nyoo~ Something went wrong... Try again!\" + AnsiCode.CYAN);","lastModifiedDate":"2024-08-23","isFullCredit":false},{"lineNumber":153,"author":{"gitId":"RadieonAjax"},"content":"            }","lastModifiedDate":"2024-08-23","isFullCredit":false},{"lineNumber":154,"author":{"gitId":"RadieonAjax"},"content":"        }","lastModifiedDate":"2024-08-23","isFullCredit":false},{"lineNumber":155,"author":{"gitId":"RadieonAjax"},"content":"    }","lastModifiedDate":"2024-08-22","isFullCredit":false},{"lineNumber":156,"author":{"gitId":"RadieonAjax"},"content":"","lastModifiedDate":"2024-08-22","isFullCredit":false},{"lineNumber":157,"author":{"gitId":"RadieonAjax"},"content":"    static void programExit() {","lastModifiedDate":"2024-08-22","isFullCredit":false},{"lineNumber":158,"author":{"gitId":"RadieonAjax"},"content":"        String output \u003d \"Byebye~ It\u0027s time to say goodbye for the day~ Hope you enjoyed and had fuuun~ \" +","lastModifiedDate":"2024-08-22","isFullCredit":false},{"lineNumber":159,"author":{"gitId":"RadieonAjax"},"content":"                \"I\u0027ll see you later~\";","lastModifiedDate":"2024-08-22","isFullCredit":false},{"lineNumber":160,"author":{"gitId":"RadieonAjax"},"content":"        System.out.println(output);","lastModifiedDate":"2024-08-22","isFullCredit":false},{"lineNumber":161,"author":{"gitId":"RadieonAjax"},"content":"    }","lastModifiedDate":"2024-08-22","isFullCredit":false},{"lineNumber":162,"author":{"gitId":"RadieonAjax"},"content":"","lastModifiedDate":"2024-08-23","isFullCredit":false},{"lineNumber":163,"author":{"gitId":"RadieonAjax"},"content":"    // Helper method to extract task number for MARK","lastModifiedDate":"2024-08-23","isFullCredit":false},{"lineNumber":164,"author":{"gitId":"RadieonAjax"},"content":"    private static int getTaskNumber(String userInput, CommandParser.CommandType type) throws ShrimpException {","lastModifiedDate":"2024-08-23","isFullCredit":false},{"lineNumber":165,"author":{"gitId":"RadieonAjax"},"content":"        try {","lastModifiedDate":"2024-08-23","isFullCredit":false},{"lineNumber":166,"author":{"gitId":"RadieonAjax"},"content":"            return Integer.parseInt(userInput.split(\" \")[1]) - 1;","lastModifiedDate":"2024-08-23","isFullCredit":false},{"lineNumber":167,"author":{"gitId":"RadieonAjax"},"content":"        } catch (ArrayIndexOutOfBoundsException e) {","lastModifiedDate":"2024-08-23","isFullCredit":false},{"lineNumber":168,"author":{"gitId":"RadieonAjax"},"content":"            throw new ShrimpException.MissingArgumentException(type);","lastModifiedDate":"2024-08-23","isFullCredit":false},{"lineNumber":169,"author":{"gitId":"RadieonAjax"},"content":"        } catch (NumberFormatException e) {","lastModifiedDate":"2024-08-23","isFullCredit":false},{"lineNumber":170,"author":{"gitId":"RadieonAjax"},"content":"            throw new ShrimpException.NumberFormatException();","lastModifiedDate":"2024-08-23","isFullCredit":false},{"lineNumber":171,"author":{"gitId":"RadieonAjax"},"content":"        }","lastModifiedDate":"2024-08-23","isFullCredit":false},{"lineNumber":172,"author":{"gitId":"RadieonAjax"},"content":"","lastModifiedDate":"2024-08-23","isFullCredit":false},{"lineNumber":173,"author":{"gitId":"RadieonAjax"},"content":"    }","lastModifiedDate":"2024-08-23","isFullCredit":false},{"lineNumber":174,"author":{"gitId":"RadieonAjax"},"content":"}","lastModifiedDate":"2024-08-22","isFullCredit":false}],"authorContributionMap":{"RadieonAjax":174}},{"path":"src/main/java/ShrimpException.java","fileType":"java","lines":[{"lineNumber":1,"author":{"gitId":"RadieonAjax"},"content":"public class ShrimpException extends Exception {","lastModifiedDate":"2024-08-23","isFullCredit":false},{"lineNumber":2,"author":{"gitId":"RadieonAjax"},"content":"","lastModifiedDate":"2024-08-23","isFullCredit":false},{"lineNumber":3,"author":{"gitId":"RadieonAjax"},"content":"    //fields used by task, formatted","lastModifiedDate":"2024-08-23","isFullCredit":false},{"lineNumber":4,"author":{"gitId":"RadieonAjax"},"content":"    private static final String description \u003d AnsiCode.ITALIC + \"description\" + AnsiCode.RESET + AnsiCode.RED;","lastModifiedDate":"2024-08-23","isFullCredit":false},{"lineNumber":5,"author":{"gitId":"RadieonAjax"},"content":"    private static final String by \u003d AnsiCode.ITALIC + \"by\" + AnsiCode.RESET + AnsiCode.RED;","lastModifiedDate":"2024-08-23","isFullCredit":false},{"lineNumber":6,"author":{"gitId":"RadieonAjax"},"content":"    private static final String from \u003d AnsiCode.ITALIC + \"from\" + AnsiCode.RESET + AnsiCode.RED;","lastModifiedDate":"2024-08-23","isFullCredit":false},{"lineNumber":7,"author":{"gitId":"RadieonAjax"},"content":"    private static final String to \u003d AnsiCode.ITALIC + \"to\" + AnsiCode.RESET + AnsiCode.RED;","lastModifiedDate":"2024-08-23","isFullCredit":false},{"lineNumber":8,"author":{"gitId":"RadieonAjax"},"content":"","lastModifiedDate":"2024-08-23","isFullCredit":false},{"lineNumber":9,"author":{"gitId":"RadieonAjax"},"content":"","lastModifiedDate":"2024-08-23","isFullCredit":false},{"lineNumber":10,"author":{"gitId":"RadieonAjax"},"content":"    ShrimpException(String errorMessage) {","lastModifiedDate":"2024-08-23","isFullCredit":false},{"lineNumber":11,"author":{"gitId":"RadieonAjax"},"content":"        super(errorMessage);","lastModifiedDate":"2024-08-23","isFullCredit":false},{"lineNumber":12,"author":{"gitId":"RadieonAjax"},"content":"    }","lastModifiedDate":"2024-08-23","isFullCredit":false},{"lineNumber":13,"author":{"gitId":"RadieonAjax"},"content":"","lastModifiedDate":"2024-08-23","isFullCredit":false},{"lineNumber":14,"author":{"gitId":"RadieonAjax"},"content":"    public static class InvalidCommandException extends ShrimpException {","lastModifiedDate":"2024-08-23","isFullCredit":false},{"lineNumber":15,"author":{"gitId":"RadieonAjax"},"content":"        private static final String errorMessage \u003d \"Oh nyoo~ I don\u0027t recognise that, can you try again?\";","lastModifiedDate":"2024-08-23","isFullCredit":false},{"lineNumber":16,"author":{"gitId":"RadieonAjax"},"content":"        InvalidCommandException() {","lastModifiedDate":"2024-08-23","isFullCredit":false},{"lineNumber":17,"author":{"gitId":"RadieonAjax"},"content":"            super(errorMessage);","lastModifiedDate":"2024-08-23","isFullCredit":false},{"lineNumber":18,"author":{"gitId":"RadieonAjax"},"content":"        };","lastModifiedDate":"2024-08-23","isFullCredit":false},{"lineNumber":19,"author":{"gitId":"RadieonAjax"},"content":"    }","lastModifiedDate":"2024-08-23","isFullCredit":false},{"lineNumber":20,"author":{"gitId":"RadieonAjax"},"content":"","lastModifiedDate":"2024-08-23","isFullCredit":false},{"lineNumber":21,"author":{"gitId":"RadieonAjax"},"content":"    public static class MissingArgumentException extends ShrimpException {","lastModifiedDate":"2024-08-23","isFullCredit":false},{"lineNumber":22,"author":{"gitId":"RadieonAjax"},"content":"        private static final String errorMessage_toDo \u003d \"Oh nyoo~ I need a \" + description + \" to make a TODO...\";","lastModifiedDate":"2024-08-23","isFullCredit":false},{"lineNumber":23,"author":{"gitId":"RadieonAjax"},"content":"        private static final String errorMessage_mark \u003d \"Oh nyoo~ You didn\u0027t indicate which task to mark...\";","lastModifiedDate":"2024-08-23","isFullCredit":false},{"lineNumber":24,"author":{"gitId":"RadieonAjax"},"content":"        private static final String errorMessage_unmark \u003d \"Oh nyoo~ You didn\u0027t indicate which task to unmark...\";","lastModifiedDate":"2024-08-23","isFullCredit":false},{"lineNumber":25,"author":{"gitId":"RadieonAjax"},"content":"        private static final String errorMessage_deadline \u003d \"Oh nyoo~ I need a \" + description + \" and a \" + by +","lastModifiedDate":"2024-08-23","isFullCredit":false},{"lineNumber":26,"author":{"gitId":"RadieonAjax"},"content":"                \" to make a DEADLINE...\";","lastModifiedDate":"2024-08-23","isFullCredit":false},{"lineNumber":27,"author":{"gitId":"RadieonAjax"},"content":"        private static final String errorMessage_event \u003d \"Oh nyoo~ I need a \" + description + \", a \" + from +","lastModifiedDate":"2024-08-23","isFullCredit":false},{"lineNumber":28,"author":{"gitId":"RadieonAjax"},"content":"                \" and a \" + to + \" to make a DEADLINE...\";","lastModifiedDate":"2024-08-23","isFullCredit":false},{"lineNumber":29,"author":{"gitId":"RadieonAjax"},"content":"        private static final String errorMessage_default \u003d \"Oh nyoo~ There seems to an issue somewhere! :\u003c\";","lastModifiedDate":"2024-08-23","isFullCredit":false},{"lineNumber":30,"author":{"gitId":"RadieonAjax"},"content":"        private static final String errorMessage_delete \u003d \"Oh nyoo~ You didn\u0027t indicate which task to delete...\";","lastModifiedDate":"2024-08-23","isFullCredit":false},{"lineNumber":31,"author":{"gitId":"RadieonAjax"},"content":"","lastModifiedDate":"2024-08-23","isFullCredit":false},{"lineNumber":32,"author":{"gitId":"RadieonAjax"},"content":"        MissingArgumentException(CommandParser.CommandType command) {","lastModifiedDate":"2024-08-23","isFullCredit":false},{"lineNumber":33,"author":{"gitId":"RadieonAjax"},"content":"            super(switchErrorMessage(command));","lastModifiedDate":"2024-08-23","isFullCredit":false},{"lineNumber":34,"author":{"gitId":"RadieonAjax"},"content":"        }","lastModifiedDate":"2024-08-23","isFullCredit":false},{"lineNumber":35,"author":{"gitId":"RadieonAjax"},"content":"","lastModifiedDate":"2024-08-23","isFullCredit":false},{"lineNumber":36,"author":{"gitId":"RadieonAjax"},"content":"        private static String switchErrorMessage(CommandParser.CommandType command) {","lastModifiedDate":"2024-08-23","isFullCredit":false},{"lineNumber":37,"author":{"gitId":"RadieonAjax"},"content":"            return switch (command) {","lastModifiedDate":"2024-08-23","isFullCredit":false},{"lineNumber":38,"author":{"gitId":"RadieonAjax"},"content":"                case ADD -\u003e errorMessage_toDo;","lastModifiedDate":"2024-08-23","isFullCredit":false},{"lineNumber":39,"author":{"gitId":"RadieonAjax"},"content":"                case MARK -\u003e errorMessage_mark;","lastModifiedDate":"2024-08-23","isFullCredit":false},{"lineNumber":40,"author":{"gitId":"RadieonAjax"},"content":"                case UNMARK -\u003e errorMessage_unmark;","lastModifiedDate":"2024-08-23","isFullCredit":false},{"lineNumber":41,"author":{"gitId":"RadieonAjax"},"content":"                case DEADLINE -\u003e errorMessage_deadline;","lastModifiedDate":"2024-08-23","isFullCredit":false},{"lineNumber":42,"author":{"gitId":"RadieonAjax"},"content":"                case EVENT -\u003e errorMessage_event;","lastModifiedDate":"2024-08-23","isFullCredit":false},{"lineNumber":43,"author":{"gitId":"RadieonAjax"},"content":"                case DELETE -\u003e errorMessage_delete;","lastModifiedDate":"2024-08-23","isFullCredit":false},{"lineNumber":44,"author":{"gitId":"RadieonAjax"},"content":"                default -\u003e errorMessage_default;","lastModifiedDate":"2024-08-23","isFullCredit":false},{"lineNumber":45,"author":{"gitId":"RadieonAjax"},"content":"            };","lastModifiedDate":"2024-08-23","isFullCredit":false},{"lineNumber":46,"author":{"gitId":"RadieonAjax"},"content":"        }","lastModifiedDate":"2024-08-23","isFullCredit":false},{"lineNumber":47,"author":{"gitId":"RadieonAjax"},"content":"    }","lastModifiedDate":"2024-08-23","isFullCredit":false},{"lineNumber":48,"author":{"gitId":"RadieonAjax"},"content":"","lastModifiedDate":"2024-08-23","isFullCredit":false},{"lineNumber":49,"author":{"gitId":"RadieonAjax"},"content":"    public static class NumberFormatException extends ShrimpException {","lastModifiedDate":"2024-08-23","isFullCredit":false},{"lineNumber":50,"author":{"gitId":"RadieonAjax"},"content":"        private static final String errorMessage \u003d \"Oh nyoo~ Your values seems wrong, maybe try again?\";","lastModifiedDate":"2024-08-23","isFullCredit":false},{"lineNumber":51,"author":{"gitId":"RadieonAjax"},"content":"        NumberFormatException() {","lastModifiedDate":"2024-08-23","isFullCredit":false},{"lineNumber":52,"author":{"gitId":"RadieonAjax"},"content":"            super(errorMessage);","lastModifiedDate":"2024-08-23","isFullCredit":false},{"lineNumber":53,"author":{"gitId":"RadieonAjax"},"content":"        };","lastModifiedDate":"2024-08-23","isFullCredit":false},{"lineNumber":54,"author":{"gitId":"RadieonAjax"},"content":"    }","lastModifiedDate":"2024-08-23","isFullCredit":false},{"lineNumber":55,"author":{"gitId":"RadieonAjax"},"content":"","lastModifiedDate":"2024-08-23","isFullCredit":false},{"lineNumber":56,"author":{"gitId":"RadieonAjax"},"content":"    public static class EmptyArrayException extends ShrimpException {","lastModifiedDate":"2024-08-23","isFullCredit":false},{"lineNumber":57,"author":{"gitId":"RadieonAjax"},"content":"        private static final String errorMessage \u003d \"Oh nyoo~ There\u0027s no tasks for me to interact with...\";","lastModifiedDate":"2024-08-23","isFullCredit":false},{"lineNumber":58,"author":{"gitId":"RadieonAjax"},"content":"        EmptyArrayException() {","lastModifiedDate":"2024-08-23","isFullCredit":false},{"lineNumber":59,"author":{"gitId":"RadieonAjax"},"content":"            super(errorMessage);","lastModifiedDate":"2024-08-23","isFullCredit":false},{"lineNumber":60,"author":{"gitId":"RadieonAjax"},"content":"        };","lastModifiedDate":"2024-08-23","isFullCredit":false},{"lineNumber":61,"author":{"gitId":"RadieonAjax"},"content":"    }","lastModifiedDate":"2024-08-23","isFullCredit":false},{"lineNumber":62,"author":{"gitId":"RadieonAjax"},"content":"","lastModifiedDate":"2024-08-23","isFullCredit":false},{"lineNumber":63,"author":{"gitId":"RadieonAjax"},"content":"    public static class ArrayIndexOutOfBoundException extends ShrimpException {","lastModifiedDate":"2024-08-23","isFullCredit":false},{"lineNumber":64,"author":{"gitId":"RadieonAjax"},"content":"        private static final String errorMessage \u003d \"Oh nyoo~ I cannot find the task that you\u0027re looking for... \";","lastModifiedDate":"2024-08-23","isFullCredit":false},{"lineNumber":65,"author":{"gitId":"RadieonAjax"},"content":"        ArrayIndexOutOfBoundException() {","lastModifiedDate":"2024-08-23","isFullCredit":false},{"lineNumber":66,"author":{"gitId":"RadieonAjax"},"content":"            super(errorMessage);","lastModifiedDate":"2024-08-23","isFullCredit":false},{"lineNumber":67,"author":{"gitId":"RadieonAjax"},"content":"        };","lastModifiedDate":"2024-08-23","isFullCredit":false},{"lineNumber":68,"author":{"gitId":"RadieonAjax"},"content":"    }","lastModifiedDate":"2024-08-23","isFullCredit":false},{"lineNumber":69,"author":{"gitId":"RadieonAjax"},"content":"}","lastModifiedDate":"2024-08-23","isFullCredit":false}],"authorContributionMap":{"RadieonAjax":69}},{"path":"src/main/java/Task.java","fileType":"java","lines":[{"lineNumber":1,"author":{"gitId":"RadieonAjax"},"content":"public abstract class Task {","lastModifiedDate":"2024-08-23","isFullCredit":false},{"lineNumber":2,"author":{"gitId":"RadieonAjax"},"content":"    private final String description;","lastModifiedDate":"2024-08-23","isFullCredit":false},{"lineNumber":3,"author":{"gitId":"RadieonAjax"},"content":"    private final Boolean hasCompleted;","lastModifiedDate":"2024-08-23","isFullCredit":false},{"lineNumber":4,"author":{"gitId":"RadieonAjax"},"content":"","lastModifiedDate":"2024-08-22","isFullCredit":false},{"lineNumber":5,"author":{"gitId":"RadieonAjax"},"content":"    Task(String description) {","lastModifiedDate":"2024-08-23","isFullCredit":false},{"lineNumber":6,"author":{"gitId":"RadieonAjax"},"content":"        this.description \u003d description;","lastModifiedDate":"2024-08-23","isFullCredit":false},{"lineNumber":7,"author":{"gitId":"RadieonAjax"},"content":"        this.hasCompleted \u003d false;","lastModifiedDate":"2024-08-23","isFullCredit":false},{"lineNumber":8,"author":{"gitId":"RadieonAjax"},"content":"    }","lastModifiedDate":"2024-08-23","isFullCredit":false},{"lineNumber":9,"author":{"gitId":"RadieonAjax"},"content":"","lastModifiedDate":"2024-08-23","isFullCredit":false},{"lineNumber":10,"author":{"gitId":"RadieonAjax"},"content":"    Task(String description, Boolean isDone) {","lastModifiedDate":"2024-08-23","isFullCredit":false},{"lineNumber":11,"author":{"gitId":"RadieonAjax"},"content":"        this.description \u003d description;","lastModifiedDate":"2024-08-23","isFullCredit":false},{"lineNumber":12,"author":{"gitId":"RadieonAjax"},"content":"        this.hasCompleted \u003d isDone;","lastModifiedDate":"2024-08-23","isFullCredit":false},{"lineNumber":13,"author":{"gitId":"RadieonAjax"},"content":"    }","lastModifiedDate":"2024-08-23","isFullCredit":false},{"lineNumber":14,"author":{"gitId":"RadieonAjax"},"content":"","lastModifiedDate":"2024-08-23","isFullCredit":false},{"lineNumber":15,"author":{"gitId":"RadieonAjax"},"content":"    private String getHasCompleted() {","lastModifiedDate":"2024-08-23","isFullCredit":false},{"lineNumber":16,"author":{"gitId":"RadieonAjax"},"content":"        return (hasCompleted ? \"X\" : \" \"); // mark done task with X","lastModifiedDate":"2024-08-23","isFullCredit":false},{"lineNumber":17,"author":{"gitId":"RadieonAjax"},"content":"    }","lastModifiedDate":"2024-08-23","isFullCredit":false},{"lineNumber":18,"author":{"gitId":"RadieonAjax"},"content":"","lastModifiedDate":"2024-08-23","isFullCredit":false},{"lineNumber":19,"author":{"gitId":"RadieonAjax"},"content":"    protected String getDescription() {","lastModifiedDate":"2024-08-23","isFullCredit":false},{"lineNumber":20,"author":{"gitId":"RadieonAjax"},"content":"        return description;","lastModifiedDate":"2024-08-23","isFullCredit":false},{"lineNumber":21,"author":{"gitId":"RadieonAjax"},"content":"    }","lastModifiedDate":"2024-08-22","isFullCredit":false},{"lineNumber":22,"author":{"gitId":"RadieonAjax"},"content":"","lastModifiedDate":"2024-08-22","isFullCredit":false},{"lineNumber":23,"author":{"gitId":"RadieonAjax"},"content":"    @Override","lastModifiedDate":"2024-08-22","isFullCredit":false},{"lineNumber":24,"author":{"gitId":"RadieonAjax"},"content":"    public String toString() {","lastModifiedDate":"2024-08-22","isFullCredit":false},{"lineNumber":25,"author":{"gitId":"RadieonAjax"},"content":"        return \"[\" + getHasCompleted() + \"] \" + description;","lastModifiedDate":"2024-08-23","isFullCredit":false},{"lineNumber":26,"author":{"gitId":"RadieonAjax"},"content":"    }","lastModifiedDate":"2024-08-22","isFullCredit":false},{"lineNumber":27,"author":{"gitId":"RadieonAjax"},"content":"","lastModifiedDate":"2024-08-23","isFullCredit":false},{"lineNumber":28,"author":{"gitId":"RadieonAjax"},"content":"    public abstract Task markAsDone();","lastModifiedDate":"2024-08-23","isFullCredit":false},{"lineNumber":29,"author":{"gitId":"RadieonAjax"},"content":"    public abstract Task markAsNotDone();","lastModifiedDate":"2024-08-23","isFullCredit":false},{"lineNumber":30,"author":{"gitId":"RadieonAjax"},"content":"    public abstract String getType();","lastModifiedDate":"2024-08-23","isFullCredit":false},{"lineNumber":31,"author":{"gitId":"RadieonAjax"},"content":"}","lastModifiedDate":"2024-08-22","isFullCredit":false}],"authorContributionMap":{"RadieonAjax":31}},{"path":"src/main/java/TaskList.java","fileType":"java","lines":[{"lineNumber":1,"author":{"gitId":"RadieonAjax"},"content":"import java.util.ArrayList;","lastModifiedDate":"2024-08-22","isFullCredit":false},{"lineNumber":2,"author":{"gitId":"RadieonAjax"},"content":"","lastModifiedDate":"2024-08-22","isFullCredit":false},{"lineNumber":3,"author":{"gitId":"RadieonAjax"},"content":"public class TaskList {","lastModifiedDate":"2024-08-22","isFullCredit":false},{"lineNumber":4,"author":{"gitId":"RadieonAjax"},"content":"    private final ArrayList\u003cTask\u003e tasks;","lastModifiedDate":"2024-08-22","isFullCredit":false},{"lineNumber":5,"author":{"gitId":"RadieonAjax"},"content":"","lastModifiedDate":"2024-08-22","isFullCredit":false},{"lineNumber":6,"author":{"gitId":"RadieonAjax"},"content":"    public TaskList() {","lastModifiedDate":"2024-08-22","isFullCredit":false},{"lineNumber":7,"author":{"gitId":"RadieonAjax"},"content":"        this.tasks \u003d new ArrayList\u003c\u003e();","lastModifiedDate":"2024-08-23","isFullCredit":false},{"lineNumber":8,"author":{"gitId":"RadieonAjax"},"content":"    }","lastModifiedDate":"2024-08-22","isFullCredit":false},{"lineNumber":9,"author":{"gitId":"RadieonAjax"},"content":"","lastModifiedDate":"2024-08-22","isFullCredit":false},{"lineNumber":10,"author":{"gitId":"RadieonAjax"},"content":"    public void addTask(Task task) {","lastModifiedDate":"2024-08-22","isFullCredit":false},{"lineNumber":11,"author":{"gitId":"RadieonAjax"},"content":"        this.tasks.add(task);","lastModifiedDate":"2024-08-22","isFullCredit":false},{"lineNumber":12,"author":{"gitId":"RadieonAjax"},"content":"    }","lastModifiedDate":"2024-08-22","isFullCredit":false},{"lineNumber":13,"author":{"gitId":"RadieonAjax"},"content":"","lastModifiedDate":"2024-08-22","isFullCredit":false},{"lineNumber":14,"author":{"gitId":"RadieonAjax"},"content":"    public Task getTask(int index) {","lastModifiedDate":"2024-08-22","isFullCredit":false},{"lineNumber":15,"author":{"gitId":"RadieonAjax"},"content":"        return tasks.get(index);","lastModifiedDate":"2024-08-22","isFullCredit":false},{"lineNumber":16,"author":{"gitId":"RadieonAjax"},"content":"    }","lastModifiedDate":"2024-08-22","isFullCredit":false},{"lineNumber":17,"author":{"gitId":"RadieonAjax"},"content":"","lastModifiedDate":"2024-08-22","isFullCredit":false},{"lineNumber":18,"author":{"gitId":"RadieonAjax"},"content":"    public int getIndex(Task task) {","lastModifiedDate":"2024-08-23","isFullCredit":false},{"lineNumber":19,"author":{"gitId":"RadieonAjax"},"content":"        return tasks.indexOf(task);","lastModifiedDate":"2024-08-23","isFullCredit":false},{"lineNumber":20,"author":{"gitId":"RadieonAjax"},"content":"    }","lastModifiedDate":"2024-08-23","isFullCredit":false},{"lineNumber":21,"author":{"gitId":"RadieonAjax"},"content":"","lastModifiedDate":"2024-08-23","isFullCredit":false},{"lineNumber":22,"author":{"gitId":"RadieonAjax"},"content":"    public void replaceTask(int index, Task newTask) {","lastModifiedDate":"2024-08-23","isFullCredit":false},{"lineNumber":23,"author":{"gitId":"RadieonAjax"},"content":"        tasks.set(index, newTask);","lastModifiedDate":"2024-08-23","isFullCredit":false},{"lineNumber":24,"author":{"gitId":"RadieonAjax"},"content":"    }","lastModifiedDate":"2024-08-23","isFullCredit":false},{"lineNumber":25,"author":{"gitId":"RadieonAjax"},"content":"","lastModifiedDate":"2024-08-23","isFullCredit":false},{"lineNumber":26,"author":{"gitId":"RadieonAjax"},"content":"    public void deleteTask(int index) {","lastModifiedDate":"2024-08-23","isFullCredit":false},{"lineNumber":27,"author":{"gitId":"RadieonAjax"},"content":"        tasks.remove(index);","lastModifiedDate":"2024-08-23","isFullCredit":false},{"lineNumber":28,"author":{"gitId":"RadieonAjax"},"content":"    }","lastModifiedDate":"2024-08-23","isFullCredit":false},{"lineNumber":29,"author":{"gitId":"RadieonAjax"},"content":"","lastModifiedDate":"2024-08-23","isFullCredit":false},{"lineNumber":30,"author":{"gitId":"RadieonAjax"},"content":"    public int getCount() {","lastModifiedDate":"2024-08-22","isFullCredit":false},{"lineNumber":31,"author":{"gitId":"RadieonAjax"},"content":"        return tasks.size();","lastModifiedDate":"2024-08-22","isFullCredit":false},{"lineNumber":32,"author":{"gitId":"RadieonAjax"},"content":"    }","lastModifiedDate":"2024-08-22","isFullCredit":false},{"lineNumber":33,"author":{"gitId":"RadieonAjax"},"content":"","lastModifiedDate":"2024-08-22","isFullCredit":false},{"lineNumber":34,"author":{"gitId":"RadieonAjax"},"content":"}","lastModifiedDate":"2024-08-22","isFullCredit":false}],"authorContributionMap":{"RadieonAjax":34}},{"path":"src/main/java/Todo.java","fileType":"java","lines":[{"lineNumber":1,"author":{"gitId":"RadieonAjax"},"content":"public class Todo extends Task {","lastModifiedDate":"2024-08-23","isFullCredit":false},{"lineNumber":2,"author":{"gitId":"RadieonAjax"},"content":"","lastModifiedDate":"2024-08-23","isFullCredit":false},{"lineNumber":3,"author":{"gitId":"RadieonAjax"},"content":"    Todo(String description) {","lastModifiedDate":"2024-08-23","isFullCredit":false},{"lineNumber":4,"author":{"gitId":"RadieonAjax"},"content":"        super(description);","lastModifiedDate":"2024-08-23","isFullCredit":false},{"lineNumber":5,"author":{"gitId":"RadieonAjax"},"content":"    }","lastModifiedDate":"2024-08-23","isFullCredit":false},{"lineNumber":6,"author":{"gitId":"RadieonAjax"},"content":"","lastModifiedDate":"2024-08-23","isFullCredit":false},{"lineNumber":7,"author":{"gitId":"RadieonAjax"},"content":"    private Todo(String description, boolean isDone) {","lastModifiedDate":"2024-08-23","isFullCredit":false},{"lineNumber":8,"author":{"gitId":"RadieonAjax"},"content":"        super(description, isDone);","lastModifiedDate":"2024-08-23","isFullCredit":false},{"lineNumber":9,"author":{"gitId":"RadieonAjax"},"content":"    }","lastModifiedDate":"2024-08-23","isFullCredit":false},{"lineNumber":10,"author":{"gitId":"RadieonAjax"},"content":"","lastModifiedDate":"2024-08-23","isFullCredit":false},{"lineNumber":11,"author":{"gitId":"RadieonAjax"},"content":"    @Override","lastModifiedDate":"2024-08-23","isFullCredit":false},{"lineNumber":12,"author":{"gitId":"RadieonAjax"},"content":"    public Todo markAsDone() {","lastModifiedDate":"2024-08-23","isFullCredit":false},{"lineNumber":13,"author":{"gitId":"RadieonAjax"},"content":"        return new Todo(getDescription(), true);","lastModifiedDate":"2024-08-23","isFullCredit":false},{"lineNumber":14,"author":{"gitId":"RadieonAjax"},"content":"    }","lastModifiedDate":"2024-08-23","isFullCredit":false},{"lineNumber":15,"author":{"gitId":"RadieonAjax"},"content":"","lastModifiedDate":"2024-08-23","isFullCredit":false},{"lineNumber":16,"author":{"gitId":"RadieonAjax"},"content":"    @Override","lastModifiedDate":"2024-08-23","isFullCredit":false},{"lineNumber":17,"author":{"gitId":"RadieonAjax"},"content":"    public Todo markAsNotDone() {","lastModifiedDate":"2024-08-23","isFullCredit":false},{"lineNumber":18,"author":{"gitId":"RadieonAjax"},"content":"        return new Todo(getDescription(), false);","lastModifiedDate":"2024-08-23","isFullCredit":false},{"lineNumber":19,"author":{"gitId":"RadieonAjax"},"content":"    }","lastModifiedDate":"2024-08-23","isFullCredit":false},{"lineNumber":20,"author":{"gitId":"RadieonAjax"},"content":"","lastModifiedDate":"2024-08-23","isFullCredit":false},{"lineNumber":21,"author":{"gitId":"RadieonAjax"},"content":"    public String getType() {","lastModifiedDate":"2024-08-23","isFullCredit":false},{"lineNumber":22,"author":{"gitId":"RadieonAjax"},"content":"        return \"[T]\";","lastModifiedDate":"2024-08-23","isFullCredit":false},{"lineNumber":23,"author":{"gitId":"RadieonAjax"},"content":"    }","lastModifiedDate":"2024-08-23","isFullCredit":false},{"lineNumber":24,"author":{"gitId":"RadieonAjax"},"content":"","lastModifiedDate":"2024-08-23","isFullCredit":false},{"lineNumber":25,"author":{"gitId":"RadieonAjax"},"content":"    @Override","lastModifiedDate":"2024-08-23","isFullCredit":false},{"lineNumber":26,"author":{"gitId":"RadieonAjax"},"content":"    public String toString() {","lastModifiedDate":"2024-08-23","isFullCredit":false},{"lineNumber":27,"author":{"gitId":"RadieonAjax"},"content":"        return getType() + super.toString();","lastModifiedDate":"2024-08-23","isFullCredit":false},{"lineNumber":28,"author":{"gitId":"RadieonAjax"},"content":"    }","lastModifiedDate":"2024-08-23","isFullCredit":false},{"lineNumber":29,"author":{"gitId":"RadieonAjax"},"content":"}","lastModifiedDate":"2024-08-23","isFullCredit":false}],"authorContributionMap":{"RadieonAjax":29}},{"path":"text-ui-test/runtest.bat","fileType":"bat","lines":[{"lineNumber":1,"author":{"gitId":"-"},"content":"@ECHO OFF","lastModifiedDate":"2020-05-25","isFullCredit":false},{"lineNumber":2,"author":{"gitId":"-"},"content":"","lastModifiedDate":"2020-05-25","isFullCredit":false},{"lineNumber":3,"author":{"gitId":"-"},"content":"REM create bin directory if it doesn\u0027t exist","lastModifiedDate":"2020-05-25","isFullCredit":false},{"lineNumber":4,"author":{"gitId":"-"},"content":"if not exist ..\\bin mkdir ..\\bin","lastModifiedDate":"2020-05-25","isFullCredit":false},{"lineNumber":5,"author":{"gitId":"-"},"content":"","lastModifiedDate":"2020-05-25","isFullCredit":false},{"lineNumber":6,"author":{"gitId":"-"},"content":"REM delete output from previous run","lastModifiedDate":"2020-05-25","isFullCredit":false},{"lineNumber":7,"author":{"gitId":"-"},"content":"if exist ACTUAL.TXT del ACTUAL.TXT","lastModifiedDate":"2020-08-25","isFullCredit":false},{"lineNumber":8,"author":{"gitId":"-"},"content":"","lastModifiedDate":"2020-05-25","isFullCredit":false},{"lineNumber":9,"author":{"gitId":"-"},"content":"REM compile the code into the bin folder","lastModifiedDate":"2020-05-25","isFullCredit":false},{"lineNumber":10,"author":{"gitId":"-"},"content":"javac  -cp ..\\src\\main\\java -Xlint:none -d ..\\bin ..\\src\\main\\java\\*.java","lastModifiedDate":"2020-08-25","isFullCredit":false},{"lineNumber":11,"author":{"gitId":"-"},"content":"IF ERRORLEVEL 1 (","lastModifiedDate":"2020-05-25","isFullCredit":false},{"lineNumber":12,"author":{"gitId":"-"},"content":"    echo ********** BUILD FAILURE **********","lastModifiedDate":"2020-05-25","isFullCredit":false},{"lineNumber":13,"author":{"gitId":"-"},"content":"    exit /b 1","lastModifiedDate":"2020-05-25","isFullCredit":false},{"lineNumber":14,"author":{"gitId":"-"},"content":")","lastModifiedDate":"2020-05-25","isFullCredit":false},{"lineNumber":15,"author":{"gitId":"-"},"content":"REM no error here, errorlevel \u003d\u003d 0","lastModifiedDate":"2020-05-25","isFullCredit":false},{"lineNumber":16,"author":{"gitId":"-"},"content":"","lastModifiedDate":"2020-05-25","isFullCredit":false},{"lineNumber":17,"author":{"gitId":"-"},"content":"REM run the program, feed commands from input.txt file and redirect the output to the ACTUAL.TXT","lastModifiedDate":"2020-05-25","isFullCredit":false},{"lineNumber":18,"author":{"gitId":"RadieonAjax"},"content":"java -classpath ..\\bin Shrimp \u003c input.txt \u003e ACTUAL.TXT","lastModifiedDate":"2024-08-23","isFullCredit":false},{"lineNumber":19,"author":{"gitId":"-"},"content":"","lastModifiedDate":"2020-05-25","isFullCredit":false},{"lineNumber":20,"author":{"gitId":"-"},"content":"REM compare the output to the expected output","lastModifiedDate":"2020-05-25","isFullCredit":false},{"lineNumber":21,"author":{"gitId":"-"},"content":"FC ACTUAL.TXT EXPECTED.TXT","lastModifiedDate":"2020-05-25","isFullCredit":false}],"authorContributionMap":{"-":20,"RadieonAjax":1}}]
