{"authorDailyContributionsMap":{"Al-ez":[{"date":"2024-08-21","commitResults":[{"hash":"0f2c5e25045c647fe5a500e902aa6763bcb56682","isMergeCommit":false,"messageTitle":"Completed increment Level-0","messageBody":"","fileTypesAndContributionMap":{"java":{"insertions":12,"deletions":10}}},{"hash":"28c4455fff63f737dda3fc0f7503bb67624e48dd","isMergeCommit":false,"messageTitle":"Level-0","messageBody":"","tags":["Level-0"],"fileTypesAndContributionMap":{"java":{"insertions":1,"deletions":1}}},{"hash":"43ca20101f26fd75ce13c139ccd51b92f0d3da2a","isMergeCommit":false,"messageTitle":"Level-1","messageBody":"","tags":["Level-1"],"fileTypesAndContributionMap":{"java":{"insertions":19,"deletions":3}}},{"hash":"362307c41edc949bf6035f0f98786cf32ff77590","isMergeCommit":false,"messageTitle":"Added list and add to list function","messageBody":"","tags":["Level-2"],"fileTypesAndContributionMap":{"java":{"insertions":19,"deletions":5}}},{"hash":"c5fe2a4f3fa05c6ec1f0ff10adefc61b4a8ae570","isMergeCommit":false,"messageTitle":"Added list and add to list function","messageBody":"","tags":["Level-3"],"fileTypesAndContributionMap":{"java":{"insertions":60,"deletions":12}}},{"hash":"c6df8d0475c21f3f7da5d6a80cb2f34e3c210bba","isMergeCommit":false,"messageTitle":"Add Deadline, Event \u0026 ToDo class","messageBody":"","tags":["Level-4"],"fileTypesAndContributionMap":{"java":{"insertions":78,"deletions":5}}},{"hash":"c4cf4b0cbc05e065c04af579982d596e6ac9f814","isMergeCommit":false,"messageTitle":"Add MeowException and handle exceptions","messageBody":"","tags":["Level-5"],"fileTypesAndContributionMap":{"java":{"insertions":98,"deletions":64}}},{"hash":"2b3875a95c305a0dd43a3ef3494555a1aed411ac","isMergeCommit":false,"messageTitle":"Add delete function, change Task[] to ArrayList\u003cTask\u003e","messageBody":"","tags":["Level-6"],"fileTypesAndContributionMap":{"java":{"insertions":34,"deletions":17}}}]},{"date":"2024-08-26","commitResults":[{"hash":"a7030b8f19fdcf81066054119a4952a7195ecaa7","isMergeCommit":false,"messageTitle":"Do automated text UI testing","messageBody":"","tags":["A-TextUiTesting"],"fileTypesAndContributionMap":{"txt":{"insertions":4,"deletions":0},"java":{"insertions":15,"deletions":12},"bat":{"insertions":1,"deletions":1}}},{"hash":"91a905a11856b4075102f5dd96e283df9564e5fc","isMergeCommit":false,"messageTitle":"Implement save function","messageBody":"","fileTypesAndContributionMap":{"java":{"insertions":42,"deletions":4}}},{"hash":"655c617325c74ec8d0f772ddba3d898e0684c386","isMergeCommit":true,"messageTitle":"Merge branch-Level-7 into master","messageBody":"","tags":["Level-7"],"fileTypesAndContributionMap":{}},{"hash":"7d8e88f3e4c673a287970a2377c2328847a6631d","isMergeCommit":false,"messageTitle":"Implement date function","messageBody":"","fileTypesAndContributionMap":{"java":{"insertions":62,"deletions":21}}},{"hash":"872fea22fe7e993f4bf125b41e85b7958ebd04c1","isMergeCommit":true,"messageTitle":"Merge branch-Level-8 into master","messageBody":"","tags":["Level-8"],"fileTypesAndContributionMap":{}}]},{"date":"2024-08-28","commitResults":[{"hash":"7ff450f15de9ab426a5a8d22593e99c4ba5ae3f3","isMergeCommit":false,"messageTitle":"Refactor Code for OOP","messageBody":"","tags":["A-MoreOOP"],"fileTypesAndContributionMap":{"java":{"insertions":295,"deletions":2}}},{"hash":"0150b169c4f45af2b26fd538f885df700423e573","isMergeCommit":false,"messageTitle":"Put all classes in duke package","messageBody":"","tags":["A-Packages"],"fileTypesAndContributionMap":{"java":{"insertions":22,"deletions":10}}},{"hash":"0bea9058d1d916effc69bf4eaae96ed7ca1021d9","isMergeCommit":true,"messageTitle":"Merge remote-tracking branch \u0027origin/add-gradle-support\u0027 Added Gradle build support to the project","messageBody":"- Integrated Gradle to automate build tasks\n- Added Gradle configuration files (e.g., build.gradle)\n- Updated project structure to support Gradle builds\n","tags":["A-Gradle"],"fileTypesAndContributionMap":{}},{"hash":"0319f4a05de1328125d79195fd18668f62f89ae0","isMergeCommit":false,"messageTitle":"Add JUnit tests for Parser and TaskList","messageBody":"","tags":["A-JUnit"],"fileTypesAndContributionMap":{"java":{"insertions":109,"deletions":2}}}]},{"date":"2024-08-29","commitResults":[{"hash":"b4395b949663cb8ab1960025ec122b0dd81f9889","isMergeCommit":false,"messageTitle":"Create Jar file","messageBody":"","tags":["A-Jar"],"fileTypesAndContributionMap":{"gradle":{"insertions":3,"deletions":3},"java":{"insertions":1,"deletions":0}}},{"hash":"f807562972f895a3f097b94df79931bd2bf08de8","isMergeCommit":false,"messageTitle":"Add Javadocs to all classes","messageBody":"","fileTypesAndContributionMap":{"java":{"insertions":146,"deletions":202}}},{"hash":"c84c605f71a2aec215506ec98ff45aacf582baf1","isMergeCommit":false,"messageTitle":"Reformat code to coding standard","messageBody":"","tags":["A-JavaDoc"],"fileTypesAndContributionMap":{"java":{"insertions":24,"deletions":12}}},{"hash":"c7e59a690c316e3dc5812f664aa33ba303ecab6b","isMergeCommit":false,"messageTitle":"Add find function","messageBody":"","fileTypesAndContributionMap":{"java":{"insertions":39,"deletions":4}}},{"hash":"c43d2923e5aed1172f97bc07a2b601d64effd1c0","isMergeCommit":false,"messageTitle":"Add find function","messageBody":"","tags":["Level-9"],"fileTypesAndContributionMap":{"java":{"insertions":1,"deletions":1}}}]},{"date":"2024-09-08","commitResults":[{"hash":"d7eb4df7c254a853df547c83a2a1972b7127bf4a","isMergeCommit":false,"messageTitle":"Fix peer feedback","messageBody":"","fileTypesAndContributionMap":{"java":{"insertions":1,"deletions":1}}}]},{"date":"2024-09-10","commitResults":[{"hash":"82d4f563573ab2bf21bb757a8f4c8f48e46ff68d","isMergeCommit":false,"messageTitle":"Add GUI","messageBody":"","tags":["Level-10"],"fileTypesAndContributionMap":{"gradle":{"insertions":23,"deletions":1},"fxml":{"insertions":41,"deletions":0},"java":{"insertions":352,"deletions":0}}}]},{"date":"2024-09-11","commitResults":[{"hash":"66d387773ddcf42e572f589dc6c5bf8cb1c7fde9","isMergeCommit":false,"messageTitle":"Fix date parsing logic to handle invalid dates","messageBody":"- Added a check for invalid date formats like \"2020-31-31\" that cause DateTimeParseException.\n- Changed the catch block to return a message to the user instead of printing to the console.\n- Improved error message output to inform users of invalid input formats.\n\nAdd assertions in deleteTask method for index bounds\n\n- Added assert to ensure the index is within valid range before deleting a task.\n- This ensures that any invalid index values are caught during testing or development.\n- Improves code robustness and prevents potential runtime errors.\n\nDisplay welcome message on chatbot start\n\n- Added logic in the initialize method to display a welcome message as soon as the chatbot is launched.\n- This improves user experience by providing an initial response without needing user input.\n- Updated UI layout to accommodate the welcome message properly.\n","fileTypesAndContributionMap":{"java":{"insertions":22,"deletions":8}}},{"hash":"c4b1545f7ca0363288222a181351ff8ec594e25a","isMergeCommit":false,"messageTitle":"Fix date parsing logic to handle invalid dates","messageBody":"- Added a check for invalid date formats like \"2020-31-31\" that cause DateTimeParseException.\n- Changed the catch block to return a message to the user instead of printing to the console.\n- Improved error message output to inform users of invalid input formats.\n\nAdd assertions in deleteTask method for index bounds\n\n- Added assert to ensure the index is within valid range before deleting a task.\n- This ensures that any invalid index values are caught during testing or development.\n- Improves code robustness and prevents potential runtime errors.\n\nDisplay welcome message on chatbot start\n\n- Added logic in the initialize method to display a welcome message as soon as the chatbot is launched.\n- This improves user experience by providing an initial response without needing user input.\n- Updated UI layout to accommodate the welcome message properly.\n","fileTypesAndContributionMap":{"java":{"insertions":0,"deletions":1}}},{"hash":"4266884ea2002ea413acfe9fe181fd2609d0e6dc","isMergeCommit":false,"messageTitle":"Refactor Parser.java and Ui.java","messageBody":"- Simplified method implementations for clearer logic\n- Removed redundant code and comments\n- Changed return type of methods to fit GUI\n\nThese changes help make the codebase more readable.\n","fileTypesAndContributionMap":{"java":{"insertions":17,"deletions":223}}},{"hash":"cd5ed64d49d19955b6851093acf8bc881397115b","isMergeCommit":true,"messageTitle":"Merge pull request #1 from Al-ez/A-Assertions","messageBody":"A assertions","fileTypesAndContributionMap":{}},{"hash":"04ad1f07a7e669cd922b9acf42e0fe3760cc35c6","isMergeCommit":true,"messageTitle":"Merge branch \u0027master\u0027 into A-CodeQuality","messageBody":"","fileTypesAndContributionMap":{}},{"hash":"1549985727caa354abbbe8eb4d978974be2a8526","isMergeCommit":false,"messageTitle":"Fix minor bugs","messageBody":"","fileTypesAndContributionMap":{"java":{"insertions":0,"deletions":28}}},{"hash":"b0d4303e920dd67ac31b6b083ea44eb186a3dbe8","isMergeCommit":false,"messageTitle":"Fix minor bugs","messageBody":"","fileTypesAndContributionMap":{"java":{"insertions":0,"deletions":23}}},{"hash":"96846b1bace8145b1d5cb51860cade757fccde0f","isMergeCommit":true,"messageTitle":"Merge branch \u0027A-CodeQuality\u0027 into master","messageBody":"","fileTypesAndContributionMap":{}},{"hash":"9ced3794ac9aabb9d9631e2ae5be381f29b5f4b9","isMergeCommit":false,"messageTitle":"Fix minor bugs","messageBody":"","fileTypesAndContributionMap":{"java":{"insertions":0,"deletions":9}}}]},{"date":"2024-09-12","commitResults":[{"hash":"755aac1422480826253fef86b397c1ed05761220","isMergeCommit":false,"messageTitle":"Add extension C-Sort","messageBody":"","tags":["BCD-Extension"],"fileTypesAndContributionMap":{"java":{"insertions":69,"deletions":0}}},{"hash":"984437fc94d78f39d438686433d9d1f3310181db","isMergeCommit":false,"messageTitle":"Add C-Sort and fix bugs","messageBody":"","tags":["A-FullCommitMessage","A-CodingStandard","A-CodeQuality","A-Assertions"],"fileTypesAndContributionMap":{"java":{"insertions":1,"deletions":1}}}]}]},"authorFileTypeContributionMap":{"Al-ez":{"java":902,"md":0,"fxml":41,"sh":0,"bat":1,"gradle":25,"txt":4}},"authorContributionVariance":{"Al-ez":25065.816},"authorDisplayNameMap":{"Al-ez":"CS2103T-F11-3 ALEZ.. JIE"}}
