{"authorDailyContributionsMap":{"WinstonJin":[{"date":"2024-08-21","commitResults":[{"hash":"11c051f0de8ffafe8db96abc62eea88339e42500","isMergeCommit":false,"messageTitle":" Add src/main/java/Winde.java","messageBody":"","tags":["Level-0"],"fileTypesAndContributionMap":{"java":{"insertions":22,"deletions":10}}},{"hash":"69b9089e8b605d1b27400016c07e96653938b6f0","isMergeCommit":false,"messageTitle":"Add src/main/java/Winde.java","messageBody":"","tags":["Level-1"],"fileTypesAndContributionMap":{"java":{"insertions":10,"deletions":0}}},{"hash":"4e2f522117da503549db31806acb646f52a16f6d","isMergeCommit":false,"messageTitle":"Add src/main/java/Winde.java","messageBody":"","tags":["Level-2"],"fileTypesAndContributionMap":{"java":{"insertions":20,"deletions":2}}},{"hash":"d4830f5ac86fb35e7e28aa97980c09e7cd88f59c","isMergeCommit":false,"messageTitle":"Add src/main/java/Winde.java","messageBody":"","tags":["Level-3"],"fileTypesAndContributionMap":{"java":{"insertions":31,"deletions":4}}},{"hash":"158cfe0b93109334e73df96f16ed10528fbad580","isMergeCommit":false,"messageTitle":"Add src/main/java/Winde.java","messageBody":"","tags":["Level-3-A-Classes"],"fileTypesAndContributionMap":{"java":{"insertions":33,"deletions":7}}},{"hash":"ac41a34cc2ee5111cc2fd9afa8207ed9f6d0ca00","isMergeCommit":false,"messageTitle":"Add src/main/java/Winde.java","messageBody":"","tags":["Level-4"],"fileTypesAndContributionMap":{"java":{"insertions":75,"deletions":2}}},{"hash":"6005f3ed1679e766827d75dc352f6413d4b44697","isMergeCommit":false,"messageTitle":"Add src/main/java/Winde.java","messageBody":"","tags":["A-TextUiTesting"],"fileTypesAndContributionMap":{"txt":{"insertions":13,"deletions":0},"java":{"insertions":1,"deletions":1},"sh":{"insertions":4,"deletions":4}}},{"hash":"ca4d3758de826b24ec872834751eb3e1b958cb43","isMergeCommit":false,"messageTitle":"Add src/main/java/Winde.java","messageBody":"","tags":["Level-5"],"fileTypesAndContributionMap":{"java":{"insertions":113,"deletions":17}}},{"hash":"f13f311e14d9f55fab78e0515c203ea134580a62","isMergeCommit":false,"messageTitle":"Add src/main/java/Winde.java","messageBody":"","tags":["Level-6"],"fileTypesAndContributionMap":{"java":{"insertions":31,"deletions":4}}},{"hash":"d63075c4a0178daa6237f92df38dccc02aed427f","isMergeCommit":false,"messageTitle":"Add src/main/java/Winde.java","messageBody":"","tags":["Level-6-enums"],"fileTypesAndContributionMap":{"java":{"insertions":75,"deletions":45}}}]}]},"authorFileTypeContributionMap":{"WinstonJin":{"java":329,"md":0,"fxml":0,"sh":4,"bat":0,"gradle":0,"txt":13}},"authorContributionVariance":{"WinstonJin":38135.555},"authorDisplayNameMap":{"WinstonJin":"JIN ..STON"}}
