[{"path":"src/main/java/Alex.java","fileType":"java","lines":[{"lineNumber":1,"author":{"gitId":"cshao02"},"content":"import java.util.Arrays;","lastModifiedDate":"2024-08-18","isFullCredit":false},{"lineNumber":2,"author":{"gitId":"cshao02"},"content":"import java.util.Scanner;","lastModifiedDate":"2024-08-18","isFullCredit":false},{"lineNumber":3,"author":{"gitId":"cshao02"},"content":"import java.util.ArrayList;","lastModifiedDate":"2024-08-18","isFullCredit":false},{"lineNumber":4,"author":{"gitId":"cshao02"},"content":"","lastModifiedDate":"2024-08-18","isFullCredit":false},{"lineNumber":5,"author":{"gitId":"cshao02"},"content":"public class Alex {","lastModifiedDate":"2024-08-18","isFullCredit":false},{"lineNumber":6,"author":{"gitId":"cshao02"},"content":"    private static String line \u003d \"____________________________________________________________\"; //create separation line","lastModifiedDate":"2024-08-23","isFullCredit":false},{"lineNumber":7,"author":{"gitId":"cshao02"},"content":"","lastModifiedDate":"2024-08-23","isFullCredit":false},{"lineNumber":8,"author":{"gitId":"cshao02"},"content":"    private static ArrayList\u003cTask\u003e list \u003d new ArrayList\u003c\u003e(); //Create an arrayList to store all the Task objects","lastModifiedDate":"2024-08-23","isFullCredit":false},{"lineNumber":9,"author":{"gitId":"cshao02"},"content":"","lastModifiedDate":"2024-08-23","isFullCredit":false},{"lineNumber":10,"author":{"gitId":"cshao02"},"content":"    private static int size \u003d 0; //keeps track of the size of the arrayList","lastModifiedDate":"2024-08-23","isFullCredit":false},{"lineNumber":11,"author":{"gitId":"cshao02"},"content":"    public static void main(String[] args) {","lastModifiedDate":"2024-08-18","isFullCredit":false},{"lineNumber":12,"author":{"gitId":"cshao02"},"content":"        boolean sayHi \u003d true;","lastModifiedDate":"2024-08-22","isFullCredit":false},{"lineNumber":13,"author":{"gitId":"cshao02"},"content":"        while (true) {","lastModifiedDate":"2024-08-22","isFullCredit":false},{"lineNumber":14,"author":{"gitId":"cshao02"},"content":"            try {","lastModifiedDate":"2024-08-22","isFullCredit":false},{"lineNumber":15,"author":{"gitId":"cshao02"},"content":"                run(sayHi);","lastModifiedDate":"2024-08-22","isFullCredit":false},{"lineNumber":16,"author":{"gitId":"cshao02"},"content":"                break;","lastModifiedDate":"2024-08-22","isFullCredit":false},{"lineNumber":17,"author":{"gitId":"cshao02"},"content":"            } catch (AlexException e) {","lastModifiedDate":"2024-08-22","isFullCredit":false},{"lineNumber":18,"author":{"gitId":"cshao02"},"content":"                System.out.println(line + \"\\n\" + e.getMessage() + \"\\n\" + line);","lastModifiedDate":"2024-08-22","isFullCredit":false},{"lineNumber":19,"author":{"gitId":"cshao02"},"content":"                sayHi \u003d false;","lastModifiedDate":"2024-08-22","isFullCredit":false},{"lineNumber":20,"author":{"gitId":"cshao02"},"content":"            }","lastModifiedDate":"2024-08-22","isFullCredit":false},{"lineNumber":21,"author":{"gitId":"cshao02"},"content":"        }","lastModifiedDate":"2024-08-22","isFullCredit":false},{"lineNumber":22,"author":{"gitId":"cshao02"},"content":"    }","lastModifiedDate":"2024-08-22","isFullCredit":false},{"lineNumber":23,"author":{"gitId":"cshao02"},"content":"","lastModifiedDate":"2024-08-22","isFullCredit":false},{"lineNumber":24,"author":{"gitId":"cshao02"},"content":"    private static void run(boolean sayHi) throws AlexException {","lastModifiedDate":"2024-08-22","isFullCredit":false},{"lineNumber":25,"author":{"gitId":"cshao02"},"content":"        //Create a Scanner object","lastModifiedDate":"2024-08-22","isFullCredit":false},{"lineNumber":26,"author":{"gitId":"cshao02"},"content":"        Scanner inputScanner \u003d new Scanner(System.in);","lastModifiedDate":"2024-08-22","isFullCredit":false},{"lineNumber":27,"author":{"gitId":"cshao02"},"content":"","lastModifiedDate":"2024-08-22","isFullCredit":false},{"lineNumber":28,"author":{"gitId":"cshao02"},"content":"        //Greet user","lastModifiedDate":"2024-08-22","isFullCredit":false},{"lineNumber":29,"author":{"gitId":"cshao02"},"content":"        String greeting \u003d","lastModifiedDate":"2024-08-18","isFullCredit":false},{"lineNumber":30,"author":{"gitId":"cshao02"},"content":"                \"\"\"","lastModifiedDate":"2024-08-18","isFullCredit":false},{"lineNumber":31,"author":{"gitId":"cshao02"},"content":"                        ____________________________________________________________","lastModifiedDate":"2024-08-18","isFullCredit":false},{"lineNumber":32,"author":{"gitId":"cshao02"},"content":"                         Hello! I\u0027m Alex, your personal assistant","lastModifiedDate":"2024-08-22","isFullCredit":false},{"lineNumber":33,"author":{"gitId":"cshao02"},"content":"                         What can I do for you today?","lastModifiedDate":"2024-08-22","isFullCredit":false},{"lineNumber":34,"author":{"gitId":"cshao02"},"content":"                        ____________________________________________________________\"\"\";","lastModifiedDate":"2024-08-18","isFullCredit":false},{"lineNumber":35,"author":{"gitId":"cshao02"},"content":"","lastModifiedDate":"2024-08-18","isFullCredit":false},{"lineNumber":36,"author":{"gitId":"cshao02"},"content":"        if (sayHi) {","lastModifiedDate":"2024-08-22","isFullCredit":false},{"lineNumber":37,"author":{"gitId":"cshao02"},"content":"            System.out.println(greeting);","lastModifiedDate":"2024-08-18","isFullCredit":false},{"lineNumber":38,"author":{"gitId":"cshao02"},"content":"        }","lastModifiedDate":"2024-08-22","isFullCredit":false},{"lineNumber":39,"author":{"gitId":"cshao02"},"content":"","lastModifiedDate":"2024-08-22","isFullCredit":false},{"lineNumber":40,"author":{"gitId":"cshao02"},"content":"        while(true) {","lastModifiedDate":"2024-08-18","isFullCredit":false},{"lineNumber":41,"author":{"gitId":"cshao02"},"content":"            //create new scanner for the line of user input","lastModifiedDate":"2024-08-22","isFullCredit":false},{"lineNumber":42,"author":{"gitId":"cshao02"},"content":"            Scanner lineScanner \u003d new Scanner(inputScanner.nextLine());","lastModifiedDate":"2024-08-22","isFullCredit":false},{"lineNumber":43,"author":{"gitId":"cshao02"},"content":"            //handle exception for no new line found","lastModifiedDate":"2024-08-22","isFullCredit":false},{"lineNumber":44,"author":{"gitId":"cshao02"},"content":"","lastModifiedDate":"2024-08-22","isFullCredit":false},{"lineNumber":45,"author":{"gitId":"cshao02"},"content":"            //Obtain the first word of user input","lastModifiedDate":"2024-08-22","isFullCredit":false},{"lineNumber":46,"author":{"gitId":"cshao02"},"content":"            String response \u003d lineScanner.next();","lastModifiedDate":"2024-08-22","isFullCredit":false},{"lineNumber":47,"author":{"gitId":"cshao02"},"content":"","lastModifiedDate":"2024-08-22","isFullCredit":false},{"lineNumber":48,"author":{"gitId":"cshao02"},"content":"            //Exit on bye","lastModifiedDate":"2024-08-22","isFullCredit":false},{"lineNumber":49,"author":{"gitId":"cshao02"},"content":"            if (response.equals(\"bye\")) {","lastModifiedDate":"2024-08-18","isFullCredit":false},{"lineNumber":50,"author":{"gitId":"cshao02"},"content":"                break;","lastModifiedDate":"2024-08-18","isFullCredit":false},{"lineNumber":51,"author":{"gitId":"cshao02"},"content":"            } else if (response.equals(\"list\")) {","lastModifiedDate":"2024-08-18","isFullCredit":false},{"lineNumber":52,"author":{"gitId":"cshao02"},"content":"                //list out all tasks","lastModifiedDate":"2024-08-22","isFullCredit":false},{"lineNumber":53,"author":{"gitId":"cshao02"},"content":"                System.out.println(line + \"\\nHere are the tasks in your list: \");","lastModifiedDate":"2024-08-18","isFullCredit":false},{"lineNumber":54,"author":{"gitId":"cshao02"},"content":"                for (int i \u003d 1; i \u003c\u003d list.size(); i++) {","lastModifiedDate":"2024-08-18","isFullCredit":false},{"lineNumber":55,"author":{"gitId":"cshao02"},"content":"                    System.out.println(i + \".\" + list.get(i - 1));","lastModifiedDate":"2024-08-22","isFullCredit":false},{"lineNumber":56,"author":{"gitId":"cshao02"},"content":"                }","lastModifiedDate":"2024-08-18","isFullCredit":false},{"lineNumber":57,"author":{"gitId":"cshao02"},"content":"                System.out.println(line);","lastModifiedDate":"2024-08-18","isFullCredit":false},{"lineNumber":58,"author":{"gitId":"cshao02"},"content":"            } else if (response.equals(\"mark\") || response.equals(\"unmark\")) {  //mark and unmark tasks","lastModifiedDate":"2024-08-23","isFullCredit":false},{"lineNumber":59,"author":{"gitId":"cshao02"},"content":"                if (!lineScanner.hasNext()) {","lastModifiedDate":"2024-08-23","isFullCredit":false},{"lineNumber":60,"author":{"gitId":"cshao02"},"content":"                    throw new AlexException(\"Oh no! Please provide an integer number after \u0027mark\u0027 or \u0027unmark\u0027 indicating the task number to mark or unmark!\");","lastModifiedDate":"2024-08-23","isFullCredit":false},{"lineNumber":61,"author":{"gitId":"cshao02"},"content":"                }","lastModifiedDate":"2024-08-23","isFullCredit":false},{"lineNumber":62,"author":{"gitId":"cshao02"},"content":"                String taskNumberStr \u003d lineScanner.next();","lastModifiedDate":"2024-08-22","isFullCredit":false},{"lineNumber":63,"author":{"gitId":"cshao02"},"content":"                int taskNumber \u003d 0;","lastModifiedDate":"2024-08-23","isFullCredit":false},{"lineNumber":64,"author":{"gitId":"cshao02"},"content":"","lastModifiedDate":"2024-08-23","isFullCredit":false},{"lineNumber":65,"author":{"gitId":"cshao02"},"content":"                //handles exception where user write too much","lastModifiedDate":"2024-08-23","isFullCredit":false},{"lineNumber":66,"author":{"gitId":"cshao02"},"content":"                if (lineScanner.hasNext()) {","lastModifiedDate":"2024-08-23","isFullCredit":false},{"lineNumber":67,"author":{"gitId":"cshao02"},"content":"                    throw new AlexException(\"Wait! Please only provide a number after \u0027mark\u0027 or \u0027unmark\u0027!\");","lastModifiedDate":"2024-08-23","isFullCredit":false},{"lineNumber":68,"author":{"gitId":"cshao02"},"content":"                }","lastModifiedDate":"2024-08-23","isFullCredit":false},{"lineNumber":69,"author":{"gitId":"cshao02"},"content":"","lastModifiedDate":"2024-08-23","isFullCredit":false},{"lineNumber":70,"author":{"gitId":"cshao02"},"content":"                //handles case where user doesn\u0027t provide a number or not an integer","lastModifiedDate":"2024-08-23","isFullCredit":false},{"lineNumber":71,"author":{"gitId":"cshao02"},"content":"                try {","lastModifiedDate":"2024-08-23","isFullCredit":false},{"lineNumber":72,"author":{"gitId":"cshao02"},"content":"                    taskNumber \u003d Integer.valueOf(taskNumberStr);","lastModifiedDate":"2024-08-23","isFullCredit":false},{"lineNumber":73,"author":{"gitId":"cshao02"},"content":"                } catch (NumberFormatException e) {","lastModifiedDate":"2024-08-23","isFullCredit":false},{"lineNumber":74,"author":{"gitId":"cshao02"},"content":"                    throw new AlexException(\"Oh no! Please only provide an integer number after \u0027mark\u0027 or \u0027unmark\u0027 indicating the task number to mark or unmark!\");","lastModifiedDate":"2024-08-23","isFullCredit":false},{"lineNumber":75,"author":{"gitId":"cshao02"},"content":"                }","lastModifiedDate":"2024-08-23","isFullCredit":false},{"lineNumber":76,"author":{"gitId":"cshao02"},"content":"","lastModifiedDate":"2024-08-23","isFullCredit":false},{"lineNumber":77,"author":{"gitId":"cshao02"},"content":"                if (taskNumber \u003c 1 || taskNumber \u003e size) {","lastModifiedDate":"2024-08-23","isFullCredit":false},{"lineNumber":78,"author":{"gitId":"cshao02"},"content":"                    throw new AlexException(\"Oh no! Please provide a correct task number to mark or unmark!\");","lastModifiedDate":"2024-08-23","isFullCredit":false},{"lineNumber":79,"author":{"gitId":"cshao02"},"content":"                }","lastModifiedDate":"2024-08-23","isFullCredit":false},{"lineNumber":80,"author":{"gitId":"cshao02"},"content":"","lastModifiedDate":"2024-08-23","isFullCredit":false},{"lineNumber":81,"author":{"gitId":"cshao02"},"content":"                Task task \u003d list.get(taskNumber - 1);","lastModifiedDate":"2024-08-18","isFullCredit":false},{"lineNumber":82,"author":{"gitId":"cshao02"},"content":"                if (response.equals(\"mark\")) {","lastModifiedDate":"2024-08-22","isFullCredit":false},{"lineNumber":83,"author":{"gitId":"cshao02"},"content":"                    task.markAsDone();","lastModifiedDate":"2024-08-18","isFullCredit":false},{"lineNumber":84,"author":{"gitId":"cshao02"},"content":"                    System.out.println(line + \"\\nNice! I\u0027ve marked this task as done: \\n\" + task + \"\\n\" + line);","lastModifiedDate":"2024-08-22","isFullCredit":false},{"lineNumber":85,"author":{"gitId":"cshao02"},"content":"                } else {","lastModifiedDate":"2024-08-18","isFullCredit":false},{"lineNumber":86,"author":{"gitId":"cshao02"},"content":"                    task.markAsUndone();","lastModifiedDate":"2024-08-18","isFullCredit":false},{"lineNumber":87,"author":{"gitId":"cshao02"},"content":"                    System.out.println(line + \"\\nOK, I\u0027ve marked this task as not done yet: \\n\" + task + \"\\n\" + line);","lastModifiedDate":"2024-08-22","isFullCredit":false},{"lineNumber":88,"author":{"gitId":"cshao02"},"content":"                }","lastModifiedDate":"2024-08-18","isFullCredit":false},{"lineNumber":89,"author":{"gitId":"cshao02"},"content":"            } else if (response.equals(\"delete\")) {","lastModifiedDate":"2024-08-23","isFullCredit":false},{"lineNumber":90,"author":{"gitId":"cshao02"},"content":"                if (!lineScanner.hasNext()) {","lastModifiedDate":"2024-08-23","isFullCredit":false},{"lineNumber":91,"author":{"gitId":"cshao02"},"content":"                    throw new AlexException(\"Oh no! Please provide an integer number after \u0027delete\u0027 indicating the task number to delete!\");","lastModifiedDate":"2024-08-23","isFullCredit":false},{"lineNumber":92,"author":{"gitId":"cshao02"},"content":"                }","lastModifiedDate":"2024-08-23","isFullCredit":false},{"lineNumber":93,"author":{"gitId":"cshao02"},"content":"                String taskNumberStr \u003d lineScanner.next();","lastModifiedDate":"2024-08-23","isFullCredit":false},{"lineNumber":94,"author":{"gitId":"cshao02"},"content":"                int taskNumber \u003d 0;","lastModifiedDate":"2024-08-23","isFullCredit":false},{"lineNumber":95,"author":{"gitId":"cshao02"},"content":"","lastModifiedDate":"2024-08-23","isFullCredit":false},{"lineNumber":96,"author":{"gitId":"cshao02"},"content":"                //handles exception where user write too much","lastModifiedDate":"2024-08-23","isFullCredit":false},{"lineNumber":97,"author":{"gitId":"cshao02"},"content":"                if (lineScanner.hasNext()) {","lastModifiedDate":"2024-08-23","isFullCredit":false},{"lineNumber":98,"author":{"gitId":"cshao02"},"content":"                    throw new AlexException(\"Wait! Please only provide a number after \u0027delete\u0027!\");","lastModifiedDate":"2024-08-23","isFullCredit":false},{"lineNumber":99,"author":{"gitId":"cshao02"},"content":"                }","lastModifiedDate":"2024-08-23","isFullCredit":false},{"lineNumber":100,"author":{"gitId":"cshao02"},"content":"","lastModifiedDate":"2024-08-23","isFullCredit":false},{"lineNumber":101,"author":{"gitId":"cshao02"},"content":"                //handles case where user doesn\u0027t provide a number or not an integer","lastModifiedDate":"2024-08-23","isFullCredit":false},{"lineNumber":102,"author":{"gitId":"cshao02"},"content":"                try {","lastModifiedDate":"2024-08-23","isFullCredit":false},{"lineNumber":103,"author":{"gitId":"cshao02"},"content":"                    taskNumber \u003d Integer.valueOf(taskNumberStr);","lastModifiedDate":"2024-08-23","isFullCredit":false},{"lineNumber":104,"author":{"gitId":"cshao02"},"content":"                } catch (NumberFormatException e) {","lastModifiedDate":"2024-08-23","isFullCredit":false},{"lineNumber":105,"author":{"gitId":"cshao02"},"content":"                    throw new AlexException(\"Oh no! Please only provide an integer number after \u0027delete\u0027 indicating the task number to delete!\");","lastModifiedDate":"2024-08-23","isFullCredit":false},{"lineNumber":106,"author":{"gitId":"cshao02"},"content":"                }","lastModifiedDate":"2024-08-23","isFullCredit":false},{"lineNumber":107,"author":{"gitId":"cshao02"},"content":"","lastModifiedDate":"2024-08-23","isFullCredit":false},{"lineNumber":108,"author":{"gitId":"cshao02"},"content":"                if (taskNumber \u003c 1 || taskNumber \u003e size) {","lastModifiedDate":"2024-08-23","isFullCredit":false},{"lineNumber":109,"author":{"gitId":"cshao02"},"content":"                    throw new AlexException(\"Oh no! Please provide a correct task number to delete!\");","lastModifiedDate":"2024-08-23","isFullCredit":false},{"lineNumber":110,"author":{"gitId":"cshao02"},"content":"                }","lastModifiedDate":"2024-08-23","isFullCredit":false},{"lineNumber":111,"author":{"gitId":"cshao02"},"content":"                Task task \u003d list.get(taskNumber - 1);","lastModifiedDate":"2024-08-23","isFullCredit":false},{"lineNumber":112,"author":{"gitId":"cshao02"},"content":"                list.remove(taskNumber - 1);","lastModifiedDate":"2024-08-23","isFullCredit":false},{"lineNumber":113,"author":{"gitId":"cshao02"},"content":"                size--;","lastModifiedDate":"2024-08-23","isFullCredit":false},{"lineNumber":114,"author":{"gitId":"cshao02"},"content":"                message(line, \"Noted. I\u0027ve removed this task: \", task, size);","lastModifiedDate":"2024-08-23","isFullCredit":false},{"lineNumber":115,"author":{"gitId":"cshao02"},"content":"            } else {","lastModifiedDate":"2024-08-22","isFullCredit":false},{"lineNumber":116,"author":{"gitId":"cshao02"},"content":"                ArrayList\u003cString\u003e arrOfStr \u003d new ArrayList\u003c\u003e();","lastModifiedDate":"2024-08-22","isFullCredit":false},{"lineNumber":117,"author":{"gitId":"cshao02"},"content":"                Task task \u003d new Task(0, \"\", false);","lastModifiedDate":"2024-08-22","isFullCredit":false},{"lineNumber":118,"author":{"gitId":"cshao02"},"content":"","lastModifiedDate":"2024-08-22","isFullCredit":false},{"lineNumber":119,"author":{"gitId":"cshao02"},"content":"                if (response.equals(\"todo\")) {","lastModifiedDate":"2024-08-22","isFullCredit":false},{"lineNumber":120,"author":{"gitId":"cshao02"},"content":"                    while (lineScanner.hasNext()) {","lastModifiedDate":"2024-08-22","isFullCredit":false},{"lineNumber":121,"author":{"gitId":"cshao02"},"content":"                        arrOfStr.add(lineScanner.next());","lastModifiedDate":"2024-08-22","isFullCredit":false},{"lineNumber":122,"author":{"gitId":"cshao02"},"content":"                    }","lastModifiedDate":"2024-08-18","isFullCredit":false},{"lineNumber":123,"author":{"gitId":"cshao02"},"content":"                    if (arrOfStr.isEmpty()) {","lastModifiedDate":"2024-08-22","isFullCredit":false},{"lineNumber":124,"author":{"gitId":"cshao02"},"content":"                        throw new AlexException(\"Oh no! Alex doesn\u0027t like that the todo task is blank :( You have to provide a task!\");","lastModifiedDate":"2024-08-22","isFullCredit":false},{"lineNumber":125,"author":{"gitId":"cshao02"},"content":"                    }","lastModifiedDate":"2024-08-22","isFullCredit":false},{"lineNumber":126,"author":{"gitId":"cshao02"},"content":"                    task \u003d new Todo(size + 1, String.join(\" \", arrOfStr), false);","lastModifiedDate":"2024-08-22","isFullCredit":false},{"lineNumber":127,"author":{"gitId":"cshao02"},"content":"                } else if (response.equals(\"deadline\")) {","lastModifiedDate":"2024-08-22","isFullCredit":false},{"lineNumber":128,"author":{"gitId":"cshao02"},"content":"                    String description \u003d \"\";","lastModifiedDate":"2024-08-22","isFullCredit":false},{"lineNumber":129,"author":{"gitId":"cshao02"},"content":"                    String deadline \u003d \"\";","lastModifiedDate":"2024-08-22","isFullCredit":false},{"lineNumber":130,"author":{"gitId":"cshao02"},"content":"                    while (lineScanner.hasNext()) {","lastModifiedDate":"2024-08-22","isFullCredit":false},{"lineNumber":131,"author":{"gitId":"cshao02"},"content":"                        String next \u003d lineScanner.next();","lastModifiedDate":"2024-08-22","isFullCredit":false},{"lineNumber":132,"author":{"gitId":"cshao02"},"content":"                        if (next.equals(\"/by\")) {","lastModifiedDate":"2024-08-22","isFullCredit":false},{"lineNumber":133,"author":{"gitId":"cshao02"},"content":"                            description \u003d String.join(\" \", arrOfStr);","lastModifiedDate":"2024-08-22","isFullCredit":false},{"lineNumber":134,"author":{"gitId":"cshao02"},"content":"                            arrOfStr.clear();","lastModifiedDate":"2024-08-22","isFullCredit":false},{"lineNumber":135,"author":{"gitId":"cshao02"},"content":"                        } else {","lastModifiedDate":"2024-08-18","isFullCredit":false},{"lineNumber":136,"author":{"gitId":"cshao02"},"content":"                            arrOfStr.add(next);","lastModifiedDate":"2024-08-22","isFullCredit":false},{"lineNumber":137,"author":{"gitId":"cshao02"},"content":"                        }","lastModifiedDate":"2024-08-18","isFullCredit":false},{"lineNumber":138,"author":{"gitId":"cshao02"},"content":"                    }","lastModifiedDate":"2024-08-18","isFullCredit":false},{"lineNumber":139,"author":{"gitId":"cshao02"},"content":"                    deadline \u003d String.join(\" \", arrOfStr);","lastModifiedDate":"2024-08-22","isFullCredit":false},{"lineNumber":140,"author":{"gitId":"cshao02"},"content":"                    if ((description.isEmpty() \u0026\u0026 !arrOfStr.isEmpty()) || (!description.isEmpty()) \u0026\u0026 deadline.isEmpty()) {","lastModifiedDate":"2024-08-22","isFullCredit":false},{"lineNumber":141,"author":{"gitId":"cshao02"},"content":"                        throw new AlexException(\"Oh no! Alex doesn\u0027t like that no deadline date is provided :( Please provide a deadline date by writing \u0027/by\u0027 followed by the deadline!\");","lastModifiedDate":"2024-08-22","isFullCredit":false},{"lineNumber":142,"author":{"gitId":"cshao02"},"content":"                    }","lastModifiedDate":"2024-08-22","isFullCredit":false},{"lineNumber":143,"author":{"gitId":"cshao02"},"content":"                    if (description.isEmpty() \u0026\u0026 deadline.isEmpty()) {","lastModifiedDate":"2024-08-22","isFullCredit":false},{"lineNumber":144,"author":{"gitId":"cshao02"},"content":"                        throw new AlexException(\"Oh no! Alex doesn\u0027t like that the deadline task is blank :( You have to provide a task!\");","lastModifiedDate":"2024-08-22","isFullCredit":false},{"lineNumber":145,"author":{"gitId":"cshao02"},"content":"                    }","lastModifiedDate":"2024-08-22","isFullCredit":false},{"lineNumber":146,"author":{"gitId":"cshao02"},"content":"                    task \u003d new Deadline(size + 1, description, false, deadline);","lastModifiedDate":"2024-08-22","isFullCredit":false},{"lineNumber":147,"author":{"gitId":"cshao02"},"content":"                } else if (response.equals(\"event\")) {","lastModifiedDate":"2024-08-22","isFullCredit":false},{"lineNumber":148,"author":{"gitId":"cshao02"},"content":"                    String description \u003d \"\";","lastModifiedDate":"2024-08-22","isFullCredit":false},{"lineNumber":149,"author":{"gitId":"cshao02"},"content":"                    String start \u003d \"\";","lastModifiedDate":"2024-08-22","isFullCredit":false},{"lineNumber":150,"author":{"gitId":"cshao02"},"content":"                    boolean isStart \u003d false;","lastModifiedDate":"2024-08-23","isFullCredit":false},{"lineNumber":151,"author":{"gitId":"cshao02"},"content":"                    boolean isEnd \u003d false;","lastModifiedDate":"2024-08-23","isFullCredit":false},{"lineNumber":152,"author":{"gitId":"cshao02"},"content":"","lastModifiedDate":"2024-08-23","isFullCredit":false},{"lineNumber":153,"author":{"gitId":"cshao02"},"content":"                    if (!lineScanner.hasNext()) {","lastModifiedDate":"2024-08-23","isFullCredit":false},{"lineNumber":154,"author":{"gitId":"cshao02"},"content":"                        throw new AlexException(\"Oh no! Alex doesn\u0027t like that the event task is blank :( You have to provide a task!\");","lastModifiedDate":"2024-08-23","isFullCredit":false},{"lineNumber":155,"author":{"gitId":"cshao02"},"content":"                    }","lastModifiedDate":"2024-08-23","isFullCredit":false},{"lineNumber":156,"author":{"gitId":"cshao02"},"content":"","lastModifiedDate":"2024-08-22","isFullCredit":false},{"lineNumber":157,"author":{"gitId":"cshao02"},"content":"                    while (lineScanner.hasNext()) {","lastModifiedDate":"2024-08-22","isFullCredit":false},{"lineNumber":158,"author":{"gitId":"cshao02"},"content":"                        String next \u003d lineScanner.next();","lastModifiedDate":"2024-08-22","isFullCredit":false},{"lineNumber":159,"author":{"gitId":"cshao02"},"content":"                        if (next.equals(\"/from\")) {","lastModifiedDate":"2024-08-22","isFullCredit":false},{"lineNumber":160,"author":{"gitId":"cshao02"},"content":"                            description \u003d String.join(\" \", arrOfStr);","lastModifiedDate":"2024-08-22","isFullCredit":false},{"lineNumber":161,"author":{"gitId":"cshao02"},"content":"                            arrOfStr.clear();","lastModifiedDate":"2024-08-22","isFullCredit":false},{"lineNumber":162,"author":{"gitId":"cshao02"},"content":"                            if (lineScanner.hasNext()) {","lastModifiedDate":"2024-08-23","isFullCredit":false},{"lineNumber":163,"author":{"gitId":"cshao02"},"content":"                                isStart \u003d true;","lastModifiedDate":"2024-08-23","isFullCredit":false},{"lineNumber":164,"author":{"gitId":"cshao02"},"content":"                            }","lastModifiedDate":"2024-08-23","isFullCredit":false},{"lineNumber":165,"author":{"gitId":"cshao02"},"content":"                            if (isEnd) {","lastModifiedDate":"2024-08-23","isFullCredit":false},{"lineNumber":166,"author":{"gitId":"cshao02"},"content":"                                throw new AlexException(\"Oh no! Alex doesn\u0027t like that /to comes before /from :( You should write the start time first before the end time\");","lastModifiedDate":"2024-08-23","isFullCredit":false},{"lineNumber":167,"author":{"gitId":"cshao02"},"content":"                            }","lastModifiedDate":"2024-08-23","isFullCredit":false},{"lineNumber":168,"author":{"gitId":"cshao02"},"content":"                        } else if (next.equals(\"/to\")) {","lastModifiedDate":"2024-08-22","isFullCredit":false},{"lineNumber":169,"author":{"gitId":"cshao02"},"content":"                            start \u003d String.join(\" \", arrOfStr);","lastModifiedDate":"2024-08-22","isFullCredit":false},{"lineNumber":170,"author":{"gitId":"cshao02"},"content":"                            arrOfStr.clear();","lastModifiedDate":"2024-08-22","isFullCredit":false},{"lineNumber":171,"author":{"gitId":"cshao02"},"content":"                            if (lineScanner.hasNext()) {","lastModifiedDate":"2024-08-23","isFullCredit":false},{"lineNumber":172,"author":{"gitId":"cshao02"},"content":"                                isEnd \u003d true;","lastModifiedDate":"2024-08-23","isFullCredit":false},{"lineNumber":173,"author":{"gitId":"cshao02"},"content":"                            }","lastModifiedDate":"2024-08-23","isFullCredit":false},{"lineNumber":174,"author":{"gitId":"cshao02"},"content":"                        } else {","lastModifiedDate":"2024-08-22","isFullCredit":false},{"lineNumber":175,"author":{"gitId":"cshao02"},"content":"                            arrOfStr.add(next);","lastModifiedDate":"2024-08-22","isFullCredit":false},{"lineNumber":176,"author":{"gitId":"cshao02"},"content":"                        }","lastModifiedDate":"2024-08-22","isFullCredit":false},{"lineNumber":177,"author":{"gitId":"cshao02"},"content":"                    }","lastModifiedDate":"2024-08-22","isFullCredit":false},{"lineNumber":178,"author":{"gitId":"cshao02"},"content":"                    if (!isStart) {","lastModifiedDate":"2024-08-23","isFullCredit":false},{"lineNumber":179,"author":{"gitId":"cshao02"},"content":"                        throw new AlexException(\"Oh no! Alex doesn\u0027t like that no start time is provided :( You have to provide a start time with \u0027/from\u0027 followed by the time!\");","lastModifiedDate":"2024-08-23","isFullCredit":false},{"lineNumber":180,"author":{"gitId":"cshao02"},"content":"                    }","lastModifiedDate":"2024-08-23","isFullCredit":false},{"lineNumber":181,"author":{"gitId":"cshao02"},"content":"                    if (!isEnd) {","lastModifiedDate":"2024-08-23","isFullCredit":false},{"lineNumber":182,"author":{"gitId":"cshao02"},"content":"                        throw new AlexException(\"Oh no! Alex doesn\u0027t like that no end time is provided :( You have to provide an end time with \u0027/to\u0027 followed by the time!\");","lastModifiedDate":"2024-08-23","isFullCredit":false},{"lineNumber":183,"author":{"gitId":"cshao02"},"content":"                    }","lastModifiedDate":"2024-08-23","isFullCredit":false},{"lineNumber":184,"author":{"gitId":"cshao02"},"content":"                    task \u003d new Event(size + 1, description, false, start, String.join(\" \", arrOfStr));","lastModifiedDate":"2024-08-22","isFullCredit":false},{"lineNumber":185,"author":{"gitId":"cshao02"},"content":"                } else {","lastModifiedDate":"2024-08-22","isFullCredit":false},{"lineNumber":186,"author":{"gitId":"cshao02"},"content":"                    throw new AlexException(\"Sorry! Alex doesn\u0027t understand you. Please only start with \u0027todo\u0027, \u0027deadline\u0027, \u0027event\u0027, \u0027mark\u0027, \u0027unmark\u0027, \u0027list\u0027 or \u0027bye\u0027!\");","lastModifiedDate":"2024-08-22","isFullCredit":false},{"lineNumber":187,"author":{"gitId":"cshao02"},"content":"                }","lastModifiedDate":"2024-08-22","isFullCredit":false},{"lineNumber":188,"author":{"gitId":"cshao02"},"content":"                list.add(task);","lastModifiedDate":"2024-08-22","isFullCredit":false},{"lineNumber":189,"author":{"gitId":"cshao02"},"content":"                size++;","lastModifiedDate":"2024-08-22","isFullCredit":false},{"lineNumber":190,"author":{"gitId":"cshao02"},"content":"                message(line, \"Got it. I\u0027ve added this task: \", task, size);","lastModifiedDate":"2024-08-23","isFullCredit":false},{"lineNumber":191,"author":{"gitId":"cshao02"},"content":"            }","lastModifiedDate":"2024-08-22","isFullCredit":false},{"lineNumber":192,"author":{"gitId":"cshao02"},"content":"        }","lastModifiedDate":"2024-08-18","isFullCredit":false},{"lineNumber":193,"author":{"gitId":"cshao02"},"content":"","lastModifiedDate":"2024-08-18","isFullCredit":false},{"lineNumber":194,"author":{"gitId":"cshao02"},"content":"        //Print farewell message","lastModifiedDate":"2024-08-22","isFullCredit":false},{"lineNumber":195,"author":{"gitId":"cshao02"},"content":"        String farewell \u003d","lastModifiedDate":"2024-08-18","isFullCredit":false},{"lineNumber":196,"author":{"gitId":"cshao02"},"content":"                \"\"\"","lastModifiedDate":"2024-08-18","isFullCredit":false},{"lineNumber":197,"author":{"gitId":"cshao02"},"content":"                        ____________________________________________________________","lastModifiedDate":"2024-08-18","isFullCredit":false},{"lineNumber":198,"author":{"gitId":"cshao02"},"content":"                        Bye. Hope to see you again soon!","lastModifiedDate":"2024-08-18","isFullCredit":false},{"lineNumber":199,"author":{"gitId":"cshao02"},"content":"                        ____________________________________________________________\"\"\";","lastModifiedDate":"2024-08-18","isFullCredit":false},{"lineNumber":200,"author":{"gitId":"cshao02"},"content":"","lastModifiedDate":"2024-08-18","isFullCredit":false},{"lineNumber":201,"author":{"gitId":"cshao02"},"content":"        System.out.println(farewell);","lastModifiedDate":"2024-08-18","isFullCredit":false},{"lineNumber":202,"author":{"gitId":"cshao02"},"content":"    }","lastModifiedDate":"2024-08-18","isFullCredit":false},{"lineNumber":203,"author":{"gitId":"cshao02"},"content":"","lastModifiedDate":"2024-08-22","isFullCredit":false},{"lineNumber":204,"author":{"gitId":"cshao02"},"content":"    private static void message(String line, String str, Task task, int size) {","lastModifiedDate":"2024-08-23","isFullCredit":false},{"lineNumber":205,"author":{"gitId":"cshao02"},"content":"        System.out.println(line);","lastModifiedDate":"2024-08-22","isFullCredit":false},{"lineNumber":206,"author":{"gitId":"cshao02"},"content":"        System.out.println(str);","lastModifiedDate":"2024-08-23","isFullCredit":false},{"lineNumber":207,"author":{"gitId":"cshao02"},"content":"        System.out.println(task);","lastModifiedDate":"2024-08-22","isFullCredit":false},{"lineNumber":208,"author":{"gitId":"cshao02"},"content":"        System.out.println(\"Now you have \" + size + \" tasks in the list\");","lastModifiedDate":"2024-08-22","isFullCredit":false},{"lineNumber":209,"author":{"gitId":"cshao02"},"content":"        System.out.println(line);","lastModifiedDate":"2024-08-22","isFullCredit":false},{"lineNumber":210,"author":{"gitId":"cshao02"},"content":"    }","lastModifiedDate":"2024-08-22","isFullCredit":false},{"lineNumber":211,"author":{"gitId":"cshao02"},"content":"}","lastModifiedDate":"2024-08-18","isFullCredit":false}],"authorContributionMap":{"cshao02":211}},{"path":"src/main/java/AlexException.java","fileType":"java","lines":[{"lineNumber":1,"author":{"gitId":"cshao02"},"content":"public class AlexException extends Exception {","lastModifiedDate":"2024-08-22","isFullCredit":false},{"lineNumber":2,"author":{"gitId":"cshao02"},"content":"    public AlexException(String msg) {","lastModifiedDate":"2024-08-22","isFullCredit":false},{"lineNumber":3,"author":{"gitId":"cshao02"},"content":"        super(msg);","lastModifiedDate":"2024-08-22","isFullCredit":false},{"lineNumber":4,"author":{"gitId":"cshao02"},"content":"    }","lastModifiedDate":"2024-08-22","isFullCredit":false},{"lineNumber":5,"author":{"gitId":"cshao02"},"content":"}","lastModifiedDate":"2024-08-22","isFullCredit":false}],"authorContributionMap":{"cshao02":5}},{"path":"src/main/java/Deadline.java","fileType":"java","lines":[{"lineNumber":1,"author":{"gitId":"cshao02"},"content":"public class Deadline extends Task {","lastModifiedDate":"2024-08-22","isFullCredit":false},{"lineNumber":2,"author":{"gitId":"cshao02"},"content":"    private String deadline;","lastModifiedDate":"2024-08-22","isFullCredit":false},{"lineNumber":3,"author":{"gitId":"cshao02"},"content":"    public Deadline (int taskNumber, String taskName, boolean taskCompletionStatus, String deadline) {","lastModifiedDate":"2024-08-22","isFullCredit":false},{"lineNumber":4,"author":{"gitId":"cshao02"},"content":"        super(taskNumber, taskName, taskCompletionStatus);","lastModifiedDate":"2024-08-22","isFullCredit":false},{"lineNumber":5,"author":{"gitId":"cshao02"},"content":"        this.deadline \u003d deadline;","lastModifiedDate":"2024-08-22","isFullCredit":false},{"lineNumber":6,"author":{"gitId":"cshao02"},"content":"    }","lastModifiedDate":"2024-08-22","isFullCredit":false},{"lineNumber":7,"author":{"gitId":"cshao02"},"content":"","lastModifiedDate":"2024-08-22","isFullCredit":false},{"lineNumber":8,"author":{"gitId":"cshao02"},"content":"    @Override","lastModifiedDate":"2024-08-22","isFullCredit":false},{"lineNumber":9,"author":{"gitId":"cshao02"},"content":"    public String toString() {","lastModifiedDate":"2024-08-22","isFullCredit":false},{"lineNumber":10,"author":{"gitId":"cshao02"},"content":"        return \"[D]\" + super.toString() + \" (by: \" + this.deadline + \")\";","lastModifiedDate":"2024-08-22","isFullCredit":false},{"lineNumber":11,"author":{"gitId":"cshao02"},"content":"    }","lastModifiedDate":"2024-08-22","isFullCredit":false},{"lineNumber":12,"author":{"gitId":"cshao02"},"content":"}","lastModifiedDate":"2024-08-22","isFullCredit":false}],"authorContributionMap":{"cshao02":12}},{"path":"src/main/java/Event.java","fileType":"java","lines":[{"lineNumber":1,"author":{"gitId":"cshao02"},"content":"public class Event extends Task {","lastModifiedDate":"2024-08-22","isFullCredit":false},{"lineNumber":2,"author":{"gitId":"cshao02"},"content":"    private String start;","lastModifiedDate":"2024-08-22","isFullCredit":false},{"lineNumber":3,"author":{"gitId":"cshao02"},"content":"","lastModifiedDate":"2024-08-22","isFullCredit":false},{"lineNumber":4,"author":{"gitId":"cshao02"},"content":"    private String end;","lastModifiedDate":"2024-08-22","isFullCredit":false},{"lineNumber":5,"author":{"gitId":"cshao02"},"content":"    public Event (int taskNumber, String taskName, boolean taskCompletionStatus, String start, String end) {","lastModifiedDate":"2024-08-22","isFullCredit":false},{"lineNumber":6,"author":{"gitId":"cshao02"},"content":"        super(taskNumber, taskName, taskCompletionStatus);","lastModifiedDate":"2024-08-22","isFullCredit":false},{"lineNumber":7,"author":{"gitId":"cshao02"},"content":"        this.start \u003d start;","lastModifiedDate":"2024-08-22","isFullCredit":false},{"lineNumber":8,"author":{"gitId":"cshao02"},"content":"        this.end \u003d end;","lastModifiedDate":"2024-08-22","isFullCredit":false},{"lineNumber":9,"author":{"gitId":"cshao02"},"content":"    }","lastModifiedDate":"2024-08-22","isFullCredit":false},{"lineNumber":10,"author":{"gitId":"cshao02"},"content":"","lastModifiedDate":"2024-08-22","isFullCredit":false},{"lineNumber":11,"author":{"gitId":"cshao02"},"content":"    @Override","lastModifiedDate":"2024-08-22","isFullCredit":false},{"lineNumber":12,"author":{"gitId":"cshao02"},"content":"    public String toString() {","lastModifiedDate":"2024-08-22","isFullCredit":false},{"lineNumber":13,"author":{"gitId":"cshao02"},"content":"        return \"[E]\" + super.toString() + \" (from: \" + this.start + \" to: \" + this.end + \")\";","lastModifiedDate":"2024-08-22","isFullCredit":false},{"lineNumber":14,"author":{"gitId":"cshao02"},"content":"    }","lastModifiedDate":"2024-08-22","isFullCredit":false},{"lineNumber":15,"author":{"gitId":"cshao02"},"content":"}","lastModifiedDate":"2024-08-22","isFullCredit":false}],"authorContributionMap":{"cshao02":15}},{"path":"src/main/java/Task.java","fileType":"java","lines":[{"lineNumber":1,"author":{"gitId":"cshao02"},"content":"public class Task {","lastModifiedDate":"2024-08-18","isFullCredit":false},{"lineNumber":2,"author":{"gitId":"cshao02"},"content":"    private String taskName;","lastModifiedDate":"2024-08-18","isFullCredit":false},{"lineNumber":3,"author":{"gitId":"cshao02"},"content":"","lastModifiedDate":"2024-08-18","isFullCredit":false},{"lineNumber":4,"author":{"gitId":"cshao02"},"content":"    private int taskNumber;","lastModifiedDate":"2024-08-18","isFullCredit":false},{"lineNumber":5,"author":{"gitId":"cshao02"},"content":"","lastModifiedDate":"2024-08-18","isFullCredit":false},{"lineNumber":6,"author":{"gitId":"cshao02"},"content":"    private boolean taskCompletionStatus;","lastModifiedDate":"2024-08-18","isFullCredit":false},{"lineNumber":7,"author":{"gitId":"cshao02"},"content":"    public Task(int taskNumber, String taskName, boolean taskCompletionStatus) {","lastModifiedDate":"2024-08-18","isFullCredit":false},{"lineNumber":8,"author":{"gitId":"cshao02"},"content":"        this.taskNumber \u003d taskNumber;","lastModifiedDate":"2024-08-18","isFullCredit":false},{"lineNumber":9,"author":{"gitId":"cshao02"},"content":"        this.taskName \u003d taskName;","lastModifiedDate":"2024-08-18","isFullCredit":false},{"lineNumber":10,"author":{"gitId":"cshao02"},"content":"        this.taskCompletionStatus \u003d taskCompletionStatus;","lastModifiedDate":"2024-08-18","isFullCredit":false},{"lineNumber":11,"author":{"gitId":"cshao02"},"content":"    }","lastModifiedDate":"2024-08-18","isFullCredit":false},{"lineNumber":12,"author":{"gitId":"cshao02"},"content":"","lastModifiedDate":"2024-08-18","isFullCredit":false},{"lineNumber":13,"author":{"gitId":"cshao02"},"content":"    public void markAsDone() {","lastModifiedDate":"2024-08-18","isFullCredit":false},{"lineNumber":14,"author":{"gitId":"cshao02"},"content":"        this.taskCompletionStatus \u003d true;","lastModifiedDate":"2024-08-18","isFullCredit":false},{"lineNumber":15,"author":{"gitId":"cshao02"},"content":"    }","lastModifiedDate":"2024-08-18","isFullCredit":false},{"lineNumber":16,"author":{"gitId":"cshao02"},"content":"","lastModifiedDate":"2024-08-18","isFullCredit":false},{"lineNumber":17,"author":{"gitId":"cshao02"},"content":"    public void markAsUndone() {","lastModifiedDate":"2024-08-18","isFullCredit":false},{"lineNumber":18,"author":{"gitId":"cshao02"},"content":"        this.taskCompletionStatus \u003d false;","lastModifiedDate":"2024-08-18","isFullCredit":false},{"lineNumber":19,"author":{"gitId":"cshao02"},"content":"    }","lastModifiedDate":"2024-08-18","isFullCredit":false},{"lineNumber":20,"author":{"gitId":"cshao02"},"content":"    @Override","lastModifiedDate":"2024-08-18","isFullCredit":false},{"lineNumber":21,"author":{"gitId":"cshao02"},"content":"    public String toString() {","lastModifiedDate":"2024-08-18","isFullCredit":false},{"lineNumber":22,"author":{"gitId":"cshao02"},"content":"        String box \u003d \"\";","lastModifiedDate":"2024-08-18","isFullCredit":false},{"lineNumber":23,"author":{"gitId":"cshao02"},"content":"        if (this.taskCompletionStatus) {","lastModifiedDate":"2024-08-18","isFullCredit":false},{"lineNumber":24,"author":{"gitId":"cshao02"},"content":"            box \u003d \"[X]\";","lastModifiedDate":"2024-08-18","isFullCredit":false},{"lineNumber":25,"author":{"gitId":"cshao02"},"content":"        } else {","lastModifiedDate":"2024-08-18","isFullCredit":false},{"lineNumber":26,"author":{"gitId":"cshao02"},"content":"            box \u003d \"[ ]\";","lastModifiedDate":"2024-08-18","isFullCredit":false},{"lineNumber":27,"author":{"gitId":"cshao02"},"content":"        }","lastModifiedDate":"2024-08-18","isFullCredit":false},{"lineNumber":28,"author":{"gitId":"cshao02"},"content":"","lastModifiedDate":"2024-08-18","isFullCredit":false},{"lineNumber":29,"author":{"gitId":"cshao02"},"content":"        return String.format(\"%s %s\", box, this.taskName);","lastModifiedDate":"2024-08-18","isFullCredit":false},{"lineNumber":30,"author":{"gitId":"cshao02"},"content":"    }","lastModifiedDate":"2024-08-18","isFullCredit":false},{"lineNumber":31,"author":{"gitId":"cshao02"},"content":"}","lastModifiedDate":"2024-08-18","isFullCredit":false}],"authorContributionMap":{"cshao02":31}},{"path":"src/main/java/Todo.java","fileType":"java","lines":[{"lineNumber":1,"author":{"gitId":"cshao02"},"content":"public class Todo extends Task {","lastModifiedDate":"2024-08-22","isFullCredit":false},{"lineNumber":2,"author":{"gitId":"cshao02"},"content":"    public Todo(int taskNumber, String taskName, boolean taskCompletionStatus) {","lastModifiedDate":"2024-08-22","isFullCredit":false},{"lineNumber":3,"author":{"gitId":"cshao02"},"content":"        super(taskNumber, taskName, taskCompletionStatus);","lastModifiedDate":"2024-08-22","isFullCredit":false},{"lineNumber":4,"author":{"gitId":"cshao02"},"content":"    }","lastModifiedDate":"2024-08-22","isFullCredit":false},{"lineNumber":5,"author":{"gitId":"cshao02"},"content":"","lastModifiedDate":"2024-08-22","isFullCredit":false},{"lineNumber":6,"author":{"gitId":"cshao02"},"content":"    @Override","lastModifiedDate":"2024-08-22","isFullCredit":false},{"lineNumber":7,"author":{"gitId":"cshao02"},"content":"    public String toString() {","lastModifiedDate":"2024-08-22","isFullCredit":false},{"lineNumber":8,"author":{"gitId":"cshao02"},"content":"        return \"[T]\" + super.toString();","lastModifiedDate":"2024-08-22","isFullCredit":false},{"lineNumber":9,"author":{"gitId":"cshao02"},"content":"    }","lastModifiedDate":"2024-08-22","isFullCredit":false},{"lineNumber":10,"author":{"gitId":"cshao02"},"content":"}","lastModifiedDate":"2024-08-22","isFullCredit":false}],"authorContributionMap":{"cshao02":10}},{"path":"text-ui-test/input.txt","fileType":"txt","lines":[{"lineNumber":1,"author":{"gitId":"cshao02"},"content":"todo borrow book from the Jurong East Regional library","lastModifiedDate":"2024-08-22","isFullCredit":false},{"lineNumber":2,"author":{"gitId":"cshao02"},"content":"todo sing a song","lastModifiedDate":"2024-08-22","isFullCredit":false},{"lineNumber":3,"author":{"gitId":"cshao02"},"content":"deadline write a poem /by next wednesday","lastModifiedDate":"2024-08-22","isFullCredit":false},{"lineNumber":4,"author":{"gitId":"cshao02"},"content":"event go for night run /from tues 3pm /to 5pm","lastModifiedDate":"2024-08-22","isFullCredit":false},{"lineNumber":5,"author":{"gitId":"cshao02"},"content":"mark 2","lastModifiedDate":"2024-08-22","isFullCredit":false},{"lineNumber":6,"author":{"gitId":"cshao02"},"content":"list","lastModifiedDate":"2024-08-22","isFullCredit":false},{"lineNumber":7,"author":{"gitId":"cshao02"},"content":"unmark 2","lastModifiedDate":"2024-08-22","isFullCredit":false},{"lineNumber":8,"author":{"gitId":"cshao02"},"content":"bye","lastModifiedDate":"2024-08-22","isFullCredit":false}],"authorContributionMap":{"cshao02":8}},{"path":"text-ui-test/runtest.bat","fileType":"bat","lines":[{"lineNumber":1,"author":{"gitId":"-"},"content":"@ECHO OFF","lastModifiedDate":"2020-05-25","isFullCredit":false},{"lineNumber":2,"author":{"gitId":"-"},"content":"","lastModifiedDate":"2020-05-25","isFullCredit":false},{"lineNumber":3,"author":{"gitId":"-"},"content":"REM create bin directory if it doesn\u0027t exist","lastModifiedDate":"2020-05-25","isFullCredit":false},{"lineNumber":4,"author":{"gitId":"-"},"content":"if not exist ..\\bin mkdir ..\\bin","lastModifiedDate":"2020-05-25","isFullCredit":false},{"lineNumber":5,"author":{"gitId":"-"},"content":"","lastModifiedDate":"2020-05-25","isFullCredit":false},{"lineNumber":6,"author":{"gitId":"-"},"content":"REM delete output from previous run","lastModifiedDate":"2020-05-25","isFullCredit":false},{"lineNumber":7,"author":{"gitId":"-"},"content":"if exist ACTUAL.TXT del ACTUAL.TXT","lastModifiedDate":"2020-08-25","isFullCredit":false},{"lineNumber":8,"author":{"gitId":"-"},"content":"","lastModifiedDate":"2020-05-25","isFullCredit":false},{"lineNumber":9,"author":{"gitId":"-"},"content":"REM compile the code into the bin folder","lastModifiedDate":"2020-05-25","isFullCredit":false},{"lineNumber":10,"author":{"gitId":"-"},"content":"javac  -cp ..\\src\\main\\java -Xlint:none -d ..\\bin ..\\src\\main\\java\\*.java","lastModifiedDate":"2020-08-25","isFullCredit":false},{"lineNumber":11,"author":{"gitId":"-"},"content":"IF ERRORLEVEL 1 (","lastModifiedDate":"2020-05-25","isFullCredit":false},{"lineNumber":12,"author":{"gitId":"-"},"content":"    echo ********** BUILD FAILURE **********","lastModifiedDate":"2020-05-25","isFullCredit":false},{"lineNumber":13,"author":{"gitId":"-"},"content":"    exit /b 1","lastModifiedDate":"2020-05-25","isFullCredit":false},{"lineNumber":14,"author":{"gitId":"-"},"content":")","lastModifiedDate":"2020-05-25","isFullCredit":false},{"lineNumber":15,"author":{"gitId":"-"},"content":"REM no error here, errorlevel \u003d\u003d 0","lastModifiedDate":"2020-05-25","isFullCredit":false},{"lineNumber":16,"author":{"gitId":"-"},"content":"","lastModifiedDate":"2020-05-25","isFullCredit":false},{"lineNumber":17,"author":{"gitId":"-"},"content":"REM run the program, feed commands from input.txt file and redirect the output to the ACTUAL.TXT","lastModifiedDate":"2020-05-25","isFullCredit":false},{"lineNumber":18,"author":{"gitId":"cshao02"},"content":"java -classpath ..\\bin Alex \u003c input.txt \u003e ACTUAL.TXT","lastModifiedDate":"2024-08-22","isFullCredit":false},{"lineNumber":19,"author":{"gitId":"-"},"content":"","lastModifiedDate":"2020-05-25","isFullCredit":false},{"lineNumber":20,"author":{"gitId":"-"},"content":"REM compare the output to the expected output","lastModifiedDate":"2020-05-25","isFullCredit":false},{"lineNumber":21,"author":{"gitId":"-"},"content":"FC ACTUAL.TXT EXPECTED.TXT","lastModifiedDate":"2020-05-25","isFullCredit":false}],"authorContributionMap":{"cshao02":1,"-":20}}]
