{"authorDailyContributionsMap":{"cshao02":[{"date":"2024-08-18","commitResults":[{"hash":"d90c3c2baf1de9b75b6312cc917d80f12c3007f5","isMergeCommit":false,"messageTitle":"Renamed chatbot and changed greeting","messageBody":"","tags":["Level-0"],"fileTypesAndContributionMap":{"java":{"insertions":13,"deletions":10}}},{"hash":"894f4a8371980d7f0ec4abb2afc53c3ba4356d64","isMergeCommit":false,"messageTitle":"Added echo feature","messageBody":"","tags":["Level-1"],"fileTypesAndContributionMap":{"java":{"insertions":22,"deletions":3}}},{"hash":"1b07c62de5664eab56ef04678a2eded0f0927651","isMergeCommit":false,"messageTitle":"Add the ability to store whatever text entered by the user and display them back to the user when requested.","messageBody":"","tags":["Level-2"],"fileTypesAndContributionMap":{"java":{"insertions":11,"deletions":1}}},{"hash":"6d5efc6badde9aeff1afedba3ca9c61d248bb5a1","isMergeCommit":false,"messageTitle":"Add the ability to mark tasks as done or undone","messageBody":"","tags":["Level-3"],"fileTypesAndContributionMap":{"java":{"insertions":70,"deletions":6}}}]},{"date":"2024-08-22","commitResults":[{"hash":"e17d63944c1a9107ddb23af9ed2fcce24dc7aa89","isMergeCommit":false,"messageTitle":"Added Todo class","messageBody":"","fileTypesAndContributionMap":{"java":{"insertions":5,"deletions":0}}},{"hash":"342a05ddd27aef797680e5a7ee7ce3dbd4354a36","isMergeCommit":false,"messageTitle":"Added Deadline and Event classes","messageBody":"","fileTypesAndContributionMap":{"java":{"insertions":17,"deletions":0}}},{"hash":"1e0041e17d218d5d5f54a39718c0b996fbb31f63","isMergeCommit":false,"messageTitle":"Before changing to scanner.next()","messageBody":"","fileTypesAndContributionMap":{"java":{"insertions":19,"deletions":2}}},{"hash":"89e397678731e64aa6fa0344cd401f176357d67b","isMergeCommit":false,"messageTitle":"Made Todo and Deadline work","messageBody":"","fileTypesAndContributionMap":{"java":{"insertions":69,"deletions":40}}},{"hash":"659f6e69a280f038b9056e731443ec123fee36c5","isMergeCommit":false,"messageTitle":"Finished todo, deadline and event","messageBody":"","tags":["Level-4"],"fileTypesAndContributionMap":{"java":{"insertions":42,"deletions":24}}},{"hash":"7831cd9880a927ebc13d4978bdcba4b2193284a4","isMergeCommit":false,"messageTitle":"Added testing","messageBody":"","tags":["A-TextUiTesting"],"fileTypesAndContributionMap":{"txt":{"insertions":8,"deletions":0},"java":{"insertions":1,"deletions":0},"bat":{"insertions":1,"deletions":1}}},{"hash":"0e05630ef349b1d9ad74b007beda6871a6a884e1","isMergeCommit":false,"messageTitle":"Created Exception","messageBody":"","fileTypesAndContributionMap":{"java":{"insertions":5,"deletions":0}}},{"hash":"3b79b2bac66a285cb4d834e1e4b647a14d265fcb","isMergeCommit":false,"messageTitle":"Handled exceptions for todo and deadline","messageBody":"","fileTypesAndContributionMap":{"java":{"insertions":34,"deletions":9}}}]},{"date":"2024-08-23","commitResults":[{"hash":"9b3394ce8b7a4c6e0a8af524f8dbfa48b54432a4","isMergeCommit":false,"messageTitle":"Handled most errors","messageBody":"","tags":["Level-5"],"fileTypesAndContributionMap":{"java":{"insertions":48,"deletions":10}}},{"hash":"97302a9e1b9457917566e8b05d98dea091795ca2","isMergeCommit":false,"messageTitle":"Added delete function","messageBody":"","tags":["Level-6"],"fileTypesAndContributionMap":{"java":{"insertions":30,"deletions":7}}}]}]},"authorFileTypeContributionMap":{"cshao02":{"java":284,"md":0,"fxml":0,"sh":0,"bat":1,"gradle":0,"txt":8}},"authorContributionVariance":{"cshao02":8999.0},"authorDisplayNameMap":{"cshao02":"CHEN..HENG"}}
