{"authorDailyContributionsMap":{"cshao02":[{"date":"2024-08-18","commitResults":[{"hash":"d90c3c2baf1de9b75b6312cc917d80f12c3007f5","isMergeCommit":false,"messageTitle":"Renamed chatbot and changed greeting","messageBody":"","tags":["Level-0"],"fileTypesAndContributionMap":{"java":{"insertions":13,"deletions":10}}},{"hash":"894f4a8371980d7f0ec4abb2afc53c3ba4356d64","isMergeCommit":false,"messageTitle":"Added echo feature","messageBody":"","tags":["Level-1"],"fileTypesAndContributionMap":{"java":{"insertions":22,"deletions":3}}},{"hash":"1b07c62de5664eab56ef04678a2eded0f0927651","isMergeCommit":false,"messageTitle":"Add the ability to store whatever text entered by the user and display them back to the user when requested.","messageBody":"","tags":["Level-2"],"fileTypesAndContributionMap":{"java":{"insertions":11,"deletions":1}}},{"hash":"6d5efc6badde9aeff1afedba3ca9c61d248bb5a1","isMergeCommit":false,"messageTitle":"Add the ability to mark tasks as done or undone","messageBody":"","tags":["Level-3"],"fileTypesAndContributionMap":{"java":{"insertions":70,"deletions":6}}}]},{"date":"2024-08-22","commitResults":[{"hash":"e17d63944c1a9107ddb23af9ed2fcce24dc7aa89","isMergeCommit":false,"messageTitle":"Added Todo class","messageBody":"","fileTypesAndContributionMap":{"java":{"insertions":5,"deletions":0}}},{"hash":"342a05ddd27aef797680e5a7ee7ce3dbd4354a36","isMergeCommit":false,"messageTitle":"Added Deadline and Event classes","messageBody":"","fileTypesAndContributionMap":{"java":{"insertions":17,"deletions":0}}},{"hash":"1e0041e17d218d5d5f54a39718c0b996fbb31f63","isMergeCommit":false,"messageTitle":"Before changing to scanner.next()","messageBody":"","fileTypesAndContributionMap":{"java":{"insertions":19,"deletions":2}}},{"hash":"89e397678731e64aa6fa0344cd401f176357d67b","isMergeCommit":false,"messageTitle":"Made Todo and Deadline work","messageBody":"","fileTypesAndContributionMap":{"java":{"insertions":69,"deletions":40}}},{"hash":"659f6e69a280f038b9056e731443ec123fee36c5","isMergeCommit":false,"messageTitle":"Finished todo, deadline and event","messageBody":"","tags":["Level-4"],"fileTypesAndContributionMap":{"java":{"insertions":42,"deletions":24}}},{"hash":"7831cd9880a927ebc13d4978bdcba4b2193284a4","isMergeCommit":false,"messageTitle":"Added testing","messageBody":"","tags":["A-TextUiTesting"],"fileTypesAndContributionMap":{"txt":{"insertions":8,"deletions":0},"java":{"insertions":1,"deletions":0},"bat":{"insertions":1,"deletions":1}}},{"hash":"0e05630ef349b1d9ad74b007beda6871a6a884e1","isMergeCommit":false,"messageTitle":"Created Exception","messageBody":"","fileTypesAndContributionMap":{"java":{"insertions":5,"deletions":0}}},{"hash":"3b79b2bac66a285cb4d834e1e4b647a14d265fcb","isMergeCommit":false,"messageTitle":"Handled exceptions for todo and deadline","messageBody":"","fileTypesAndContributionMap":{"java":{"insertions":34,"deletions":9}}}]},{"date":"2024-08-23","commitResults":[{"hash":"9b3394ce8b7a4c6e0a8af524f8dbfa48b54432a4","isMergeCommit":false,"messageTitle":"Handled most errors","messageBody":"","tags":["Level-5"],"fileTypesAndContributionMap":{"java":{"insertions":48,"deletions":10}}},{"hash":"97302a9e1b9457917566e8b05d98dea091795ca2","isMergeCommit":false,"messageTitle":"Added delete function","messageBody":"","tags":["Level-6"],"fileTypesAndContributionMap":{"java":{"insertions":30,"deletions":7}}}]},{"date":"2024-08-27","commitResults":[{"hash":"9d977f575eed8fcb44d1bfcda40649eea6b82a95","isMergeCommit":false,"messageTitle":"Add write to file capabilities","messageBody":"","fileTypesAndContributionMap":{"txt":{"insertions":2,"deletions":0},"java":{"insertions":65,"deletions":3}}},{"hash":"aad77f494efce197e8ada15be4f3e2cb507882cb","isMergeCommit":false,"messageTitle":"Complete the save feature","messageBody":"","fileTypesAndContributionMap":{"txt":{"insertions":7,"deletions":2},"java":{"insertions":109,"deletions":74}}},{"hash":"b716d2fd7f3fbbfcd07aa47f3b0e69f32595f2d5","isMergeCommit":true,"messageTitle":"Merge branch \u0027branch-Level-7\u0027","messageBody":"","tags":["Level-7"],"fileTypesAndContributionMap":{}}]},{"date":"2024-08-28","commitResults":[{"hash":"6453813f7f0d65388d77062ae6fcb7479374d783","isMergeCommit":false,"messageTitle":"Teach chatbot to understand date and time for deadline tasks","messageBody":"","fileTypesAndContributionMap":{"txt":{"insertions":8,"deletions":1},"java":{"insertions":14,"deletions":1}}},{"hash":"1967230a4731208fced201cd1596ca394bec8a58","isMergeCommit":false,"messageTitle":"Teach chatbot to understand date and time for event tasks","messageBody":"","fileTypesAndContributionMap":{"txt":{"insertions":6,"deletions":1},"java":{"insertions":14,"deletions":9}}},{"hash":"9d3afc17db028d52f8117de5f1995fe904fcffaa","isMergeCommit":false,"messageTitle":"Add LocalDateTime to Deadline and Event classes","messageBody":"","fileTypesAndContributionMap":{"txt":{"insertions":3,"deletions":17},"java":{"insertions":82,"deletions":44}}},{"hash":"ac1ebdb00e271883a98ca3fbfebabd30ce615e71","isMergeCommit":true,"messageTitle":"Merge branch \u0027branch-Level-8\u0027","messageBody":"","tags":["Level-8"],"fileTypesAndContributionMap":{}},{"hash":"114d91c62eb2a5618945a6f3970d67f1869eb1e4","isMergeCommit":false,"messageTitle":"Use more OOP","messageBody":"The code is cluttered in one file called Alex.java.\n\nThis makes the code hard to read and hard to maintain.\n\nLet\u0027s refactor the code to extract out closely related code as classes\nto enhance code readability.\n","fileTypesAndContributionMap":{"txt":{"insertions":5,"deletions":4},"java":{"insertions":491,"deletions":329}}},{"hash":"8ed1bd7d20783904f6692ebea07074cfd428f496","isMergeCommit":true,"messageTitle":"Merge branch \u0027branch-A-MoreOOP\u0027","messageBody":"","tags":["A-MoreOOP"],"fileTypesAndContributionMap":{}},{"hash":"46e5af8b7c403e9bf00f47e307cfc0f5cd1d8b48","isMergeCommit":false,"messageTitle":"Put all files under package alex","messageBody":"","fileTypesAndContributionMap":{"java":{"insertions":29,"deletions":2}}},{"hash":"b8ccdbd52ee533d6175f474463ca99f18d890b18","isMergeCommit":false,"messageTitle":"Create task package","messageBody":"","fileTypesAndContributionMap":{"java":{"insertions":31,"deletions":16}}},{"hash":"43ce1c2fa556c1529fc8606a23f5803faa1e007c","isMergeCommit":false,"messageTitle":"Add command package","messageBody":"","fileTypesAndContributionMap":{"java":{"insertions":49,"deletions":8}}}]},{"date":"2024-08-29","commitResults":[{"hash":"adfbaef2b3daf4ec6400ca5c8510be2fe1a377e2","isMergeCommit":true,"messageTitle":"Merge branch \u0027branch-A-Packages\u0027","messageBody":"","tags":["A-Packages"],"fileTypesAndContributionMap":{}},{"hash":"d1c843766f7da35531587ca74df1c674ef98dc70","isMergeCommit":true,"messageTitle":"Merge branch \u0027add-gradle-support\u0027","messageBody":"","fileTypesAndContributionMap":{}},{"hash":"cf95e6cc637ed26d0f91200a5b5b21f985fa1e3e","isMergeCommit":false,"messageTitle":"Add Gradle","messageBody":"","tags":["A-Gradle"],"fileTypesAndContributionMap":{"gradle":{"insertions":1,"deletions":1},"txt":{"insertions":1,"deletions":2}}},{"hash":"0e6bbddd001b30746cb3348de336ae23f59be269","isMergeCommit":false,"messageTitle":"Add test case for Todo task","messageBody":"","fileTypesAndContributionMap":{"java":{"insertions":21,"deletions":0}}},{"hash":"908701d7a0332df859bf8cac80269fc28bd9c5da","isMergeCommit":false,"messageTitle":"Add test cases for Event and Deadline tasks","messageBody":"","fileTypesAndContributionMap":{"java":{"insertions":39,"deletions":1}}},{"hash":"435a368b7a43f46f74334e7c806e41bcb97e0377","isMergeCommit":true,"messageTitle":"Merge branch \u0027branch-A-JUnit\u0027","messageBody":"","tags":["A-JUnit"],"fileTypesAndContributionMap":{}},{"hash":"85346f360bc9f18fd515e493549231c08e9825af","isMergeCommit":false,"messageTitle":"Create JAR file","messageBody":"","tags":["A-Jar"],"fileTypesAndContributionMap":{"gradle":{"insertions":1,"deletions":1}}}]},{"date":"2024-08-30","commitResults":[{"hash":"715d2280b62e9adf3cff8aa13da86b527a28df1e","isMergeCommit":false,"messageTitle":"Add JavaDoc comments","messageBody":"","fileTypesAndContributionMap":{"java":{"insertions":322,"deletions":4}}},{"hash":"5f04d70357d4bece7a8e3fc2a11868f7458a4f22","isMergeCommit":false,"messageTitle":"Improve code to adhere to coding standard","messageBody":"","fileTypesAndContributionMap":{"txt":{"insertions":3,"deletions":2},"java":{"insertions":30,"deletions":28}}},{"hash":"e9ff635ef8b4e831afe4917ebe202f1332d7213a","isMergeCommit":false,"messageTitle":"Add search functionality","messageBody":"","fileTypesAndContributionMap":{"java":{"insertions":69,"deletions":23}}},{"hash":"d595c9d299da4c931b417ac9144f854df5125b65","isMergeCommit":true,"messageTitle":"Merge branch \u0027branch-A-JavaDoc\u0027","messageBody":"","tags":["A-JavaDoc"],"fileTypesAndContributionMap":{}},{"hash":"68fb2ac80e6917ffa243aae99b0a20e6a67b6f3a","isMergeCommit":true,"messageTitle":"Fix merge conflicts","messageBody":"","tags":["A-CodingStandard"],"fileTypesAndContributionMap":{}},{"hash":"a5562f6c7d3b7ab08e2e08b376ea49a4d93384c6","isMergeCommit":true,"messageTitle":"Fix merge conflicts","messageBody":"","tags":["Level-9"],"fileTypesAndContributionMap":{}}]},{"date":"2024-09-04","commitResults":[{"hash":"791fcaa4fb3876bf92d4c1c09a9f3f6913bd8bb4","isMergeCommit":false,"messageTitle":"Update Alex.txt","messageBody":"","fileTypesAndContributionMap":{"txt":{"insertions":4,"deletions":3}}},{"hash":"8e2084e3e698002fa865444e160dd7401c222cf9","isMergeCommit":false,"messageTitle":"Add JavaFX GUI","messageBody":"","fileTypesAndContributionMap":{"gradle":{"insertions":16,"deletions":1},"txt":{"insertions":4,"deletions":2},"fxml":{"insertions":41,"deletions":0},"java":{"insertions":323,"deletions":101}}}]},{"date":"2024-09-06","commitResults":[{"hash":"7159f3b649caabc2ab6dc12dc99c350639efbc89","isMergeCommit":false,"messageTitle":"Tweak GUI for better design","messageBody":"","fileTypesAndContributionMap":{"txt":{"insertions":3,"deletions":1},"java":{"insertions":23,"deletions":24}}},{"hash":"80b9c7ecce6926d3e67d5e0455a723f866950fa2","isMergeCommit":true,"messageTitle":"Merge branch \u0027branch-Level-10\u0027","messageBody":"","tags":["Level-10"],"fileTypesAndContributionMap":{}},{"hash":"b1debe53704e5a5726f7438da5fe8e7c63175d13","isMergeCommit":false,"messageTitle":"Add CheckStyle","messageBody":"","fileTypesAndContributionMap":{"gradle":{"insertions":5,"deletions":0},"txt":{"insertions":4,"deletions":4},"java":{"insertions":480,"deletions":301}}},{"hash":"f1e82ef5d40613ceb750e445aa89c12929300ce7","isMergeCommit":false,"messageTitle":"Change the code to follow issues raised by CheckStyle","messageBody":"","fileTypesAndContributionMap":{"txt":{"insertions":2,"deletions":1},"java":{"insertions":66,"deletions":52}}},{"hash":"b8f83ba26007a4ab3b038090cc762f7b9631c92c","isMergeCommit":true,"messageTitle":"Merge branch \u0027branch-A-CheckStyle\u0027","messageBody":"","tags":["A-CheckStyle"],"fileTypesAndContributionMap":{}}]},{"date":"2024-09-11","commitResults":[{"hash":"f8102bfc39596fe2e19ffa4bc00c8ba30e7d0e3d","isMergeCommit":false,"messageTitle":"Clean up code","messageBody":"","fileTypesAndContributionMap":{"txt":{"insertions":6,"deletions":7},"java":{"insertions":52,"deletions":89}}},{"hash":"066628890762366020f011bc5ea07f8c462c2bd7","isMergeCommit":false,"messageTitle":"Change data filepath","messageBody":"","fileTypesAndContributionMap":{"txt":{"insertions":2,"deletions":1},"java":{"insertions":3,"deletions":1}}},{"hash":"04bd3f7563a92d531746012995a69194928c2538","isMergeCommit":false,"messageTitle":"Add assertions","messageBody":"The code has no assertions to check important assumptions\nat various points of the program execution.\n\nThis causes possible runtime errors due to programmer\nmistakes.\n\nLet\u0027s add some assertions to document important assumptions\nthat should hold at various points in the code for additional\nsafety.\n","fileTypesAndContributionMap":{"gradle":{"insertions":1,"deletions":0},"txt":{"insertions":2,"deletions":1},"java":{"insertions":4,"deletions":1}}},{"hash":"e93b6ebfe2c63ae81155436d18613bea52011b9a","isMergeCommit":false,"messageTitle":"Improve code quality","messageBody":"The code suffers from complicated expressions and poor ordering of\nstatements as well as a lack of code comments.\n\nThese make it hard to read and understand what the code is doing\nat certain points.\n\nLet\u0027s simplify some code expressions, put the guard clause in front\nto make the happy path prominent and add some comments to explain\nwhat the code is doing to enhance overall readability of the code.\n","tags":["A-FullCommitMessage"],"fileTypesAndContributionMap":{"java":{"insertions":22,"deletions":10}}},{"hash":"998a9cf05b7d0de701adfee546410357ec30a439","isMergeCommit":true,"messageTitle":"Merge pull request #1 from cshao02/branch-A-Assertions","messageBody":"Add assertions","tags":["A-Assertions"],"fileTypesAndContributionMap":{}},{"hash":"5ba5d56e826e938a4134878a6ace1da3cbfc4417","isMergeCommit":true,"messageTitle":"Merge branch \u0027master\u0027 into branch-A-CodeQuality","messageBody":"","fileTypesAndContributionMap":{}}]},{"date":"2024-09-12","commitResults":[{"hash":"11247ccf3420aedaba7655254df1ce3a5fb97873","isMergeCommit":true,"messageTitle":"Merge pull request #2 from cshao02/branch-A-CodeQuality","messageBody":"Improve code quality","tags":["A-CodeQuality"],"fileTypesAndContributionMap":{}},{"hash":"db37032b6ed462355897964e889d86976a9e20d9","isMergeCommit":false,"messageTitle":"Fix bug for makeTodoTask","messageBody":"","fileTypesAndContributionMap":{"txt":{"insertions":3,"deletions":1},"java":{"insertions":4,"deletions":3}}},{"hash":"0c25bed4ad8b63eec0f419d988561d8f8e038aaa","isMergeCommit":false,"messageTitle":"Set up CI","messageBody":"","fileTypesAndContributionMap":{"txt":{"insertions":0,"deletions":1}}},{"hash":"bf970e80579ee3224830b5685720b9ad29963fe7","isMergeCommit":false,"messageTitle":"Add priority to tasks","messageBody":"","fileTypesAndContributionMap":{"txt":{"insertions":5,"deletions":14},"java":{"insertions":123,"deletions":47}}},{"hash":"5f263589f3833172a3a909fa07f88244740f0c2d","isMergeCommit":true,"messageTitle":"Merge branch \u0027branch-BCD-Extension\u0027","messageBody":"","tags":["BCD-Extension"],"fileTypesAndContributionMap":{}},{"hash":"1ef16cfcdaa380475a0dfeaab2bfdb222e7f5a88","isMergeCommit":false,"messageTitle":"Update test cases","messageBody":"","fileTypesAndContributionMap":{"txt":{"insertions":2,"deletions":0},"java":{"insertions":2,"deletions":2}}}]},{"date":"2024-09-18","commitResults":[{"hash":"db15ed5c9f36ec668706310ca7e77d365987097a","isMergeCommit":false,"messageTitle":"Fix file location in JAR file","messageBody":"","fileTypesAndContributionMap":{"txt":{"insertions":3,"deletions":6},"java":{"insertions":99,"deletions":50}}},{"hash":"db4f38f58178ae1c41440b7462797b4313be20ed","isMergeCommit":false,"messageTitle":"Fix handling of file path for JAR file","messageBody":"","fileTypesAndContributionMap":{"txt":{"insertions":1,"deletions":4},"java":{"insertions":28,"deletions":17}}},{"hash":"5d1c477918fe2e1f031e90f883a2c5f17df9bb10","isMergeCommit":false,"messageTitle":"Add icon","messageBody":"","fileTypesAndContributionMap":{"txt":{"insertions":2,"deletions":1},"java":{"insertions":6,"deletions":0}}}]},{"date":"2024-09-19","commitResults":[{"hash":"a2093e54ed86759fdeb542ca0346533f28e5a547","isMergeCommit":false,"messageTitle":"Rename Chatbot and change it\u0027s associated personality","messageBody":"","fileTypesAndContributionMap":{"gradle":{"insertions":2,"deletions":2},"txt":{"insertions":3,"deletions":2},"fxml":{"insertions":1,"deletions":1},"java":{"insertions":199,"deletions":197}}},{"hash":"a6d6fea136f9e9718d1b268f8ac6c478d3e37f8f","isMergeCommit":false,"messageTitle":"Update README","messageBody":"","fileTypesAndContributionMap":{"txt":{"insertions":3,"deletions":1},"java":{"insertions":1,"deletions":1},"md":{"insertions":124,"deletions":13}}},{"hash":"c24ab7e499f38aa7529cd6b68cd79474a14ee570","isMergeCommit":true,"messageTitle":"Merge branch \u0027branch-A-Personality\u0027","messageBody":"","tags":["A-Personality"],"fileTypesAndContributionMap":{}},{"hash":"b10379fd7c383950f74a52e66b923847f37c44cf","isMergeCommit":false,"messageTitle":"Edit README","messageBody":"","tags":["A-UserGuide"],"fileTypesAndContributionMap":{"java":{"insertions":34,"deletions":2},"md":{"insertions":1,"deletions":1}}},{"hash":"0699049471cbd6f17ab75d2653aa0c65bb5f7f91","isMergeCommit":false,"messageTitle":"Update README.md","messageBody":"","fileTypesAndContributionMap":{"md":{"insertions":2,"deletions":2}}},{"hash":"5038c90c1d9c92f7359499a3173a994e3a6bd268","isMergeCommit":false,"messageTitle":"Refactor code for better readability","messageBody":"","fileTypesAndContributionMap":{"txt":{"insertions":12,"deletions":4},"java":{"insertions":181,"deletions":91},"md":{"insertions":1,"deletions":1}}},{"hash":"baca0e7201be5c16ce85e8843fad0779487167fd","isMergeCommit":false,"messageTitle":"Fix style errors","messageBody":"","fileTypesAndContributionMap":{"java":{"insertions":49,"deletions":44}}},{"hash":"cdd74e8ed91e5e985a6e3cff7b2f17e38cba1df5","isMergeCommit":true,"messageTitle":"Merge branch \u0027master\u0027 of https://github.com/cshao02/ip","messageBody":"","fileTypesAndContributionMap":{}}]},{"date":"2024-09-20","commitResults":[{"hash":"f179cfa83117b21e68e4d87d2b9a407c2db78305","isMergeCommit":false,"messageTitle":"Change event creation logic","messageBody":"","tags":["v1.0","A-Release"],"fileTypesAndContributionMap":{"txt":{"insertions":4,"deletions":1},"java":{"insertions":39,"deletions":56}}}]}]},"authorFileTypeContributionMap":{"cshao02":{"java":1757,"md":124,"fxml":41,"sh":0,"bat":1,"gradle":23,"txt":24}},"authorContributionVariance":{"cshao02":87448.77},"authorDisplayNameMap":{"cshao02":"CS2103T-F09-2 CHEN..HENG"}}
