{"authorDailyContributionsMap":{"KiKuasaurus":[{"date":"2024-08-23","commitResults":[{"hash":"6d8b035ca1868eee1f31f89fa5ebb2b992409012","isMergeCommit":false,"messageTitle":"level-0 : Rename, Greet, Exit","messageBody":"","tags":["Level-0"],"fileTypesAndContributionMap":{"java":{"insertions":14,"deletions":0}}},{"hash":"14f8e38f9986793c9782953b5eb63723659a72a7","isMergeCommit":false,"messageTitle":"Delete src/main/java/Duke.java","messageBody":"removed original Duke.java for renamed file","fileTypesAndContributionMap":{"java":{"insertions":0,"deletions":10}}},{"hash":"9a63ba8fe983c5c5e39a362ca3ab6cc8e60d9e1d","isMergeCommit":false,"messageTitle":"Level-1: Echo","messageBody":"","tags":["Level-1"],"fileTypesAndContributionMap":{"java":{"insertions":22,"deletions":5}}},{"hash":"27825fc35be4f28fe3e9c064320bd220f31312e6","isMergeCommit":false,"messageTitle":"Level-2: Add, List","messageBody":"","fileTypesAndContributionMap":{"java":{"insertions":13,"deletions":1}}},{"hash":"ba3d9fe2a19ef16b24d521286570554a9caf882c","isMergeCommit":false,"messageTitle":"Level-2: Add, List, changed colon to dot when listing","messageBody":"","tags":["Level-2"],"fileTypesAndContributionMap":{"java":{"insertions":1,"deletions":1}}},{"hash":"5a23ba9fde602e1287d50911ff4a87a347bdb44d","isMergeCommit":false,"messageTitle":"Level-3: Mark as Done","messageBody":"","fileTypesAndContributionMap":{"java":{"insertions":44,"deletions":4}}},{"hash":"659059d78fa223a4238bfc803f062afa777f8eb5","isMergeCommit":false,"messageTitle":"level-3: Mark as Done","messageBody":"","tags":["Level-3"],"fileTypesAndContributionMap":{"java":{"insertions":26,"deletions":0}}},{"hash":"1533041979569458979177723720a8b26a3412fe","isMergeCommit":false,"messageTitle":"Level-4: ToDo, Event, Deadline","messageBody":"","tags":["Level-4"],"fileTypesAndContributionMap":{"java":{"insertions":120,"deletions":12}}},{"hash":"a65f7de2efd3f870cfd3c87b23a6ddfbf5d5f808","isMergeCommit":false,"messageTitle":"Level-5: Handle Errors","messageBody":"","fileTypesAndContributionMap":{"java":{"insertions":1,"deletions":1}}},{"hash":"62b699e7ce129c32888e1c2bf69b31b273754588","isMergeCommit":false,"messageTitle":"Level-5: Handle Errors, fixed formatting for some errors","messageBody":"","tags":["Level-5"],"fileTypesAndContributionMap":{"java":{"insertions":43,"deletions":26}}},{"hash":"1d62e56eb7ba6656491ca50ef01218b00603d565","isMergeCommit":false,"messageTitle":"Level-6: Delete","messageBody":"","tags":["Level-6"],"fileTypesAndContributionMap":{"java":{"insertions":4,"deletions":4}}},{"hash":"a37f307ff3497f8c338df5b8cd87d828ff928f97","isMergeCommit":true,"messageTitle":"Merge branch \u0027master\u0027 of https://github.com/KiKuasaurus/ip","messageBody":"","fileTypesAndContributionMap":{}}]}]},"authorFileTypeContributionMap":{"KiKuasaurus":{"java":234,"md":0,"fxml":0,"sh":0,"bat":0,"gradle":0,"txt":0}},"authorContributionVariance":{"KiKuasaurus":13552.0},"authorDisplayNameMap":{"KiKuasaurus":"CS2103T-T10-2 NEO .. KAI"}}
