{"authorDailyContributionsMap":{"lithops-zty":[{"date":"2024-08-18","commitResults":[{"hash":"198218fea78edc31d8d560c593b2c5a47ad9e4e2","isMergeCommit":false,"messageTitle":"Rename the chatbot; Add Greet and Exit functionalities","messageBody":"","tags":["Level-0"],"fileTypesAndContributionMap":{"java":{"insertions":66,"deletions":10},"bat":{"insertions":1,"deletions":1},"sh":{"insertions":1,"deletions":1},"md":{"insertions":4,"deletions":4}}},{"hash":"c2c44c6c7b7d8384c78e3a2d03b831d39424a5bd","isMergeCommit":false,"messageTitle":"Add Echo functionality","messageBody":"","tags":["Level-1"],"fileTypesAndContributionMap":{"java":{"insertions":25,"deletions":5}}},{"hash":"f7389bdb88a0a9aec218d643e315081d1f7551b0","isMergeCommit":false,"messageTitle":"Add store and show items functionality; fix verb tense consistency to match JavaDoc conventions","messageBody":"","tags":["Level-2"],"fileTypesAndContributionMap":{"java":{"insertions":47,"deletions":6}}},{"hash":"48879dc6abd897344088b5569abe97003a0cb094","isMergeCommit":false,"messageTitle":"Add Command.java and Task.java; encapsulate each operation into their respective methods","messageBody":"","fileTypesAndContributionMap":{"java":{"insertions":135,"deletions":28}}},{"hash":"cc9b6a5f8d275b6b3dfcd5f0cd2cb3ce90c85941","isMergeCommit":false,"messageTitle":"Add mark as done or undone functionalities","messageBody":"","tags":["Level-3"],"fileTypesAndContributionMap":{"java":{"insertions":67,"deletions":10}}},{"hash":"c2a3be2bf4897c6fc3e512ce735ced26d68fa4fc","isMergeCommit":false,"messageTitle":"Add Event.java, Deadline.java, Todo.java","messageBody":"","fileTypesAndContributionMap":{"java":{"insertions":103,"deletions":3}}}]},{"date":"2024-08-19","commitResults":[{"hash":"cc5f04a725c09a664ea68e926ecde4ec89960e70","isMergeCommit":false,"messageTitle":"Add support for keyword parameters in Command.java","messageBody":"","fileTypesAndContributionMap":{"java":{"insertions":42,"deletions":24}}},{"hash":"264845b12bf2aa237b32b0dccb7f0963a4793899","isMergeCommit":false,"messageTitle":"Add date/time display for Deadline.java and Event.java; Add todo, event, deadline functionalities","messageBody":"","tags":["Level-4"],"fileTypesAndContributionMap":{"java":{"insertions":25,"deletions":9}}},{"hash":"c5293d75344c3fd3842dbac2e011172dec1ad01e","isMergeCommit":false,"messageTitle":"Test using I/O redirection","messageBody":"","tags":["A-TextUiTesting"],"fileTypesAndContributionMap":{"txt":{"insertions":10,"deletions":0},"java":{"insertions":2,"deletions":0},"bat":{"insertions":1,"deletions":1}}},{"hash":"bb4b4ce77c6857d9dc773170a55d66b0693eac73","isMergeCommit":false,"messageTitle":"Add error handling","messageBody":"","tags":["Level-5"],"fileTypesAndContributionMap":{"java":{"insertions":57,"deletions":29}}},{"hash":"0a9481e7dc443a1f8c1025b78481cfddde04bd20","isMergeCommit":false,"messageTitle":"Add delete functionality","messageBody":"","tags":["Level-6"],"fileTypesAndContributionMap":{"java":{"insertions":21,"deletions":1}}}]},{"date":"2024-08-27","commitResults":[{"hash":"5390ab7ff26728f656ceb756641aff78d4bac60a","isMergeCommit":false,"messageTitle":"Fix comment and variable naming formats","messageBody":"","fileTypesAndContributionMap":{"java":{"insertions":45,"deletions":40}}}]},{"date":"2024-08-28","commitResults":[{"hash":"042c7c0e6b772f4178a353ab28101bf6999ee825","isMergeCommit":false,"messageTitle":"Add save tasks functionality","messageBody":"","fileTypesAndContributionMap":{"java":{"insertions":113,"deletions":5}}},{"hash":"17d2a870b67ad7ae4201590ce7ab67dd5c4c67f4","isMergeCommit":true,"messageTitle":"Merge branch \u0027branch-Level-7\u0027","messageBody":"","tags":["Level-7"],"fileTypesAndContributionMap":{}},{"hash":"13234f6801b23ef713069d46b930e7b1a0fe4814","isMergeCommit":false,"messageTitle":"Inform user of number format problems instead of throwing","messageBody":"","fileTypesAndContributionMap":{"java":{"insertions":8,"deletions":3}}},{"hash":"89dcbc056fea31e688cbe82903b182a4d5611799","isMergeCommit":false,"messageTitle":"Change DateTime strings to real DateTime objects","messageBody":"","fileTypesAndContributionMap":{"java":{"insertions":155,"deletions":17}}},{"hash":"20083a7e593f6f2ca7fad3b80a6bfe9b989a3bb2","isMergeCommit":true,"messageTitle":"Merge branch \u0027branch-Level-8\u0027","messageBody":"","tags":["Level-8"],"fileTypesAndContributionMap":{}}]}]},"authorFileTypeContributionMap":{"lithops-zty":{"java":731,"md":4,"fxml":0,"sh":1,"bat":2,"gradle":0,"txt":10}},"authorContributionVariance":{"lithops-zty":24387.941},"authorDisplayNameMap":{"lithops-zty":"CS2103T-F12-1 ZHU ..ANYI"}}
