{"authorDailyContributionsMap":{"harithh07":[{"date":"2024-08-21","commitResults":[{"hash":"6870de6d7d4cf3b4c8f4a44fb906ee8285688ba4","isMergeCommit":false,"messageTitle":"Added greeting and exit message","messageBody":"","tags":["Level-0"],"fileTypesAndContributionMap":{"java":{"insertions":6,"deletions":2}}},{"hash":"d756957aef97c65bc8e9168da47bb37a3dc0cf06","isMergeCommit":false,"messageTitle":"Added echo function","messageBody":"","tags":["Level-1"],"fileTypesAndContributionMap":{"java":{"insertions":27,"deletions":3}}},{"hash":"b16b2503b03f205b2b91cffb2eab81e4141a901d","isMergeCommit":false,"messageTitle":"Added list to store user input text","messageBody":"","fileTypesAndContributionMap":{"java":{"insertions":7,"deletions":1}}},{"hash":"0ca2fa1783df8a6ac38e2832ce2f39a9ba7e3f42","isMergeCommit":false,"messageTitle":"Added ability to display list","messageBody":"","tags":["Level-2","A-Collections"],"fileTypesAndContributionMap":{"java":{"insertions":12,"deletions":0}}},{"hash":"943b1a1fffbc677fcf0d80b3e0c0ef66889d757e","isMergeCommit":false,"messageTitle":"Add the ability to mark tasks as done","messageBody":"","tags":["Level-3","A-Classes"],"fileTypesAndContributionMap":{"java":{"insertions":66,"deletions":5}}}]},{"date":"2024-08-22","commitResults":[{"hash":"4b5bd52286794cc5362f63230c41a95dab0fb9f7","isMergeCommit":false,"messageTitle":"Added Todo task class","messageBody":"","fileTypesAndContributionMap":{"java":{"insertions":26,"deletions":5}}},{"hash":"a69868d8da4b72b891762692d169b827c358cb83","isMergeCommit":false,"messageTitle":"Add Deadline task class","messageBody":"","fileTypesAndContributionMap":{"java":{"insertions":40,"deletions":11}}},{"hash":"e8c1c2908c94d2a4c28fbbf02baaf32f9da520e8","isMergeCommit":false,"messageTitle":"Add Event task class","messageBody":"","fileTypesAndContributionMap":{"java":{"insertions":34,"deletions":3}}},{"hash":"8b32562bece23ab711de1b1b51acddca402c01b2","isMergeCommit":false,"messageTitle":"Add count of list after adding task","messageBody":"","tags":["Level-4","A-Inheritance"],"fileTypesAndContributionMap":{"java":{"insertions":3,"deletions":0}}},{"hash":"c01f00115399374a0db48cc23c8eb80280806ccf","isMergeCommit":false,"messageTitle":"Add automated text UI testing","messageBody":"","tags":["A-TextUiTesting"],"fileTypesAndContributionMap":{"txt":{"insertions":9,"deletions":0},"java":{"insertions":2,"deletions":2},"sh":{"insertions":1,"deletions":1}}},{"hash":"7beee37f3abc9612ba6e2200dc1a74649fd45fdc","isMergeCommit":false,"messageTitle":"Add exceptions","messageBody":"","tags":["Level-5"],"fileTypesAndContributionMap":{"txt":{"insertions":6,"deletions":0},"java":{"insertions":91,"deletions":40}}},{"hash":"08a7e5168ab43ad957ca56021225d4313ea2bd4a","isMergeCommit":false,"messageTitle":"Add ability to delete tasks","messageBody":"","tags":["Level-6"],"fileTypesAndContributionMap":{"txt":{"insertions":3,"deletions":0},"java":{"insertions":21,"deletions":0}}},{"hash":"7e1fc8eb98f47ca339a59a951ac45524c7c7e34b","isMergeCommit":false,"messageTitle":"Fixed input check","messageBody":"","fileTypesAndContributionMap":{"java":{"insertions":9,"deletions":8}}}]},{"date":"2024-08-27","commitResults":[{"hash":"2dc2d738021612aab88dd72369945be37f1b619c","isMergeCommit":false,"messageTitle":"Add reading task list from text file","messageBody":"","fileTypesAndContributionMap":{"txt":{"insertions":4,"deletions":0},"java":{"insertions":53,"deletions":8}}},{"hash":"9416905caed6da0572f3c66ea61145e781d127cb","isMergeCommit":false,"messageTitle":"Add close FileReader and BufferedReader","messageBody":"","fileTypesAndContributionMap":{"java":{"insertions":4,"deletions":2}}},{"hash":"e67c8c7369226131932ff0327ae4c603e24806a8","isMergeCommit":false,"messageTitle":"Add reading isDone for tasks","messageBody":"","fileTypesAndContributionMap":{"java":{"insertions":19,"deletions":8}}},{"hash":"aed8100f31fbc7fe3308daba3c0db1d6035cdcdb","isMergeCommit":false,"messageTitle":"Add writing to text file at the end of program","messageBody":"","fileTypesAndContributionMap":{"txt":{"insertions":2,"deletions":3},"java":{"insertions":80,"deletions":6}}},{"hash":"e9f08f8c3f950e1b31d61a57a156d3748bdabbe8","isMergeCommit":false,"messageTitle":"Add input for text-ui-test","messageBody":"","tags":["Level-7"],"fileTypesAndContributionMap":{"txt":{"insertions":1,"deletions":0}}},{"hash":"c98049f7ce7444092d902139abfaa76933fef64b","isMergeCommit":false,"messageTitle":"Change if else blocks in Rasputin.java to switch case block","messageBody":"","fileTypesAndContributionMap":{"java":{"insertions":132,"deletions":160}}},{"hash":"d3b4a78fea619e0c159bfa79f9d5d99c42954881","isMergeCommit":false,"messageTitle":"Add dates and time to Deadline task","messageBody":"","fileTypesAndContributionMap":{"txt":{"insertions":7,"deletions":3},"java":{"insertions":115,"deletions":72}}},{"hash":"aed7f64f80ad533a3ac6164dd56ea0445db6b845","isMergeCommit":false,"messageTitle":"Fix printing date and time with DateTimeFormatter","messageBody":"","fileTypesAndContributionMap":{"java":{"insertions":4,"deletions":9}}},{"hash":"1d8fb3dbb879107fef44c5c471172687bdb3f539","isMergeCommit":false,"messageTitle":"Add dates and time to Event task","messageBody":"","tags":["Level-8"],"fileTypesAndContributionMap":{"txt":{"insertions":5,"deletions":3},"java":{"insertions":26,"deletions":12}}}]},{"date":"2024-08-28","commitResults":[{"hash":"d10c7213ab48d8b70c84193a4ad9ba1607c1eaec","isMergeCommit":false,"messageTitle":"Encapsulate Storage class for reading and writing files","messageBody":"","fileTypesAndContributionMap":{"txt":{"insertions":1,"deletions":1},"java":{"insertions":128,"deletions":130}}},{"hash":"ded8f56e467c7595658fa6d2a61990beddff851a","isMergeCommit":false,"messageTitle":"Encapsulate TaskList class for storing list of tasks","messageBody":"","fileTypesAndContributionMap":{"txt":{"insertions":1,"deletions":1},"java":{"insertions":80,"deletions":33}}},{"hash":"a017561d64355cc87cec6ffe8440ee2dc16000e1","isMergeCommit":false,"messageTitle":"Encapsulate Ui class","messageBody":"","fileTypesAndContributionMap":{"java":{"insertions":66,"deletions":42}}},{"hash":"9a36f52378481b8bff1d842cccab69be4cce5dfe","isMergeCommit":false,"messageTitle":"Encapsulate classes for Command, Parser and Ui and add exceptions","messageBody":"","fileTypesAndContributionMap":{"txt":{"insertions":1,"deletions":1},"java":{"insertions":343,"deletions":146}}},{"hash":"aa6e822712e1d378286ff1b4b637bc89b0d5d7ba","isMergeCommit":true,"messageTitle":"Merge branch \u0027branch-MoreOOP\u0027","messageBody":"* branch-MoreOOP:\n  Encapsulate classes for Command, Parser and Ui and add exceptions\n  Encapsulate Ui class\n  Encapsulate TaskList class for storing list of tasks\n  Encapsulate Storage class for reading and writing files\n","tags":["A-MoreOOP"],"fileTypesAndContributionMap":{}},{"hash":"22ee66d2995c2a9547dd6bc90e05bcd3ca760be2","isMergeCommit":false,"messageTitle":"Package classes","messageBody":"","tags":["A-Packages"],"fileTypesAndContributionMap":{"txt":{"insertions":1,"deletions":1},"java":{"insertions":126,"deletions":14}}},{"hash":"9e26c04c7bbda3a99509397590d5182f4357a7d9","isMergeCommit":true,"messageTitle":"Merge commit \u002781a9c537afe8492675eb253968939364d65db091\u0027","messageBody":"* commit \u002781a9c537afe8492675eb253968939364d65db091\u0027:\n  build.gradle: Prevent generating a second JAR file\n  Bump gradle and lib version\n  Add Gradle support\n","fileTypesAndContributionMap":{}}]},{"date":"2024-08-29","commitResults":[{"hash":"2af0928ec9098102212ccf0418ada2334a44d20e","isMergeCommit":false,"messageTitle":"Add gradle","messageBody":"","tags":["A-Gradle"],"fileTypesAndContributionMap":{"gradle":{"insertions":5,"deletions":3},"txt":{"insertions":0,"deletions":0},"java":{"insertions":5,"deletions":5}}},{"hash":"c06028d975c1e5e36c6f6b76a056b68803affac5","isMergeCommit":false,"messageTitle":"Add JUnit tests","messageBody":"","tags":["A-Jar","A-JUnit"],"fileTypesAndContributionMap":{"java":{"insertions":93,"deletions":5}}},{"hash":"9f970314c49dcb963642f75729777d7d2b165feb","isMergeCommit":false,"messageTitle":"Add JavaDoc comments","messageBody":"","tags":["A-JavaDoc"],"fileTypesAndContributionMap":{"java":{"insertions":291,"deletions":13}}},{"hash":"0871383e9f684e004156ed664a5e48ca25a0bf4f","isMergeCommit":false,"messageTitle":"Change code to comply to coding standard","messageBody":"","tags":["A-CodingStandard"],"fileTypesAndContributionMap":{"java":{"insertions":2,"deletions":2}}},{"hash":"779c29d975dd2873fbb82d263e6934141c7e3aa6","isMergeCommit":false,"messageTitle":"Add command to find tasks with a keyword","messageBody":"","tags":["Level-9"],"fileTypesAndContributionMap":{"txt":{"insertions":3,"deletions":0},"java":{"insertions":77,"deletions":1}}},{"hash":"de492e1524b5ee3270e2fd0badd57f2cfd41c11a","isMergeCommit":true,"messageTitle":"Merge branch \u0027branch-A-JavaDoc\u0027","messageBody":"* branch-A-JavaDoc:\n  Add JavaDoc comments\n","fileTypesAndContributionMap":{}},{"hash":"1cb509d22f884f4436a5f65791e16e284b4d06ea","isMergeCommit":true,"messageTitle":"Merge branch \u0027branch-A-CodingStandard\u0027","messageBody":"* branch-A-CodingStandard:\n  Change code to comply to coding standard\n","fileTypesAndContributionMap":{}},{"hash":"fccd7a647fc36d3c0d0a08c1aee38fa628f94ee2","isMergeCommit":true,"messageTitle":"Merge branch \u0027branch-Level-9\u0027","messageBody":"* branch-Level-9:\n  Add command to find tasks with a keyword\n\n# Conflicts:\n#\tsrc/main/java/Task/TaskList.java\n","fileTypesAndContributionMap":{}}]},{"date":"2024-09-02","commitResults":[{"hash":"dc16bc513afb30dc3970864b9e809b75834a4563","isMergeCommit":false,"messageTitle":"Add checkstyle","messageBody":"","tags":["A-CheckStyle"],"fileTypesAndContributionMap":{"gradle":{"insertions":5,"deletions":0},"java":{"insertions":8,"deletions":8}}}]},{"date":"2024-09-04","commitResults":[{"hash":"3869f5e5a724408d15969489e95e75d87bf91117","isMergeCommit":false,"messageTitle":"Update package names","messageBody":"","fileTypesAndContributionMap":{"txt":{"insertions":1,"deletions":0},"java":{"insertions":81,"deletions":81}}},{"hash":"953caa2e0ed7b8bd3e95c3700a45974559a6506e","isMergeCommit":false,"messageTitle":"Add GUI with JavaFX","messageBody":"","fileTypesAndContributionMap":{"gradle":{"insertions":15,"deletions":1},"txt":{"insertions":1,"deletions":2},"fxml":{"insertions":62,"deletions":0},"java":{"insertions":307,"deletions":112}}},{"hash":"db4da105ba1938ad9042b67e6badb674c49a1b16","isMergeCommit":false,"messageTitle":"Clean up redundant code","messageBody":"","fileTypesAndContributionMap":{"fxml":{"insertions":3,"deletions":3},"java":{"insertions":13,"deletions":53}}},{"hash":"36cdca068ee6aca5825c9b81fa93910c92d5cad9","isMergeCommit":false,"messageTitle":"Add minor cosmetic changes","messageBody":"","fileTypesAndContributionMap":{"fxml":{"insertions":15,"deletions":33},"java":{"insertions":0,"deletions":2}}},{"hash":"5a2883267f0a23810c9ce2f4ee13ae08243b3668","isMergeCommit":true,"messageTitle":"Merge branch \u0027branch-Level-10\u0027","messageBody":"* branch-Level-10:\n  Add minor cosmetic changes\n  Clean up redundant code\n  Add GUI with JavaFX\n  Update package names\n","tags":["Level-10"],"fileTypesAndContributionMap":{}}]},{"date":"2024-09-05","commitResults":[{"hash":"2572ea0d7f8b18ce08b593c8fe1a28e8c8d607e7","isMergeCommit":false,"messageTitle":"Fix gui bug","messageBody":"","fileTypesAndContributionMap":{"txt":{"insertions":2,"deletions":1},"fxml":{"insertions":5,"deletions":4},"java":{"insertions":1,"deletions":1}}}]},{"date":"2024-09-11","commitResults":[{"hash":"1b6009959b7008a7370601fa7944b86ac533acdb","isMergeCommit":false,"messageTitle":"Extract out methods within writeFile() in Storage class","messageBody":"The writeFile() method in the Storage class was too long with multiple\nswitch cases to write to the file in the case of the different tasks.\n\nExtracting out a method to get the format in which the task should\nbe written to the file improves the code quality.\n\nLet\u0027s extract the switch case code block into a method in the respective\nclasses to return a String in the proper format to be written to the\ntask file.\n","tags":["A-FullCommitMessage"],"fileTypesAndContributionMap":{"txt":{"insertions":1,"deletions":2},"java":{"insertions":59,"deletions":36}}},{"hash":"ebdcd43ad08df9004428b29fff0e87f085c011ec","isMergeCommit":false,"messageTitle":"Delete redundant code","messageBody":"","fileTypesAndContributionMap":{"java":{"insertions":3,"deletions":6}}},{"hash":"97bfc94b3421118d2295a81fe3635c40f897931d","isMergeCommit":false,"messageTitle":"Storage readFile(): specifying the file path with a proper relative path","messageBody":"readFile() takes in a file path that will not exist when running the\nchatbot outside of the IDE.\n\nLet\u0027s change the file path taken in to be a relative file path and\ncreate a new directory to store the file if it does not exist.\n","fileTypesAndContributionMap":{"txt":{"insertions":0,"deletions":0},"java":{"insertions":7,"deletions":1}}},{"hash":"d78c45bff3b24564bb6fa92d7c8183fc4b3efb7c","isMergeCommit":false,"messageTitle":"Add assertions","messageBody":"","fileTypesAndContributionMap":{"java":{"insertions":7,"deletions":0}}},{"hash":"f80d25b665f5ea0f0aeb6b9b3f095034629ea403","isMergeCommit":true,"messageTitle":"Merge pull request #1 from harithh07/branch-A-Assertions","messageBody":"Add assertions","fileTypesAndContributionMap":{}},{"hash":"b07f713e2f22ba3af55f4b238d102c51013d2778","isMergeCommit":true,"messageTitle":"Merge branch \u0027master\u0027 of https://github.com/harithh07/ip","messageBody":"* \u0027master\u0027 of https://github.com/harithh07/ip:\n  Add assertions\n","tags":["A-Assertions"],"fileTypesAndContributionMap":{}},{"hash":"3067b139b93b3c7fb048f1f0ea83dde657fe0248","isMergeCommit":true,"messageTitle":"Merge pull request #2 from harithh07/branch-A-CodeQuality","messageBody":"Branch A-CodeQuality","tags":["A-CodeQuality"],"fileTypesAndContributionMap":{}}]},{"date":"2024-09-12","commitResults":[{"hash":"7dfb6d815bcfb61250cecddebe47741698af0b4c","isMergeCommit":false,"messageTitle":"Add undo command","messageBody":"","fileTypesAndContributionMap":{"java":{"insertions":8,"deletions":0}}},{"hash":"33d255525fa0c23b34d19fc06a961bd685073fb2","isMergeCommit":false,"messageTitle":"Add undo command","messageBody":"","fileTypesAndContributionMap":{"txt":{"insertions":1,"deletions":1},"java":{"insertions":123,"deletions":10}}},{"hash":"144462f31c8968694684662be22a984160149759","isMergeCommit":true,"messageTitle":"Merge branch \u0027branch-C-Undo\u0027","messageBody":"* branch-C-Undo:\n  Add undo command\n  Add undo command\n","tags":["BCD-Extension"],"fileTypesAndContributionMap":{}}]},{"date":"2024-09-18","commitResults":[{"hash":"a2f583ffb09841e986d231b7fc8a6cef9b6429e9","isMergeCommit":false,"messageTitle":"Add and edit JavaDocs","messageBody":"","fileTypesAndContributionMap":{"java":{"insertions":89,"deletions":3}}},{"hash":"211c49477fe734f6caff7d434fe54a33fe90090e","isMergeCommit":false,"messageTitle":"Change picture for Rasputin and change Rasputin\u0027s responses","messageBody":"","fileTypesAndContributionMap":{"txt":{"insertions":3,"deletions":3},"java":{"insertions":7,"deletions":7}}},{"hash":"6d6635e5e4f3aee6f5ddc21841355f4c86dfdea4","isMergeCommit":true,"messageTitle":"Merge branch \u0027branch-A-Personality\u0027","messageBody":"* branch-A-Personality:\n  Change picture for Rasputin and change Rasputin\u0027s responses\n  Change pictures for user and Rasputin\n","tags":["A-Personality"],"fileTypesAndContributionMap":{}},{"hash":"fb93e1ae364b295b45d8e20621e9b905db013018","isMergeCommit":false,"messageTitle":"Increase height of window","messageBody":"","fileTypesAndContributionMap":{"fxml":{"insertions":3,"deletions":3}}},{"hash":"8dfa688769eb25d22b787f0172ed272e4e33c21e","isMergeCommit":false,"messageTitle":"Fix sendButton position","messageBody":"","fileTypesAndContributionMap":{"fxml":{"insertions":1,"deletions":1}}},{"hash":"1c9f678420474d0bbfda05c2a424cc3a33538180","isMergeCommit":false,"messageTitle":"Add product screenshot","messageBody":"","fileTypesAndContributionMap":{"txt":{"insertions":1,"deletions":0}}},{"hash":"b34c3e1c38ce40265c02073bc5b88336b93f0676","isMergeCommit":false,"messageTitle":"Update user guide","messageBody":"","tags":["A-UserGuide"],"fileTypesAndContributionMap":{"java":{"insertions":1,"deletions":1},"md":{"insertions":130,"deletions":14}}},{"hash":"48849b7e028ccceba191ef1a20857dc961f14c97","isMergeCommit":true,"messageTitle":"Merge branch \u0027branch-A-UserGuide\u0027","messageBody":"* branch-A-UserGuide:\n  Update user guide\n  Add product screenshot\n  Fix sendButton position\n  Increase height of window\n","fileTypesAndContributionMap":{}},{"hash":"a6e0baffb7ff12e34d1470f50436df83bd7b74bc","isMergeCommit":false,"messageTitle":"Fix formatting issues in README","messageBody":"","fileTypesAndContributionMap":{"md":{"insertions":0,"deletions":3}}},{"hash":"e435decdeadca0eab6b0a89d6607a52292bc66d2","isMergeCommit":false,"messageTitle":"Fix formatting in README","messageBody":"","fileTypesAndContributionMap":{"md":{"insertions":1,"deletions":0}}}]}]},"authorFileTypeContributionMap":{"harithh07":{"java":1642,"md":124,"fxml":45,"sh":1,"bat":0,"gradle":21,"txt":32}},"authorContributionVariance":{"harithh07":69937.73},"authorDisplayNameMap":{"harithh07":"CS2103T-W11-2 HARI..ZLAN"}}
