[{"path":"src/main/java/Alfred.java","fileType":"java","lines":[{"lineNumber":1,"author":{"gitId":"seah-minlong"},"content":"import java.io.BufferedReader;","lastModifiedDate":"2024-08-27","isFullCredit":false},{"lineNumber":2,"author":{"gitId":"seah-minlong"},"content":"import java.io.BufferedWriter;","lastModifiedDate":"2024-08-27","isFullCredit":false},{"lineNumber":3,"author":{"gitId":"seah-minlong"},"content":"import java.io.IOException;","lastModifiedDate":"2024-08-27","isFullCredit":false},{"lineNumber":4,"author":{"gitId":"seah-minlong"},"content":"import java.nio.file.Files;","lastModifiedDate":"2024-08-27","isFullCredit":false},{"lineNumber":5,"author":{"gitId":"seah-minlong"},"content":"import java.nio.file.Path;","lastModifiedDate":"2024-08-27","isFullCredit":false},{"lineNumber":6,"author":{"gitId":"seah-minlong"},"content":"import java.nio.file.Paths;","lastModifiedDate":"2024-08-27","isFullCredit":false},{"lineNumber":7,"author":{"gitId":"seah-minlong"},"content":"import java.util.ArrayList;","lastModifiedDate":"2024-08-20","isFullCredit":false},{"lineNumber":8,"author":{"gitId":"seah-minlong"},"content":"import java.util.List;","lastModifiedDate":"2024-08-20","isFullCredit":false},{"lineNumber":9,"author":{"gitId":"seah-minlong"},"content":"import java.util.Scanner;","lastModifiedDate":"2024-08-20","isFullCredit":false},{"lineNumber":10,"author":{"gitId":"seah-minlong"},"content":"import java.util.regex.Matcher;","lastModifiedDate":"2024-08-20","isFullCredit":false},{"lineNumber":11,"author":{"gitId":"seah-minlong"},"content":"import java.util.regex.Pattern;","lastModifiedDate":"2024-08-20","isFullCredit":false},{"lineNumber":12,"author":{"gitId":"seah-minlong"},"content":"","lastModifiedDate":"2024-08-20","isFullCredit":false},{"lineNumber":13,"author":{"gitId":"seah-minlong"},"content":"public class Alfred {","lastModifiedDate":"2024-08-19","isFullCredit":false},{"lineNumber":14,"author":{"gitId":"seah-minlong"},"content":"    private static List\u003cTask\u003e lis;","lastModifiedDate":"2024-08-20","isFullCredit":false},{"lineNumber":15,"author":{"gitId":"seah-minlong"},"content":"    private static Path filePath;","lastModifiedDate":"2024-08-27","isFullCredit":false},{"lineNumber":16,"author":{"gitId":"seah-minlong"},"content":"","lastModifiedDate":"2024-08-20","isFullCredit":false},{"lineNumber":17,"author":{"gitId":"seah-minlong"},"content":"    public static void main(String[] args) {","lastModifiedDate":"2024-08-19","isFullCredit":false},{"lineNumber":18,"author":{"gitId":"seah-minlong"},"content":"        // Greet user","lastModifiedDate":"2024-08-27","isFullCredit":false},{"lineNumber":19,"author":{"gitId":"seah-minlong"},"content":"        greet();","lastModifiedDate":"2024-08-27","isFullCredit":false},{"lineNumber":20,"author":{"gitId":"seah-minlong"},"content":"","lastModifiedDate":"2024-08-27","isFullCredit":false},{"lineNumber":21,"author":{"gitId":"seah-minlong"},"content":"        // Path","lastModifiedDate":"2024-08-27","isFullCredit":false},{"lineNumber":22,"author":{"gitId":"seah-minlong"},"content":"        filePath \u003d Paths.get(\"data\", \"Alfred.txt\");","lastModifiedDate":"2024-08-27","isFullCredit":false},{"lineNumber":23,"author":{"gitId":"seah-minlong"},"content":"","lastModifiedDate":"2024-08-20","isFullCredit":false},{"lineNumber":24,"author":{"gitId":"seah-minlong"},"content":"        // List to store tasks","lastModifiedDate":"2024-08-20","isFullCredit":false},{"lineNumber":25,"author":{"gitId":"seah-minlong"},"content":"        lis \u003d new ArrayList\u003c\u003e();","lastModifiedDate":"2024-08-20","isFullCredit":false},{"lineNumber":26,"author":{"gitId":"seah-minlong"},"content":"","lastModifiedDate":"2024-08-20","isFullCredit":false},{"lineNumber":27,"author":{"gitId":"seah-minlong"},"content":"        // load tasks","lastModifiedDate":"2024-08-27","isFullCredit":false},{"lineNumber":28,"author":{"gitId":"seah-minlong"},"content":"        loadTasks();","lastModifiedDate":"2024-08-27","isFullCredit":false},{"lineNumber":29,"author":{"gitId":"seah-minlong"},"content":"","lastModifiedDate":"2024-08-27","isFullCredit":false},{"lineNumber":30,"author":{"gitId":"seah-minlong"},"content":"        // Create a Scanner Object","lastModifiedDate":"2024-08-27","isFullCredit":false},{"lineNumber":31,"author":{"gitId":"seah-minlong"},"content":"        Scanner in \u003d new Scanner(System.in);","lastModifiedDate":"2024-08-27","isFullCredit":false},{"lineNumber":32,"author":{"gitId":"seah-minlong"},"content":"","lastModifiedDate":"2024-08-20","isFullCredit":false},{"lineNumber":33,"author":{"gitId":"seah-minlong"},"content":"        String input \u003d in.nextLine();","lastModifiedDate":"2024-08-20","isFullCredit":false},{"lineNumber":34,"author":{"gitId":"seah-minlong"},"content":"        while (!input.equals(\"bye\")) {","lastModifiedDate":"2024-08-20","isFullCredit":false},{"lineNumber":35,"author":{"gitId":"seah-minlong"},"content":"            String command \u003d getCommand(input);","lastModifiedDate":"2024-08-20","isFullCredit":false},{"lineNumber":36,"author":{"gitId":"seah-minlong"},"content":"","lastModifiedDate":"2024-08-20","isFullCredit":false},{"lineNumber":37,"author":{"gitId":"seah-minlong"},"content":"            if (input.equals(\"list\")) {","lastModifiedDate":"2024-08-20","isFullCredit":false},{"lineNumber":38,"author":{"gitId":"seah-minlong"},"content":"                printList();","lastModifiedDate":"2024-08-20","isFullCredit":false},{"lineNumber":39,"author":{"gitId":"seah-minlong"},"content":"            } else if (command.equals(\"mark\") || command.equals(\"unmark\")) {","lastModifiedDate":"2024-08-20","isFullCredit":false},{"lineNumber":40,"author":{"gitId":"seah-minlong"},"content":"                processMarkCommand(input, command.equals(\"mark\"));","lastModifiedDate":"2024-08-20","isFullCredit":false},{"lineNumber":41,"author":{"gitId":"seah-minlong"},"content":"            } else if (command.equals(\"delete\")) {","lastModifiedDate":"2024-08-20","isFullCredit":false},{"lineNumber":42,"author":{"gitId":"seah-minlong"},"content":"                deleteTask(input);","lastModifiedDate":"2024-08-20","isFullCredit":false},{"lineNumber":43,"author":{"gitId":"seah-minlong"},"content":"            } else if (Task.isCreateTaskCommand(input)){","lastModifiedDate":"2024-08-20","isFullCredit":false},{"lineNumber":44,"author":{"gitId":"seah-minlong"},"content":"                try {","lastModifiedDate":"2024-08-20","isFullCredit":false},{"lineNumber":45,"author":{"gitId":"seah-minlong"},"content":"                    Task task \u003d Task.initialise(input);","lastModifiedDate":"2024-08-20","isFullCredit":false},{"lineNumber":46,"author":{"gitId":"seah-minlong"},"content":"                    lis.add(task);","lastModifiedDate":"2024-08-20","isFullCredit":false},{"lineNumber":47,"author":{"gitId":"seah-minlong"},"content":"                    printAddedTaskMessage(task);","lastModifiedDate":"2024-08-20","isFullCredit":false},{"lineNumber":48,"author":{"gitId":"seah-minlong"},"content":"                } catch (AlfredException e) {","lastModifiedDate":"2024-08-20","isFullCredit":false},{"lineNumber":49,"author":{"gitId":"seah-minlong"},"content":"                    System.out.println(\"____________________________________________________________\");","lastModifiedDate":"2024-08-20","isFullCredit":false},{"lineNumber":50,"author":{"gitId":"seah-minlong"},"content":"                    System.out.println(e.getMessage());","lastModifiedDate":"2024-08-20","isFullCredit":false},{"lineNumber":51,"author":{"gitId":"seah-minlong"},"content":"                    System.out.println(\"____________________________________________________________\");","lastModifiedDate":"2024-08-20","isFullCredit":false},{"lineNumber":52,"author":{"gitId":"seah-minlong"},"content":"                } catch (Exception e) {","lastModifiedDate":"2024-08-20","isFullCredit":false},{"lineNumber":53,"author":{"gitId":"seah-minlong"},"content":"                    System.out.println(\"Unexpected error: \" + e.getMessage());","lastModifiedDate":"2024-08-20","isFullCredit":false},{"lineNumber":54,"author":{"gitId":"seah-minlong"},"content":"                }","lastModifiedDate":"2024-08-20","isFullCredit":false},{"lineNumber":55,"author":{"gitId":"seah-minlong"},"content":"            } else {","lastModifiedDate":"2024-08-20","isFullCredit":false},{"lineNumber":56,"author":{"gitId":"seah-minlong"},"content":"                invalidCommand();","lastModifiedDate":"2024-08-20","isFullCredit":false},{"lineNumber":57,"author":{"gitId":"seah-minlong"},"content":"            }","lastModifiedDate":"2024-08-20","isFullCredit":false},{"lineNumber":58,"author":{"gitId":"seah-minlong"},"content":"","lastModifiedDate":"2024-08-20","isFullCredit":false},{"lineNumber":59,"author":{"gitId":"seah-minlong"},"content":"            input \u003d in.nextLine();","lastModifiedDate":"2024-08-20","isFullCredit":false},{"lineNumber":60,"author":{"gitId":"seah-minlong"},"content":"        }","lastModifiedDate":"2024-08-20","isFullCredit":false},{"lineNumber":61,"author":{"gitId":"seah-minlong"},"content":"","lastModifiedDate":"2024-08-27","isFullCredit":false},{"lineNumber":62,"author":{"gitId":"seah-minlong"},"content":"        // save tasks","lastModifiedDate":"2024-08-27","isFullCredit":false},{"lineNumber":63,"author":{"gitId":"seah-minlong"},"content":"        saveTasks();","lastModifiedDate":"2024-08-27","isFullCredit":false},{"lineNumber":64,"author":{"gitId":"seah-minlong"},"content":"","lastModifiedDate":"2024-08-27","isFullCredit":false},{"lineNumber":65,"author":{"gitId":"seah-minlong"},"content":"        farewell();","lastModifiedDate":"2024-08-20","isFullCredit":false},{"lineNumber":66,"author":{"gitId":"seah-minlong"},"content":"    }","lastModifiedDate":"2024-08-20","isFullCredit":false},{"lineNumber":67,"author":{"gitId":"seah-minlong"},"content":"","lastModifiedDate":"2024-08-20","isFullCredit":false},{"lineNumber":68,"author":{"gitId":"seah-minlong"},"content":"    public static void greet() {","lastModifiedDate":"2024-08-20","isFullCredit":false},{"lineNumber":69,"author":{"gitId":"seah-minlong"},"content":"        System.out.println(\"____________________________________________________________\");","lastModifiedDate":"2024-08-20","isFullCredit":false},{"lineNumber":70,"author":{"gitId":"seah-minlong"},"content":"        System.out.println(\"Good day Sir. I am Alfred, your English butler.\");","lastModifiedDate":"2024-08-20","isFullCredit":false},{"lineNumber":71,"author":{"gitId":"seah-minlong"},"content":"        System.out.println(\"How can I help you today?\");","lastModifiedDate":"2024-08-27","isFullCredit":false},{"lineNumber":72,"author":{"gitId":"seah-minlong"},"content":"        System.out.println(\"____________________________________________________________\");","lastModifiedDate":"2024-08-20","isFullCredit":false},{"lineNumber":73,"author":{"gitId":"seah-minlong"},"content":"    }","lastModifiedDate":"2024-08-20","isFullCredit":false},{"lineNumber":74,"author":{"gitId":"seah-minlong"},"content":"","lastModifiedDate":"2024-08-20","isFullCredit":false},{"lineNumber":75,"author":{"gitId":"seah-minlong"},"content":"    public static void farewell() {","lastModifiedDate":"2024-08-20","isFullCredit":false},{"lineNumber":76,"author":{"gitId":"seah-minlong"},"content":"        System.out.println(\"____________________________________________________________\");","lastModifiedDate":"2024-08-20","isFullCredit":false},{"lineNumber":77,"author":{"gitId":"seah-minlong"},"content":"        System.out.println(\"Farewell Sir. Should you need anything, you know where to find me.\");","lastModifiedDate":"2024-08-20","isFullCredit":false},{"lineNumber":78,"author":{"gitId":"seah-minlong"},"content":"        System.out.println(\"____________________________________________________________\");","lastModifiedDate":"2024-08-20","isFullCredit":false},{"lineNumber":79,"author":{"gitId":"seah-minlong"},"content":"    }","lastModifiedDate":"2024-08-20","isFullCredit":false},{"lineNumber":80,"author":{"gitId":"seah-minlong"},"content":"","lastModifiedDate":"2024-08-20","isFullCredit":false},{"lineNumber":81,"author":{"gitId":"seah-minlong"},"content":"    public static void invalidCommand() {","lastModifiedDate":"2024-08-20","isFullCredit":false},{"lineNumber":82,"author":{"gitId":"seah-minlong"},"content":"        System.out.println(\"____________________________________________________________\");","lastModifiedDate":"2024-08-20","isFullCredit":false},{"lineNumber":83,"author":{"gitId":"seah-minlong"},"content":"        System.out.println(\"Terribly sorry Sir, I have no idea what you are saying.\");","lastModifiedDate":"2024-08-20","isFullCredit":false},{"lineNumber":84,"author":{"gitId":"seah-minlong"},"content":"        System.out.println(\"____________________________________________________________\");","lastModifiedDate":"2024-08-20","isFullCredit":false},{"lineNumber":85,"author":{"gitId":"seah-minlong"},"content":"    }","lastModifiedDate":"2024-08-20","isFullCredit":false},{"lineNumber":86,"author":{"gitId":"seah-minlong"},"content":"","lastModifiedDate":"2024-08-20","isFullCredit":false},{"lineNumber":87,"author":{"gitId":"seah-minlong"},"content":"    public static void printList() {","lastModifiedDate":"2024-08-20","isFullCredit":false},{"lineNumber":88,"author":{"gitId":"seah-minlong"},"content":"        System.out.println(\"____________________________________________________________\");","lastModifiedDate":"2024-08-20","isFullCredit":false},{"lineNumber":89,"author":{"gitId":"seah-minlong"},"content":"        int counter \u003d 1;","lastModifiedDate":"2024-08-20","isFullCredit":false},{"lineNumber":90,"author":{"gitId":"seah-minlong"},"content":"        for (Task task : lis) {","lastModifiedDate":"2024-08-20","isFullCredit":false},{"lineNumber":91,"author":{"gitId":"seah-minlong"},"content":"            System.out.println(counter + \". \" + task);","lastModifiedDate":"2024-08-20","isFullCredit":false},{"lineNumber":92,"author":{"gitId":"seah-minlong"},"content":"            counter++;","lastModifiedDate":"2024-08-20","isFullCredit":false},{"lineNumber":93,"author":{"gitId":"seah-minlong"},"content":"        }","lastModifiedDate":"2024-08-20","isFullCredit":false},{"lineNumber":94,"author":{"gitId":"seah-minlong"},"content":"        System.out.println(\"____________________________________________________________\");","lastModifiedDate":"2024-08-20","isFullCredit":false},{"lineNumber":95,"author":{"gitId":"seah-minlong"},"content":"    }","lastModifiedDate":"2024-08-19","isFullCredit":false},{"lineNumber":96,"author":{"gitId":"seah-minlong"},"content":"","lastModifiedDate":"2024-08-20","isFullCredit":false},{"lineNumber":97,"author":{"gitId":"seah-minlong"},"content":"    public static int getTaskNumberFromInput(String input) {","lastModifiedDate":"2024-08-20","isFullCredit":false},{"lineNumber":98,"author":{"gitId":"seah-minlong"},"content":"        String[] parts \u003d input.split(\" \");","lastModifiedDate":"2024-08-20","isFullCredit":false},{"lineNumber":99,"author":{"gitId":"seah-minlong"},"content":"        return Integer.parseInt(parts[1]);","lastModifiedDate":"2024-08-20","isFullCredit":false},{"lineNumber":100,"author":{"gitId":"seah-minlong"},"content":"    }","lastModifiedDate":"2024-08-20","isFullCredit":false},{"lineNumber":101,"author":{"gitId":"seah-minlong"},"content":"","lastModifiedDate":"2024-08-20","isFullCredit":false},{"lineNumber":102,"author":{"gitId":"seah-minlong"},"content":"    public static String getCommand(String input) {","lastModifiedDate":"2024-08-20","isFullCredit":false},{"lineNumber":103,"author":{"gitId":"seah-minlong"},"content":"        return input.split(\" \")[0];","lastModifiedDate":"2024-08-20","isFullCredit":false},{"lineNumber":104,"author":{"gitId":"seah-minlong"},"content":"    }","lastModifiedDate":"2024-08-20","isFullCredit":false},{"lineNumber":105,"author":{"gitId":"seah-minlong"},"content":"","lastModifiedDate":"2024-08-20","isFullCredit":false},{"lineNumber":106,"author":{"gitId":"seah-minlong"},"content":"    public static void processMarkCommand(String input, boolean mark) {","lastModifiedDate":"2024-08-20","isFullCredit":false},{"lineNumber":107,"author":{"gitId":"seah-minlong"},"content":"        String action \u003d mark ? \"mark\" : \"unmark\";","lastModifiedDate":"2024-08-20","isFullCredit":false},{"lineNumber":108,"author":{"gitId":"seah-minlong"},"content":"","lastModifiedDate":"2024-08-20","isFullCredit":false},{"lineNumber":109,"author":{"gitId":"seah-minlong"},"content":"        if (!isValidCommand(input, action)) {","lastModifiedDate":"2024-08-20","isFullCredit":false},{"lineNumber":110,"author":{"gitId":"seah-minlong"},"content":"            return;","lastModifiedDate":"2024-08-20","isFullCredit":false},{"lineNumber":111,"author":{"gitId":"seah-minlong"},"content":"        }","lastModifiedDate":"2024-08-20","isFullCredit":false},{"lineNumber":112,"author":{"gitId":"seah-minlong"},"content":"","lastModifiedDate":"2024-08-20","isFullCredit":false},{"lineNumber":113,"author":{"gitId":"seah-minlong"},"content":"        int taskNumber \u003d getTaskNumberFromInput(input);","lastModifiedDate":"2024-08-20","isFullCredit":false},{"lineNumber":114,"author":{"gitId":"seah-minlong"},"content":"        Task task \u003d lis.get(taskNumber - 1);","lastModifiedDate":"2024-08-20","isFullCredit":false},{"lineNumber":115,"author":{"gitId":"seah-minlong"},"content":"","lastModifiedDate":"2024-08-20","isFullCredit":false},{"lineNumber":116,"author":{"gitId":"seah-minlong"},"content":"        if (mark) {","lastModifiedDate":"2024-08-20","isFullCredit":false},{"lineNumber":117,"author":{"gitId":"seah-minlong"},"content":"            task.markAsDone();","lastModifiedDate":"2024-08-20","isFullCredit":false},{"lineNumber":118,"author":{"gitId":"seah-minlong"},"content":"            System.out.println(\"____________________________________________________________\");","lastModifiedDate":"2024-08-20","isFullCredit":false},{"lineNumber":119,"author":{"gitId":"seah-minlong"},"content":"            System.out.println(\"Indeed, Sir, the task has been duly completed:\");","lastModifiedDate":"2024-08-20","isFullCredit":false},{"lineNumber":120,"author":{"gitId":"seah-minlong"},"content":"            System.out.println(\"    \" + task);","lastModifiedDate":"2024-08-20","isFullCredit":false},{"lineNumber":121,"author":{"gitId":"seah-minlong"},"content":"            System.out.println(\"____________________________________________________________\");","lastModifiedDate":"2024-08-20","isFullCredit":false},{"lineNumber":122,"author":{"gitId":"seah-minlong"},"content":"        } else {","lastModifiedDate":"2024-08-20","isFullCredit":false},{"lineNumber":123,"author":{"gitId":"seah-minlong"},"content":"            task.unmark();","lastModifiedDate":"2024-08-20","isFullCredit":false},{"lineNumber":124,"author":{"gitId":"seah-minlong"},"content":"            System.out.println(\"____________________________________________________________\");","lastModifiedDate":"2024-08-20","isFullCredit":false},{"lineNumber":125,"author":{"gitId":"seah-minlong"},"content":"            System.out.println(\"Very well Sir, the task remains outstanding:\");","lastModifiedDate":"2024-08-20","isFullCredit":false},{"lineNumber":126,"author":{"gitId":"seah-minlong"},"content":"            System.out.println(\"    \" + task);","lastModifiedDate":"2024-08-20","isFullCredit":false},{"lineNumber":127,"author":{"gitId":"seah-minlong"},"content":"            System.out.println(\"A reminder that even small tasks deserve attention.\");","lastModifiedDate":"2024-08-20","isFullCredit":false},{"lineNumber":128,"author":{"gitId":"seah-minlong"},"content":"            System.out.println(\"____________________________________________________________\");","lastModifiedDate":"2024-08-20","isFullCredit":false},{"lineNumber":129,"author":{"gitId":"seah-minlong"},"content":"        }","lastModifiedDate":"2024-08-20","isFullCredit":false},{"lineNumber":130,"author":{"gitId":"seah-minlong"},"content":"    }","lastModifiedDate":"2024-08-20","isFullCredit":false},{"lineNumber":131,"author":{"gitId":"seah-minlong"},"content":"","lastModifiedDate":"2024-08-20","isFullCredit":false},{"lineNumber":132,"author":{"gitId":"seah-minlong"},"content":"    public static void printAddedTaskMessage(Task task) {","lastModifiedDate":"2024-08-20","isFullCredit":false},{"lineNumber":133,"author":{"gitId":"seah-minlong"},"content":"        System.out.println(\"____________________________________________________________\");","lastModifiedDate":"2024-08-20","isFullCredit":false},{"lineNumber":134,"author":{"gitId":"seah-minlong"},"content":"        System.out.println(\"Got it Sir. The following task has been added to your list:\");","lastModifiedDate":"2024-08-20","isFullCredit":false},{"lineNumber":135,"author":{"gitId":"seah-minlong"},"content":"        System.out.println(\"    \" + task);","lastModifiedDate":"2024-08-20","isFullCredit":false},{"lineNumber":136,"author":{"gitId":"seah-minlong"},"content":"        System.out.println(\"You now have \" + lis.size() + \" tasks awaiting your attention.\");","lastModifiedDate":"2024-08-20","isFullCredit":false},{"lineNumber":137,"author":{"gitId":"seah-minlong"},"content":"        System.out.println(\"____________________________________________________________\");","lastModifiedDate":"2024-08-20","isFullCredit":false},{"lineNumber":138,"author":{"gitId":"seah-minlong"},"content":"    }","lastModifiedDate":"2024-08-20","isFullCredit":false},{"lineNumber":139,"author":{"gitId":"seah-minlong"},"content":"","lastModifiedDate":"2024-08-20","isFullCredit":false},{"lineNumber":140,"author":{"gitId":"seah-minlong"},"content":"    public static void deleteTask(String input) {","lastModifiedDate":"2024-08-20","isFullCredit":false},{"lineNumber":141,"author":{"gitId":"seah-minlong"},"content":"        if (!isValidCommand(input, \"delete\")) {","lastModifiedDate":"2024-08-20","isFullCredit":false},{"lineNumber":142,"author":{"gitId":"seah-minlong"},"content":"            return;","lastModifiedDate":"2024-08-20","isFullCredit":false},{"lineNumber":143,"author":{"gitId":"seah-minlong"},"content":"        }","lastModifiedDate":"2024-08-20","isFullCredit":false},{"lineNumber":144,"author":{"gitId":"seah-minlong"},"content":"","lastModifiedDate":"2024-08-20","isFullCredit":false},{"lineNumber":145,"author":{"gitId":"seah-minlong"},"content":"        int taskNumber \u003d getTaskNumberFromInput(input);","lastModifiedDate":"2024-08-20","isFullCredit":false},{"lineNumber":146,"author":{"gitId":"seah-minlong"},"content":"        Task task \u003d lis.remove(taskNumber - 1);","lastModifiedDate":"2024-08-20","isFullCredit":false},{"lineNumber":147,"author":{"gitId":"seah-minlong"},"content":"","lastModifiedDate":"2024-08-20","isFullCredit":false},{"lineNumber":148,"author":{"gitId":"seah-minlong"},"content":"        System.out.println(\"____________________________________________________________\");","lastModifiedDate":"2024-08-20","isFullCredit":false},{"lineNumber":149,"author":{"gitId":"seah-minlong"},"content":"        System.out.println(\"Of course Sir, the task has been successfully removed.\");","lastModifiedDate":"2024-08-20","isFullCredit":false},{"lineNumber":150,"author":{"gitId":"seah-minlong"},"content":"        System.out.println(\"    \" + task);","lastModifiedDate":"2024-08-20","isFullCredit":false},{"lineNumber":151,"author":{"gitId":"seah-minlong"},"content":"        System.out.println(\"Your list now contains \" + lis.size() + \" tasks. Efficiency is its own rewards.\");","lastModifiedDate":"2024-08-20","isFullCredit":false},{"lineNumber":152,"author":{"gitId":"seah-minlong"},"content":"        System.out.println(\"____________________________________________________________\");","lastModifiedDate":"2024-08-20","isFullCredit":false},{"lineNumber":153,"author":{"gitId":"seah-minlong"},"content":"    }","lastModifiedDate":"2024-08-20","isFullCredit":false},{"lineNumber":154,"author":{"gitId":"seah-minlong"},"content":"","lastModifiedDate":"2024-08-20","isFullCredit":false},{"lineNumber":155,"author":{"gitId":"seah-minlong"},"content":"    private static boolean isValidCommand(String input, String action) {","lastModifiedDate":"2024-08-20","isFullCredit":false},{"lineNumber":156,"author":{"gitId":"seah-minlong"},"content":"        String regex \u003d \"^\" + action + \" \\\\d+$\";","lastModifiedDate":"2024-08-20","isFullCredit":false},{"lineNumber":157,"author":{"gitId":"seah-minlong"},"content":"        Pattern pattern \u003d Pattern.compile(regex);","lastModifiedDate":"2024-08-20","isFullCredit":false},{"lineNumber":158,"author":{"gitId":"seah-minlong"},"content":"        Matcher matcher \u003d pattern.matcher(input);","lastModifiedDate":"2024-08-20","isFullCredit":false},{"lineNumber":159,"author":{"gitId":"seah-minlong"},"content":"","lastModifiedDate":"2024-08-20","isFullCredit":false},{"lineNumber":160,"author":{"gitId":"seah-minlong"},"content":"        if (!matcher.matches()) {","lastModifiedDate":"2024-08-20","isFullCredit":false},{"lineNumber":161,"author":{"gitId":"seah-minlong"},"content":"            System.out.println(\"____________________________________________________________\");","lastModifiedDate":"2024-08-20","isFullCredit":false},{"lineNumber":162,"author":{"gitId":"seah-minlong"},"content":"            System.out.println(\"I regret to inform you, Sir, that the command you entered is not recognized.\");","lastModifiedDate":"2024-08-20","isFullCredit":false},{"lineNumber":163,"author":{"gitId":"seah-minlong"},"content":"            System.out.println(\"Please check the instructions, and I shall be ready to assist you further.\");","lastModifiedDate":"2024-08-20","isFullCredit":false},{"lineNumber":164,"author":{"gitId":"seah-minlong"},"content":"            System.out.println(\"____________________________________________________________\");","lastModifiedDate":"2024-08-20","isFullCredit":false},{"lineNumber":165,"author":{"gitId":"seah-minlong"},"content":"            return false;","lastModifiedDate":"2024-08-20","isFullCredit":false},{"lineNumber":166,"author":{"gitId":"seah-minlong"},"content":"        }","lastModifiedDate":"2024-08-20","isFullCredit":false},{"lineNumber":167,"author":{"gitId":"seah-minlong"},"content":"","lastModifiedDate":"2024-08-20","isFullCredit":false},{"lineNumber":168,"author":{"gitId":"seah-minlong"},"content":"        int taskNumber \u003d getTaskNumberFromInput(input);","lastModifiedDate":"2024-08-20","isFullCredit":false},{"lineNumber":169,"author":{"gitId":"seah-minlong"},"content":"        if (taskNumber \u003c\u003d 0 || taskNumber \u003e lis.size()) {","lastModifiedDate":"2024-08-20","isFullCredit":false},{"lineNumber":170,"author":{"gitId":"seah-minlong"},"content":"            System.out.println(\"____________________________________________________________\");","lastModifiedDate":"2024-08-20","isFullCredit":false},{"lineNumber":171,"author":{"gitId":"seah-minlong"},"content":"            System.out.println(\"Apologies, Sir, but that task number is not valid.\");","lastModifiedDate":"2024-08-20","isFullCredit":false},{"lineNumber":172,"author":{"gitId":"seah-minlong"},"content":"            System.out.println(\"You currently have only \" + lis.size() + \" items in the list.\");","lastModifiedDate":"2024-08-20","isFullCredit":false},{"lineNumber":173,"author":{"gitId":"seah-minlong"},"content":"            System.out.println(\"Might I suggest reviewing the list before proceeding?\");","lastModifiedDate":"2024-08-20","isFullCredit":false},{"lineNumber":174,"author":{"gitId":"seah-minlong"},"content":"            System.out.println(\"____________________________________________________________\");","lastModifiedDate":"2024-08-20","isFullCredit":false},{"lineNumber":175,"author":{"gitId":"seah-minlong"},"content":"            return false;","lastModifiedDate":"2024-08-20","isFullCredit":false},{"lineNumber":176,"author":{"gitId":"seah-minlong"},"content":"        }","lastModifiedDate":"2024-08-20","isFullCredit":false},{"lineNumber":177,"author":{"gitId":"seah-minlong"},"content":"        return true;","lastModifiedDate":"2024-08-20","isFullCredit":false},{"lineNumber":178,"author":{"gitId":"seah-minlong"},"content":"    }","lastModifiedDate":"2024-08-20","isFullCredit":false},{"lineNumber":179,"author":{"gitId":"seah-minlong"},"content":"","lastModifiedDate":"2024-08-27","isFullCredit":false},{"lineNumber":180,"author":{"gitId":"seah-minlong"},"content":"    private static void loadTasks() {","lastModifiedDate":"2024-08-27","isFullCredit":false},{"lineNumber":181,"author":{"gitId":"seah-minlong"},"content":"        if (!Files.exists(filePath)) {","lastModifiedDate":"2024-08-27","isFullCredit":false},{"lineNumber":182,"author":{"gitId":"seah-minlong"},"content":"            return; // Start with an empty list if file does not exist","lastModifiedDate":"2024-08-27","isFullCredit":false},{"lineNumber":183,"author":{"gitId":"seah-minlong"},"content":"        }","lastModifiedDate":"2024-08-27","isFullCredit":false},{"lineNumber":184,"author":{"gitId":"seah-minlong"},"content":"        try {","lastModifiedDate":"2024-08-27","isFullCredit":false},{"lineNumber":185,"author":{"gitId":"seah-minlong"},"content":"            BufferedReader reader \u003d Files.newBufferedReader(filePath);","lastModifiedDate":"2024-08-27","isFullCredit":false},{"lineNumber":186,"author":{"gitId":"seah-minlong"},"content":"            String line;","lastModifiedDate":"2024-08-27","isFullCredit":false},{"lineNumber":187,"author":{"gitId":"seah-minlong"},"content":"            while ((line \u003d reader.readLine()) !\u003d null) {","lastModifiedDate":"2024-08-27","isFullCredit":false},{"lineNumber":188,"author":{"gitId":"seah-minlong"},"content":"                Task task \u003d Task.fromFileFormat(line);","lastModifiedDate":"2024-08-27","isFullCredit":false},{"lineNumber":189,"author":{"gitId":"seah-minlong"},"content":"                lis.add(task);","lastModifiedDate":"2024-08-27","isFullCredit":false},{"lineNumber":190,"author":{"gitId":"seah-minlong"},"content":"            }","lastModifiedDate":"2024-08-27","isFullCredit":false},{"lineNumber":191,"author":{"gitId":"seah-minlong"},"content":"            reader.close();","lastModifiedDate":"2024-08-27","isFullCredit":false},{"lineNumber":192,"author":{"gitId":"seah-minlong"},"content":"        } catch (IOException e) {","lastModifiedDate":"2024-08-27","isFullCredit":false},{"lineNumber":193,"author":{"gitId":"seah-minlong"},"content":"            System.out.println(\"Error loading tasks: \" + e.getMessage());","lastModifiedDate":"2024-08-27","isFullCredit":false},{"lineNumber":194,"author":{"gitId":"seah-minlong"},"content":"        } catch (AlfredException e) {","lastModifiedDate":"2024-08-27","isFullCredit":false},{"lineNumber":195,"author":{"gitId":"seah-minlong"},"content":"            handleAlfredCorruptedSave(e.getMessage());","lastModifiedDate":"2024-08-27","isFullCredit":false},{"lineNumber":196,"author":{"gitId":"seah-minlong"},"content":"        }","lastModifiedDate":"2024-08-27","isFullCredit":false},{"lineNumber":197,"author":{"gitId":"seah-minlong"},"content":"    }","lastModifiedDate":"2024-08-27","isFullCredit":false},{"lineNumber":198,"author":{"gitId":"seah-minlong"},"content":"","lastModifiedDate":"2024-08-27","isFullCredit":false},{"lineNumber":199,"author":{"gitId":"seah-minlong"},"content":"    private static void saveTasks() {","lastModifiedDate":"2024-08-27","isFullCredit":false},{"lineNumber":200,"author":{"gitId":"seah-minlong"},"content":"        try {","lastModifiedDate":"2024-08-27","isFullCredit":false},{"lineNumber":201,"author":{"gitId":"seah-minlong"},"content":"            Files.createDirectories(filePath.getParent()); // Ensure the folder exists","lastModifiedDate":"2024-08-27","isFullCredit":false},{"lineNumber":202,"author":{"gitId":"seah-minlong"},"content":"            BufferedWriter writer \u003d Files.newBufferedWriter(filePath);","lastModifiedDate":"2024-08-27","isFullCredit":false},{"lineNumber":203,"author":{"gitId":"seah-minlong"},"content":"            for (Task task : lis) {","lastModifiedDate":"2024-08-27","isFullCredit":false},{"lineNumber":204,"author":{"gitId":"seah-minlong"},"content":"                writer.write(task.toFileFormat());","lastModifiedDate":"2024-08-27","isFullCredit":false},{"lineNumber":205,"author":{"gitId":"seah-minlong"},"content":"                writer.newLine();","lastModifiedDate":"2024-08-27","isFullCredit":false},{"lineNumber":206,"author":{"gitId":"seah-minlong"},"content":"            }","lastModifiedDate":"2024-08-27","isFullCredit":false},{"lineNumber":207,"author":{"gitId":"seah-minlong"},"content":"            writer.close();","lastModifiedDate":"2024-08-27","isFullCredit":false},{"lineNumber":208,"author":{"gitId":"seah-minlong"},"content":"        } catch (IOException e) {","lastModifiedDate":"2024-08-27","isFullCredit":false},{"lineNumber":209,"author":{"gitId":"seah-minlong"},"content":"            System.out.println(\"Error saving tasks: \" + e.getMessage());","lastModifiedDate":"2024-08-27","isFullCredit":false},{"lineNumber":210,"author":{"gitId":"seah-minlong"},"content":"        }","lastModifiedDate":"2024-08-27","isFullCredit":false},{"lineNumber":211,"author":{"gitId":"seah-minlong"},"content":"    }","lastModifiedDate":"2024-08-27","isFullCredit":false},{"lineNumber":212,"author":{"gitId":"seah-minlong"},"content":"","lastModifiedDate":"2024-08-27","isFullCredit":false},{"lineNumber":213,"author":{"gitId":"seah-minlong"},"content":"    private static void handleAlfredCorruptedSave(String errorMessage) {","lastModifiedDate":"2024-08-27","isFullCredit":false},{"lineNumber":214,"author":{"gitId":"seah-minlong"},"content":"        System.out.println(\"Terribly sorry sir, I have misplaced your list of tasks.\");","lastModifiedDate":"2024-08-27","isFullCredit":false},{"lineNumber":215,"author":{"gitId":"seah-minlong"},"content":"        System.out.println(\"To be more exact, the situation is as follows - \");","lastModifiedDate":"2024-08-27","isFullCredit":false},{"lineNumber":216,"author":{"gitId":"seah-minlong"},"content":"        System.out.println(errorMessage);","lastModifiedDate":"2024-08-27","isFullCredit":false},{"lineNumber":217,"author":{"gitId":"seah-minlong"},"content":"        System.out.println(\"Please create your list again.\");","lastModifiedDate":"2024-08-27","isFullCredit":false},{"lineNumber":218,"author":{"gitId":"seah-minlong"},"content":"        System.out.println(\"____________________________________________________________\");","lastModifiedDate":"2024-08-27","isFullCredit":false},{"lineNumber":219,"author":{"gitId":"seah-minlong"},"content":"","lastModifiedDate":"2024-08-27","isFullCredit":false},{"lineNumber":220,"author":{"gitId":"seah-minlong"},"content":"        try {","lastModifiedDate":"2024-08-27","isFullCredit":false},{"lineNumber":221,"author":{"gitId":"seah-minlong"},"content":"            Files.delete(filePath);","lastModifiedDate":"2024-08-27","isFullCredit":false},{"lineNumber":222,"author":{"gitId":"seah-minlong"},"content":"        } catch (IOException e) {","lastModifiedDate":"2024-08-27","isFullCredit":false},{"lineNumber":223,"author":{"gitId":"seah-minlong"},"content":"            System.out.println(\"Error deleting tasks: \" + e.getMessage());","lastModifiedDate":"2024-08-27","isFullCredit":false},{"lineNumber":224,"author":{"gitId":"seah-minlong"},"content":"        }","lastModifiedDate":"2024-08-27","isFullCredit":false},{"lineNumber":225,"author":{"gitId":"seah-minlong"},"content":"    }","lastModifiedDate":"2024-08-27","isFullCredit":false},{"lineNumber":226,"author":{"gitId":"seah-minlong"},"content":"}","lastModifiedDate":"2024-08-19","isFullCredit":false}],"authorContributionMap":{"seah-minlong":226}},{"path":"src/main/java/AlfredException.java","fileType":"java","lines":[{"lineNumber":1,"author":{"gitId":"seah-minlong"},"content":"public class AlfredException extends Exception {","lastModifiedDate":"2024-08-20","isFullCredit":false},{"lineNumber":2,"author":{"gitId":"seah-minlong"},"content":"    public AlfredException(String msg) {","lastModifiedDate":"2024-08-20","isFullCredit":false},{"lineNumber":3,"author":{"gitId":"seah-minlong"},"content":"        super(msg);","lastModifiedDate":"2024-08-20","isFullCredit":false},{"lineNumber":4,"author":{"gitId":"seah-minlong"},"content":"    }","lastModifiedDate":"2024-08-20","isFullCredit":false},{"lineNumber":5,"author":{"gitId":"seah-minlong"},"content":"}","lastModifiedDate":"2024-08-20","isFullCredit":false}],"authorContributionMap":{"seah-minlong":5}},{"path":"src/main/java/Deadlines.java","fileType":"java","lines":[{"lineNumber":1,"author":{"gitId":"seah-minlong"},"content":"import java.util.regex.Matcher;","lastModifiedDate":"2024-08-20","isFullCredit":false},{"lineNumber":2,"author":{"gitId":"seah-minlong"},"content":"import java.util.regex.Pattern;","lastModifiedDate":"2024-08-20","isFullCredit":false},{"lineNumber":3,"author":{"gitId":"seah-minlong"},"content":"","lastModifiedDate":"2024-08-20","isFullCredit":false},{"lineNumber":4,"author":{"gitId":"seah-minlong"},"content":"public class Deadlines extends Task {","lastModifiedDate":"2024-08-20","isFullCredit":false},{"lineNumber":5,"author":{"gitId":"seah-minlong"},"content":"    private String deadline;","lastModifiedDate":"2024-08-20","isFullCredit":false},{"lineNumber":6,"author":{"gitId":"seah-minlong"},"content":"","lastModifiedDate":"2024-08-20","isFullCredit":false},{"lineNumber":7,"author":{"gitId":"seah-minlong"},"content":"    public Deadlines(String description, String deadline) {","lastModifiedDate":"2024-08-20","isFullCredit":false},{"lineNumber":8,"author":{"gitId":"seah-minlong"},"content":"        super(description);","lastModifiedDate":"2024-08-20","isFullCredit":false},{"lineNumber":9,"author":{"gitId":"seah-minlong"},"content":"        this.deadline \u003d deadline;","lastModifiedDate":"2024-08-20","isFullCredit":false},{"lineNumber":10,"author":{"gitId":"seah-minlong"},"content":"    }","lastModifiedDate":"2024-08-20","isFullCredit":false},{"lineNumber":11,"author":{"gitId":"seah-minlong"},"content":"","lastModifiedDate":"2024-08-20","isFullCredit":false},{"lineNumber":12,"author":{"gitId":"seah-minlong"},"content":"    public Deadlines(String description, String deadline, boolean isDone) {","lastModifiedDate":"2024-08-27","isFullCredit":false},{"lineNumber":13,"author":{"gitId":"seah-minlong"},"content":"        super(description);","lastModifiedDate":"2024-08-27","isFullCredit":false},{"lineNumber":14,"author":{"gitId":"seah-minlong"},"content":"        this.deadline \u003d deadline;","lastModifiedDate":"2024-08-27","isFullCredit":false},{"lineNumber":15,"author":{"gitId":"seah-minlong"},"content":"        this.isDone \u003d isDone;","lastModifiedDate":"2024-08-27","isFullCredit":false},{"lineNumber":16,"author":{"gitId":"seah-minlong"},"content":"    }","lastModifiedDate":"2024-08-27","isFullCredit":false},{"lineNumber":17,"author":{"gitId":"seah-minlong"},"content":"","lastModifiedDate":"2024-08-27","isFullCredit":false},{"lineNumber":18,"author":{"gitId":"seah-minlong"},"content":"    @Override","lastModifiedDate":"2024-08-20","isFullCredit":false},{"lineNumber":19,"author":{"gitId":"seah-minlong"},"content":"    public String toString() {","lastModifiedDate":"2024-08-20","isFullCredit":false},{"lineNumber":20,"author":{"gitId":"seah-minlong"},"content":"        return \"[D]\" + super.toString() + \" (by: \" + deadline + \")\";","lastModifiedDate":"2024-08-20","isFullCredit":false},{"lineNumber":21,"author":{"gitId":"seah-minlong"},"content":"    }","lastModifiedDate":"2024-08-20","isFullCredit":false},{"lineNumber":22,"author":{"gitId":"seah-minlong"},"content":"","lastModifiedDate":"2024-08-20","isFullCredit":false},{"lineNumber":23,"author":{"gitId":"seah-minlong"},"content":"    public static Task createTask(String input) throws AlfredException {","lastModifiedDate":"2024-08-20","isFullCredit":false},{"lineNumber":24,"author":{"gitId":"seah-minlong"},"content":"        String regex \u003d \"^deadline\\\\s+(.+?)\\\\s+/by\\\\s+(.+)$\";","lastModifiedDate":"2024-08-20","isFullCredit":false},{"lineNumber":25,"author":{"gitId":"seah-minlong"},"content":"        Pattern pattern \u003d Pattern.compile(regex);","lastModifiedDate":"2024-08-20","isFullCredit":false},{"lineNumber":26,"author":{"gitId":"seah-minlong"},"content":"        Matcher matcher \u003d pattern.matcher(input);","lastModifiedDate":"2024-08-20","isFullCredit":false},{"lineNumber":27,"author":{"gitId":"seah-minlong"},"content":"","lastModifiedDate":"2024-08-20","isFullCredit":false},{"lineNumber":28,"author":{"gitId":"seah-minlong"},"content":"        if (matcher.matches()) {","lastModifiedDate":"2024-08-20","isFullCredit":false},{"lineNumber":29,"author":{"gitId":"seah-minlong"},"content":"            String description \u003d matcher.group(1);","lastModifiedDate":"2024-08-20","isFullCredit":false},{"lineNumber":30,"author":{"gitId":"seah-minlong"},"content":"            String deadline \u003d matcher.group(2);","lastModifiedDate":"2024-08-20","isFullCredit":false},{"lineNumber":31,"author":{"gitId":"seah-minlong"},"content":"","lastModifiedDate":"2024-08-20","isFullCredit":false},{"lineNumber":32,"author":{"gitId":"seah-minlong"},"content":"            return new Deadlines(description, deadline);","lastModifiedDate":"2024-08-20","isFullCredit":false},{"lineNumber":33,"author":{"gitId":"seah-minlong"},"content":"        } else {","lastModifiedDate":"2024-08-20","isFullCredit":false},{"lineNumber":34,"author":{"gitId":"seah-minlong"},"content":"            throw new AlfredException(\"That is the wrong deadline format Sir. It goes deadline \u003ctask\u003e \" +","lastModifiedDate":"2024-08-20","isFullCredit":false},{"lineNumber":35,"author":{"gitId":"seah-minlong"},"content":"                    \"/by date\");","lastModifiedDate":"2024-08-20","isFullCredit":false},{"lineNumber":36,"author":{"gitId":"seah-minlong"},"content":"        }","lastModifiedDate":"2024-08-20","isFullCredit":false},{"lineNumber":37,"author":{"gitId":"seah-minlong"},"content":"    }","lastModifiedDate":"2024-08-20","isFullCredit":false},{"lineNumber":38,"author":{"gitId":"seah-minlong"},"content":"","lastModifiedDate":"2024-08-27","isFullCredit":false},{"lineNumber":39,"author":{"gitId":"seah-minlong"},"content":"    @Override","lastModifiedDate":"2024-08-27","isFullCredit":false},{"lineNumber":40,"author":{"gitId":"seah-minlong"},"content":"    public String toFileFormat() {","lastModifiedDate":"2024-08-27","isFullCredit":false},{"lineNumber":41,"author":{"gitId":"seah-minlong"},"content":"        return \"D | \" + getStatusIcon() + \" | \" + description + \" | \" + deadline;","lastModifiedDate":"2024-08-27","isFullCredit":false},{"lineNumber":42,"author":{"gitId":"seah-minlong"},"content":"    }","lastModifiedDate":"2024-08-27","isFullCredit":false},{"lineNumber":43,"author":{"gitId":"seah-minlong"},"content":"}","lastModifiedDate":"2024-08-20","isFullCredit":false}],"authorContributionMap":{"seah-minlong":43}},{"path":"src/main/java/Events.java","fileType":"java","lines":[{"lineNumber":1,"author":{"gitId":"seah-minlong"},"content":"import java.util.regex.Matcher;","lastModifiedDate":"2024-08-20","isFullCredit":false},{"lineNumber":2,"author":{"gitId":"seah-minlong"},"content":"import java.util.regex.Pattern;","lastModifiedDate":"2024-08-20","isFullCredit":false},{"lineNumber":3,"author":{"gitId":"seah-minlong"},"content":"","lastModifiedDate":"2024-08-20","isFullCredit":false},{"lineNumber":4,"author":{"gitId":"seah-minlong"},"content":"public class Events extends Task {","lastModifiedDate":"2024-08-20","isFullCredit":false},{"lineNumber":5,"author":{"gitId":"seah-minlong"},"content":"    private String from;","lastModifiedDate":"2024-08-20","isFullCredit":false},{"lineNumber":6,"author":{"gitId":"seah-minlong"},"content":"    private String to;","lastModifiedDate":"2024-08-20","isFullCredit":false},{"lineNumber":7,"author":{"gitId":"seah-minlong"},"content":"","lastModifiedDate":"2024-08-20","isFullCredit":false},{"lineNumber":8,"author":{"gitId":"seah-minlong"},"content":"    public Events(String description, String from, String to) {","lastModifiedDate":"2024-08-20","isFullCredit":false},{"lineNumber":9,"author":{"gitId":"seah-minlong"},"content":"        super(description);","lastModifiedDate":"2024-08-20","isFullCredit":false},{"lineNumber":10,"author":{"gitId":"seah-minlong"},"content":"        this.from \u003d from;","lastModifiedDate":"2024-08-20","isFullCredit":false},{"lineNumber":11,"author":{"gitId":"seah-minlong"},"content":"        this.to \u003d to;","lastModifiedDate":"2024-08-20","isFullCredit":false},{"lineNumber":12,"author":{"gitId":"seah-minlong"},"content":"    }","lastModifiedDate":"2024-08-20","isFullCredit":false},{"lineNumber":13,"author":{"gitId":"seah-minlong"},"content":"","lastModifiedDate":"2024-08-20","isFullCredit":false},{"lineNumber":14,"author":{"gitId":"seah-minlong"},"content":"    public Events(String description, String from, String to, boolean isDone) {","lastModifiedDate":"2024-08-27","isFullCredit":false},{"lineNumber":15,"author":{"gitId":"seah-minlong"},"content":"        super(description);","lastModifiedDate":"2024-08-27","isFullCredit":false},{"lineNumber":16,"author":{"gitId":"seah-minlong"},"content":"        this.from \u003d from;","lastModifiedDate":"2024-08-27","isFullCredit":false},{"lineNumber":17,"author":{"gitId":"seah-minlong"},"content":"        this.to \u003d to;","lastModifiedDate":"2024-08-27","isFullCredit":false},{"lineNumber":18,"author":{"gitId":"seah-minlong"},"content":"        this.isDone \u003d isDone;","lastModifiedDate":"2024-08-27","isFullCredit":false},{"lineNumber":19,"author":{"gitId":"seah-minlong"},"content":"    }","lastModifiedDate":"2024-08-27","isFullCredit":false},{"lineNumber":20,"author":{"gitId":"seah-minlong"},"content":"","lastModifiedDate":"2024-08-27","isFullCredit":false},{"lineNumber":21,"author":{"gitId":"seah-minlong"},"content":"    @Override","lastModifiedDate":"2024-08-20","isFullCredit":false},{"lineNumber":22,"author":{"gitId":"seah-minlong"},"content":"    public String toString() {","lastModifiedDate":"2024-08-20","isFullCredit":false},{"lineNumber":23,"author":{"gitId":"seah-minlong"},"content":"        return \"[E]\" + super.toString() + \" (from: \" + from + \" to: \" + to + \")\";","lastModifiedDate":"2024-08-20","isFullCredit":false},{"lineNumber":24,"author":{"gitId":"seah-minlong"},"content":"    }","lastModifiedDate":"2024-08-20","isFullCredit":false},{"lineNumber":25,"author":{"gitId":"seah-minlong"},"content":"","lastModifiedDate":"2024-08-20","isFullCredit":false},{"lineNumber":26,"author":{"gitId":"seah-minlong"},"content":"    public static Task createTask(String input) throws AlfredException {","lastModifiedDate":"2024-08-20","isFullCredit":false},{"lineNumber":27,"author":{"gitId":"seah-minlong"},"content":"        String regex \u003d \"^event\\\\s+(.+?)\\\\s+/from\\\\s+(.+?)\\\\s+/to\\\\s+(.+)$\";","lastModifiedDate":"2024-08-20","isFullCredit":false},{"lineNumber":28,"author":{"gitId":"seah-minlong"},"content":"        Pattern pattern \u003d Pattern.compile(regex);","lastModifiedDate":"2024-08-20","isFullCredit":false},{"lineNumber":29,"author":{"gitId":"seah-minlong"},"content":"        Matcher matcher \u003d pattern.matcher(input);","lastModifiedDate":"2024-08-20","isFullCredit":false},{"lineNumber":30,"author":{"gitId":"seah-minlong"},"content":"","lastModifiedDate":"2024-08-20","isFullCredit":false},{"lineNumber":31,"author":{"gitId":"seah-minlong"},"content":"        if (matcher.matches()) {","lastModifiedDate":"2024-08-20","isFullCredit":false},{"lineNumber":32,"author":{"gitId":"seah-minlong"},"content":"            String description \u003d matcher.group(1);","lastModifiedDate":"2024-08-20","isFullCredit":false},{"lineNumber":33,"author":{"gitId":"seah-minlong"},"content":"            String from \u003d matcher.group(2);","lastModifiedDate":"2024-08-20","isFullCredit":false},{"lineNumber":34,"author":{"gitId":"seah-minlong"},"content":"            String to \u003d matcher.group(3);","lastModifiedDate":"2024-08-20","isFullCredit":false},{"lineNumber":35,"author":{"gitId":"seah-minlong"},"content":"","lastModifiedDate":"2024-08-20","isFullCredit":false},{"lineNumber":36,"author":{"gitId":"seah-minlong"},"content":"            return new Events(description, from, to);","lastModifiedDate":"2024-08-20","isFullCredit":false},{"lineNumber":37,"author":{"gitId":"seah-minlong"},"content":"        } else {","lastModifiedDate":"2024-08-20","isFullCredit":false},{"lineNumber":38,"author":{"gitId":"seah-minlong"},"content":"            throw new AlfredException(\"That is the wrong events format Sir. It goes event \u003ctask\u003e \" +","lastModifiedDate":"2024-08-20","isFullCredit":false},{"lineNumber":39,"author":{"gitId":"seah-minlong"},"content":"                    \"/from \u003cdate\u003e /to \u003cdate\u003e\");","lastModifiedDate":"2024-08-20","isFullCredit":false},{"lineNumber":40,"author":{"gitId":"seah-minlong"},"content":"        }","lastModifiedDate":"2024-08-20","isFullCredit":false},{"lineNumber":41,"author":{"gitId":"seah-minlong"},"content":"    }","lastModifiedDate":"2024-08-20","isFullCredit":false},{"lineNumber":42,"author":{"gitId":"seah-minlong"},"content":"","lastModifiedDate":"2024-08-27","isFullCredit":false},{"lineNumber":43,"author":{"gitId":"seah-minlong"},"content":"    @Override","lastModifiedDate":"2024-08-27","isFullCredit":false},{"lineNumber":44,"author":{"gitId":"seah-minlong"},"content":"    public String toFileFormat() {","lastModifiedDate":"2024-08-27","isFullCredit":false},{"lineNumber":45,"author":{"gitId":"seah-minlong"},"content":"        return \"E | \" + getStatusIcon() + \" | \" + description + \" | \" + from + \" | \" + to;","lastModifiedDate":"2024-08-27","isFullCredit":false},{"lineNumber":46,"author":{"gitId":"seah-minlong"},"content":"    }","lastModifiedDate":"2024-08-27","isFullCredit":false},{"lineNumber":47,"author":{"gitId":"seah-minlong"},"content":"}","lastModifiedDate":"2024-08-20","isFullCredit":false}],"authorContributionMap":{"seah-minlong":47}},{"path":"src/main/java/Task.java","fileType":"java","lines":[{"lineNumber":1,"author":{"gitId":"seah-minlong"},"content":"import java.util.Arrays;","lastModifiedDate":"2024-08-20","isFullCredit":false},{"lineNumber":2,"author":{"gitId":"seah-minlong"},"content":"import java.util.List;","lastModifiedDate":"2024-08-20","isFullCredit":false},{"lineNumber":3,"author":{"gitId":"seah-minlong"},"content":"","lastModifiedDate":"2024-08-20","isFullCredit":false},{"lineNumber":4,"author":{"gitId":"seah-minlong"},"content":"abstract public class Task {","lastModifiedDate":"2024-08-20","isFullCredit":false},{"lineNumber":5,"author":{"gitId":"seah-minlong"},"content":"    protected String description;","lastModifiedDate":"2024-08-20","isFullCredit":false},{"lineNumber":6,"author":{"gitId":"seah-minlong"},"content":"    protected boolean isDone;","lastModifiedDate":"2024-08-20","isFullCredit":false},{"lineNumber":7,"author":{"gitId":"seah-minlong"},"content":"","lastModifiedDate":"2024-08-20","isFullCredit":false},{"lineNumber":8,"author":{"gitId":"seah-minlong"},"content":"    private static final List\u003cString\u003e TASKS \u003d Arrays.asList(\"todo\", \"deadline\", \"event\");","lastModifiedDate":"2024-08-20","isFullCredit":false},{"lineNumber":9,"author":{"gitId":"seah-minlong"},"content":"","lastModifiedDate":"2024-08-20","isFullCredit":false},{"lineNumber":10,"author":{"gitId":"seah-minlong"},"content":"    public Task(String description) {","lastModifiedDate":"2024-08-20","isFullCredit":false},{"lineNumber":11,"author":{"gitId":"seah-minlong"},"content":"        this.description \u003d description;","lastModifiedDate":"2024-08-20","isFullCredit":false},{"lineNumber":12,"author":{"gitId":"seah-minlong"},"content":"        this.isDone \u003d false;","lastModifiedDate":"2024-08-20","isFullCredit":false},{"lineNumber":13,"author":{"gitId":"seah-minlong"},"content":"    }","lastModifiedDate":"2024-08-20","isFullCredit":false},{"lineNumber":14,"author":{"gitId":"seah-minlong"},"content":"","lastModifiedDate":"2024-08-20","isFullCredit":false},{"lineNumber":15,"author":{"gitId":"seah-minlong"},"content":"    public String getStatusIcon() {","lastModifiedDate":"2024-08-20","isFullCredit":false},{"lineNumber":16,"author":{"gitId":"seah-minlong"},"content":"        return (isDone ? \"X\" : \" \"); // mark done task with X","lastModifiedDate":"2024-08-20","isFullCredit":false},{"lineNumber":17,"author":{"gitId":"seah-minlong"},"content":"    }","lastModifiedDate":"2024-08-20","isFullCredit":false},{"lineNumber":18,"author":{"gitId":"seah-minlong"},"content":"","lastModifiedDate":"2024-08-20","isFullCredit":false},{"lineNumber":19,"author":{"gitId":"seah-minlong"},"content":"    public void markAsDone() {","lastModifiedDate":"2024-08-20","isFullCredit":false},{"lineNumber":20,"author":{"gitId":"seah-minlong"},"content":"        isDone \u003d true;","lastModifiedDate":"2024-08-20","isFullCredit":false},{"lineNumber":21,"author":{"gitId":"seah-minlong"},"content":"    }","lastModifiedDate":"2024-08-20","isFullCredit":false},{"lineNumber":22,"author":{"gitId":"seah-minlong"},"content":"","lastModifiedDate":"2024-08-20","isFullCredit":false},{"lineNumber":23,"author":{"gitId":"seah-minlong"},"content":"    public void unmark() {","lastModifiedDate":"2024-08-20","isFullCredit":false},{"lineNumber":24,"author":{"gitId":"seah-minlong"},"content":"        isDone \u003d false;","lastModifiedDate":"2024-08-20","isFullCredit":false},{"lineNumber":25,"author":{"gitId":"seah-minlong"},"content":"    }","lastModifiedDate":"2024-08-20","isFullCredit":false},{"lineNumber":26,"author":{"gitId":"seah-minlong"},"content":"","lastModifiedDate":"2024-08-20","isFullCredit":false},{"lineNumber":27,"author":{"gitId":"seah-minlong"},"content":"    @Override","lastModifiedDate":"2024-08-20","isFullCredit":false},{"lineNumber":28,"author":{"gitId":"seah-minlong"},"content":"    public String toString() {","lastModifiedDate":"2024-08-20","isFullCredit":false},{"lineNumber":29,"author":{"gitId":"seah-minlong"},"content":"        return \"[\" + this.getStatusIcon() + \"] \" + this.description;","lastModifiedDate":"2024-08-20","isFullCredit":false},{"lineNumber":30,"author":{"gitId":"seah-minlong"},"content":"    }","lastModifiedDate":"2024-08-20","isFullCredit":false},{"lineNumber":31,"author":{"gitId":"seah-minlong"},"content":"","lastModifiedDate":"2024-08-20","isFullCredit":false},{"lineNumber":32,"author":{"gitId":"seah-minlong"},"content":"    public static boolean isCreateTaskCommand(String input) {","lastModifiedDate":"2024-08-20","isFullCredit":false},{"lineNumber":33,"author":{"gitId":"seah-minlong"},"content":"        String[] parts \u003d input.split(\" \");","lastModifiedDate":"2024-08-20","isFullCredit":false},{"lineNumber":34,"author":{"gitId":"seah-minlong"},"content":"        return TASKS.contains(parts[0]);","lastModifiedDate":"2024-08-20","isFullCredit":false},{"lineNumber":35,"author":{"gitId":"seah-minlong"},"content":"    }","lastModifiedDate":"2024-08-20","isFullCredit":false},{"lineNumber":36,"author":{"gitId":"seah-minlong"},"content":"","lastModifiedDate":"2024-08-20","isFullCredit":false},{"lineNumber":37,"author":{"gitId":"seah-minlong"},"content":"    public static Task initialise(String input) throws AlfredException {","lastModifiedDate":"2024-08-20","isFullCredit":false},{"lineNumber":38,"author":{"gitId":"seah-minlong"},"content":"        String[] parts \u003d input.split(\" \");","lastModifiedDate":"2024-08-20","isFullCredit":false},{"lineNumber":39,"author":{"gitId":"seah-minlong"},"content":"        switch (parts[0]) {","lastModifiedDate":"2024-08-20","isFullCredit":false},{"lineNumber":40,"author":{"gitId":"seah-minlong"},"content":"        case \"todo\":","lastModifiedDate":"2024-08-20","isFullCredit":false},{"lineNumber":41,"author":{"gitId":"seah-minlong"},"content":"            return ToDos.createTask(input);","lastModifiedDate":"2024-08-20","isFullCredit":false},{"lineNumber":42,"author":{"gitId":"seah-minlong"},"content":"        case \"event\":","lastModifiedDate":"2024-08-20","isFullCredit":false},{"lineNumber":43,"author":{"gitId":"seah-minlong"},"content":"            return Events.createTask(input);","lastModifiedDate":"2024-08-20","isFullCredit":false},{"lineNumber":44,"author":{"gitId":"seah-minlong"},"content":"        case \"deadline\":","lastModifiedDate":"2024-08-20","isFullCredit":false},{"lineNumber":45,"author":{"gitId":"seah-minlong"},"content":"            return Deadlines.createTask(input);","lastModifiedDate":"2024-08-20","isFullCredit":false},{"lineNumber":46,"author":{"gitId":"seah-minlong"},"content":"        }","lastModifiedDate":"2024-08-20","isFullCredit":false},{"lineNumber":47,"author":{"gitId":"seah-minlong"},"content":"        return null;","lastModifiedDate":"2024-08-20","isFullCredit":false},{"lineNumber":48,"author":{"gitId":"seah-minlong"},"content":"    }","lastModifiedDate":"2024-08-20","isFullCredit":false},{"lineNumber":49,"author":{"gitId":"seah-minlong"},"content":"","lastModifiedDate":"2024-08-27","isFullCredit":false},{"lineNumber":50,"author":{"gitId":"seah-minlong"},"content":"    abstract String toFileFormat();","lastModifiedDate":"2024-08-27","isFullCredit":false},{"lineNumber":51,"author":{"gitId":"seah-minlong"},"content":"","lastModifiedDate":"2024-08-27","isFullCredit":false},{"lineNumber":52,"author":{"gitId":"seah-minlong"},"content":"    public static Task fromFileFormat(String fileFormat) throws AlfredException {","lastModifiedDate":"2024-08-27","isFullCredit":false},{"lineNumber":53,"author":{"gitId":"seah-minlong"},"content":"        String[] parts \u003d fileFormat.split(\"\\\\|\");","lastModifiedDate":"2024-08-27","isFullCredit":false},{"lineNumber":54,"author":{"gitId":"seah-minlong"},"content":"        if (parts.length \u003c 3) {","lastModifiedDate":"2024-08-27","isFullCredit":false},{"lineNumber":55,"author":{"gitId":"seah-minlong"},"content":"            throw new AlfredException(\"Corrupted save: Invalid task format\");","lastModifiedDate":"2024-08-27","isFullCredit":false},{"lineNumber":56,"author":{"gitId":"seah-minlong"},"content":"        }","lastModifiedDate":"2024-08-27","isFullCredit":false},{"lineNumber":57,"author":{"gitId":"seah-minlong"},"content":"","lastModifiedDate":"2024-08-27","isFullCredit":false},{"lineNumber":58,"author":{"gitId":"seah-minlong"},"content":"        // Trim parts","lastModifiedDate":"2024-08-27","isFullCredit":false},{"lineNumber":59,"author":{"gitId":"seah-minlong"},"content":"        for (int i \u003d 0; i \u003c parts.length; i++) {","lastModifiedDate":"2024-08-27","isFullCredit":false},{"lineNumber":60,"author":{"gitId":"seah-minlong"},"content":"            parts[i] \u003d parts[i].trim();","lastModifiedDate":"2024-08-27","isFullCredit":false},{"lineNumber":61,"author":{"gitId":"seah-minlong"},"content":"        }","lastModifiedDate":"2024-08-27","isFullCredit":false},{"lineNumber":62,"author":{"gitId":"seah-minlong"},"content":"","lastModifiedDate":"2024-08-27","isFullCredit":false},{"lineNumber":63,"author":{"gitId":"seah-minlong"},"content":"        String type \u003d parts[0];","lastModifiedDate":"2024-08-27","isFullCredit":false},{"lineNumber":64,"author":{"gitId":"seah-minlong"},"content":"        boolean isDone \u003d parts[1].equals(\"X\");","lastModifiedDate":"2024-08-27","isFullCredit":false},{"lineNumber":65,"author":{"gitId":"seah-minlong"},"content":"        String description \u003d parts[2];","lastModifiedDate":"2024-08-27","isFullCredit":false},{"lineNumber":66,"author":{"gitId":"seah-minlong"},"content":"","lastModifiedDate":"2024-08-27","isFullCredit":false},{"lineNumber":67,"author":{"gitId":"seah-minlong"},"content":"        switch (type) {","lastModifiedDate":"2024-08-27","isFullCredit":false},{"lineNumber":68,"author":{"gitId":"seah-minlong"},"content":"        case \"T\":","lastModifiedDate":"2024-08-27","isFullCredit":false},{"lineNumber":69,"author":{"gitId":"seah-minlong"},"content":"            return new ToDos(description, isDone);","lastModifiedDate":"2024-08-27","isFullCredit":false},{"lineNumber":70,"author":{"gitId":"seah-minlong"},"content":"        case \"D\":","lastModifiedDate":"2024-08-27","isFullCredit":false},{"lineNumber":71,"author":{"gitId":"seah-minlong"},"content":"            if (parts.length !\u003d 4) {","lastModifiedDate":"2024-08-27","isFullCredit":false},{"lineNumber":72,"author":{"gitId":"seah-minlong"},"content":"                throw new AlfredException(\"Corrupted save: Invalid deadline format\");","lastModifiedDate":"2024-08-27","isFullCredit":false},{"lineNumber":73,"author":{"gitId":"seah-minlong"},"content":"            }","lastModifiedDate":"2024-08-27","isFullCredit":false},{"lineNumber":74,"author":{"gitId":"seah-minlong"},"content":"            String deadline \u003d parts[3];","lastModifiedDate":"2024-08-27","isFullCredit":false},{"lineNumber":75,"author":{"gitId":"seah-minlong"},"content":"            return new Deadlines(description, deadline, isDone);","lastModifiedDate":"2024-08-27","isFullCredit":false},{"lineNumber":76,"author":{"gitId":"seah-minlong"},"content":"        case \"E\":","lastModifiedDate":"2024-08-27","isFullCredit":false},{"lineNumber":77,"author":{"gitId":"seah-minlong"},"content":"            if (parts.length !\u003d 5) {","lastModifiedDate":"2024-08-27","isFullCredit":false},{"lineNumber":78,"author":{"gitId":"seah-minlong"},"content":"                throw new AlfredException(\"Corrupted save: Invalid event format\");","lastModifiedDate":"2024-08-27","isFullCredit":false},{"lineNumber":79,"author":{"gitId":"seah-minlong"},"content":"            }","lastModifiedDate":"2024-08-27","isFullCredit":false},{"lineNumber":80,"author":{"gitId":"seah-minlong"},"content":"            String from \u003d parts[3];","lastModifiedDate":"2024-08-27","isFullCredit":false},{"lineNumber":81,"author":{"gitId":"seah-minlong"},"content":"            String to \u003d parts[4];","lastModifiedDate":"2024-08-27","isFullCredit":false},{"lineNumber":82,"author":{"gitId":"seah-minlong"},"content":"            return new Events(description, from, to, isDone);","lastModifiedDate":"2024-08-27","isFullCredit":false},{"lineNumber":83,"author":{"gitId":"seah-minlong"},"content":"        default:","lastModifiedDate":"2024-08-27","isFullCredit":false},{"lineNumber":84,"author":{"gitId":"seah-minlong"},"content":"            throw new AlfredException(\"Corrupted save: Unknown task type\");","lastModifiedDate":"2024-08-27","isFullCredit":false},{"lineNumber":85,"author":{"gitId":"seah-minlong"},"content":"        }","lastModifiedDate":"2024-08-27","isFullCredit":false},{"lineNumber":86,"author":{"gitId":"seah-minlong"},"content":"    }","lastModifiedDate":"2024-08-27","isFullCredit":false},{"lineNumber":87,"author":{"gitId":"seah-minlong"},"content":"}","lastModifiedDate":"2024-08-20","isFullCredit":false}],"authorContributionMap":{"seah-minlong":87}},{"path":"src/main/java/ToDos.java","fileType":"java","lines":[{"lineNumber":1,"author":{"gitId":"seah-minlong"},"content":"import java.util.regex.Matcher;","lastModifiedDate":"2024-08-20","isFullCredit":false},{"lineNumber":2,"author":{"gitId":"seah-minlong"},"content":"import java.util.regex.Pattern;","lastModifiedDate":"2024-08-20","isFullCredit":false},{"lineNumber":3,"author":{"gitId":"seah-minlong"},"content":"","lastModifiedDate":"2024-08-20","isFullCredit":false},{"lineNumber":4,"author":{"gitId":"seah-minlong"},"content":"public class ToDos extends Task {","lastModifiedDate":"2024-08-20","isFullCredit":false},{"lineNumber":5,"author":{"gitId":"seah-minlong"},"content":"","lastModifiedDate":"2024-08-20","isFullCredit":false},{"lineNumber":6,"author":{"gitId":"seah-minlong"},"content":"    public ToDos(String description) {","lastModifiedDate":"2024-08-20","isFullCredit":false},{"lineNumber":7,"author":{"gitId":"seah-minlong"},"content":"        super(description);","lastModifiedDate":"2024-08-20","isFullCredit":false},{"lineNumber":8,"author":{"gitId":"seah-minlong"},"content":"    }","lastModifiedDate":"2024-08-20","isFullCredit":false},{"lineNumber":9,"author":{"gitId":"seah-minlong"},"content":"","lastModifiedDate":"2024-08-20","isFullCredit":false},{"lineNumber":10,"author":{"gitId":"seah-minlong"},"content":"    public ToDos(String description, boolean isDone) {","lastModifiedDate":"2024-08-27","isFullCredit":false},{"lineNumber":11,"author":{"gitId":"seah-minlong"},"content":"        super(description);","lastModifiedDate":"2024-08-27","isFullCredit":false},{"lineNumber":12,"author":{"gitId":"seah-minlong"},"content":"        this.isDone \u003d isDone;","lastModifiedDate":"2024-08-27","isFullCredit":false},{"lineNumber":13,"author":{"gitId":"seah-minlong"},"content":"    }","lastModifiedDate":"2024-08-27","isFullCredit":false},{"lineNumber":14,"author":{"gitId":"seah-minlong"},"content":"","lastModifiedDate":"2024-08-27","isFullCredit":false},{"lineNumber":15,"author":{"gitId":"seah-minlong"},"content":"    @Override","lastModifiedDate":"2024-08-20","isFullCredit":false},{"lineNumber":16,"author":{"gitId":"seah-minlong"},"content":"    public String toString() {","lastModifiedDate":"2024-08-20","isFullCredit":false},{"lineNumber":17,"author":{"gitId":"seah-minlong"},"content":"        return \"[T]\" + super.toString();","lastModifiedDate":"2024-08-20","isFullCredit":false},{"lineNumber":18,"author":{"gitId":"seah-minlong"},"content":"    }","lastModifiedDate":"2024-08-20","isFullCredit":false},{"lineNumber":19,"author":{"gitId":"seah-minlong"},"content":"","lastModifiedDate":"2024-08-20","isFullCredit":false},{"lineNumber":20,"author":{"gitId":"seah-minlong"},"content":"    public static Task createTask(String input) throws AlfredException {","lastModifiedDate":"2024-08-20","isFullCredit":false},{"lineNumber":21,"author":{"gitId":"seah-minlong"},"content":"        String regex \u003d \"^todo\\\\s+(.+)$\";","lastModifiedDate":"2024-08-20","isFullCredit":false},{"lineNumber":22,"author":{"gitId":"seah-minlong"},"content":"        Pattern pattern \u003d Pattern.compile(regex);","lastModifiedDate":"2024-08-20","isFullCredit":false},{"lineNumber":23,"author":{"gitId":"seah-minlong"},"content":"        Matcher matcher \u003d pattern.matcher(input);","lastModifiedDate":"2024-08-20","isFullCredit":false},{"lineNumber":24,"author":{"gitId":"seah-minlong"},"content":"","lastModifiedDate":"2024-08-20","isFullCredit":false},{"lineNumber":25,"author":{"gitId":"seah-minlong"},"content":"        if (matcher.matches()) {","lastModifiedDate":"2024-08-20","isFullCredit":false},{"lineNumber":26,"author":{"gitId":"seah-minlong"},"content":"            String description \u003d matcher.group(1);","lastModifiedDate":"2024-08-20","isFullCredit":false},{"lineNumber":27,"author":{"gitId":"seah-minlong"},"content":"            return new ToDos(description);","lastModifiedDate":"2024-08-20","isFullCredit":false},{"lineNumber":28,"author":{"gitId":"seah-minlong"},"content":"        } else {","lastModifiedDate":"2024-08-20","isFullCredit":false},{"lineNumber":29,"author":{"gitId":"seah-minlong"},"content":"            throw new AlfredException(\"That is the wrong todo format Sir. It goes todo \u003ctask\u003e\");","lastModifiedDate":"2024-08-20","isFullCredit":false},{"lineNumber":30,"author":{"gitId":"seah-minlong"},"content":"        }","lastModifiedDate":"2024-08-20","isFullCredit":false},{"lineNumber":31,"author":{"gitId":"seah-minlong"},"content":"    }","lastModifiedDate":"2024-08-20","isFullCredit":false},{"lineNumber":32,"author":{"gitId":"seah-minlong"},"content":"","lastModifiedDate":"2024-08-27","isFullCredit":false},{"lineNumber":33,"author":{"gitId":"seah-minlong"},"content":"    @Override","lastModifiedDate":"2024-08-27","isFullCredit":false},{"lineNumber":34,"author":{"gitId":"seah-minlong"},"content":"    public String toFileFormat() {","lastModifiedDate":"2024-08-27","isFullCredit":false},{"lineNumber":35,"author":{"gitId":"seah-minlong"},"content":"        return \"T | \" + getStatusIcon() + \" | \" + description;","lastModifiedDate":"2024-08-27","isFullCredit":false},{"lineNumber":36,"author":{"gitId":"seah-minlong"},"content":"    }","lastModifiedDate":"2024-08-27","isFullCredit":false},{"lineNumber":37,"author":{"gitId":"seah-minlong"},"content":"}","lastModifiedDate":"2024-08-20","isFullCredit":false}],"authorContributionMap":{"seah-minlong":37}},{"path":"text-ui-test/input.txt","fileType":"txt","lines":[{"lineNumber":1,"author":{"gitId":"seah-minlong"},"content":"todo","lastModifiedDate":"2024-08-20","isFullCredit":false},{"lineNumber":2,"author":{"gitId":"seah-minlong"},"content":"blah","lastModifiedDate":"2024-08-20","isFullCredit":false},{"lineNumber":3,"author":{"gitId":"seah-minlong"},"content":"deadline","lastModifiedDate":"2024-08-20","isFullCredit":false},{"lineNumber":4,"author":{"gitId":"seah-minlong"},"content":"mark 2","lastModifiedDate":"2024-08-20","isFullCredit":false},{"lineNumber":5,"author":{"gitId":"seah-minlong"},"content":"deadline return Book","lastModifiedDate":"2024-08-20","isFullCredit":false},{"lineNumber":6,"author":{"gitId":"seah-minlong"},"content":"todo borrow book","lastModifiedDate":"2024-08-20","isFullCredit":false},{"lineNumber":7,"author":{"gitId":"seah-minlong"},"content":"list","lastModifiedDate":"2024-08-20","isFullCredit":false},{"lineNumber":8,"author":{"gitId":"seah-minlong"},"content":"deadline return book /by Sunday","lastModifiedDate":"2024-08-20","isFullCredit":false},{"lineNumber":9,"author":{"gitId":"seah-minlong"},"content":"event project meeting /from Mon 2pm /to 4pm","lastModifiedDate":"2024-08-20","isFullCredit":false},{"lineNumber":10,"author":{"gitId":"seah-minlong"},"content":"deadline do homework /by no idea :-p","lastModifiedDate":"2024-08-20","isFullCredit":false},{"lineNumber":11,"author":{"gitId":"seah-minlong"},"content":"list","lastModifiedDate":"2024-08-20","isFullCredit":false},{"lineNumber":12,"author":{"gitId":"seah-minlong"},"content":"mark 4","lastModifiedDate":"2024-08-20","isFullCredit":false},{"lineNumber":13,"author":{"gitId":"seah-minlong"},"content":"unmark 2","lastModifiedDate":"2024-08-20","isFullCredit":false},{"lineNumber":14,"author":{"gitId":"seah-minlong"},"content":"mark 5","lastModifiedDate":"2024-08-20","isFullCredit":false},{"lineNumber":15,"author":{"gitId":"seah-minlong"},"content":"list","lastModifiedDate":"2024-08-20","isFullCredit":false},{"lineNumber":16,"author":{"gitId":"seah-minlong"},"content":"unmark 4","lastModifiedDate":"2024-08-20","isFullCredit":false},{"lineNumber":17,"author":{"gitId":"seah-minlong"},"content":"list","lastModifiedDate":"2024-08-20","isFullCredit":false},{"lineNumber":18,"author":{"gitId":"seah-minlong"},"content":"delete 3","lastModifiedDate":"2024-08-20","isFullCredit":false},{"lineNumber":19,"author":{"gitId":"seah-minlong"},"content":"list","lastModifiedDate":"2024-08-20","isFullCredit":false},{"lineNumber":20,"author":{"gitId":"seah-minlong"},"content":"delete 8","lastModifiedDate":"2024-08-20","isFullCredit":false},{"lineNumber":21,"author":{"gitId":"seah-minlong"},"content":"list","lastModifiedDate":"2024-08-20","isFullCredit":false},{"lineNumber":22,"author":{"gitId":"seah-minlong"},"content":"bye","lastModifiedDate":"2024-08-20","isFullCredit":false}],"authorContributionMap":{"seah-minlong":22}},{"path":"text-ui-test/runtest.bat","fileType":"bat","lines":[{"lineNumber":1,"author":{"gitId":"-"},"content":"@ECHO OFF","lastModifiedDate":"2020-05-25","isFullCredit":false},{"lineNumber":2,"author":{"gitId":"-"},"content":"","lastModifiedDate":"2020-05-25","isFullCredit":false},{"lineNumber":3,"author":{"gitId":"-"},"content":"REM create bin directory if it doesn\u0027t exist","lastModifiedDate":"2020-05-25","isFullCredit":false},{"lineNumber":4,"author":{"gitId":"-"},"content":"if not exist ..\\bin mkdir ..\\bin","lastModifiedDate":"2020-05-25","isFullCredit":false},{"lineNumber":5,"author":{"gitId":"-"},"content":"","lastModifiedDate":"2020-05-25","isFullCredit":false},{"lineNumber":6,"author":{"gitId":"-"},"content":"REM delete output from previous run","lastModifiedDate":"2020-05-25","isFullCredit":false},{"lineNumber":7,"author":{"gitId":"-"},"content":"if exist ACTUAL.TXT del ACTUAL.TXT","lastModifiedDate":"2020-08-25","isFullCredit":false},{"lineNumber":8,"author":{"gitId":"-"},"content":"","lastModifiedDate":"2020-05-25","isFullCredit":false},{"lineNumber":9,"author":{"gitId":"-"},"content":"REM compile the code into the bin folder","lastModifiedDate":"2020-05-25","isFullCredit":false},{"lineNumber":10,"author":{"gitId":"-"},"content":"javac  -cp ..\\src\\main\\java -Xlint:none -d ..\\bin ..\\src\\main\\java\\*.java","lastModifiedDate":"2020-08-25","isFullCredit":false},{"lineNumber":11,"author":{"gitId":"-"},"content":"IF ERRORLEVEL 1 (","lastModifiedDate":"2020-05-25","isFullCredit":false},{"lineNumber":12,"author":{"gitId":"-"},"content":"    echo ********** BUILD FAILURE **********","lastModifiedDate":"2020-05-25","isFullCredit":false},{"lineNumber":13,"author":{"gitId":"-"},"content":"    exit /b 1","lastModifiedDate":"2020-05-25","isFullCredit":false},{"lineNumber":14,"author":{"gitId":"-"},"content":")","lastModifiedDate":"2020-05-25","isFullCredit":false},{"lineNumber":15,"author":{"gitId":"-"},"content":"REM no error here, errorlevel \u003d\u003d 0","lastModifiedDate":"2020-05-25","isFullCredit":false},{"lineNumber":16,"author":{"gitId":"-"},"content":"","lastModifiedDate":"2020-05-25","isFullCredit":false},{"lineNumber":17,"author":{"gitId":"-"},"content":"REM run the program, feed commands from input.txt file and redirect the output to the ACTUAL.TXT","lastModifiedDate":"2020-05-25","isFullCredit":false},{"lineNumber":18,"author":{"gitId":"seah-minlong"},"content":"java -classpath ..\\bin Alfred \u003c input.txt \u003e ACTUAL.TXT","lastModifiedDate":"2024-08-20","isFullCredit":false},{"lineNumber":19,"author":{"gitId":"-"},"content":"","lastModifiedDate":"2020-05-25","isFullCredit":false},{"lineNumber":20,"author":{"gitId":"-"},"content":"REM compare the output to the expected output","lastModifiedDate":"2020-05-25","isFullCredit":false},{"lineNumber":21,"author":{"gitId":"-"},"content":"FC ACTUAL.TXT EXPECTED.TXT","lastModifiedDate":"2020-05-25","isFullCredit":false}],"authorContributionMap":{"seah-minlong":1,"-":20}},{"path":"text-ui-test/runtest.sh","fileType":"sh","lines":[{"lineNumber":1,"author":{"gitId":"-"},"content":"#!/usr/bin/env bash","lastModifiedDate":"2020-05-25","isFullCredit":false},{"lineNumber":2,"author":{"gitId":"-"},"content":"","lastModifiedDate":"2020-05-25","isFullCredit":false},{"lineNumber":3,"author":{"gitId":"-"},"content":"# create bin directory if it doesn\u0027t exist","lastModifiedDate":"2020-05-25","isFullCredit":false},{"lineNumber":4,"author":{"gitId":"-"},"content":"if [ ! -d \"../bin\" ]","lastModifiedDate":"2020-05-25","isFullCredit":false},{"lineNumber":5,"author":{"gitId":"-"},"content":"then","lastModifiedDate":"2020-05-25","isFullCredit":false},{"lineNumber":6,"author":{"gitId":"-"},"content":"    mkdir ../bin","lastModifiedDate":"2020-05-25","isFullCredit":false},{"lineNumber":7,"author":{"gitId":"-"},"content":"fi","lastModifiedDate":"2020-05-25","isFullCredit":false},{"lineNumber":8,"author":{"gitId":"-"},"content":"","lastModifiedDate":"2020-05-25","isFullCredit":false},{"lineNumber":9,"author":{"gitId":"-"},"content":"# delete output from previous run","lastModifiedDate":"2020-05-25","isFullCredit":false},{"lineNumber":10,"author":{"gitId":"-"},"content":"if [ -e \"./ACTUAL.TXT\" ]","lastModifiedDate":"2020-05-25","isFullCredit":false},{"lineNumber":11,"author":{"gitId":"-"},"content":"then","lastModifiedDate":"2020-05-25","isFullCredit":false},{"lineNumber":12,"author":{"gitId":"-"},"content":"    rm ACTUAL.TXT","lastModifiedDate":"2020-05-25","isFullCredit":false},{"lineNumber":13,"author":{"gitId":"-"},"content":"fi","lastModifiedDate":"2020-05-25","isFullCredit":false},{"lineNumber":14,"author":{"gitId":"-"},"content":"","lastModifiedDate":"2020-05-25","isFullCredit":false},{"lineNumber":15,"author":{"gitId":"-"},"content":"# compile the code into the bin folder, terminates if error occurred","lastModifiedDate":"2020-05-25","isFullCredit":false},{"lineNumber":16,"author":{"gitId":"-"},"content":"if ! javac -cp ../src/main/java -Xlint:none -d ../bin ../src/main/java/*.java","lastModifiedDate":"2020-08-25","isFullCredit":false},{"lineNumber":17,"author":{"gitId":"-"},"content":"then","lastModifiedDate":"2020-05-25","isFullCredit":false},{"lineNumber":18,"author":{"gitId":"-"},"content":"    echo \"********** BUILD FAILURE **********\"","lastModifiedDate":"2020-05-25","isFullCredit":false},{"lineNumber":19,"author":{"gitId":"-"},"content":"    exit 1","lastModifiedDate":"2020-05-25","isFullCredit":false},{"lineNumber":20,"author":{"gitId":"-"},"content":"fi","lastModifiedDate":"2020-05-25","isFullCredit":false},{"lineNumber":21,"author":{"gitId":"-"},"content":"","lastModifiedDate":"2020-05-25","isFullCredit":false},{"lineNumber":22,"author":{"gitId":"-"},"content":"# run the program, feed commands from input.txt file and redirect the output to the ACTUAL.TXT","lastModifiedDate":"2020-05-25","isFullCredit":false},{"lineNumber":23,"author":{"gitId":"seah-minlong"},"content":"java -classpath ../bin Alfred \u003c input.txt \u003e ACTUAL.TXT","lastModifiedDate":"2024-08-20","isFullCredit":false},{"lineNumber":24,"author":{"gitId":"-"},"content":"","lastModifiedDate":"2020-05-25","isFullCredit":false},{"lineNumber":25,"author":{"gitId":"-"},"content":"# convert to UNIX format","lastModifiedDate":"2020-05-25","isFullCredit":false},{"lineNumber":26,"author":{"gitId":"-"},"content":"cp EXPECTED.TXT EXPECTED-UNIX.TXT","lastModifiedDate":"2020-05-25","isFullCredit":false},{"lineNumber":27,"author":{"gitId":"-"},"content":"dos2unix ACTUAL.TXT EXPECTED-UNIX.TXT","lastModifiedDate":"2020-05-25","isFullCredit":false},{"lineNumber":28,"author":{"gitId":"-"},"content":"","lastModifiedDate":"2020-05-25","isFullCredit":false},{"lineNumber":29,"author":{"gitId":"-"},"content":"# compare the output to the expected output","lastModifiedDate":"2020-05-25","isFullCredit":false},{"lineNumber":30,"author":{"gitId":"-"},"content":"diff ACTUAL.TXT EXPECTED-UNIX.TXT","lastModifiedDate":"2020-05-25","isFullCredit":false},{"lineNumber":31,"author":{"gitId":"-"},"content":"if [ $? -eq 0 ]","lastModifiedDate":"2020-05-25","isFullCredit":false},{"lineNumber":32,"author":{"gitId":"-"},"content":"then","lastModifiedDate":"2020-05-25","isFullCredit":false},{"lineNumber":33,"author":{"gitId":"-"},"content":"    echo \"Test result: PASSED\"","lastModifiedDate":"2020-05-25","isFullCredit":false},{"lineNumber":34,"author":{"gitId":"-"},"content":"    exit 0","lastModifiedDate":"2020-05-25","isFullCredit":false},{"lineNumber":35,"author":{"gitId":"-"},"content":"else","lastModifiedDate":"2020-05-25","isFullCredit":false},{"lineNumber":36,"author":{"gitId":"-"},"content":"    echo \"Test result: FAILED\"","lastModifiedDate":"2020-05-25","isFullCredit":false},{"lineNumber":37,"author":{"gitId":"-"},"content":"    exit 1","lastModifiedDate":"2020-05-25","isFullCredit":false},{"lineNumber":38,"author":{"gitId":"-"},"content":"fi","lastModifiedDate":"2020-05-25","isFullCredit":false}],"authorContributionMap":{"seah-minlong":1,"-":37}}]
