{"authorDailyContributionsMap":{"seah-minlong":[{"date":"2024-08-19","commitResults":[{"hash":"4a3a4e4a6f638777cd18aeac86ed6de34823281f","isMergeCommit":false,"messageTitle":"Replaced Duke with Alfred. Completed Level 0 implementation: Rename, Greet, Exit","messageBody":"","tags":["Level-0"],"fileTypesAndContributionMap":{"java":{"insertions":7,"deletions":10}}}]},{"date":"2024-08-20","commitResults":[{"hash":"3585daab262909621310e59306efb62426e30c2d","isMergeCommit":false,"messageTitle":"Alfred echos the commands entered by the user, and exits when the user types the command bye","messageBody":"","tags":["Level-1"],"fileTypesAndContributionMap":{"java":{"insertions":34,"deletions":3}}},{"hash":"d876acaf5726848fe3c195b21d80c17bfc559023","isMergeCommit":false,"messageTitle":"Add ability to store whatever text entered by the user and display them back to the user when requested.","messageBody":"","tags":["Level-2"],"fileTypesAndContributionMap":{"java":{"insertions":27,"deletions":5}}},{"hash":"54120a37fe1232a1d59ed632d9388d68a929633e","isMergeCommit":false,"messageTitle":"Add the ability to mark tasks as done and change status back to not done","messageBody":"- Implemented Task class\n","tags":["Level-3"],"fileTypesAndContributionMap":{"java":{"insertions":89,"deletions":19}}},{"hash":"bf1b7858dcd5f42615aaa3f689539c0134c5d8d0","isMergeCommit":false,"messageTitle":"Add support for tracking three types of tasks: ToDos, Deadlines, Events","messageBody":"","tags":["Level-4"],"fileTypesAndContributionMap":{"java":{"insertions":165,"deletions":42}}},{"hash":"0b958dee157cf52884938345d0341ccdce7e6ea2","isMergeCommit":false,"messageTitle":"Semi-automate testing of Alfred","messageBody":"","tags":["A-TextUiTesting"],"fileTypesAndContributionMap":{"txt":{"insertions":8,"deletions":0},"bat":{"insertions":1,"deletions":1},"sh":{"insertions":1,"deletions":1}}},{"hash":"9c4e621c304a2b007841e2a70c303fc32c98b2cb","isMergeCommit":false,"messageTitle":"Add error handling for incorrect inputs entered by the user","messageBody":"- Add class AlfredException for exceptions specific to Alfred\n","tags":["Level-5"],"fileTypesAndContributionMap":{"txt":{"insertions":12,"deletions":2},"java":{"insertions":62,"deletions":32}}},{"hash":"c4db97f78aa6d8a9116dc0345a6f9386b898954e","isMergeCommit":false,"messageTitle":"Add support for deleting tasks from the list","messageBody":"","tags":["Level-6"],"fileTypesAndContributionMap":{"txt":{"insertions":4,"deletions":0},"java":{"insertions":49,"deletions":22}}}]},{"date":"2024-08-27","commitResults":[{"hash":"c6998e768f2249956864fc1d8a559d67dc29aa3e","isMergeCommit":false,"messageTitle":"Update Alfred such that tasks can now be saved/loaded from the hard disk","messageBody":"","fileTypesAndContributionMap":{"java":{"insertions":146,"deletions":11}}},{"hash":"7f2626774cb1a38b8cadb2d9d18bf1902e6eaf4b","isMergeCommit":true,"messageTitle":"Merge branch \u0027branch-Level-7\u0027","messageBody":"","tags":["Level-7"],"fileTypesAndContributionMap":{}}]},{"date":"2024-08-28","commitResults":[{"hash":"612190cdbf102b000bab518be40b192ae32886b8","isMergeCommit":false,"messageTitle":"Update deadline Task to store deadline as LocalDate instead of String","messageBody":"","fileTypesAndContributionMap":{"txt":{"insertions":5,"deletions":3},"java":{"insertions":20,"deletions":8}}},{"hash":"84703e06b5ee41e7c355b595bbb7bad49750731f","isMergeCommit":true,"messageTitle":"Merge branch \u0027branch-Level-8\u0027","messageBody":"","tags":["Level-8"],"fileTypesAndContributionMap":{}},{"hash":"4e5f50c6cd14fb3de93cc30ae93179dae6016ac1","isMergeCommit":false,"messageTitle":"Update Events to use LocalDate instead of String","messageBody":"","fileTypesAndContributionMap":{"txt":{"insertions":2,"deletions":2},"java":{"insertions":25,"deletions":12}}},{"hash":"f73f7d9635e3619fe0f45e1d85e7111b619244b2","isMergeCommit":false,"messageTitle":"Update Alfred to have Storage and Ui classes","messageBody":"","fileTypesAndContributionMap":{"java":{"insertions":191,"deletions":124}}},{"hash":"cf6976f1ea15e08484e9b0883614a1d8853df427","isMergeCommit":false,"messageTitle":"Update Alfred to have Parser and TaskList classes","messageBody":"","fileTypesAndContributionMap":{"java":{"insertions":143,"deletions":113}}},{"hash":"ab159a1f7af39bf540883d3d2089135728d6cffc","isMergeCommit":true,"messageTitle":"Merge branch \u0027branch-A-MoreOOP\u0027","messageBody":"","tags":["A-MoreOOP"],"fileTypesAndContributionMap":{}}]},{"date":"2024-08-29","commitResults":[{"hash":"3cb541c9428d2917ed60b04eb5cfc15f6895960a","isMergeCommit":false,"messageTitle":"Update Alfred to divde classes into packages","messageBody":"","fileTypesAndContributionMap":{"java":{"insertions":49,"deletions":2},"bat":{"insertions":1,"deletions":1}}},{"hash":"1693598ce850a6b82ce1fb054f64e1ad0a7a8bf7","isMergeCommit":true,"messageTitle":"Merge branch \u0027branch-A-Packages\u0027","messageBody":"","tags":["A-Packages"],"fileTypesAndContributionMap":{}},{"hash":"d0f3c08b687d77ceb636d1898085a1793ea0f7bb","isMergeCommit":true,"messageTitle":"Merge branch \u0027add-gradle-support\u0027","messageBody":"","fileTypesAndContributionMap":{}},{"hash":"7f73254a97b4f8a0e835c045257df2b35aeea02b","isMergeCommit":false,"messageTitle":"Build and run Alfred using gradle","messageBody":"","tags":["A-Gradle"],"fileTypesAndContributionMap":{"gradle":{"insertions":2,"deletions":2},"java":{"insertions":39,"deletions":45}}},{"hash":"a3c9b15a538f291821c7acc736d4c841fc2a1355","isMergeCommit":false,"messageTitle":"Add JUnit tests for 2 different classes","messageBody":"","tags":["A-Jar","A-JUnit"],"fileTypesAndContributionMap":{"java":{"insertions":172,"deletions":0}}}]},{"date":"2024-08-30","commitResults":[{"hash":"e9b92373d2c2a5394df88a2260be4b90dbb7fa5a","isMergeCommit":false,"messageTitle":"Add header comments to classes/methods","messageBody":"","fileTypesAndContributionMap":{"java":{"insertions":388,"deletions":2}}},{"hash":"c881f65fc7e43562c711b3f926fc764ea23c8f00","isMergeCommit":false,"messageTitle":"Update code to comply with the coding standard","messageBody":"","fileTypesAndContributionMap":{"java":{"insertions":2,"deletions":1}}},{"hash":"022ad067e2827d26e4c8930b11a7e74ce9254ecc","isMergeCommit":false,"messageTitle":"Enable task search by keyword in description","messageBody":"","fileTypesAndContributionMap":{"java":{"insertions":56,"deletions":0}}},{"hash":"5e35fc2d2362fbc2312400273eba82b51ed8da8f","isMergeCommit":true,"messageTitle":"Merge branch \u0027branch-A-JavaDoc\u0027","messageBody":"","tags":["A-JavaDoc"],"fileTypesAndContributionMap":{}},{"hash":"a37941ebb3ccb7860148788d3421062cc72b8693","isMergeCommit":true,"messageTitle":"Merge branch \u0027branch-A-CodingStandard\u0027","messageBody":"","tags":["A-CodingStandard"],"fileTypesAndContributionMap":{}},{"hash":"44c274812e1af0fac83795df594c1678bd26fb56","isMergeCommit":true,"messageTitle":"Merge branch \u0027branch-Level-9\u0027","messageBody":"# Conflicts:\n#\tsrc/main/java/Alfred/task/Task.java\n#\tsrc/main/java/Alfred/ui/Ui.java\n\nResolution: Adjust comment placement and adding new comments.\n","tags":["Level-9"],"fileTypesAndContributionMap":{}},{"hash":"38c9adb3de67dbaa0f61aa51d31355d81bf3af7e","isMergeCommit":false,"messageTitle":"Update Alfred directory to alfred","messageBody":"","fileTypesAndContributionMap":{"java":{"insertions":0,"deletions":0}}}]}]},"authorFileTypeContributionMap":{"seah-minlong":{"java":1230,"md":0,"fxml":0,"sh":1,"bat":2,"gradle":2,"txt":24}},"authorContributionVariance":{"seah-minlong":51183.223},"authorDisplayNameMap":{"seah-minlong":"CS2103T-T16-3 SEAH..LONG"}}
