[{"path":"docs/README.md","fileType":"md","lines":[{"lineNumber":1,"author":{"gitId":"SlothyCat"},"content":"# Nimbus User Guide","lastModifiedDate":"2024-08-24","isFullCredit":false},{"lineNumber":2,"author":{"gitId":"-"},"content":"","lastModifiedDate":"2019-07-29","isFullCredit":false},{"lineNumber":3,"author":{"gitId":"-"},"content":"// Update the title above to match the actual product name","lastModifiedDate":"2024-01-07","isFullCredit":false},{"lineNumber":4,"author":{"gitId":"-"},"content":"","lastModifiedDate":"2019-07-29","isFullCredit":false},{"lineNumber":5,"author":{"gitId":"-"},"content":"// Product screenshot goes here","lastModifiedDate":"2024-01-07","isFullCredit":false},{"lineNumber":6,"author":{"gitId":"-"},"content":"","lastModifiedDate":"2021-07-17","isFullCredit":false},{"lineNumber":7,"author":{"gitId":"-"},"content":"// Product intro goes here","lastModifiedDate":"2024-01-07","isFullCredit":false},{"lineNumber":8,"author":{"gitId":"-"},"content":"","lastModifiedDate":"2021-07-17","isFullCredit":false},{"lineNumber":9,"author":{"gitId":"-"},"content":"## Adding deadlines","lastModifiedDate":"2024-01-07","isFullCredit":false},{"lineNumber":10,"author":{"gitId":"-"},"content":"","lastModifiedDate":"2021-07-17","isFullCredit":false},{"lineNumber":11,"author":{"gitId":"-"},"content":"// Describe the action and its outcome.","lastModifiedDate":"2024-01-07","isFullCredit":false},{"lineNumber":12,"author":{"gitId":"-"},"content":"","lastModifiedDate":"2019-07-29","isFullCredit":false},{"lineNumber":13,"author":{"gitId":"-"},"content":"// Give examples of usage","lastModifiedDate":"2024-01-07","isFullCredit":false},{"lineNumber":14,"author":{"gitId":"-"},"content":"","lastModifiedDate":"2019-07-29","isFullCredit":false},{"lineNumber":15,"author":{"gitId":"-"},"content":"Example: `keyword (optional arguments)`","lastModifiedDate":"2024-01-07","isFullCredit":false},{"lineNumber":16,"author":{"gitId":"-"},"content":"","lastModifiedDate":"2019-07-29","isFullCredit":false},{"lineNumber":17,"author":{"gitId":"-"},"content":"// A description of the expected outcome goes here","lastModifiedDate":"2024-01-07","isFullCredit":false},{"lineNumber":18,"author":{"gitId":"-"},"content":"","lastModifiedDate":"2019-07-29","isFullCredit":false},{"lineNumber":19,"author":{"gitId":"-"},"content":"```","lastModifiedDate":"2024-01-07","isFullCredit":false},{"lineNumber":20,"author":{"gitId":"-"},"content":"expected output","lastModifiedDate":"2024-01-07","isFullCredit":false},{"lineNumber":21,"author":{"gitId":"-"},"content":"```","lastModifiedDate":"2024-01-07","isFullCredit":false},{"lineNumber":22,"author":{"gitId":"-"},"content":"","lastModifiedDate":"2019-07-29","isFullCredit":false},{"lineNumber":23,"author":{"gitId":"SlothyCat"},"content":"## Level 0","lastModifiedDate":"2024-08-24","isFullCredit":false},{"lineNumber":24,"author":{"gitId":"-"},"content":"","lastModifiedDate":"2019-07-29","isFullCredit":false},{"lineNumber":25,"author":{"gitId":"SlothyCat"},"content":"Nimbus is now able to say hi and bye!","lastModifiedDate":"2024-08-24","isFullCredit":false},{"lineNumber":26,"author":{"gitId":"-"},"content":"","lastModifiedDate":"2024-08-24","isFullCredit":false},{"lineNumber":27,"author":{"gitId":"SlothyCat"},"content":"Check out the ASCII art when you start Nimbus!","lastModifiedDate":"2024-08-24","isFullCredit":false},{"lineNumber":28,"author":{"gitId":"-"},"content":"","lastModifiedDate":"2019-07-29","isFullCredit":false},{"lineNumber":29,"author":{"gitId":"-"},"content":"","lastModifiedDate":"2021-07-17","isFullCredit":false},{"lineNumber":30,"author":{"gitId":"SlothyCat"},"content":"## Level 1","lastModifiedDate":"2024-08-24","isFullCredit":false},{"lineNumber":31,"author":{"gitId":"-"},"content":"","lastModifiedDate":"2024-01-07","isFullCredit":false},{"lineNumber":32,"author":{"gitId":"SlothyCat"},"content":"Nimbus is mimicking you.","lastModifiedDate":"2024-08-24","isFullCredit":false},{"lineNumber":33,"author":{"gitId":"SlothyCat"},"content":"","lastModifiedDate":"2024-08-24","isFullCredit":false},{"lineNumber":34,"author":{"gitId":"SlothyCat"},"content":"## Level 2","lastModifiedDate":"2024-08-24","isFullCredit":false},{"lineNumber":35,"author":{"gitId":"SlothyCat"},"content":"","lastModifiedDate":"2024-08-24","isFullCredit":false},{"lineNumber":36,"author":{"gitId":"SlothyCat"},"content":"Nimbus can now add tasks into a list","lastModifiedDate":"2024-08-24","isFullCredit":false},{"lineNumber":37,"author":{"gitId":"SlothyCat"},"content":"","lastModifiedDate":"2024-08-24","isFullCredit":false},{"lineNumber":38,"author":{"gitId":"SlothyCat"},"content":"Nimbus can show you your list","lastModifiedDate":"2024-08-24","isFullCredit":false},{"lineNumber":39,"author":{"gitId":"SlothyCat"},"content":"","lastModifiedDate":"2024-08-25","isFullCredit":false},{"lineNumber":40,"author":{"gitId":"SlothyCat"},"content":"## Level 3","lastModifiedDate":"2024-08-25","isFullCredit":false},{"lineNumber":41,"author":{"gitId":"SlothyCat"},"content":"","lastModifiedDate":"2024-08-25","isFullCredit":false},{"lineNumber":42,"author":{"gitId":"SlothyCat"},"content":"Nimbus can mark tasks as completed or incomplete","lastModifiedDate":"2024-08-25","isFullCredit":false},{"lineNumber":43,"author":{"gitId":"SlothyCat"},"content":"","lastModifiedDate":"2024-08-25","isFullCredit":false},{"lineNumber":44,"author":{"gitId":"SlothyCat"},"content":"Nimbus will tell you if the task exist if it is out of range","lastModifiedDate":"2024-08-25","isFullCredit":false},{"lineNumber":45,"author":{"gitId":"SlothyCat"},"content":"","lastModifiedDate":"2024-08-25","isFullCredit":false},{"lineNumber":46,"author":{"gitId":"SlothyCat"},"content":"## Level 4","lastModifiedDate":"2024-08-25","isFullCredit":false},{"lineNumber":47,"author":{"gitId":"SlothyCat"},"content":"","lastModifiedDate":"2024-08-25","isFullCredit":false},{"lineNumber":48,"author":{"gitId":"SlothyCat"},"content":"Nimbus now knows how to handle todo, deadline and event task types","lastModifiedDate":"2024-08-25","isFullCredit":false}],"authorContributionMap":{"SlothyCat":22,"-":26}},{"path":"src/main/data/nimbus.txt","fileType":"txt","lines":[{"lineNumber":1,"author":{"gitId":"SlothyCat"},"content":"T | 1 | read book","lastModifiedDate":"2024-08-30","isFullCredit":false},{"lineNumber":2,"author":{"gitId":"SlothyCat"},"content":"D | 0 | return book | June 6th","lastModifiedDate":"2024-08-31","isFullCredit":false},{"lineNumber":3,"author":{"gitId":"SlothyCat"},"content":"T | 1 | join sports club","lastModifiedDate":"2024-08-30","isFullCredit":false},{"lineNumber":4,"author":{"gitId":"SlothyCat"},"content":"E | 0 | project meeting | Aug 6th 2pm-4pm","lastModifiedDate":"2024-08-31","isFullCredit":false}],"authorContributionMap":{"SlothyCat":4}},{"path":"src/main/java/DeadlineTask.java","fileType":"java","lines":[{"lineNumber":1,"author":{"gitId":"SlothyCat"},"content":"public class DeadlineTask extends Task {","lastModifiedDate":"2024-08-25","isFullCredit":false},{"lineNumber":2,"author":{"gitId":"SlothyCat"},"content":"    private String taskName;","lastModifiedDate":"2024-08-30","isFullCredit":false},{"lineNumber":3,"author":{"gitId":"SlothyCat"},"content":"    private String deadline;","lastModifiedDate":"2024-08-25","isFullCredit":false},{"lineNumber":4,"author":{"gitId":"SlothyCat"},"content":"","lastModifiedDate":"2024-08-30","isFullCredit":false},{"lineNumber":5,"author":{"gitId":"SlothyCat"},"content":"    public DeadlineTask(String taskName, String deadline) {","lastModifiedDate":"2024-08-25","isFullCredit":false},{"lineNumber":6,"author":{"gitId":"SlothyCat"},"content":"        super(taskName);","lastModifiedDate":"2024-08-25","isFullCredit":false},{"lineNumber":7,"author":{"gitId":"SlothyCat"},"content":"        this.taskName \u003d taskName;","lastModifiedDate":"2024-08-30","isFullCredit":false},{"lineNumber":8,"author":{"gitId":"SlothyCat"},"content":"        this.deadline \u003d deadline;","lastModifiedDate":"2024-08-30","isFullCredit":false},{"lineNumber":9,"author":{"gitId":"SlothyCat"},"content":"    }","lastModifiedDate":"2024-08-30","isFullCredit":false},{"lineNumber":10,"author":{"gitId":"SlothyCat"},"content":"","lastModifiedDate":"2024-08-30","isFullCredit":false},{"lineNumber":11,"author":{"gitId":"SlothyCat"},"content":"    public DeadlineTask(String taskName, boolean isCompleted, String deadline) {","lastModifiedDate":"2024-08-30","isFullCredit":false},{"lineNumber":12,"author":{"gitId":"SlothyCat"},"content":"        super(taskName, isCompleted);","lastModifiedDate":"2024-08-30","isFullCredit":false},{"lineNumber":13,"author":{"gitId":"SlothyCat"},"content":"        this.taskName \u003d taskName;","lastModifiedDate":"2024-08-30","isFullCredit":false},{"lineNumber":14,"author":{"gitId":"SlothyCat"},"content":"        this.deadline \u003d deadline;","lastModifiedDate":"2024-08-25","isFullCredit":false},{"lineNumber":15,"author":{"gitId":"SlothyCat"},"content":"    }","lastModifiedDate":"2024-08-25","isFullCredit":false},{"lineNumber":16,"author":{"gitId":"SlothyCat"},"content":"","lastModifiedDate":"2024-08-25","isFullCredit":false},{"lineNumber":17,"author":{"gitId":"SlothyCat"},"content":"    @Override","lastModifiedDate":"2024-08-30","isFullCredit":false},{"lineNumber":18,"author":{"gitId":"SlothyCat"},"content":"    public String toFileFormat() {","lastModifiedDate":"2024-08-30","isFullCredit":false},{"lineNumber":19,"author":{"gitId":"SlothyCat"},"content":"        return \"D | \" + (super.isCompleted() ? \"1\" : \"0\") + \" | \"","lastModifiedDate":"2024-08-30","isFullCredit":false},{"lineNumber":20,"author":{"gitId":"SlothyCat"},"content":"                + this.taskName + \" | \" + deadline;","lastModifiedDate":"2024-08-30","isFullCredit":false},{"lineNumber":21,"author":{"gitId":"SlothyCat"},"content":"    }","lastModifiedDate":"2024-08-30","isFullCredit":false},{"lineNumber":22,"author":{"gitId":"SlothyCat"},"content":"","lastModifiedDate":"2024-08-30","isFullCredit":false},{"lineNumber":23,"author":{"gitId":"SlothyCat"},"content":"    @Override","lastModifiedDate":"2024-08-25","isFullCredit":false},{"lineNumber":24,"author":{"gitId":"SlothyCat"},"content":"    public String toString() {","lastModifiedDate":"2024-08-25","isFullCredit":false},{"lineNumber":25,"author":{"gitId":"SlothyCat"},"content":"        return \"[D]\" + super.toString() + \" (by: \" + this.deadline + \")\";","lastModifiedDate":"2024-08-25","isFullCredit":false},{"lineNumber":26,"author":{"gitId":"SlothyCat"},"content":"    }","lastModifiedDate":"2024-08-25","isFullCredit":false},{"lineNumber":27,"author":{"gitId":"SlothyCat"},"content":"}","lastModifiedDate":"2024-08-25","isFullCredit":false}],"authorContributionMap":{"SlothyCat":27}},{"path":"src/main/java/EventTask.java","fileType":"java","lines":[{"lineNumber":1,"author":{"gitId":"SlothyCat"},"content":"public class EventTask extends Task {","lastModifiedDate":"2024-08-25","isFullCredit":false},{"lineNumber":2,"author":{"gitId":"SlothyCat"},"content":"    private String taskName;","lastModifiedDate":"2024-08-30","isFullCredit":false},{"lineNumber":3,"author":{"gitId":"SlothyCat"},"content":"    private String startTime;","lastModifiedDate":"2024-08-25","isFullCredit":false},{"lineNumber":4,"author":{"gitId":"SlothyCat"},"content":"    private String endTime;","lastModifiedDate":"2024-08-25","isFullCredit":false},{"lineNumber":5,"author":{"gitId":"SlothyCat"},"content":"","lastModifiedDate":"2024-08-25","isFullCredit":false},{"lineNumber":6,"author":{"gitId":"SlothyCat"},"content":"    public EventTask(String taskName, String startTime, String endTime) {","lastModifiedDate":"2024-08-25","isFullCredit":false},{"lineNumber":7,"author":{"gitId":"SlothyCat"},"content":"        super(taskName);","lastModifiedDate":"2024-08-25","isFullCredit":false},{"lineNumber":8,"author":{"gitId":"SlothyCat"},"content":"        this.taskName \u003d taskName;","lastModifiedDate":"2024-08-30","isFullCredit":false},{"lineNumber":9,"author":{"gitId":"SlothyCat"},"content":"        this.startTime \u003d startTime;","lastModifiedDate":"2024-08-25","isFullCredit":false},{"lineNumber":10,"author":{"gitId":"SlothyCat"},"content":"        this.endTime \u003d endTime;","lastModifiedDate":"2024-08-25","isFullCredit":false},{"lineNumber":11,"author":{"gitId":"SlothyCat"},"content":"    }","lastModifiedDate":"2024-08-25","isFullCredit":false},{"lineNumber":12,"author":{"gitId":"SlothyCat"},"content":"","lastModifiedDate":"2024-08-25","isFullCredit":false},{"lineNumber":13,"author":{"gitId":"SlothyCat"},"content":"    public EventTask(String taskName, boolean isCompleted, String startTime, String endTime) {","lastModifiedDate":"2024-08-30","isFullCredit":false},{"lineNumber":14,"author":{"gitId":"SlothyCat"},"content":"        super(taskName, isCompleted);","lastModifiedDate":"2024-08-30","isFullCredit":false},{"lineNumber":15,"author":{"gitId":"SlothyCat"},"content":"        this.taskName \u003d taskName;","lastModifiedDate":"2024-08-30","isFullCredit":false},{"lineNumber":16,"author":{"gitId":"SlothyCat"},"content":"        this.startTime \u003d startTime;","lastModifiedDate":"2024-08-30","isFullCredit":false},{"lineNumber":17,"author":{"gitId":"SlothyCat"},"content":"        this.endTime \u003d endTime;","lastModifiedDate":"2024-08-30","isFullCredit":false},{"lineNumber":18,"author":{"gitId":"SlothyCat"},"content":"    }","lastModifiedDate":"2024-08-30","isFullCredit":false},{"lineNumber":19,"author":{"gitId":"SlothyCat"},"content":"","lastModifiedDate":"2024-08-30","isFullCredit":false},{"lineNumber":20,"author":{"gitId":"SlothyCat"},"content":"    @Override","lastModifiedDate":"2024-08-30","isFullCredit":false},{"lineNumber":21,"author":{"gitId":"SlothyCat"},"content":"    public String toFileFormat() {","lastModifiedDate":"2024-08-30","isFullCredit":false},{"lineNumber":22,"author":{"gitId":"SlothyCat"},"content":"        return \"E | \" + (super.isCompleted() ? \"1\" : \"0\") + \" | \"","lastModifiedDate":"2024-08-30","isFullCredit":false},{"lineNumber":23,"author":{"gitId":"SlothyCat"},"content":"                + taskName + \" | \" + startTime + \"-\" + endTime;","lastModifiedDate":"2024-08-31","isFullCredit":false},{"lineNumber":24,"author":{"gitId":"SlothyCat"},"content":"    }","lastModifiedDate":"2024-08-30","isFullCredit":false},{"lineNumber":25,"author":{"gitId":"SlothyCat"},"content":"","lastModifiedDate":"2024-08-30","isFullCredit":false},{"lineNumber":26,"author":{"gitId":"SlothyCat"},"content":"","lastModifiedDate":"2024-08-30","isFullCredit":false},{"lineNumber":27,"author":{"gitId":"SlothyCat"},"content":"    @Override","lastModifiedDate":"2024-08-25","isFullCredit":false},{"lineNumber":28,"author":{"gitId":"SlothyCat"},"content":"    public String toString() {","lastModifiedDate":"2024-08-25","isFullCredit":false},{"lineNumber":29,"author":{"gitId":"SlothyCat"},"content":"        return \"[E]\" + super.toString() + \" from: \" + this.startTime + \" to: \" + this.endTime;","lastModifiedDate":"2024-08-25","isFullCredit":false},{"lineNumber":30,"author":{"gitId":"SlothyCat"},"content":"    }","lastModifiedDate":"2024-08-25","isFullCredit":false},{"lineNumber":31,"author":{"gitId":"SlothyCat"},"content":"}","lastModifiedDate":"2024-08-25","isFullCredit":false}],"authorContributionMap":{"SlothyCat":31}},{"path":"src/main/java/MissingDeadlineException.java","fileType":"java","lines":[{"lineNumber":1,"author":{"gitId":"SlothyCat"},"content":"public class MissingDeadlineException extends Exception {","lastModifiedDate":"2024-08-26","isFullCredit":false},{"lineNumber":2,"author":{"gitId":"SlothyCat"},"content":"    private static String horizontalLine \u003d \"\\n-------------------------------------------------\";","lastModifiedDate":"2024-08-26","isFullCredit":false},{"lineNumber":3,"author":{"gitId":"SlothyCat"},"content":"","lastModifiedDate":"2024-08-26","isFullCredit":false},{"lineNumber":4,"author":{"gitId":"SlothyCat"},"content":"    public MissingDeadlineException() {","lastModifiedDate":"2024-08-26","isFullCredit":false},{"lineNumber":5,"author":{"gitId":"SlothyCat"},"content":"        super(\"Nimbus noticed that you did not include a deadline! Use /by!\" + horizontalLine);","lastModifiedDate":"2024-08-26","isFullCredit":false},{"lineNumber":6,"author":{"gitId":"SlothyCat"},"content":"    }","lastModifiedDate":"2024-08-26","isFullCredit":false},{"lineNumber":7,"author":{"gitId":"SlothyCat"},"content":"","lastModifiedDate":"2024-08-26","isFullCredit":false},{"lineNumber":8,"author":{"gitId":"SlothyCat"},"content":"    @Override","lastModifiedDate":"2024-08-26","isFullCredit":false},{"lineNumber":9,"author":{"gitId":"SlothyCat"},"content":"    public String toString() {","lastModifiedDate":"2024-08-26","isFullCredit":false},{"lineNumber":10,"author":{"gitId":"SlothyCat"},"content":"        return this.getMessage();","lastModifiedDate":"2024-08-26","isFullCredit":false},{"lineNumber":11,"author":{"gitId":"SlothyCat"},"content":"    }","lastModifiedDate":"2024-08-26","isFullCredit":false},{"lineNumber":12,"author":{"gitId":"SlothyCat"},"content":"}","lastModifiedDate":"2024-08-26","isFullCredit":false}],"authorContributionMap":{"SlothyCat":12}},{"path":"src/main/java/MissingDescriptionException.java","fileType":"java","lines":[{"lineNumber":1,"author":{"gitId":"SlothyCat"},"content":"public class MissingDescriptionException extends Exception {","lastModifiedDate":"2024-08-26","isFullCredit":false},{"lineNumber":2,"author":{"gitId":"SlothyCat"},"content":"    private static String horizontalLine \u003d \"\\n-------------------------------------------------\";","lastModifiedDate":"2024-08-26","isFullCredit":false},{"lineNumber":3,"author":{"gitId":"SlothyCat"},"content":"    public MissingDescriptionException(String taskName) {","lastModifiedDate":"2024-08-26","isFullCredit":false},{"lineNumber":4,"author":{"gitId":"SlothyCat"},"content":"        super(\"Oh noo, you cant leave the description of \" + taskName +","lastModifiedDate":"2024-08-26","isFullCredit":false},{"lineNumber":5,"author":{"gitId":"SlothyCat"},"content":"                \" empty!!\" + horizontalLine);","lastModifiedDate":"2024-08-26","isFullCredit":false},{"lineNumber":6,"author":{"gitId":"SlothyCat"},"content":"    }","lastModifiedDate":"2024-08-26","isFullCredit":false},{"lineNumber":7,"author":{"gitId":"SlothyCat"},"content":"","lastModifiedDate":"2024-08-26","isFullCredit":false},{"lineNumber":8,"author":{"gitId":"SlothyCat"},"content":"    @Override","lastModifiedDate":"2024-08-26","isFullCredit":false},{"lineNumber":9,"author":{"gitId":"SlothyCat"},"content":"    public String toString() {","lastModifiedDate":"2024-08-26","isFullCredit":false},{"lineNumber":10,"author":{"gitId":"SlothyCat"},"content":"        return this.getMessage();","lastModifiedDate":"2024-08-26","isFullCredit":false},{"lineNumber":11,"author":{"gitId":"SlothyCat"},"content":"    }","lastModifiedDate":"2024-08-26","isFullCredit":false},{"lineNumber":12,"author":{"gitId":"SlothyCat"},"content":"}","lastModifiedDate":"2024-08-26","isFullCredit":false}],"authorContributionMap":{"SlothyCat":12}},{"path":"src/main/java/MissingStartEndTimeException.java","fileType":"java","lines":[{"lineNumber":1,"author":{"gitId":"SlothyCat"},"content":"public class MissingStartEndTimeException extends Exception {","lastModifiedDate":"2024-08-26","isFullCredit":false},{"lineNumber":2,"author":{"gitId":"SlothyCat"},"content":"    private static String horizontalLine \u003d \"\\n-------------------------------------------------\";","lastModifiedDate":"2024-08-26","isFullCredit":false},{"lineNumber":3,"author":{"gitId":"SlothyCat"},"content":"    private String missing;","lastModifiedDate":"2024-08-26","isFullCredit":false},{"lineNumber":4,"author":{"gitId":"SlothyCat"},"content":"","lastModifiedDate":"2024-08-26","isFullCredit":false},{"lineNumber":5,"author":{"gitId":"SlothyCat"},"content":"    public MissingStartEndTimeException(String missing) {","lastModifiedDate":"2024-08-26","isFullCredit":false},{"lineNumber":6,"author":{"gitId":"SlothyCat"},"content":"        super(\"Nimbus noticed that you did not include the \" + missing + horizontalLine);","lastModifiedDate":"2024-08-26","isFullCredit":false},{"lineNumber":7,"author":{"gitId":"SlothyCat"},"content":"    }","lastModifiedDate":"2024-08-26","isFullCredit":false},{"lineNumber":8,"author":{"gitId":"SlothyCat"},"content":"","lastModifiedDate":"2024-08-26","isFullCredit":false},{"lineNumber":9,"author":{"gitId":"SlothyCat"},"content":"    @Override","lastModifiedDate":"2024-08-26","isFullCredit":false},{"lineNumber":10,"author":{"gitId":"SlothyCat"},"content":"    public String toString() {","lastModifiedDate":"2024-08-26","isFullCredit":false},{"lineNumber":11,"author":{"gitId":"SlothyCat"},"content":"        return this.getMessage();","lastModifiedDate":"2024-08-26","isFullCredit":false},{"lineNumber":12,"author":{"gitId":"SlothyCat"},"content":"    }","lastModifiedDate":"2024-08-26","isFullCredit":false},{"lineNumber":13,"author":{"gitId":"SlothyCat"},"content":"}","lastModifiedDate":"2024-08-26","isFullCredit":false}],"authorContributionMap":{"SlothyCat":13}},{"path":"src/main/java/Nimbus.java","fileType":"java","lines":[{"lineNumber":1,"author":{"gitId":"SlothyCat"},"content":"import java.io.*;","lastModifiedDate":"2024-08-30","isFullCredit":false},{"lineNumber":2,"author":{"gitId":"SlothyCat"},"content":"","lastModifiedDate":"2024-08-30","isFullCredit":false},{"lineNumber":3,"author":{"gitId":"SlothyCat"},"content":"import java.util.ArrayList;","lastModifiedDate":"2024-08-30","isFullCredit":false},{"lineNumber":4,"author":{"gitId":"SlothyCat"},"content":"import java.util.Scanner;","lastModifiedDate":"2024-08-24","isFullCredit":false},{"lineNumber":5,"author":{"gitId":"SlothyCat"},"content":"import java.util.logging.Logger;","lastModifiedDate":"2024-08-30","isFullCredit":false},{"lineNumber":6,"author":{"gitId":"SlothyCat"},"content":"import java.util.logging.Level;","lastModifiedDate":"2024-08-30","isFullCredit":false},{"lineNumber":7,"author":{"gitId":"SlothyCat"},"content":"","lastModifiedDate":"2024-08-24","isFullCredit":false},{"lineNumber":8,"author":{"gitId":"SlothyCat"},"content":"public class Nimbus {","lastModifiedDate":"2024-08-30","isFullCredit":false},{"lineNumber":9,"author":{"gitId":"SlothyCat"},"content":"    // Came up with the name and used an online ASCII art generator","lastModifiedDate":"2024-08-24","isFullCredit":false},{"lineNumber":10,"author":{"gitId":"SlothyCat"},"content":"    // Generator: https://patorjk.com/software/taag/#p\u003ddisplay\u0026h\u003d0\u0026v\u003d0\u0026f\u003dGhost\u0026t\u003dnimbus","lastModifiedDate":"2024-08-24","isFullCredit":false},{"lineNumber":11,"author":{"gitId":"SlothyCat"},"content":"    private static String logo \u003d \"\\n\" +","lastModifiedDate":"2024-08-30","isFullCredit":false},{"lineNumber":12,"author":{"gitId":"SlothyCat"},"content":"            \"     .-\u0027) _             _   .-\u0027)    .-. .-\u0027)                  .-\u0027)    \\n\" +","lastModifiedDate":"2024-08-24","isFullCredit":false},{"lineNumber":13,"author":{"gitId":"SlothyCat"},"content":"            \"    ( OO ) )           ( \u0027.( OO )_  \\\\  ( OO )                ( OO ).  \\n\" +","lastModifiedDate":"2024-08-24","isFullCredit":false},{"lineNumber":14,"author":{"gitId":"SlothyCat"},"content":"            \",--./ ,--,\u0027    ,-.-\u0027)   ,--.   ,--.) ;-----.\\\\   ,--. ,--.   (_)---\\\\_) \\n\" +","lastModifiedDate":"2024-08-24","isFullCredit":false},{"lineNumber":15,"author":{"gitId":"SlothyCat"},"content":"            \"|   \\\\ |  |\\\\    |  |OO)  |   `.\u0027   |  | .-.  |   |  | |  |   /    _ |  \\n\" +","lastModifiedDate":"2024-08-24","isFullCredit":false},{"lineNumber":16,"author":{"gitId":"SlothyCat"},"content":"            \"|    \\\\|  | )   |  |  \\\\  |         |  | \u0027-\u0027 /_)  |  | | .-\u0027) \\\\  :` `.  \\n\" +","lastModifiedDate":"2024-08-24","isFullCredit":false},{"lineNumber":17,"author":{"gitId":"SlothyCat"},"content":"            \"|  .     |/    |  |(_/  |  |\u0027.\u0027|  |  | .-. `.   |  |_|( OO ) \u0027..`\u0027\u0027.) \\n\" +","lastModifiedDate":"2024-08-24","isFullCredit":false},{"lineNumber":18,"author":{"gitId":"SlothyCat"},"content":"            \"|  |\\\\    |    ,|  |_.\u0027  |  |   |  |  | |  \\\\  |  |  | | `-\u0027 /.-._)   \\\\ \\n\" +","lastModifiedDate":"2024-08-24","isFullCredit":false},{"lineNumber":19,"author":{"gitId":"SlothyCat"},"content":"            \"|  | \\\\   |   (_|  |     |  |   |  |  | \u0027--\u0027  / (\u0027  \u0027-\u0027(_.-\u0027 \\\\       / \\n\" +","lastModifiedDate":"2024-08-24","isFullCredit":false},{"lineNumber":20,"author":{"gitId":"SlothyCat"},"content":"            \"`--\u0027  `--\u0027     `--\u0027     `--\u0027   `--\u0027  `------\u0027    `-----\u0027     `-----\u0027  \\n\";","lastModifiedDate":"2024-08-24","isFullCredit":false},{"lineNumber":21,"author":{"gitId":"SlothyCat"},"content":"","lastModifiedDate":"2024-08-24","isFullCredit":false},{"lineNumber":22,"author":{"gitId":"SlothyCat"},"content":"    private static final String horizontalLine \u003d \"\\n-------------------------------------------------\";","lastModifiedDate":"2024-08-30","isFullCredit":false},{"lineNumber":23,"author":{"gitId":"SlothyCat"},"content":"    private static final String welcomeMessage \u003d \"Hello from \\n\" + logo + horizontalLine +","lastModifiedDate":"2024-08-30","isFullCredit":false},{"lineNumber":24,"author":{"gitId":"SlothyCat"},"content":"            \" \\nHow can I help you today~ UwU\" + horizontalLine;;","lastModifiedDate":"2024-08-30","isFullCredit":false},{"lineNumber":25,"author":{"gitId":"SlothyCat"},"content":"    private static final String endingMessage \u003d \"BAIBAI! NIMBUS WEEEEEEEEE\" + horizontalLine;","lastModifiedDate":"2024-08-30","isFullCredit":false},{"lineNumber":26,"author":{"gitId":"SlothyCat"},"content":"","lastModifiedDate":"2024-08-30","isFullCredit":false},{"lineNumber":27,"author":{"gitId":"SlothyCat"},"content":"","lastModifiedDate":"2024-08-24","isFullCredit":false},{"lineNumber":28,"author":{"gitId":"SlothyCat"},"content":"    private static final Logger logger \u003d Logger.getLogger(Nimbus.class.getName());","lastModifiedDate":"2024-08-30","isFullCredit":false},{"lineNumber":29,"author":{"gitId":"SlothyCat"},"content":"    private static Scanner scanner \u003d new Scanner(System.in);","lastModifiedDate":"2024-08-30","isFullCredit":false},{"lineNumber":30,"author":{"gitId":"SlothyCat"},"content":"    private static TaskList taskList \u003d new TaskList();","lastModifiedDate":"2024-08-30","isFullCredit":false},{"lineNumber":31,"author":{"gitId":"SlothyCat"},"content":"    private static final String filepath \u003d \"src/main/data/nimbus.txt\";","lastModifiedDate":"2024-08-30","isFullCredit":false},{"lineNumber":32,"author":{"gitId":"SlothyCat"},"content":"    private static final String dirpath \u003d \"src/main/data\";","lastModifiedDate":"2024-08-30","isFullCredit":false},{"lineNumber":33,"author":{"gitId":"SlothyCat"},"content":"    private static Storage storage \u003d new Storage(filepath, dirpath);","lastModifiedDate":"2024-08-30","isFullCredit":false},{"lineNumber":34,"author":{"gitId":"SlothyCat"},"content":"","lastModifiedDate":"2024-08-30","isFullCredit":false},{"lineNumber":35,"author":{"gitId":"SlothyCat"},"content":"    private static ArrayList\u003cTask\u003e tasks \u003d taskList.getTaskList();","lastModifiedDate":"2024-08-30","isFullCredit":false},{"lineNumber":36,"author":{"gitId":"SlothyCat"},"content":"","lastModifiedDate":"2024-08-30","isFullCredit":false},{"lineNumber":37,"author":{"gitId":"SlothyCat"},"content":"    public static void main(String[] args)","lastModifiedDate":"2024-08-30","isFullCredit":false},{"lineNumber":38,"author":{"gitId":"SlothyCat"},"content":"            throws WrongInputException, MissingDescriptionException,","lastModifiedDate":"2024-08-30","isFullCredit":false},{"lineNumber":39,"author":{"gitId":"SlothyCat"},"content":"            MissingDeadlineException, MissingStartEndTimeException, IOException {","lastModifiedDate":"2024-08-30","isFullCredit":false},{"lineNumber":40,"author":{"gitId":"SlothyCat"},"content":"","lastModifiedDate":"2024-08-30","isFullCredit":false},{"lineNumber":41,"author":{"gitId":"SlothyCat"},"content":"        System.out.println(welcomeMessage);","lastModifiedDate":"2024-08-30","isFullCredit":false},{"lineNumber":42,"author":{"gitId":"SlothyCat"},"content":"        Storage.createFile();","lastModifiedDate":"2024-08-30","isFullCredit":false},{"lineNumber":43,"author":{"gitId":"SlothyCat"},"content":"        Storage.loadFile(taskList);","lastModifiedDate":"2024-08-30","isFullCredit":false},{"lineNumber":44,"author":{"gitId":"SlothyCat"},"content":"","lastModifiedDate":"2024-08-24","isFullCredit":false},{"lineNumber":45,"author":{"gitId":"SlothyCat"},"content":"        String userInput \u003d\"\";","lastModifiedDate":"2024-08-24","isFullCredit":false},{"lineNumber":46,"author":{"gitId":"SlothyCat"},"content":"","lastModifiedDate":"2024-08-24","isFullCredit":false},{"lineNumber":47,"author":{"gitId":"SlothyCat"},"content":"        while (!userInput.equals(\"bye\")) {","lastModifiedDate":"2024-08-24","isFullCredit":false},{"lineNumber":48,"author":{"gitId":"SlothyCat"},"content":"            userInput \u003d scanner.nextLine();","lastModifiedDate":"2024-08-24","isFullCredit":false},{"lineNumber":49,"author":{"gitId":"SlothyCat"},"content":"            if (userInput.equals(\"bye\")) {","lastModifiedDate":"2024-08-24","isFullCredit":false},{"lineNumber":50,"author":{"gitId":"SlothyCat"},"content":"                Storage.updateFile(tasks);","lastModifiedDate":"2024-08-30","isFullCredit":false},{"lineNumber":51,"author":{"gitId":"SlothyCat"},"content":"                System.out.println(\"Nimbus: \" + endingMessage);","lastModifiedDate":"2024-08-24","isFullCredit":false},{"lineNumber":52,"author":{"gitId":"SlothyCat"},"content":"            } else if (userInput.equals(\"list\")) {","lastModifiedDate":"2024-08-24","isFullCredit":false},{"lineNumber":53,"author":{"gitId":"SlothyCat"},"content":"                taskList.toString();","lastModifiedDate":"2024-08-24","isFullCredit":false},{"lineNumber":54,"author":{"gitId":"SlothyCat"},"content":"            } else if (userInput.startsWith(\"mark \")) {","lastModifiedDate":"2024-08-25","isFullCredit":false},{"lineNumber":55,"author":{"gitId":"SlothyCat"},"content":"                int x \u003d Integer.parseInt(userInput.substring(5).trim());","lastModifiedDate":"2024-08-25","isFullCredit":false},{"lineNumber":56,"author":{"gitId":"SlothyCat"},"content":"                taskList.completeTask(x - 1);","lastModifiedDate":"2024-08-25","isFullCredit":false},{"lineNumber":57,"author":{"gitId":"SlothyCat"},"content":"            } else if (userInput.startsWith(\"unmark \")) {","lastModifiedDate":"2024-08-25","isFullCredit":false},{"lineNumber":58,"author":{"gitId":"SlothyCat"},"content":"                int x \u003d Integer.parseInt(userInput.substring(7).trim());","lastModifiedDate":"2024-08-25","isFullCredit":false},{"lineNumber":59,"author":{"gitId":"SlothyCat"},"content":"                taskList.incompleteTask(x - 1);","lastModifiedDate":"2024-08-25","isFullCredit":false},{"lineNumber":60,"author":{"gitId":"SlothyCat"},"content":"            } else if (userInput.startsWith(\"delete \")) {","lastModifiedDate":"2024-08-26","isFullCredit":false},{"lineNumber":61,"author":{"gitId":"SlothyCat"},"content":"                int x \u003d Integer.parseInt(userInput.substring(7).trim());","lastModifiedDate":"2024-08-26","isFullCredit":false},{"lineNumber":62,"author":{"gitId":"SlothyCat"},"content":"                taskList.deleteTask(x - 1);","lastModifiedDate":"2024-08-26","isFullCredit":false},{"lineNumber":63,"author":{"gitId":"SlothyCat"},"content":"            } else {","lastModifiedDate":"2024-08-24","isFullCredit":false},{"lineNumber":64,"author":{"gitId":"SlothyCat"},"content":"                taskList.addTask(userInput);","lastModifiedDate":"2024-08-24","isFullCredit":false},{"lineNumber":65,"author":{"gitId":"SlothyCat"},"content":"            }","lastModifiedDate":"2024-08-24","isFullCredit":false},{"lineNumber":66,"author":{"gitId":"SlothyCat"},"content":"        }","lastModifiedDate":"2024-08-24","isFullCredit":false},{"lineNumber":67,"author":{"gitId":"SlothyCat"},"content":"        scanner.close();","lastModifiedDate":"2024-08-24","isFullCredit":false},{"lineNumber":68,"author":{"gitId":"SlothyCat"},"content":"    }","lastModifiedDate":"2024-08-24","isFullCredit":false},{"lineNumber":69,"author":{"gitId":"SlothyCat"},"content":"}","lastModifiedDate":"2024-08-24","isFullCredit":false}],"authorContributionMap":{"SlothyCat":69}},{"path":"src/main/java/Storage.java","fileType":"java","lines":[{"lineNumber":1,"author":{"gitId":"SlothyCat"},"content":"import java.io.*;","lastModifiedDate":"2024-08-30","isFullCredit":false},{"lineNumber":2,"author":{"gitId":"SlothyCat"},"content":"import java.util.ArrayList;","lastModifiedDate":"2024-08-30","isFullCredit":false},{"lineNumber":3,"author":{"gitId":"SlothyCat"},"content":"import java.util.logging.Level;","lastModifiedDate":"2024-08-30","isFullCredit":false},{"lineNumber":4,"author":{"gitId":"SlothyCat"},"content":"import java.util.logging.Logger;","lastModifiedDate":"2024-08-30","isFullCredit":false},{"lineNumber":5,"author":{"gitId":"SlothyCat"},"content":"","lastModifiedDate":"2024-08-30","isFullCredit":false},{"lineNumber":6,"author":{"gitId":"SlothyCat"},"content":"public class Storage {","lastModifiedDate":"2024-08-30","isFullCredit":false},{"lineNumber":7,"author":{"gitId":"SlothyCat"},"content":"    private static String filepath;","lastModifiedDate":"2024-08-30","isFullCredit":false},{"lineNumber":8,"author":{"gitId":"SlothyCat"},"content":"    private static String dirpath;","lastModifiedDate":"2024-08-30","isFullCredit":false},{"lineNumber":9,"author":{"gitId":"SlothyCat"},"content":"    private static final Logger logger \u003d Logger.getLogger(Nimbus.class.getName());","lastModifiedDate":"2024-08-30","isFullCredit":false},{"lineNumber":10,"author":{"gitId":"SlothyCat"},"content":"","lastModifiedDate":"2024-08-30","isFullCredit":false},{"lineNumber":11,"author":{"gitId":"SlothyCat"},"content":"    public Storage(String filepath, String dirpath) {","lastModifiedDate":"2024-08-30","isFullCredit":false},{"lineNumber":12,"author":{"gitId":"SlothyCat"},"content":"        this.filepath \u003d filepath;","lastModifiedDate":"2024-08-30","isFullCredit":false},{"lineNumber":13,"author":{"gitId":"SlothyCat"},"content":"        this.dirpath \u003d dirpath;","lastModifiedDate":"2024-08-30","isFullCredit":false},{"lineNumber":14,"author":{"gitId":"SlothyCat"},"content":"    }","lastModifiedDate":"2024-08-30","isFullCredit":false},{"lineNumber":15,"author":{"gitId":"SlothyCat"},"content":"","lastModifiedDate":"2024-08-30","isFullCredit":false},{"lineNumber":16,"author":{"gitId":"SlothyCat"},"content":"    public static void createFile() {","lastModifiedDate":"2024-08-30","isFullCredit":false},{"lineNumber":17,"author":{"gitId":"SlothyCat"},"content":"        try {","lastModifiedDate":"2024-08-30","isFullCredit":false},{"lineNumber":18,"author":{"gitId":"SlothyCat"},"content":"            File directory \u003d new File(dirpath);","lastModifiedDate":"2024-08-30","isFullCredit":false},{"lineNumber":19,"author":{"gitId":"SlothyCat"},"content":"            if (!directory.exists()) {","lastModifiedDate":"2024-08-30","isFullCredit":false},{"lineNumber":20,"author":{"gitId":"SlothyCat"},"content":"                directory.mkdir();","lastModifiedDate":"2024-08-30","isFullCredit":false},{"lineNumber":21,"author":{"gitId":"SlothyCat"},"content":"            }","lastModifiedDate":"2024-08-30","isFullCredit":false},{"lineNumber":22,"author":{"gitId":"SlothyCat"},"content":"","lastModifiedDate":"2024-08-30","isFullCredit":false},{"lineNumber":23,"author":{"gitId":"SlothyCat"},"content":"            File file \u003d new File(filepath);","lastModifiedDate":"2024-08-30","isFullCredit":false},{"lineNumber":24,"author":{"gitId":"SlothyCat"},"content":"            if (!file.exists()) {","lastModifiedDate":"2024-08-30","isFullCredit":false},{"lineNumber":25,"author":{"gitId":"SlothyCat"},"content":"                file.createNewFile();","lastModifiedDate":"2024-08-30","isFullCredit":false},{"lineNumber":26,"author":{"gitId":"SlothyCat"},"content":"            }","lastModifiedDate":"2024-08-30","isFullCredit":false},{"lineNumber":27,"author":{"gitId":"SlothyCat"},"content":"        } catch (IOException ex) {","lastModifiedDate":"2024-08-30","isFullCredit":false},{"lineNumber":28,"author":{"gitId":"SlothyCat"},"content":"            logger.log(Level.WARNING, \"IO Exception found, no such dirpath or filepath\");","lastModifiedDate":"2024-08-30","isFullCredit":false},{"lineNumber":29,"author":{"gitId":"SlothyCat"},"content":"        }","lastModifiedDate":"2024-08-30","isFullCredit":false},{"lineNumber":30,"author":{"gitId":"SlothyCat"},"content":"    }","lastModifiedDate":"2024-08-30","isFullCredit":false},{"lineNumber":31,"author":{"gitId":"SlothyCat"},"content":"","lastModifiedDate":"2024-08-30","isFullCredit":false},{"lineNumber":32,"author":{"gitId":"SlothyCat"},"content":"    public static void loadFile(TaskList taskList) {","lastModifiedDate":"2024-08-30","isFullCredit":false},{"lineNumber":33,"author":{"gitId":"SlothyCat"},"content":"        try {","lastModifiedDate":"2024-08-30","isFullCredit":false},{"lineNumber":34,"author":{"gitId":"SlothyCat"},"content":"            File savedFile \u003d new File(filepath);","lastModifiedDate":"2024-08-30","isFullCredit":false},{"lineNumber":35,"author":{"gitId":"SlothyCat"},"content":"            if (!savedFile.exists()) {","lastModifiedDate":"2024-08-30","isFullCredit":false},{"lineNumber":36,"author":{"gitId":"SlothyCat"},"content":"                throw new IOException(\"File not found\");","lastModifiedDate":"2024-08-30","isFullCredit":false},{"lineNumber":37,"author":{"gitId":"SlothyCat"},"content":"            }","lastModifiedDate":"2024-08-30","isFullCredit":false},{"lineNumber":38,"author":{"gitId":"SlothyCat"},"content":"","lastModifiedDate":"2024-08-30","isFullCredit":false},{"lineNumber":39,"author":{"gitId":"SlothyCat"},"content":"            try (BufferedReader br \u003d new BufferedReader(new FileReader(savedFile))) {","lastModifiedDate":"2024-08-30","isFullCredit":false},{"lineNumber":40,"author":{"gitId":"SlothyCat"},"content":"                String line;","lastModifiedDate":"2024-08-30","isFullCredit":false},{"lineNumber":41,"author":{"gitId":"SlothyCat"},"content":"","lastModifiedDate":"2024-08-30","isFullCredit":false},{"lineNumber":42,"author":{"gitId":"SlothyCat"},"content":"                while ((line \u003d br.readLine()) !\u003d null) {","lastModifiedDate":"2024-08-30","isFullCredit":false},{"lineNumber":43,"author":{"gitId":"SlothyCat"},"content":"                    // split text line into its components","lastModifiedDate":"2024-08-30","isFullCredit":false},{"lineNumber":44,"author":{"gitId":"SlothyCat"},"content":"                    String[] parts \u003d line.split(\" \\\\| \");","lastModifiedDate":"2024-08-30","isFullCredit":false},{"lineNumber":45,"author":{"gitId":"SlothyCat"},"content":"","lastModifiedDate":"2024-08-30","isFullCredit":false},{"lineNumber":46,"author":{"gitId":"SlothyCat"},"content":"                    if (parts.length \u003c 3 || parts.length \u003e 4) {","lastModifiedDate":"2024-08-30","isFullCredit":false},{"lineNumber":47,"author":{"gitId":"SlothyCat"},"content":"                        logger.log(Level.WARNING, \"Corrupted Line: \" + line);","lastModifiedDate":"2024-08-30","isFullCredit":false},{"lineNumber":48,"author":{"gitId":"SlothyCat"},"content":"                    }","lastModifiedDate":"2024-08-30","isFullCredit":false},{"lineNumber":49,"author":{"gitId":"SlothyCat"},"content":"","lastModifiedDate":"2024-08-30","isFullCredit":false},{"lineNumber":50,"author":{"gitId":"SlothyCat"},"content":"                    String taskType \u003d parts[0];","lastModifiedDate":"2024-08-30","isFullCredit":false},{"lineNumber":51,"author":{"gitId":"SlothyCat"},"content":"                    boolean isCompleted \u003d parts[1].equals(\"1\");","lastModifiedDate":"2024-08-30","isFullCredit":false},{"lineNumber":52,"author":{"gitId":"SlothyCat"},"content":"                    String description \u003d parts[2];","lastModifiedDate":"2024-08-30","isFullCredit":false},{"lineNumber":53,"author":{"gitId":"SlothyCat"},"content":"","lastModifiedDate":"2024-08-30","isFullCredit":false},{"lineNumber":54,"author":{"gitId":"SlothyCat"},"content":"                    switch (taskType) {","lastModifiedDate":"2024-08-30","isFullCredit":false},{"lineNumber":55,"author":{"gitId":"SlothyCat"},"content":"                    case \"T\":","lastModifiedDate":"2024-08-30","isFullCredit":false},{"lineNumber":56,"author":{"gitId":"SlothyCat"},"content":"                        if (parts.length \u003d\u003d 3) {","lastModifiedDate":"2024-08-30","isFullCredit":false},{"lineNumber":57,"author":{"gitId":"SlothyCat"},"content":"                            TodoTask todoTask;","lastModifiedDate":"2024-08-30","isFullCredit":false},{"lineNumber":58,"author":{"gitId":"SlothyCat"},"content":"                            todoTask \u003d new TodoTask(description, isCompleted);","lastModifiedDate":"2024-08-30","isFullCredit":false},{"lineNumber":59,"author":{"gitId":"SlothyCat"},"content":"                            taskList.add(todoTask);","lastModifiedDate":"2024-08-30","isFullCredit":false},{"lineNumber":60,"author":{"gitId":"SlothyCat"},"content":"//                            logger.log(Level.INFO,\"Todo Task is added\");","lastModifiedDate":"2024-08-30","isFullCredit":false},{"lineNumber":61,"author":{"gitId":"SlothyCat"},"content":"                        } else {","lastModifiedDate":"2024-08-30","isFullCredit":false},{"lineNumber":62,"author":{"gitId":"SlothyCat"},"content":"                            logger.log(Level.WARNING, \"Corrupted Line: \" + line +","lastModifiedDate":"2024-08-30","isFullCredit":false},{"lineNumber":63,"author":{"gitId":"SlothyCat"},"content":"                                    \" Line wrong format for TodoTask\");","lastModifiedDate":"2024-08-30","isFullCredit":false},{"lineNumber":64,"author":{"gitId":"SlothyCat"},"content":"                        }","lastModifiedDate":"2024-08-30","isFullCredit":false},{"lineNumber":65,"author":{"gitId":"SlothyCat"},"content":"                        break;","lastModifiedDate":"2024-08-30","isFullCredit":false},{"lineNumber":66,"author":{"gitId":"SlothyCat"},"content":"                    case \"D\":","lastModifiedDate":"2024-08-30","isFullCredit":false},{"lineNumber":67,"author":{"gitId":"SlothyCat"},"content":"                        if (parts.length \u003d\u003d 4) {","lastModifiedDate":"2024-08-30","isFullCredit":false},{"lineNumber":68,"author":{"gitId":"SlothyCat"},"content":"                            String deadline \u003d parts[3];","lastModifiedDate":"2024-08-30","isFullCredit":false},{"lineNumber":69,"author":{"gitId":"SlothyCat"},"content":"","lastModifiedDate":"2024-08-30","isFullCredit":false},{"lineNumber":70,"author":{"gitId":"SlothyCat"},"content":"                            DeadlineTask deadlineTask \u003d new DeadlineTask(description,","lastModifiedDate":"2024-08-30","isFullCredit":false},{"lineNumber":71,"author":{"gitId":"SlothyCat"},"content":"                                    isCompleted, deadline);","lastModifiedDate":"2024-08-30","isFullCredit":false},{"lineNumber":72,"author":{"gitId":"SlothyCat"},"content":"                            taskList.add(deadlineTask);","lastModifiedDate":"2024-08-30","isFullCredit":false},{"lineNumber":73,"author":{"gitId":"SlothyCat"},"content":"//                            logger.log(Level.INFO,\"Deadline Task is added\");","lastModifiedDate":"2024-08-30","isFullCredit":false},{"lineNumber":74,"author":{"gitId":"SlothyCat"},"content":"                        } else {","lastModifiedDate":"2024-08-30","isFullCredit":false},{"lineNumber":75,"author":{"gitId":"SlothyCat"},"content":"                            logger.log(Level.WARNING, \"Corrupted Line: \" + line +","lastModifiedDate":"2024-08-30","isFullCredit":false},{"lineNumber":76,"author":{"gitId":"SlothyCat"},"content":"                                    \" Line wrong format for DeadlineTask\");","lastModifiedDate":"2024-08-30","isFullCredit":false},{"lineNumber":77,"author":{"gitId":"SlothyCat"},"content":"                        }","lastModifiedDate":"2024-08-30","isFullCredit":false},{"lineNumber":78,"author":{"gitId":"SlothyCat"},"content":"                        break;","lastModifiedDate":"2024-08-30","isFullCredit":false},{"lineNumber":79,"author":{"gitId":"SlothyCat"},"content":"                    case \"E\":","lastModifiedDate":"2024-08-30","isFullCredit":false},{"lineNumber":80,"author":{"gitId":"SlothyCat"},"content":"                        if (parts.length \u003d\u003d 4) {","lastModifiedDate":"2024-08-30","isFullCredit":false},{"lineNumber":81,"author":{"gitId":"SlothyCat"},"content":"                            String[] time \u003d parts[3].split(\"-\");","lastModifiedDate":"2024-08-30","isFullCredit":false},{"lineNumber":82,"author":{"gitId":"SlothyCat"},"content":"                            String startTime \u003d time[0];","lastModifiedDate":"2024-08-30","isFullCredit":false},{"lineNumber":83,"author":{"gitId":"SlothyCat"},"content":"                            String endTime \u003d time[1];","lastModifiedDate":"2024-08-30","isFullCredit":false},{"lineNumber":84,"author":{"gitId":"SlothyCat"},"content":"","lastModifiedDate":"2024-08-30","isFullCredit":false},{"lineNumber":85,"author":{"gitId":"SlothyCat"},"content":"                            if (endTime.contains(\"pm\") \u0026\u0026 !startTime.contains(\"pm\")","lastModifiedDate":"2024-08-30","isFullCredit":false},{"lineNumber":86,"author":{"gitId":"SlothyCat"},"content":"                                    \u0026\u0026 !startTime.contains(\"am\")) {","lastModifiedDate":"2024-08-30","isFullCredit":false},{"lineNumber":87,"author":{"gitId":"SlothyCat"},"content":"                                startTime +\u003d \"pm\";","lastModifiedDate":"2024-08-30","isFullCredit":false},{"lineNumber":88,"author":{"gitId":"SlothyCat"},"content":"                            } else if (endTime.contains(\"am\") \u0026\u0026 !startTime.contains(\"pm\")","lastModifiedDate":"2024-08-30","isFullCredit":false},{"lineNumber":89,"author":{"gitId":"SlothyCat"},"content":"                                    \u0026\u0026 !startTime.contains(\"am\")) {","lastModifiedDate":"2024-08-30","isFullCredit":false},{"lineNumber":90,"author":{"gitId":"SlothyCat"},"content":"                                startTime +\u003d \"am\";","lastModifiedDate":"2024-08-30","isFullCredit":false},{"lineNumber":91,"author":{"gitId":"SlothyCat"},"content":"                            }","lastModifiedDate":"2024-08-30","isFullCredit":false},{"lineNumber":92,"author":{"gitId":"SlothyCat"},"content":"","lastModifiedDate":"2024-08-30","isFullCredit":false},{"lineNumber":93,"author":{"gitId":"SlothyCat"},"content":"                            EventTask eventTask \u003d new EventTask(description, isCompleted,","lastModifiedDate":"2024-08-30","isFullCredit":false},{"lineNumber":94,"author":{"gitId":"SlothyCat"},"content":"                                    startTime, endTime);","lastModifiedDate":"2024-08-30","isFullCredit":false},{"lineNumber":95,"author":{"gitId":"SlothyCat"},"content":"                            taskList.add(eventTask);","lastModifiedDate":"2024-08-30","isFullCredit":false},{"lineNumber":96,"author":{"gitId":"SlothyCat"},"content":"//                            logger.log(Level.INFO,\"Event Task is added\");","lastModifiedDate":"2024-08-30","isFullCredit":false},{"lineNumber":97,"author":{"gitId":"SlothyCat"},"content":"                        } else {","lastModifiedDate":"2024-08-30","isFullCredit":false},{"lineNumber":98,"author":{"gitId":"SlothyCat"},"content":"                            logger.log(Level.WARNING, \"Corrupted Line: \" + line +","lastModifiedDate":"2024-08-30","isFullCredit":false},{"lineNumber":99,"author":{"gitId":"SlothyCat"},"content":"                                    \" Line wrong format for EventTask\");","lastModifiedDate":"2024-08-30","isFullCredit":false},{"lineNumber":100,"author":{"gitId":"SlothyCat"},"content":"                        }","lastModifiedDate":"2024-08-30","isFullCredit":false},{"lineNumber":101,"author":{"gitId":"SlothyCat"},"content":"                        break;","lastModifiedDate":"2024-08-30","isFullCredit":false},{"lineNumber":102,"author":{"gitId":"SlothyCat"},"content":"                    default:","lastModifiedDate":"2024-08-30","isFullCredit":false},{"lineNumber":103,"author":{"gitId":"SlothyCat"},"content":"                        logger.log(Level.WARNING, \"Task does not start with T/D/E: \" + line);","lastModifiedDate":"2024-08-30","isFullCredit":false},{"lineNumber":104,"author":{"gitId":"SlothyCat"},"content":"                        break;","lastModifiedDate":"2024-08-30","isFullCredit":false},{"lineNumber":105,"author":{"gitId":"SlothyCat"},"content":"                    }","lastModifiedDate":"2024-08-30","isFullCredit":false},{"lineNumber":106,"author":{"gitId":"SlothyCat"},"content":"                }","lastModifiedDate":"2024-08-30","isFullCredit":false},{"lineNumber":107,"author":{"gitId":"SlothyCat"},"content":"            }","lastModifiedDate":"2024-08-30","isFullCredit":false},{"lineNumber":108,"author":{"gitId":"SlothyCat"},"content":"        } catch (FileNotFoundException e) {","lastModifiedDate":"2024-08-30","isFullCredit":false},{"lineNumber":109,"author":{"gitId":"SlothyCat"},"content":"            logger.log(Level.SEVERE, \"File not found\", e);","lastModifiedDate":"2024-08-30","isFullCredit":false},{"lineNumber":110,"author":{"gitId":"SlothyCat"},"content":"        } catch (IOException e) {","lastModifiedDate":"2024-08-30","isFullCredit":false},{"lineNumber":111,"author":{"gitId":"SlothyCat"},"content":"            logger.log(Level.SEVERE, e.getMessage(), e);","lastModifiedDate":"2024-08-30","isFullCredit":false},{"lineNumber":112,"author":{"gitId":"SlothyCat"},"content":"        }","lastModifiedDate":"2024-08-30","isFullCredit":false},{"lineNumber":113,"author":{"gitId":"SlothyCat"},"content":"    }","lastModifiedDate":"2024-08-30","isFullCredit":false},{"lineNumber":114,"author":{"gitId":"SlothyCat"},"content":"","lastModifiedDate":"2024-08-30","isFullCredit":false},{"lineNumber":115,"author":{"gitId":"SlothyCat"},"content":"    public static void updateFile(ArrayList\u003cTask\u003e taskArrayList) throws IOException {","lastModifiedDate":"2024-08-30","isFullCredit":false},{"lineNumber":116,"author":{"gitId":"SlothyCat"},"content":"        try (PrintWriter printWriter \u003d new PrintWriter(new FileWriter(filepath))) {","lastModifiedDate":"2024-08-30","isFullCredit":false},{"lineNumber":117,"author":{"gitId":"SlothyCat"},"content":"            for (Task task : taskArrayList) {","lastModifiedDate":"2024-08-30","isFullCredit":false},{"lineNumber":118,"author":{"gitId":"SlothyCat"},"content":"                printWriter.println(task.toFileFormat());","lastModifiedDate":"2024-08-30","isFullCredit":false},{"lineNumber":119,"author":{"gitId":"SlothyCat"},"content":"            }","lastModifiedDate":"2024-08-30","isFullCredit":false},{"lineNumber":120,"author":{"gitId":"SlothyCat"},"content":"        } catch (IOException e) {","lastModifiedDate":"2024-08-30","isFullCredit":false},{"lineNumber":121,"author":{"gitId":"SlothyCat"},"content":"            logger.log(Level.SEVERE, e.getMessage(), e);","lastModifiedDate":"2024-08-30","isFullCredit":false},{"lineNumber":122,"author":{"gitId":"SlothyCat"},"content":"        }","lastModifiedDate":"2024-08-30","isFullCredit":false},{"lineNumber":123,"author":{"gitId":"SlothyCat"},"content":"    }","lastModifiedDate":"2024-08-30","isFullCredit":false},{"lineNumber":124,"author":{"gitId":"SlothyCat"},"content":"}","lastModifiedDate":"2024-08-30","isFullCredit":false}],"authorContributionMap":{"SlothyCat":124}},{"path":"src/main/java/Task.java","fileType":"java","lines":[{"lineNumber":1,"author":{"gitId":"SlothyCat"},"content":"public class Task {","lastModifiedDate":"2024-08-24","isFullCredit":false},{"lineNumber":2,"author":{"gitId":"SlothyCat"},"content":"    private String taskName;","lastModifiedDate":"2024-08-24","isFullCredit":false},{"lineNumber":3,"author":{"gitId":"SlothyCat"},"content":"    private boolean completed;","lastModifiedDate":"2024-08-25","isFullCredit":false},{"lineNumber":4,"author":{"gitId":"SlothyCat"},"content":"","lastModifiedDate":"2024-08-24","isFullCredit":false},{"lineNumber":5,"author":{"gitId":"SlothyCat"},"content":"    public Task(String taskName) {","lastModifiedDate":"2024-08-24","isFullCredit":false},{"lineNumber":6,"author":{"gitId":"SlothyCat"},"content":"        this.taskName \u003d taskName;","lastModifiedDate":"2024-08-24","isFullCredit":false},{"lineNumber":7,"author":{"gitId":"SlothyCat"},"content":"        this.completed \u003d false;","lastModifiedDate":"2024-08-25","isFullCredit":false},{"lineNumber":8,"author":{"gitId":"SlothyCat"},"content":"    }","lastModifiedDate":"2024-08-24","isFullCredit":false},{"lineNumber":9,"author":{"gitId":"SlothyCat"},"content":"","lastModifiedDate":"2024-08-25","isFullCredit":false},{"lineNumber":10,"author":{"gitId":"SlothyCat"},"content":"    public Task(String taskName, boolean completed) {","lastModifiedDate":"2024-08-30","isFullCredit":false},{"lineNumber":11,"author":{"gitId":"SlothyCat"},"content":"        this.taskName \u003d taskName;","lastModifiedDate":"2024-08-30","isFullCredit":false},{"lineNumber":12,"author":{"gitId":"SlothyCat"},"content":"        this.completed \u003d completed;","lastModifiedDate":"2024-08-30","isFullCredit":false},{"lineNumber":13,"author":{"gitId":"SlothyCat"},"content":"    }","lastModifiedDate":"2024-08-30","isFullCredit":false},{"lineNumber":14,"author":{"gitId":"SlothyCat"},"content":"","lastModifiedDate":"2024-08-30","isFullCredit":false},{"lineNumber":15,"author":{"gitId":"SlothyCat"},"content":"    public void complete() {","lastModifiedDate":"2024-08-25","isFullCredit":false},{"lineNumber":16,"author":{"gitId":"SlothyCat"},"content":"        this.completed \u003d true;","lastModifiedDate":"2024-08-25","isFullCredit":false},{"lineNumber":17,"author":{"gitId":"SlothyCat"},"content":"    }","lastModifiedDate":"2024-08-25","isFullCredit":false},{"lineNumber":18,"author":{"gitId":"SlothyCat"},"content":"","lastModifiedDate":"2024-08-25","isFullCredit":false},{"lineNumber":19,"author":{"gitId":"SlothyCat"},"content":"    public void incomplete() {","lastModifiedDate":"2024-08-25","isFullCredit":false},{"lineNumber":20,"author":{"gitId":"SlothyCat"},"content":"        this.completed \u003d false;","lastModifiedDate":"2024-08-25","isFullCredit":false},{"lineNumber":21,"author":{"gitId":"SlothyCat"},"content":"    }","lastModifiedDate":"2024-08-25","isFullCredit":false},{"lineNumber":22,"author":{"gitId":"SlothyCat"},"content":"","lastModifiedDate":"2024-08-25","isFullCredit":false},{"lineNumber":23,"author":{"gitId":"SlothyCat"},"content":"    public boolean isCompleted() {","lastModifiedDate":"2024-08-25","isFullCredit":false},{"lineNumber":24,"author":{"gitId":"SlothyCat"},"content":"        return this.completed;","lastModifiedDate":"2024-08-25","isFullCredit":false},{"lineNumber":25,"author":{"gitId":"SlothyCat"},"content":"    }","lastModifiedDate":"2024-08-25","isFullCredit":false},{"lineNumber":26,"author":{"gitId":"SlothyCat"},"content":"","lastModifiedDate":"2024-08-25","isFullCredit":false},{"lineNumber":27,"author":{"gitId":"SlothyCat"},"content":"    public String toFileFormat() {","lastModifiedDate":"2024-08-30","isFullCredit":false},{"lineNumber":28,"author":{"gitId":"SlothyCat"},"content":"        return this.taskName;","lastModifiedDate":"2024-08-30","isFullCredit":false},{"lineNumber":29,"author":{"gitId":"SlothyCat"},"content":"    }","lastModifiedDate":"2024-08-30","isFullCredit":false},{"lineNumber":30,"author":{"gitId":"SlothyCat"},"content":"","lastModifiedDate":"2024-08-30","isFullCredit":false},{"lineNumber":31,"author":{"gitId":"SlothyCat"},"content":"    @Override","lastModifiedDate":"2024-08-24","isFullCredit":false},{"lineNumber":32,"author":{"gitId":"SlothyCat"},"content":"    public String toString() {","lastModifiedDate":"2024-08-24","isFullCredit":false},{"lineNumber":33,"author":{"gitId":"SlothyCat"},"content":"        if (this.completed) {","lastModifiedDate":"2024-08-25","isFullCredit":false},{"lineNumber":34,"author":{"gitId":"SlothyCat"},"content":"            return \"[X] \" + this.taskName;","lastModifiedDate":"2024-08-25","isFullCredit":false},{"lineNumber":35,"author":{"gitId":"SlothyCat"},"content":"        } else {","lastModifiedDate":"2024-08-25","isFullCredit":false},{"lineNumber":36,"author":{"gitId":"SlothyCat"},"content":"            return \"[ ] \" + this.taskName;","lastModifiedDate":"2024-08-25","isFullCredit":false},{"lineNumber":37,"author":{"gitId":"SlothyCat"},"content":"        }","lastModifiedDate":"2024-08-25","isFullCredit":false},{"lineNumber":38,"author":{"gitId":"SlothyCat"},"content":"    }","lastModifiedDate":"2024-08-24","isFullCredit":false},{"lineNumber":39,"author":{"gitId":"SlothyCat"},"content":"}","lastModifiedDate":"2024-08-24","isFullCredit":false}],"authorContributionMap":{"SlothyCat":39}},{"path":"src/main/java/TaskList.java","fileType":"java","lines":[{"lineNumber":1,"author":{"gitId":"SlothyCat"},"content":"import java.util.ArrayList;","lastModifiedDate":"2024-08-26","isFullCredit":false},{"lineNumber":2,"author":{"gitId":"SlothyCat"},"content":"public class TaskList {","lastModifiedDate":"2024-08-24","isFullCredit":false},{"lineNumber":3,"author":{"gitId":"SlothyCat"},"content":"    private ArrayList\u003cTask\u003e taskList;","lastModifiedDate":"2024-08-26","isFullCredit":false},{"lineNumber":4,"author":{"gitId":"SlothyCat"},"content":"    private static String horizontalLine \u003d \"\\n-------------------------------------------------\";","lastModifiedDate":"2024-08-24","isFullCredit":false},{"lineNumber":5,"author":{"gitId":"SlothyCat"},"content":"","lastModifiedDate":"2024-08-24","isFullCredit":false},{"lineNumber":6,"author":{"gitId":"SlothyCat"},"content":"    public TaskList() {","lastModifiedDate":"2024-08-24","isFullCredit":false},{"lineNumber":7,"author":{"gitId":"SlothyCat"},"content":"        this.taskList \u003d new ArrayList\u003c\u003e(100);","lastModifiedDate":"2024-08-26","isFullCredit":false},{"lineNumber":8,"author":{"gitId":"SlothyCat"},"content":"    }","lastModifiedDate":"2024-08-30","isFullCredit":false},{"lineNumber":9,"author":{"gitId":"SlothyCat"},"content":"","lastModifiedDate":"2024-08-30","isFullCredit":false},{"lineNumber":10,"author":{"gitId":"SlothyCat"},"content":"    public ArrayList\u003cTask\u003e getTaskList() {","lastModifiedDate":"2024-08-30","isFullCredit":false},{"lineNumber":11,"author":{"gitId":"SlothyCat"},"content":"        return this.taskList;","lastModifiedDate":"2024-08-30","isFullCredit":false},{"lineNumber":12,"author":{"gitId":"SlothyCat"},"content":"    }","lastModifiedDate":"2024-08-24","isFullCredit":false},{"lineNumber":13,"author":{"gitId":"SlothyCat"},"content":"","lastModifiedDate":"2024-08-24","isFullCredit":false},{"lineNumber":14,"author":{"gitId":"SlothyCat"},"content":"    public void addTask(String taskDescription)","lastModifiedDate":"2024-08-26","isFullCredit":false},{"lineNumber":15,"author":{"gitId":"SlothyCat"},"content":"            throws WrongInputException, MissingDescriptionException, MissingDeadlineException, MissingStartEndTimeException {","lastModifiedDate":"2024-08-26","isFullCredit":false},{"lineNumber":16,"author":{"gitId":"SlothyCat"},"content":"        try {","lastModifiedDate":"2024-08-26","isFullCredit":false},{"lineNumber":17,"author":{"gitId":"SlothyCat"},"content":"            if (!taskDescription.startsWith(\"todo\") \u0026\u0026","lastModifiedDate":"2024-08-26","isFullCredit":false},{"lineNumber":18,"author":{"gitId":"SlothyCat"},"content":"                    !taskDescription.startsWith(\"deadline\") \u0026\u0026","lastModifiedDate":"2024-08-26","isFullCredit":false},{"lineNumber":19,"author":{"gitId":"SlothyCat"},"content":"                    !taskDescription.startsWith(\"event\")) {","lastModifiedDate":"2024-08-26","isFullCredit":false},{"lineNumber":20,"author":{"gitId":"SlothyCat"},"content":"                throw new WrongInputException();","lastModifiedDate":"2024-08-26","isFullCredit":false},{"lineNumber":21,"author":{"gitId":"SlothyCat"},"content":"            }","lastModifiedDate":"2024-08-26","isFullCredit":false},{"lineNumber":22,"author":{"gitId":"SlothyCat"},"content":"            // here handle the different task types","lastModifiedDate":"2024-08-25","isFullCredit":false},{"lineNumber":23,"author":{"gitId":"SlothyCat"},"content":"            if (taskDescription.startsWith(\"todo\")) {","lastModifiedDate":"2024-08-25","isFullCredit":false},{"lineNumber":24,"author":{"gitId":"SlothyCat"},"content":"                String temp \u003d taskDescription.substring(4).trim();","lastModifiedDate":"2024-08-26","isFullCredit":false},{"lineNumber":25,"author":{"gitId":"SlothyCat"},"content":"                if (temp.isEmpty()) { throw new MissingDescriptionException(\"todo\"); }","lastModifiedDate":"2024-08-26","isFullCredit":false},{"lineNumber":26,"author":{"gitId":"SlothyCat"},"content":"","lastModifiedDate":"2024-08-26","isFullCredit":false},{"lineNumber":27,"author":{"gitId":"SlothyCat"},"content":"                String taskName \u003d taskDescription.substring(5);","lastModifiedDate":"2024-08-25","isFullCredit":false},{"lineNumber":28,"author":{"gitId":"SlothyCat"},"content":"                taskList.add(new TodoTask(taskName));","lastModifiedDate":"2024-08-26","isFullCredit":false},{"lineNumber":29,"author":{"gitId":"SlothyCat"},"content":"            } else if (taskDescription.startsWith(\"deadline\")) {","lastModifiedDate":"2024-08-25","isFullCredit":false},{"lineNumber":30,"author":{"gitId":"SlothyCat"},"content":"                String temp \u003d taskDescription.substring(8).trim();","lastModifiedDate":"2024-08-26","isFullCredit":false},{"lineNumber":31,"author":{"gitId":"SlothyCat"},"content":"                if (temp.isEmpty()) { throw new MissingDescriptionException(\"deadline\"); }","lastModifiedDate":"2024-08-26","isFullCredit":false},{"lineNumber":32,"author":{"gitId":"SlothyCat"},"content":"                if (!temp.contains(\"/by\")) { throw new MissingDeadlineException(); }","lastModifiedDate":"2024-08-26","isFullCredit":false},{"lineNumber":33,"author":{"gitId":"SlothyCat"},"content":"","lastModifiedDate":"2024-08-26","isFullCredit":false},{"lineNumber":34,"author":{"gitId":"SlothyCat"},"content":"                int byIndex \u003d taskDescription.indexOf(\"/by\");","lastModifiedDate":"2024-08-25","isFullCredit":false},{"lineNumber":35,"author":{"gitId":"SlothyCat"},"content":"                String taskName \u003d taskDescription.substring(9, byIndex);","lastModifiedDate":"2024-08-25","isFullCredit":false},{"lineNumber":36,"author":{"gitId":"SlothyCat"},"content":"                String deadline \u003d taskDescription.substring(byIndex + 4);","lastModifiedDate":"2024-08-25","isFullCredit":false},{"lineNumber":37,"author":{"gitId":"SlothyCat"},"content":"                taskList.add(new DeadlineTask(taskName, deadline));","lastModifiedDate":"2024-08-26","isFullCredit":false},{"lineNumber":38,"author":{"gitId":"SlothyCat"},"content":"            } else if (taskDescription.startsWith(\"event\")) {","lastModifiedDate":"2024-08-25","isFullCredit":false},{"lineNumber":39,"author":{"gitId":"SlothyCat"},"content":"                String temp \u003d taskDescription.substring(5).trim();","lastModifiedDate":"2024-08-26","isFullCredit":false},{"lineNumber":40,"author":{"gitId":"SlothyCat"},"content":"                if (temp.isEmpty()) { throw new MissingDescriptionException(\"event\"); }","lastModifiedDate":"2024-08-26","isFullCredit":false},{"lineNumber":41,"author":{"gitId":"SlothyCat"},"content":"                if (!temp.contains(\"/from\")) { throw new MissingStartEndTimeException(\"/from\"); }","lastModifiedDate":"2024-08-26","isFullCredit":false},{"lineNumber":42,"author":{"gitId":"SlothyCat"},"content":"                if (!temp.contains(\"/to\")) { throw new MissingStartEndTimeException(\"/to\"); }","lastModifiedDate":"2024-08-26","isFullCredit":false},{"lineNumber":43,"author":{"gitId":"SlothyCat"},"content":"","lastModifiedDate":"2024-08-26","isFullCredit":false},{"lineNumber":44,"author":{"gitId":"SlothyCat"},"content":"                int fromIndex \u003d taskDescription.indexOf(\"/from\");","lastModifiedDate":"2024-08-25","isFullCredit":false},{"lineNumber":45,"author":{"gitId":"SlothyCat"},"content":"                int toIndex \u003d taskDescription.indexOf(\"/to\");","lastModifiedDate":"2024-08-25","isFullCredit":false},{"lineNumber":46,"author":{"gitId":"SlothyCat"},"content":"                String taskName \u003d taskDescription.substring(6, fromIndex).trim();","lastModifiedDate":"2024-08-30","isFullCredit":false},{"lineNumber":47,"author":{"gitId":"SlothyCat"},"content":"                String startTime \u003d taskDescription.substring(fromIndex + 5, toIndex).trim();","lastModifiedDate":"2024-08-30","isFullCredit":false},{"lineNumber":48,"author":{"gitId":"SlothyCat"},"content":"                String endTime \u003d taskDescription.substring(toIndex + 3).trim();","lastModifiedDate":"2024-08-30","isFullCredit":false},{"lineNumber":49,"author":{"gitId":"SlothyCat"},"content":"                System.out.println(startTime);","lastModifiedDate":"2024-08-30","isFullCredit":false},{"lineNumber":50,"author":{"gitId":"SlothyCat"},"content":"                System.out.println(endTime);","lastModifiedDate":"2024-08-30","isFullCredit":false},{"lineNumber":51,"author":{"gitId":"SlothyCat"},"content":"                taskList.add(new EventTask(taskName, startTime, endTime));","lastModifiedDate":"2024-08-26","isFullCredit":false},{"lineNumber":52,"author":{"gitId":"SlothyCat"},"content":"            } else {","lastModifiedDate":"2024-08-25","isFullCredit":false},{"lineNumber":53,"author":{"gitId":"SlothyCat"},"content":"                System.out.println(\"Please use keywords: todo, deadline or event\");","lastModifiedDate":"2024-08-25","isFullCredit":false},{"lineNumber":54,"author":{"gitId":"SlothyCat"},"content":"                return;","lastModifiedDate":"2024-08-25","isFullCredit":false},{"lineNumber":55,"author":{"gitId":"SlothyCat"},"content":"            }","lastModifiedDate":"2024-08-25","isFullCredit":false},{"lineNumber":56,"author":{"gitId":"SlothyCat"},"content":"            System.out.println(\"Nimbus added this: \\n\" + taskList.get(taskList.size() - 1).toString() +","lastModifiedDate":"2024-08-30","isFullCredit":false},{"lineNumber":57,"author":{"gitId":"SlothyCat"},"content":"                    \"\\n\" + \"Nimbus says you have \" + taskList.size() + \" tasks in your list!\" + horizontalLine);","lastModifiedDate":"2024-08-30","isFullCredit":false},{"lineNumber":58,"author":{"gitId":"SlothyCat"},"content":"        } catch (WrongInputException e) {","lastModifiedDate":"2024-08-26","isFullCredit":false},{"lineNumber":59,"author":{"gitId":"SlothyCat"},"content":"            System.out.println(e.toString());","lastModifiedDate":"2024-08-26","isFullCredit":false},{"lineNumber":60,"author":{"gitId":"SlothyCat"},"content":"        } catch (MissingDescriptionException u) {","lastModifiedDate":"2024-08-26","isFullCredit":false},{"lineNumber":61,"author":{"gitId":"SlothyCat"},"content":"            System.out.println(u.toString());","lastModifiedDate":"2024-08-26","isFullCredit":false},{"lineNumber":62,"author":{"gitId":"SlothyCat"},"content":"        } catch (MissingDeadlineException d) {","lastModifiedDate":"2024-08-26","isFullCredit":false},{"lineNumber":63,"author":{"gitId":"SlothyCat"},"content":"            System.out.println(d.toString());","lastModifiedDate":"2024-08-26","isFullCredit":false},{"lineNumber":64,"author":{"gitId":"SlothyCat"},"content":"        } catch (MissingStartEndTimeException a) {","lastModifiedDate":"2024-08-26","isFullCredit":false},{"lineNumber":65,"author":{"gitId":"SlothyCat"},"content":"            System.out.println(a.toString());","lastModifiedDate":"2024-08-26","isFullCredit":false},{"lineNumber":66,"author":{"gitId":"SlothyCat"},"content":"        }","lastModifiedDate":"2024-08-26","isFullCredit":false},{"lineNumber":67,"author":{"gitId":"SlothyCat"},"content":"    }","lastModifiedDate":"2024-08-24","isFullCredit":false},{"lineNumber":68,"author":{"gitId":"SlothyCat"},"content":"","lastModifiedDate":"2024-08-25","isFullCredit":false},{"lineNumber":69,"author":{"gitId":"SlothyCat"},"content":"    public void add(Task task) {","lastModifiedDate":"2024-08-30","isFullCredit":false},{"lineNumber":70,"author":{"gitId":"SlothyCat"},"content":"        this.taskList.add(task);","lastModifiedDate":"2024-08-30","isFullCredit":false},{"lineNumber":71,"author":{"gitId":"SlothyCat"},"content":"    }","lastModifiedDate":"2024-08-30","isFullCredit":false},{"lineNumber":72,"author":{"gitId":"SlothyCat"},"content":"","lastModifiedDate":"2024-08-30","isFullCredit":false},{"lineNumber":73,"author":{"gitId":"SlothyCat"},"content":"    public void deleteTask(int index) {","lastModifiedDate":"2024-08-26","isFullCredit":false},{"lineNumber":74,"author":{"gitId":"SlothyCat"},"content":"        if (index \u003e\u003d taskList.size()) {","lastModifiedDate":"2024-08-30","isFullCredit":false},{"lineNumber":75,"author":{"gitId":"SlothyCat"},"content":"            System.out.println(\"There is no task \" + (index + 1));","lastModifiedDate":"2024-08-26","isFullCredit":false},{"lineNumber":76,"author":{"gitId":"SlothyCat"},"content":"        } else {","lastModifiedDate":"2024-08-26","isFullCredit":false},{"lineNumber":77,"author":{"gitId":"SlothyCat"},"content":"            String temp \u003d taskList.get(index).toString();","lastModifiedDate":"2024-08-26","isFullCredit":false},{"lineNumber":78,"author":{"gitId":"SlothyCat"},"content":"            taskList.remove(index);","lastModifiedDate":"2024-08-26","isFullCredit":false},{"lineNumber":79,"author":{"gitId":"SlothyCat"},"content":"            System.out.println(\"Nimbus has removed the task! \\n\" +","lastModifiedDate":"2024-08-26","isFullCredit":false},{"lineNumber":80,"author":{"gitId":"SlothyCat"},"content":"                    \"    \" + temp + \"\\n\" + \"You have \" + taskList.size() + \" tasks left!\" + horizontalLine);","lastModifiedDate":"2024-08-30","isFullCredit":false},{"lineNumber":81,"author":{"gitId":"SlothyCat"},"content":"        }","lastModifiedDate":"2024-08-26","isFullCredit":false},{"lineNumber":82,"author":{"gitId":"SlothyCat"},"content":"    }","lastModifiedDate":"2024-08-25","isFullCredit":false},{"lineNumber":83,"author":{"gitId":"SlothyCat"},"content":"","lastModifiedDate":"2024-08-25","isFullCredit":false},{"lineNumber":84,"author":{"gitId":"SlothyCat"},"content":"    public void completeTask(int index) {","lastModifiedDate":"2024-08-25","isFullCredit":false},{"lineNumber":85,"author":{"gitId":"SlothyCat"},"content":"        // check if task is already completed","lastModifiedDate":"2024-08-25","isFullCredit":false},{"lineNumber":86,"author":{"gitId":"SlothyCat"},"content":"        if (index \u003e\u003d taskList.size()) {","lastModifiedDate":"2024-08-30","isFullCredit":false},{"lineNumber":87,"author":{"gitId":"SlothyCat"},"content":"            System.out.println(\"There is no task \" + (index + 1));","lastModifiedDate":"2024-08-25","isFullCredit":false},{"lineNumber":88,"author":{"gitId":"SlothyCat"},"content":"        } else if (taskList.get(index).isCompleted()) {","lastModifiedDate":"2024-08-26","isFullCredit":false},{"lineNumber":89,"author":{"gitId":"SlothyCat"},"content":"            System.out.println(\"Already Marked\");","lastModifiedDate":"2024-08-25","isFullCredit":false},{"lineNumber":90,"author":{"gitId":"SlothyCat"},"content":"        } else if (index \u003c taskList.size()) {","lastModifiedDate":"2024-08-30","isFullCredit":false},{"lineNumber":91,"author":{"gitId":"SlothyCat"},"content":"            taskList.get(index).complete();","lastModifiedDate":"2024-08-26","isFullCredit":false},{"lineNumber":92,"author":{"gitId":"SlothyCat"},"content":"            System.out.println(\"Nimbus shall mark this as done:\\n\" +","lastModifiedDate":"2024-08-25","isFullCredit":false},{"lineNumber":93,"author":{"gitId":"SlothyCat"},"content":"                    \"    \" + taskList.get(index).toString() + horizontalLine);","lastModifiedDate":"2024-08-26","isFullCredit":false},{"lineNumber":94,"author":{"gitId":"SlothyCat"},"content":"        }","lastModifiedDate":"2024-08-25","isFullCredit":false},{"lineNumber":95,"author":{"gitId":"SlothyCat"},"content":"    }","lastModifiedDate":"2024-08-25","isFullCredit":false},{"lineNumber":96,"author":{"gitId":"SlothyCat"},"content":"","lastModifiedDate":"2024-08-25","isFullCredit":false},{"lineNumber":97,"author":{"gitId":"SlothyCat"},"content":"    public void incompleteTask(int index) {","lastModifiedDate":"2024-08-25","isFullCredit":false},{"lineNumber":98,"author":{"gitId":"SlothyCat"},"content":"        // check if task is already incomplete","lastModifiedDate":"2024-08-25","isFullCredit":false},{"lineNumber":99,"author":{"gitId":"SlothyCat"},"content":"        if (index \u003e\u003d taskList.size()) {","lastModifiedDate":"2024-08-30","isFullCredit":false},{"lineNumber":100,"author":{"gitId":"SlothyCat"},"content":"            System.out.println(\"There is no task \" + (index + 1));","lastModifiedDate":"2024-08-25","isFullCredit":false},{"lineNumber":101,"author":{"gitId":"SlothyCat"},"content":"        } else if (!taskList.get(index).isCompleted()) {","lastModifiedDate":"2024-08-26","isFullCredit":false},{"lineNumber":102,"author":{"gitId":"SlothyCat"},"content":"            System.out.println(\"Already Unmarked\");","lastModifiedDate":"2024-08-25","isFullCredit":false},{"lineNumber":103,"author":{"gitId":"SlothyCat"},"content":"        } else if (index \u003c taskList.size()) {","lastModifiedDate":"2024-08-30","isFullCredit":false},{"lineNumber":104,"author":{"gitId":"SlothyCat"},"content":"            taskList.get(index).incomplete();","lastModifiedDate":"2024-08-26","isFullCredit":false},{"lineNumber":105,"author":{"gitId":"SlothyCat"},"content":"            System.out.println(\"Nimbus shall mark this as not done:\\n\" +","lastModifiedDate":"2024-08-25","isFullCredit":false},{"lineNumber":106,"author":{"gitId":"SlothyCat"},"content":"                    \"    \" + taskList.get(index).toString() + horizontalLine);","lastModifiedDate":"2024-08-26","isFullCredit":false},{"lineNumber":107,"author":{"gitId":"SlothyCat"},"content":"        }","lastModifiedDate":"2024-08-25","isFullCredit":false},{"lineNumber":108,"author":{"gitId":"SlothyCat"},"content":"    }","lastModifiedDate":"2024-08-25","isFullCredit":false},{"lineNumber":109,"author":{"gitId":"SlothyCat"},"content":"","lastModifiedDate":"2024-08-25","isFullCredit":false},{"lineNumber":110,"author":{"gitId":"SlothyCat"},"content":"    @Override","lastModifiedDate":"2024-08-24","isFullCredit":false},{"lineNumber":111,"author":{"gitId":"SlothyCat"},"content":"    public String toString() {","lastModifiedDate":"2024-08-24","isFullCredit":false},{"lineNumber":112,"author":{"gitId":"SlothyCat"},"content":"        String output \u003d \"Nimbus says this is your list: \\n\";","lastModifiedDate":"2024-08-25","isFullCredit":false},{"lineNumber":113,"author":{"gitId":"SlothyCat"},"content":"        for (int i \u003d 0; i \u003c taskList.size(); i++) {","lastModifiedDate":"2024-08-30","isFullCredit":false},{"lineNumber":114,"author":{"gitId":"SlothyCat"},"content":"            if (i \u003d\u003d taskList.size() - 1) {","lastModifiedDate":"2024-08-30","isFullCredit":false},{"lineNumber":115,"author":{"gitId":"SlothyCat"},"content":"                output +\u003d (String.valueOf(i + 1) + \". \" + taskList.get(i));","lastModifiedDate":"2024-08-26","isFullCredit":false},{"lineNumber":116,"author":{"gitId":"SlothyCat"},"content":"            } else {","lastModifiedDate":"2024-08-24","isFullCredit":false},{"lineNumber":117,"author":{"gitId":"SlothyCat"},"content":"                output +\u003d (String.valueOf(i + 1) + \". \" + taskList.get(i) + \"\\n\");","lastModifiedDate":"2024-08-26","isFullCredit":false},{"lineNumber":118,"author":{"gitId":"SlothyCat"},"content":"            }","lastModifiedDate":"2024-08-24","isFullCredit":false},{"lineNumber":119,"author":{"gitId":"SlothyCat"},"content":"        }","lastModifiedDate":"2024-08-24","isFullCredit":false},{"lineNumber":120,"author":{"gitId":"SlothyCat"},"content":"        output +\u003d horizontalLine;","lastModifiedDate":"2024-08-24","isFullCredit":false},{"lineNumber":121,"author":{"gitId":"SlothyCat"},"content":"        System.out.println(output);","lastModifiedDate":"2024-08-24","isFullCredit":false},{"lineNumber":122,"author":{"gitId":"SlothyCat"},"content":"        return output;","lastModifiedDate":"2024-08-24","isFullCredit":false},{"lineNumber":123,"author":{"gitId":"SlothyCat"},"content":"    }","lastModifiedDate":"2024-08-24","isFullCredit":false},{"lineNumber":124,"author":{"gitId":"SlothyCat"},"content":"}","lastModifiedDate":"2024-08-24","isFullCredit":false}],"authorContributionMap":{"SlothyCat":124}},{"path":"src/main/java/TodoTask.java","fileType":"java","lines":[{"lineNumber":1,"author":{"gitId":"SlothyCat"},"content":"public class TodoTask extends Task{","lastModifiedDate":"2024-08-25","isFullCredit":false},{"lineNumber":2,"author":{"gitId":"SlothyCat"},"content":"    private String taskName;","lastModifiedDate":"2024-08-30","isFullCredit":false},{"lineNumber":3,"author":{"gitId":"SlothyCat"},"content":"","lastModifiedDate":"2024-08-30","isFullCredit":false},{"lineNumber":4,"author":{"gitId":"SlothyCat"},"content":"    public TodoTask(String taskName) {","lastModifiedDate":"2024-08-25","isFullCredit":false},{"lineNumber":5,"author":{"gitId":"SlothyCat"},"content":"        super(taskName);","lastModifiedDate":"2024-08-25","isFullCredit":false},{"lineNumber":6,"author":{"gitId":"SlothyCat"},"content":"        this.taskName \u003d taskName;","lastModifiedDate":"2024-08-30","isFullCredit":false},{"lineNumber":7,"author":{"gitId":"SlothyCat"},"content":"    }","lastModifiedDate":"2024-08-30","isFullCredit":false},{"lineNumber":8,"author":{"gitId":"SlothyCat"},"content":"","lastModifiedDate":"2024-08-30","isFullCredit":false},{"lineNumber":9,"author":{"gitId":"SlothyCat"},"content":"    public TodoTask(String taskName, boolean isCompleted) {","lastModifiedDate":"2024-08-30","isFullCredit":false},{"lineNumber":10,"author":{"gitId":"SlothyCat"},"content":"        super(taskName, isCompleted);","lastModifiedDate":"2024-08-30","isFullCredit":false},{"lineNumber":11,"author":{"gitId":"SlothyCat"},"content":"        this.taskName \u003d taskName;","lastModifiedDate":"2024-08-30","isFullCredit":false},{"lineNumber":12,"author":{"gitId":"SlothyCat"},"content":"    }","lastModifiedDate":"2024-08-30","isFullCredit":false},{"lineNumber":13,"author":{"gitId":"SlothyCat"},"content":"","lastModifiedDate":"2024-08-30","isFullCredit":false},{"lineNumber":14,"author":{"gitId":"SlothyCat"},"content":"    @Override","lastModifiedDate":"2024-08-30","isFullCredit":false},{"lineNumber":15,"author":{"gitId":"SlothyCat"},"content":"    public String toFileFormat() {","lastModifiedDate":"2024-08-30","isFullCredit":false},{"lineNumber":16,"author":{"gitId":"SlothyCat"},"content":"        return \"T | \" + (super.isCompleted() ? \"1\" : \"0\") + \" | \"","lastModifiedDate":"2024-08-30","isFullCredit":false},{"lineNumber":17,"author":{"gitId":"SlothyCat"},"content":"                + taskName;","lastModifiedDate":"2024-08-30","isFullCredit":false},{"lineNumber":18,"author":{"gitId":"SlothyCat"},"content":"    }","lastModifiedDate":"2024-08-25","isFullCredit":false},{"lineNumber":19,"author":{"gitId":"SlothyCat"},"content":"","lastModifiedDate":"2024-08-25","isFullCredit":false},{"lineNumber":20,"author":{"gitId":"SlothyCat"},"content":"    @Override","lastModifiedDate":"2024-08-25","isFullCredit":false},{"lineNumber":21,"author":{"gitId":"SlothyCat"},"content":"    public String toString() {","lastModifiedDate":"2024-08-25","isFullCredit":false},{"lineNumber":22,"author":{"gitId":"SlothyCat"},"content":"        return \"[T]\" + super.toString();","lastModifiedDate":"2024-08-25","isFullCredit":false},{"lineNumber":23,"author":{"gitId":"SlothyCat"},"content":"    }","lastModifiedDate":"2024-08-25","isFullCredit":false},{"lineNumber":24,"author":{"gitId":"SlothyCat"},"content":"}","lastModifiedDate":"2024-08-25","isFullCredit":false}],"authorContributionMap":{"SlothyCat":24}},{"path":"src/main/java/WrongInputException.java","fileType":"java","lines":[{"lineNumber":1,"author":{"gitId":"SlothyCat"},"content":"public class WrongInputException extends Exception {","lastModifiedDate":"2024-08-26","isFullCredit":false},{"lineNumber":2,"author":{"gitId":"SlothyCat"},"content":"    private static String horizontalLine \u003d \"\\n-------------------------------------------------\";","lastModifiedDate":"2024-08-26","isFullCredit":false},{"lineNumber":3,"author":{"gitId":"SlothyCat"},"content":"    public WrongInputException() {","lastModifiedDate":"2024-08-26","isFullCredit":false},{"lineNumber":4,"author":{"gitId":"SlothyCat"},"content":"        super(\"Sorry Nimbus don\u0027t understand what you are saying QwQ \\n\" +","lastModifiedDate":"2024-08-26","isFullCredit":false},{"lineNumber":5,"author":{"gitId":"SlothyCat"},"content":"                \"Try using todo, deadline or event!\" + horizontalLine);","lastModifiedDate":"2024-08-26","isFullCredit":false},{"lineNumber":6,"author":{"gitId":"SlothyCat"},"content":"    }","lastModifiedDate":"2024-08-26","isFullCredit":false},{"lineNumber":7,"author":{"gitId":"SlothyCat"},"content":"","lastModifiedDate":"2024-08-26","isFullCredit":false},{"lineNumber":8,"author":{"gitId":"SlothyCat"},"content":"    @Override","lastModifiedDate":"2024-08-26","isFullCredit":false},{"lineNumber":9,"author":{"gitId":"SlothyCat"},"content":"    public String toString() {","lastModifiedDate":"2024-08-26","isFullCredit":false},{"lineNumber":10,"author":{"gitId":"SlothyCat"},"content":"        return this.getMessage();","lastModifiedDate":"2024-08-26","isFullCredit":false},{"lineNumber":11,"author":{"gitId":"SlothyCat"},"content":"    }","lastModifiedDate":"2024-08-26","isFullCredit":false},{"lineNumber":12,"author":{"gitId":"SlothyCat"},"content":"}","lastModifiedDate":"2024-08-26","isFullCredit":false}],"authorContributionMap":{"SlothyCat":12}},{"path":"text-ui-test/input.txt","fileType":"txt","lines":[{"lineNumber":1,"author":{"gitId":"SlothyCat"},"content":"todo Tutorial","lastModifiedDate":"2024-08-25","isFullCredit":false},{"lineNumber":2,"author":{"gitId":"SlothyCat"},"content":"todo","lastModifiedDate":"2024-08-26","isFullCredit":false},{"lineNumber":3,"author":{"gitId":"SlothyCat"},"content":"deadline quiz /by 2pm","lastModifiedDate":"2024-08-25","isFullCredit":false},{"lineNumber":4,"author":{"gitId":"SlothyCat"},"content":"deadline","lastModifiedDate":"2024-08-26","isFullCredit":false},{"lineNumber":5,"author":{"gitId":"SlothyCat"},"content":"deadline quiz","lastModifiedDate":"2024-08-26","isFullCredit":false},{"lineNumber":6,"author":{"gitId":"SlothyCat"},"content":"event signature event /from Monday 7pm /to 8pm","lastModifiedDate":"2024-08-25","isFullCredit":false},{"lineNumber":7,"author":{"gitId":"SlothyCat"},"content":"event","lastModifiedDate":"2024-08-26","isFullCredit":false},{"lineNumber":8,"author":{"gitId":"SlothyCat"},"content":"event signature event","lastModifiedDate":"2024-08-26","isFullCredit":false},{"lineNumber":9,"author":{"gitId":"SlothyCat"},"content":"event signature event /from Monday 7pm","lastModifiedDate":"2024-08-26","isFullCredit":false},{"lineNumber":10,"author":{"gitId":"SlothyCat"},"content":"list","lastModifiedDate":"2024-08-25","isFullCredit":false},{"lineNumber":11,"author":{"gitId":"SlothyCat"},"content":"mark 1","lastModifiedDate":"2024-08-25","isFullCredit":false},{"lineNumber":12,"author":{"gitId":"SlothyCat"},"content":"mark 2","lastModifiedDate":"2024-08-25","isFullCredit":false},{"lineNumber":13,"author":{"gitId":"SlothyCat"},"content":"unmark 1","lastModifiedDate":"2024-08-25","isFullCredit":false},{"lineNumber":14,"author":{"gitId":"SlothyCat"},"content":"list","lastModifiedDate":"2024-08-25","isFullCredit":false},{"lineNumber":15,"author":{"gitId":"SlothyCat"},"content":"invalid input","lastModifiedDate":"2024-08-25","isFullCredit":false},{"lineNumber":16,"author":{"gitId":"SlothyCat"},"content":"mark 10","lastModifiedDate":"2024-08-25","isFullCredit":false},{"lineNumber":17,"author":{"gitId":"SlothyCat"},"content":"bye","lastModifiedDate":"2024-08-25","isFullCredit":false}],"authorContributionMap":{"SlothyCat":17}},{"path":"text-ui-test/runtest.bat","fileType":"bat","lines":[{"lineNumber":1,"author":{"gitId":"-"},"content":"@ECHO OFF","lastModifiedDate":"2020-05-25","isFullCredit":false},{"lineNumber":2,"author":{"gitId":"-"},"content":"","lastModifiedDate":"2020-05-25","isFullCredit":false},{"lineNumber":3,"author":{"gitId":"-"},"content":"REM create bin directory if it doesn\u0027t exist","lastModifiedDate":"2020-05-25","isFullCredit":false},{"lineNumber":4,"author":{"gitId":"-"},"content":"if not exist ..\\bin mkdir ..\\bin","lastModifiedDate":"2020-05-25","isFullCredit":false},{"lineNumber":5,"author":{"gitId":"-"},"content":"","lastModifiedDate":"2020-05-25","isFullCredit":false},{"lineNumber":6,"author":{"gitId":"-"},"content":"REM delete output from previous run","lastModifiedDate":"2020-05-25","isFullCredit":false},{"lineNumber":7,"author":{"gitId":"-"},"content":"if exist ACTUAL.TXT del ACTUAL.TXT","lastModifiedDate":"2020-08-25","isFullCredit":false},{"lineNumber":8,"author":{"gitId":"-"},"content":"","lastModifiedDate":"2020-05-25","isFullCredit":false},{"lineNumber":9,"author":{"gitId":"-"},"content":"REM compile the code into the bin folder","lastModifiedDate":"2020-05-25","isFullCredit":false},{"lineNumber":10,"author":{"gitId":"-"},"content":"javac  -cp ..\\src\\main\\java -Xlint:none -d ..\\bin ..\\src\\main\\java\\*.java","lastModifiedDate":"2020-08-25","isFullCredit":false},{"lineNumber":11,"author":{"gitId":"-"},"content":"IF ERRORLEVEL 1 (","lastModifiedDate":"2020-05-25","isFullCredit":false},{"lineNumber":12,"author":{"gitId":"-"},"content":"    echo ********** BUILD FAILURE **********","lastModifiedDate":"2020-05-25","isFullCredit":false},{"lineNumber":13,"author":{"gitId":"-"},"content":"    exit /b 1","lastModifiedDate":"2020-05-25","isFullCredit":false},{"lineNumber":14,"author":{"gitId":"-"},"content":")","lastModifiedDate":"2020-05-25","isFullCredit":false},{"lineNumber":15,"author":{"gitId":"-"},"content":"REM no error here, errorlevel \u003d\u003d 0","lastModifiedDate":"2020-05-25","isFullCredit":false},{"lineNumber":16,"author":{"gitId":"-"},"content":"","lastModifiedDate":"2020-05-25","isFullCredit":false},{"lineNumber":17,"author":{"gitId":"-"},"content":"REM run the program, feed commands from input.txt file and redirect the output to the ACTUAL.TXT","lastModifiedDate":"2020-05-25","isFullCredit":false},{"lineNumber":18,"author":{"gitId":"SlothyCat"},"content":"java -classpath ..\\bin Nimbus \u003c input.txt \u003e ACTUAL.TXT","lastModifiedDate":"2024-08-25","isFullCredit":false},{"lineNumber":19,"author":{"gitId":"-"},"content":"","lastModifiedDate":"2020-05-25","isFullCredit":false},{"lineNumber":20,"author":{"gitId":"-"},"content":"REM compare the output to the expected output","lastModifiedDate":"2020-05-25","isFullCredit":false},{"lineNumber":21,"author":{"gitId":"-"},"content":"FC ACTUAL.TXT EXPECTED.TXT","lastModifiedDate":"2020-05-25","isFullCredit":false}],"authorContributionMap":{"SlothyCat":1,"-":20}},{"path":"text-ui-test/runtest.sh","fileType":"sh","lines":[{"lineNumber":1,"author":{"gitId":"-"},"content":"#!/usr/bin/env bash","lastModifiedDate":"2020-05-25","isFullCredit":false},{"lineNumber":2,"author":{"gitId":"-"},"content":"","lastModifiedDate":"2020-05-25","isFullCredit":false},{"lineNumber":3,"author":{"gitId":"-"},"content":"# create bin directory if it doesn\u0027t exist","lastModifiedDate":"2020-05-25","isFullCredit":false},{"lineNumber":4,"author":{"gitId":"-"},"content":"if [ ! -d \"../bin\" ]","lastModifiedDate":"2020-05-25","isFullCredit":false},{"lineNumber":5,"author":{"gitId":"-"},"content":"then","lastModifiedDate":"2020-05-25","isFullCredit":false},{"lineNumber":6,"author":{"gitId":"-"},"content":"    mkdir ../bin","lastModifiedDate":"2020-05-25","isFullCredit":false},{"lineNumber":7,"author":{"gitId":"-"},"content":"fi","lastModifiedDate":"2020-05-25","isFullCredit":false},{"lineNumber":8,"author":{"gitId":"-"},"content":"","lastModifiedDate":"2020-05-25","isFullCredit":false},{"lineNumber":9,"author":{"gitId":"-"},"content":"# delete output from previous run","lastModifiedDate":"2020-05-25","isFullCredit":false},{"lineNumber":10,"author":{"gitId":"-"},"content":"if [ -e \"./ACTUAL.TXT\" ]","lastModifiedDate":"2020-05-25","isFullCredit":false},{"lineNumber":11,"author":{"gitId":"-"},"content":"then","lastModifiedDate":"2020-05-25","isFullCredit":false},{"lineNumber":12,"author":{"gitId":"-"},"content":"    rm ACTUAL.TXT","lastModifiedDate":"2020-05-25","isFullCredit":false},{"lineNumber":13,"author":{"gitId":"-"},"content":"fi","lastModifiedDate":"2020-05-25","isFullCredit":false},{"lineNumber":14,"author":{"gitId":"-"},"content":"","lastModifiedDate":"2020-05-25","isFullCredit":false},{"lineNumber":15,"author":{"gitId":"-"},"content":"# compile the code into the bin folder, terminates if error occurred","lastModifiedDate":"2020-05-25","isFullCredit":false},{"lineNumber":16,"author":{"gitId":"-"},"content":"if ! javac -cp ../src/main/java -Xlint:none -d ../bin ../src/main/java/*.java","lastModifiedDate":"2020-08-25","isFullCredit":false},{"lineNumber":17,"author":{"gitId":"-"},"content":"then","lastModifiedDate":"2020-05-25","isFullCredit":false},{"lineNumber":18,"author":{"gitId":"-"},"content":"    echo \"********** BUILD FAILURE **********\"","lastModifiedDate":"2020-05-25","isFullCredit":false},{"lineNumber":19,"author":{"gitId":"-"},"content":"    exit 1","lastModifiedDate":"2020-05-25","isFullCredit":false},{"lineNumber":20,"author":{"gitId":"-"},"content":"fi","lastModifiedDate":"2020-05-25","isFullCredit":false},{"lineNumber":21,"author":{"gitId":"-"},"content":"","lastModifiedDate":"2020-05-25","isFullCredit":false},{"lineNumber":22,"author":{"gitId":"-"},"content":"# run the program, feed commands from input.txt file and redirect the output to the ACTUAL.TXT","lastModifiedDate":"2020-05-25","isFullCredit":false},{"lineNumber":23,"author":{"gitId":"SlothyCat"},"content":"java -classpath ../bin Nimbus \u003c input.txt \u003e ACTUAL.TXT","lastModifiedDate":"2024-08-25","isFullCredit":false},{"lineNumber":24,"author":{"gitId":"-"},"content":"","lastModifiedDate":"2020-05-25","isFullCredit":false},{"lineNumber":25,"author":{"gitId":"-"},"content":"# convert to UNIX format","lastModifiedDate":"2020-05-25","isFullCredit":false},{"lineNumber":26,"author":{"gitId":"-"},"content":"cp EXPECTED.TXT EXPECTED-UNIX.TXT","lastModifiedDate":"2020-05-25","isFullCredit":false},{"lineNumber":27,"author":{"gitId":"-"},"content":"dos2unix ACTUAL.TXT EXPECTED-UNIX.TXT","lastModifiedDate":"2020-05-25","isFullCredit":false},{"lineNumber":28,"author":{"gitId":"-"},"content":"","lastModifiedDate":"2020-05-25","isFullCredit":false},{"lineNumber":29,"author":{"gitId":"-"},"content":"# compare the output to the expected output","lastModifiedDate":"2020-05-25","isFullCredit":false},{"lineNumber":30,"author":{"gitId":"-"},"content":"diff ACTUAL.TXT EXPECTED-UNIX.TXT","lastModifiedDate":"2020-05-25","isFullCredit":false},{"lineNumber":31,"author":{"gitId":"-"},"content":"if [ $? -eq 0 ]","lastModifiedDate":"2020-05-25","isFullCredit":false},{"lineNumber":32,"author":{"gitId":"-"},"content":"then","lastModifiedDate":"2020-05-25","isFullCredit":false},{"lineNumber":33,"author":{"gitId":"-"},"content":"    echo \"Test result: PASSED\"","lastModifiedDate":"2020-05-25","isFullCredit":false},{"lineNumber":34,"author":{"gitId":"-"},"content":"    exit 0","lastModifiedDate":"2020-05-25","isFullCredit":false},{"lineNumber":35,"author":{"gitId":"-"},"content":"else","lastModifiedDate":"2020-05-25","isFullCredit":false},{"lineNumber":36,"author":{"gitId":"-"},"content":"    echo \"Test result: FAILED\"","lastModifiedDate":"2020-05-25","isFullCredit":false},{"lineNumber":37,"author":{"gitId":"-"},"content":"    exit 1","lastModifiedDate":"2020-05-25","isFullCredit":false},{"lineNumber":38,"author":{"gitId":"-"},"content":"fi","lastModifiedDate":"2020-05-25","isFullCredit":false}],"authorContributionMap":{"SlothyCat":1,"-":37}}]
