{"authorDailyContributionsMap":{"davidgohzk":[{"date":"2024-08-16","commitResults":[{"hash":"7c1b91b26ee0481f7fdecaa2482a39c8119d3b45","isMergeCommit":false,"messageTitle":"added add and list functionality","messageBody":"","tags":["Level-2"],"fileTypesAndContributionMap":{"java":{"insertions":16,"deletions":5}}},{"hash":"e30ce2abfe7ce7a3ff1d0af7b93878d032cdbfe1","isMergeCommit":false,"messageTitle":"changes from an arraylist into a array of strings for the list","messageBody":"","fileTypesAndContributionMap":{"java":{"insertions":6,"deletions":5}}},{"hash":"310bf61fa35fe2a9759206c60d802651416b24eb","isMergeCommit":false,"messageTitle":"added mark as done functionality","messageBody":"","tags":["Level-3"],"fileTypesAndContributionMap":{"java":{"insertions":87,"deletions":24}}},{"hash":"e2239b5ebca60ff118f0dea1fa9924dbe37db657","isMergeCommit":false,"messageTitle":"added different tasks","messageBody":"","tags":["Level-4"],"fileTypesAndContributionMap":{"java":{"insertions":111,"deletions":13}}},{"hash":"5899d1bd9bdd0f559cff532a78cc2ad718ccea20","isMergeCommit":false,"messageTitle":"updated test to include the tests","messageBody":"","tags":["A-TextUiTesting"],"fileTypesAndContributionMap":{"txt":{"insertions":12,"deletions":0},"bat":{"insertions":1,"deletions":1}}},{"hash":"38c801ac65477a512dc0c1e37e4034d59265ffb9","isMergeCommit":false,"messageTitle":"added in error handling","messageBody":"","tags":["Level-5"],"fileTypesAndContributionMap":{"txt":{"insertions":2,"deletions":0},"java":{"insertions":40,"deletions":8}}},{"hash":"cb14a8863df5b91aae37bc933af4ed70eb13aa71","isMergeCommit":false,"messageTitle":"added in delete functionality","messageBody":"","tags":["Level-6"],"fileTypesAndContributionMap":{"txt":{"insertions":2,"deletions":0},"java":{"insertions":50,"deletions":28}}}]},{"date":"2024-08-21","commitResults":[{"hash":"fe1ffc6b50cd531de200e3591410cf7301218bb1","isMergeCommit":false,"messageTitle":"added saving code","messageBody":"","tags":["Level-7"],"fileTypesAndContributionMap":{"java":{"insertions":127,"deletions":20}}},{"hash":"168abded5a2abefc6fc87cf9babb470ec02382d7","isMergeCommit":false,"messageTitle":"added datetime to the app","messageBody":"","tags":["Level-8"],"fileTypesAndContributionMap":{"txt":{"insertions":1,"deletions":0},"java":{"insertions":144,"deletions":62}}}]},{"date":"2024-08-23","commitResults":[{"hash":"4c8d223a98467a99c2e3eafef89f45f4a91d1479","isMergeCommit":false,"messageTitle":"OOP","messageBody":"","fileTypesAndContributionMap":{"java":{"insertions":730,"deletions":369}}},{"hash":"cc8b32b30c9c8ffc163a2eed6c4b182c09f17e82","isMergeCommit":false,"messageTitle":"OOP","messageBody":"","tags":["A-MoreOOP"],"fileTypesAndContributionMap":{"txt":{"insertions":0,"deletions":1}}}]},{"date":"2024-08-24","commitResults":[{"hash":"fcb318d7ec06956bde890ea064f52c7aa16fef5d","isMergeCommit":false,"messageTitle":"following style guide","messageBody":"","fileTypesAndContributionMap":{"java":{"insertions":18,"deletions":18}}}]},{"date":"2024-08-26","commitResults":[{"hash":"0c1eea25fb148022e28cac911ac81373f742d1f5","isMergeCommit":false,"messageTitle":"refactored the files to make it more higher order","messageBody":"","fileTypesAndContributionMap":{"java":{"insertions":141,"deletions":151},"bat":{"insertions":10,"deletions":1}}},{"hash":"0dcfc41ea00502a080253ef45fba23359e7b52ef","isMergeCommit":false,"messageTitle":"moved the files into packages","messageBody":"","tags":["A-Packages"],"fileTypesAndContributionMap":{"java":{"insertions":149,"deletions":31}}}]},{"date":"2024-08-27","commitResults":[{"hash":"05f835c041082145597a21d81df880d355ad81df","isMergeCommit":true,"messageTitle":"Merge remote-tracking branch \u0027origin/add-gradle-support\u0027","messageBody":"","fileTypesAndContributionMap":{}},{"hash":"7c97fc2e66cbc413579ce2175b757baed8454237","isMergeCommit":false,"messageTitle":"changed the project path to Barney","messageBody":"","tags":["A-Gradle"],"fileTypesAndContributionMap":{"gradle":{"insertions":8,"deletions":2}}},{"hash":"0706ec51caccf5f58acf1af0fc7a68bb9d64dbbd","isMergeCommit":false,"messageTitle":"refactored into a single folder","messageBody":"","fileTypesAndContributionMap":{"java":{"insertions":82,"deletions":80}}},{"hash":"3ebbed45270714cc415aa2440ddd3f2d887bb4d8","isMergeCommit":false,"messageTitle":"refactored into a single folder","messageBody":"","fileTypesAndContributionMap":{"java":{"insertions":6,"deletions":6}}},{"hash":"8cdd19f3f3688583e9b4df718ccbeb73482dafe1","isMergeCommit":false,"messageTitle":"add JUnit","messageBody":"","tags":["A-JUnit"],"fileTypesAndContributionMap":{"gradle":{"insertions":1,"deletions":1},"java":{"insertions":107,"deletions":0}}},{"hash":"4f17867673438d44782ea04407ef864d9b3c9303","isMergeCommit":false,"messageTitle":"add filename to build.grade for jar","messageBody":"","tags":["A-Jar"],"fileTypesAndContributionMap":{"gradle":{"insertions":2,"deletions":0}}}]}]},"authorFileTypeContributionMap":{"davidgohzk":{"java":1028,"md":0,"fxml":0,"sh":0,"bat":10,"gradle":10,"txt":16}},"authorContributionVariance":{"davidgohzk":102313.336},"authorDisplayNameMap":{"davidgohzk":"CS2103T-T13-3 DAVI.. KAI"}}
