{"authorDailyContributionsMap":{"verakohh":[{"date":"2024-08-21","commitResults":[{"hash":"c30e7f65c5601a61d661c0145db730a547d70c1c","isMergeCommit":false,"messageTitle":"Rename main class and add greeting","messageBody":"","fileTypesAndContributionMap":{"java":{"insertions":27,"deletions":10}}},{"hash":"c2274b54938fbfbbc5b34b7697e83002a28c5137","isMergeCommit":false,"messageTitle":"Rename main class and add greeting","messageBody":"","tags":["Level-0"],"fileTypesAndContributionMap":{"java":{"insertions":5,"deletions":3}}},{"hash":"524cc3b0fbffa7a9eb15258c8594f7e1f3f295da","isMergeCommit":false,"messageTitle":"Add support for echo","messageBody":"","tags":["Level-1"],"fileTypesAndContributionMap":{"java":{"insertions":6,"deletions":3}}},{"hash":"d39d92715140459262f08bb31eda02deb7aa408b","isMergeCommit":false,"messageTitle":"added list","messageBody":"","tags":["Level-2"],"fileTypesAndContributionMap":{"java":{"insertions":11,"deletions":3}}},{"hash":"6d1ab83ac3522b1b3a1edef19bd7e013661be5dc","isMergeCommit":false,"messageTitle":"mark as done, unmark as done, and no tasks yet","messageBody":"","tags":["Level-3"],"fileTypesAndContributionMap":{"java":{"insertions":52,"deletions":5}}},{"hash":"32256bd35a43552e505b4541313715483f954bfa","isMergeCommit":false,"messageTitle":"Deadlines, Events, and ToDos","messageBody":"","tags":["Level-4"],"fileTypesAndContributionMap":{"java":{"insertions":81,"deletions":3}}},{"hash":"f6ff8043ee28adc674408fb5c8d42201e0c248fd","isMergeCommit":false,"messageTitle":"removed whitespaces and included automated text UI testing","messageBody":"","tags":["A-TextUITesting"],"fileTypesAndContributionMap":{"txt":{"insertions":7,"deletions":0},"java":{"insertions":3,"deletions":3},"bat":{"insertions":0,"deletions":21},"sh":{"insertions":2,"deletions":2}}},{"hash":"419319d51704323d387e266949c3d628c40ff0f1","isMergeCommit":false,"messageTitle":"added Exceptions","messageBody":"","tags":["Level-5"],"fileTypesAndContributionMap":{"java":{"insertions":109,"deletions":66}}},{"hash":"42b58513a2ce69fa7c8cfdcff9f86482b79ceaeb","isMergeCommit":false,"messageTitle":"Added delete function with updated automatic testing","messageBody":"","tags":["Level-6"],"fileTypesAndContributionMap":{"txt":{"insertions":10,"deletions":2},"java":{"insertions":38,"deletions":15}}}]},{"date":"2024-08-24","commitResults":[{"hash":"0e25de2d518053f3d7728a7fa205e9bc23d03203","isMergeCommit":false,"messageTitle":"use enums","messageBody":"","tags":["A-Enums"],"fileTypesAndContributionMap":{"java":{"insertions":136,"deletions":133}}}]},{"date":"2024-08-25","commitResults":[{"hash":"5a11479ba190d26a5cb5982bdfff749f7ddce36f","isMergeCommit":false,"messageTitle":"save the tasks in hard disk","messageBody":"","fileTypesAndContributionMap":{"txt":{"insertions":3,"deletions":0},"java":{"insertions":128,"deletions":3}}}]}]},"authorFileTypeContributionMap":{"verakohh":{"java":359,"md":0,"fxml":0,"sh":1,"bat":0,"gradle":0,"txt":18}},"authorContributionVariance":{"verakohh":24827.6},"authorDisplayNameMap":{"verakohh":"CS2103T-T17-1 KOH ..VERA"}}
