{"authorDailyContributionsMap":{"SQ77":[{"date":"2024-08-17","commitResults":[{"hash":"164fcab85c21a5d9f682da9ef7d9920d45850c35","isMergeCommit":false,"messageTitle":"skeletal version","messageBody":"","tags":["Level-0"],"fileTypesAndContributionMap":{"java":{"insertions":7,"deletions":10}}},{"hash":"929a5e438851ed9d10ce95fdc89a1c04b9d85324","isMergeCommit":false,"messageTitle":"Echo commands by user","messageBody":"","tags":["Level-1"],"fileTypesAndContributionMap":{"java":{"insertions":13,"deletions":2}}},{"hash":"a3cdff68af6fbb857a4ff8e2b5d2b7d7b7af13d2","isMergeCommit":false,"messageTitle":"Add, List","messageBody":"","tags":["Level-2"],"fileTypesAndContributionMap":{"java":{"insertions":9,"deletions":1}}}]},{"date":"2024-08-18","commitResults":[{"hash":"2b33bdaf7db510f5b549a82d5ae85fcf03288c21","isMergeCommit":false,"messageTitle":"Task class","messageBody":"","tags":["A-Classes"],"fileTypesAndContributionMap":{"java":{"insertions":27,"deletions":0}}},{"hash":"5035866bb69f7c4cd3500c693ad7d52ef448284b","isMergeCommit":false,"messageTitle":"Add the ability to mark tasks as done","messageBody":"","tags":["Level-3"],"fileTypesAndContributionMap":{"java":{"insertions":18,"deletions":3}}},{"hash":"ff286d836ce246180a0586408d9428a5da0c46c4","isMergeCommit":false,"messageTitle":"Add three types of tasks","messageBody":"","tags":["A-Inheritance"],"fileTypesAndContributionMap":{"java":{"insertions":38,"deletions":0}}},{"hash":"199fb7ee53c90132b0b2da40e3e79942458a8278","isMergeCommit":false,"messageTitle":"ToDos, Events, Deadlines","messageBody":"","tags":["Level-4"],"fileTypesAndContributionMap":{"java":{"insertions":30,"deletions":7}}},{"hash":"9434aabddf8567b5ecb1b4ca5653a2d3fd6294da","isMergeCommit":false,"messageTitle":"Fix bug in todo adding","messageBody":"","fileTypesAndContributionMap":{"java":{"insertions":1,"deletions":1}}},{"hash":"35b31228c3036e28d3f631f31e983ddaf44fa278","isMergeCommit":false,"messageTitle":"Semi-automate the testing of Oliver","messageBody":"","tags":["A-TextUiTesting"],"fileTypesAndContributionMap":{"txt":{"insertions":7,"deletions":0},"bat":{"insertions":1,"deletions":1}}},{"hash":"cfb7505b4662975eb1b23c539e9017ed3107c744","isMergeCommit":false,"messageTitle":"Add error handling","messageBody":"","tags":["Level-5","A-Exceptions"],"fileTypesAndContributionMap":{"java":{"insertions":57,"deletions":25}}}]},{"date":"2024-08-19","commitResults":[{"hash":"0febd4ba807d143afe9edc0d7f1358608eb6e175","isMergeCommit":false,"messageTitle":"Add support for deleting tasks","messageBody":"","tags":["Level-6","A-Collections"],"fileTypesAndContributionMap":{"java":{"insertions":24,"deletions":3}}}]},{"date":"2024-08-22","commitResults":[{"hash":"a8b8e26a3b2c523fa548578e5b662547e485ce38","isMergeCommit":false,"messageTitle":"Refactor code to make it more readable","messageBody":"","fileTypesAndContributionMap":{"java":{"insertions":118,"deletions":90}}}]}]},"authorFileTypeContributionMap":{"SQ77":{"java":210,"md":0,"fxml":0,"sh":0,"bat":1,"gradle":0,"txt":7}},"authorContributionVariance":{"SQ77":8241.674},"authorDisplayNameMap":{"SQ77":"ZHU ..HIQI"}}
