{"authorDailyContributionsMap":{"t-leongchuan":[{"date":"2024-08-22","commitResults":[{"hash":"9eb8513bccb3acbb6d21c1a30e7153d4f0dee19e","isMergeCommit":false,"messageTitle":"Rename Duke to Denim","messageBody":"implement initial chatbot with greeting and exit message.\n","tags":["Level-0"],"fileTypesAndContributionMap":{"java":{"insertions":14,"deletions":10}}},{"hash":"89cbfe243655a7ffb301eaf15af8acf34919aab0","isMergeCommit":false,"messageTitle":"Add support for echo","messageBody":"","tags":["Level-1"],"fileTypesAndContributionMap":{"java":{"insertions":20,"deletions":3}}}]},{"date":"2024-08-23","commitResults":[{"hash":"2f99786b981ea61f74e383f9edd7c92b162e26a5","isMergeCommit":false,"messageTitle":"Add support for add and list","messageBody":"","tags":["Level-2"],"fileTypesAndContributionMap":{"java":{"insertions":21,"deletions":6}}},{"hash":"b4a622b40201d9179d80007e8d0cef7b999ff438","isMergeCommit":false,"messageTitle":"Add initial Task.java file for managing tasks","messageBody":"","fileTypesAndContributionMap":{"java":{"insertions":17,"deletions":0}}},{"hash":"171abe68d21ad30de9d6761c85bc8434ce5a26d7","isMergeCommit":false,"messageTitle":"Add supporting methods for Task.java file","messageBody":"* toString(): Overriden method to format string output\n* setDone(): Setter to retrieve boolean isDone\n","fileTypesAndContributionMap":{"java":{"insertions":11,"deletions":1}}},{"hash":"e95e14db93d75cafd17bdec84ca95f90514515a4","isMergeCommit":false,"messageTitle":"Add JavaDoc comments for methods in Task.java","messageBody":"","fileTypesAndContributionMap":{"java":{"insertions":10,"deletions":0}}},{"hash":"061ddb6d05039a535978ac92fb76ac46468e5d8d","isMergeCommit":false,"messageTitle":"Add support for unmarking and marking task","messageBody":"","tags":["Level-3"],"fileTypesAndContributionMap":{"java":{"insertions":40,"deletions":7}}},{"hash":"d2fc3c2084c2b1a7056ca7940522dd058dcf1730","isMergeCommit":false,"messageTitle":"Add Deadline.java","messageBody":"Deadline inherits from Task.\n","fileTypesAndContributionMap":{"java":{"insertions":14,"deletions":0}}},{"hash":"e865ed156b1d9884b189c99037a2b78f43c784b2","isMergeCommit":false,"messageTitle":"Add Event.java","messageBody":"Event inherits from Task.\n","fileTypesAndContributionMap":{"java":{"insertions":16,"deletions":0}}},{"hash":"fbc9be95e6d07ad95cc4a4ee7e167c90e1391d69","isMergeCommit":false,"messageTitle":"Add Todo.java","messageBody":"Todo inherits from Task.\n","fileTypesAndContributionMap":{"java":{"insertions":12,"deletions":0}}},{"hash":"1f71da667e0a85ac2539305a94391ea074dcec26","isMergeCommit":false,"messageTitle":"Fix string formatting bug in Task.java","messageBody":"","fileTypesAndContributionMap":{"java":{"insertions":1,"deletions":1}}},{"hash":"4f9c146c862b87eec194da4f6dc3e49d28efce12","isMergeCommit":false,"messageTitle":"Refactor Denim and add support for tracking three types of tasks","messageBody":"Tasks Supported:\n1.Todo: tasks without any date/time attached to it\n2.Deadlines: tasks that need to be done before a specific date/time\n3.Events: tasks that start and end at specific date/time\n","tags":["Level-4"],"fileTypesAndContributionMap":{"java":{"insertions":102,"deletions":60}}},{"hash":"7f3a26f92ca71e88f66c1477589970021cf1f072","isMergeCommit":false,"messageTitle":"Semi-automate testing of Denim","messageBody":"","tags":["A-TextUiTesting"],"fileTypesAndContributionMap":{"txt":{"insertions":7,"deletions":0},"bat":{"insertions":3,"deletions":1}}},{"hash":"7b79a696f5db840c9a600c425c89c300dcfd9671","isMergeCommit":false,"messageTitle":"Add DenimException.java to handle Denim exceptions","messageBody":"","fileTypesAndContributionMap":{"java":{"insertions":7,"deletions":0}}},{"hash":"3c298152d4de87eed15d8bb1526e06810c151c1d","isMergeCommit":false,"messageTitle":"Add support for handling basic errors","messageBody":"","tags":["Level-5"],"fileTypesAndContributionMap":{"java":{"insertions":90,"deletions":36}}},{"hash":"9dcce806310aba60612105ca6ffc22a4d31afcc6","isMergeCommit":false,"messageTitle":"Add support for basic deletion of tasks","messageBody":"","fileTypesAndContributionMap":{"java":{"insertions":36,"deletions":0}}},{"hash":"14d8fd4ae145e3276f817291020b5aa173225219","isMergeCommit":false,"messageTitle":"Refactor Task data structure to use ArrayList","messageBody":"","tags":["Level-6"],"fileTypesAndContributionMap":{"java":{"insertions":16,"deletions":23}}},{"hash":"dbf72d30112765f2256b2ade455987e46beef54f","isMergeCommit":false,"messageTitle":"Refactor task types to use enums","messageBody":"","tags":["A-enums"],"fileTypesAndContributionMap":{"java":{"insertions":28,"deletions":17}}}]},{"date":"2024-08-24","commitResults":[{"hash":"5b81a28d30a1cf385b1a932c9d3a159e9a5a4c10","isMergeCommit":false,"messageTitle":"Modify access modifiers for methods to \u0027private\u0027","messageBody":"","fileTypesAndContributionMap":{"java":{"insertions":15,"deletions":13}}},{"hash":"3bfa2927160b55b28374e3c458710b3891138120","isMergeCommit":false,"messageTitle":"Add methods to read from and write to data/denim.txt","messageBody":"","fileTypesAndContributionMap":{"java":{"insertions":18,"deletions":1}}}]},{"date":"2024-08-25","commitResults":[{"hash":"cca0c2ec4932282ddf1b915ff8512a9ad3516598","isMergeCommit":false,"messageTitle":"Add additional constructor to Task and its subclasses","messageBody":"","fileTypesAndContributionMap":{"java":{"insertions":21,"deletions":1}}},{"hash":"651abb6111c90859f063abb6c0bf1d47834280a4","isMergeCommit":false,"messageTitle":"Refactor Denim.java for better isolation of logic","messageBody":"Isolate I/O operations: Moved all file reading/writing logic to\nTaskIO.java to adhere to the single responsibility principle.\n\nDelegate command parsing: Shifted user input parsing and command\nrouting to TaskManager.java for better separation of concerns.\n\nManage tasks centrally: Ensured TaskList.java is solely responsible\nfor managing the collection of Task objects, encapsulating\nall ArrayList operations.\n","fileTypesAndContributionMap":{"java":{"insertions":302,"deletions":188}}},{"hash":"c35ee9482809010d22bc73b9870f4350e54b73ab","isMergeCommit":false,"messageTitle":"Add method to Task and subclasses for standardized file I/O","messageBody":"toSimplifiedString() method added to standardize I/O.\n","fileTypesAndContributionMap":{"java":{"insertions":32,"deletions":2}}},{"hash":"2ead741bf5fb7f3f8c3d75103b0dec210c4e9c93","isMergeCommit":false,"messageTitle":"Add support for reading and writing tasks to data/denim.txt","messageBody":"* Implemented functionality to read tasks from data/denim.txt at\n  startup.\n* Added functionality to write tasks to data/denim.txt when\n  new tasks are added.\n* Deletion of tasks and marking/unmarking tasks as complete are not\n  yet supported in this commit.\n","fileTypesAndContributionMap":{"java":{"insertions":106,"deletions":22}}}]},{"date":"2024-08-26","commitResults":[{"hash":"2f21fffc91277fd8bb4e1b8070f075bced9da75b","isMergeCommit":false,"messageTitle":"Add support for deletion of task to denim.txt","messageBody":"","fileTypesAndContributionMap":{"java":{"insertions":20,"deletions":4}}},{"hash":"fb1be4236112a2bd831a4101e436929c4954cd2a","isMergeCommit":false,"messageTitle":"Add support of marking and unmarking tasks to denim.txt","messageBody":"","fileTypesAndContributionMap":{"java":{"insertions":34,"deletions":0}}},{"hash":"86ccba8c368aed8dfeec6c4c00d3d641798712cb","isMergeCommit":false,"messageTitle":"Enhance user error message for corrupted denim.txt file","messageBody":"","fileTypesAndContributionMap":{"java":{"insertions":2,"deletions":1}}},{"hash":"68fec9c57ef61a56f623bfba9f4486224db3c676","isMergeCommit":true,"messageTitle":"Merge branch \u0027branch-Level-7\u0027","messageBody":"","tags":["Level-7"],"fileTypesAndContributionMap":{}}]},{"date":"2024-08-27","commitResults":[{"hash":"ea95ac206a703328239aa1f86aabc986a649f5c4","isMergeCommit":false,"messageTitle":"Enhance UX by displaying a message when the task list is empty","messageBody":"","fileTypesAndContributionMap":{"java":{"insertions":4,"deletions":0}}},{"hash":"340ee35f565aea644fd59d03bbdd6cd2e166d573","isMergeCommit":false,"messageTitle":"Add support for Deadline tasks to recognize dates as LocalDateTime","messageBody":"","fileTypesAndContributionMap":{"java":{"insertions":35,"deletions":12}}},{"hash":"2cd0e1b95bf1d69b78751f48b52bc17b7a09dff6","isMergeCommit":true,"messageTitle":"Merge branch \u0027branch-Level-8\u0027","messageBody":"","tags":["Level-8"],"fileTypesAndContributionMap":{}}]},{"date":"2024-08-28","commitResults":[{"hash":"b7465d42d80ccf2eed6b49486e0dcbb438a5d389","isMergeCommit":false,"messageTitle":"Add command classes and implementations for task management","messageBody":"","fileTypesAndContributionMap":{"java":{"insertions":110,"deletions":0}}},{"hash":"6abb7067d9c91772c4f82168b6f6b247a8c09fc5","isMergeCommit":false,"messageTitle":"Abstract Parser from TaskManager for better separation of logic","messageBody":"","fileTypesAndContributionMap":{"java":{"insertions":126,"deletions":0}}},{"hash":"f4949a1927e115db25511ee29b6ac5a12db1b253","isMergeCommit":false,"messageTitle":"Implement command for unmarking task","messageBody":"","fileTypesAndContributionMap":{"java":{"insertions":15,"deletions":0}}},{"hash":"7e0c16687853cd390a13040cea6b73066ba9e927","isMergeCommit":false,"messageTitle":"Implement command for adding todo tasks","messageBody":"","fileTypesAndContributionMap":{"java":{"insertions":19,"deletions":0}}}]},{"date":"2024-08-29","commitResults":[{"hash":"8ab891785edfd35e20262a59db164a246138b9f9","isMergeCommit":false,"messageTitle":"Add command for exit and help","messageBody":"","fileTypesAndContributionMap":{"java":{"insertions":36,"deletions":0}}},{"hash":"3b15986e46c3f908bb7ed294bf4e2d19d6c0085a","isMergeCommit":false,"messageTitle":"Add support for command to read/write task and check errors","messageBody":"","fileTypesAndContributionMap":{"java":{"insertions":129,"deletions":18}}},{"hash":"bacd531338c2f1d3b7472df109b907ecc5978da4","isMergeCommit":false,"messageTitle":"Remove obsolete TaskManager.java","messageBody":"","fileTypesAndContributionMap":{"java":{"insertions":0,"deletions":193}}},{"hash":"650a9b29d60a42b451be842e3f1281efbfc3d148","isMergeCommit":false,"messageTitle":"Add support for Event Tasks to use LocalDateTime","messageBody":"","fileTypesAndContributionMap":{"java":{"insertions":11,"deletions":6}}},{"hash":"6545fa15203c7508fc890db13ca85dbb08d2a5ab","isMergeCommit":false,"messageTitle":"Add support for Parser to recognize Exit and Help Command","messageBody":"","fileTypesAndContributionMap":{"java":{"insertions":56,"deletions":20}}},{"hash":"c17e4077913c7e4cfd6bd181c225a2ac291da8bc","isMergeCommit":false,"messageTitle":"Abstract Ui from Denim for better separation of logic","messageBody":"","fileTypesAndContributionMap":{"java":{"insertions":50,"deletions":0}}},{"hash":"6bf06714277300f384c0cbd09516795e3f9c8b00","isMergeCommit":false,"messageTitle":"Add support for TaskIO to read Event Tasks with LocalDateTIme","messageBody":"","fileTypesAndContributionMap":{"java":{"insertions":3,"deletions":2}}},{"hash":"a1be0a326f8b6407b028369a34cafb07c99a36b6","isMergeCommit":false,"messageTitle":"Add methods to support more ArrayList\u003cTask\u003e operations","messageBody":"","fileTypesAndContributionMap":{"java":{"insertions":26,"deletions":5}}},{"hash":"ba131483f1c585623c680cde950d02b39816fc34","isMergeCommit":false,"messageTitle":"Refactor Denim to improve program flow and readability","messageBody":"","fileTypesAndContributionMap":{"java":{"insertions":27,"deletions":51}}},{"hash":"27bde47f9aeb2267414e809100b0ab2ff7c63126","isMergeCommit":true,"messageTitle":"Merge branch \u0027A-MoreOOP\u0027","messageBody":"","tags":["A-MoreOOP"],"fileTypesAndContributionMap":{}},{"hash":"41e03b48e202dd0edfa24da80479af829d8a24f8","isMergeCommit":false,"messageTitle":"Organize program into respective packages to enhance modularity","messageBody":"","fileTypesAndContributionMap":{"java":{"insertions":148,"deletions":31}}},{"hash":"e92a5b58c99971e3c2c15705b683eac2762a5b59","isMergeCommit":true,"messageTitle":"Merge branch \u0027A-Packages\u0027","messageBody":"","tags":["A-Packages"],"fileTypesAndContributionMap":{}},{"hash":"9da57f0c75096d503087721e6f45c2137415b17a","isMergeCommit":false,"messageTitle":"Fix index handling bug in marking, unmarking, and delete operations","messageBody":"","fileTypesAndContributionMap":{"java":{"insertions":12,"deletions":12}}},{"hash":"df634813bcff87f376024cc9a3ba9ae6b6e8ebe0","isMergeCommit":true,"messageTitle":"Merge branch \u0027add-gradle-support\u0027","messageBody":"","fileTypesAndContributionMap":{}},{"hash":"fcc1514389d4fd45cf2452e48ca745f16abcb64a","isMergeCommit":false,"messageTitle":"Add Gradle support","messageBody":"","tags":["A-Gradle"],"fileTypesAndContributionMap":{"gradle":{"insertions":2,"deletions":2}}},{"hash":"db6d3f2721a52230dbf3051cfe0f221734c3a2e6","isMergeCommit":false,"messageTitle":"Fix String formatting bug in TaskList and Commands","messageBody":"","fileTypesAndContributionMap":{"java":{"insertions":5,"deletions":5}}},{"hash":"5c34d8a1c3653b1fb7453768a686a49be7cbd4f6","isMergeCommit":false,"messageTitle":"Add support for testing Parser and TaskList","messageBody":"","tags":["A-JUnit"],"fileTypesAndContributionMap":{"java":{"insertions":144,"deletions":0}}},{"hash":"c98fb79e9396976deb6bc3e83eac2e11168b3b1c","isMergeCommit":false,"messageTitle":"Remove unnecessary imports from Commands and inherited classes","messageBody":"","tags":["A-Jar"],"fileTypesAndContributionMap":{"java":{"insertions":3,"deletions":11}}},{"hash":"74f2e4c85fb12f7213f04b1b4bfa0df1b09c5f9b","isMergeCommit":false,"messageTitle":"Add JavaDoc comments for some files","messageBody":"","fileTypesAndContributionMap":{"java":{"insertions":303,"deletions":14}}},{"hash":"c39e04b202d79da4fc4597ab7311a74af16f6138","isMergeCommit":false,"messageTitle":"Add Find Command and Support for TaskList to find Task","messageBody":"","fileTypesAndContributionMap":{"java":{"insertions":37,"deletions":4}}},{"hash":"83c2fe958aa3a377faeccba22548f5a237174fb5","isMergeCommit":false,"messageTitle":"Add support for finding tasks in the task list","messageBody":"","fileTypesAndContributionMap":{"java":{"insertions":15,"deletions":1}}},{"hash":"d76aba2dde65bfe08379ca8a59b81d37ef64f14a","isMergeCommit":false,"messageTitle":"Adhere Commands to Code Conventions","messageBody":"","fileTypesAndContributionMap":{"java":{"insertions":74,"deletions":71}}},{"hash":"58893bd86797ea01fefedcb0e91a581d1a366086","isMergeCommit":false,"messageTitle":"Adhere Tasks and inherited classes to Coding Conventions","messageBody":"","fileTypesAndContributionMap":{"java":{"insertions":6,"deletions":6}}},{"hash":"62b285d57a0ba840dd71c1c93b38d5e2fb6d03c6","isMergeCommit":false,"messageTitle":"Fix minor coding convention violations in Commands and Tasks","messageBody":"","fileTypesAndContributionMap":{"java":{"insertions":15,"deletions":14}}},{"hash":"c50776378db52bf9fd04ef18156952a99ebfd564","isMergeCommit":false,"messageTitle":"Adhere TaskList to coding conventions","messageBody":"","fileTypesAndContributionMap":{"java":{"insertions":7,"deletions":8}}},{"hash":"4c3e2f563899a37c5bc04e99fb60c104fbea0038","isMergeCommit":false,"messageTitle":"Fix minor Coding Convention violation in TaskList","messageBody":"","fileTypesAndContributionMap":{"java":{"insertions":6,"deletions":6}}},{"hash":"c1e0f3ff24a3172420746f7236f8c0a12dced4f5","isMergeCommit":false,"messageTitle":"Adhere TaskIo to coding conventions","messageBody":"","fileTypesAndContributionMap":{"java":{"insertions":32,"deletions":32}}},{"hash":"91d46ace075bf23bc6ddb13f42b5a6fcf4faebd2","isMergeCommit":false,"messageTitle":"Adhere remaining files with Coding Conventions","messageBody":"","fileTypesAndContributionMap":{"java":{"insertions":39,"deletions":43},"bat":{"insertions":1,"deletions":1}}},{"hash":"638665170e593e45e1d617c976889cd1a2e97539","isMergeCommit":true,"messageTitle":"Merge branch \u0027A-JavaDoc\u0027","messageBody":"","fileTypesAndContributionMap":{}},{"hash":"41d43346ee0243ac1aadde3df25fdc3daf949505","isMergeCommit":true,"messageTitle":"Merge branch \u0027A-CodingStandard\u0027","messageBody":"# Conflicts:\n#\tsrc/main/java/Denim/Commands/Command.java\n#\tsrc/main/java/Denim/Storage/TaskIO.java\n#\tsrc/main/java/Denim/TaskList.java\n","fileTypesAndContributionMap":{}},{"hash":"2c4126f07d8abb82e30e2fe2c97cab878e03278b","isMergeCommit":true,"messageTitle":"Merge branch \u0027Level-9\u0027","messageBody":"# Conflicts:\n#\tsrc/main/java/Denim/Parser.java\n#\tsrc/main/java/Denim/TaskList.java\n","fileTypesAndContributionMap":{}},{"hash":"8c9e21c4a1223b4101759f837570e0e68da13ef4","isMergeCommit":false,"messageTitle":"Fix minor coding convention violation and fix mainClass in Gradle","messageBody":"","tags":["Level-9","A-JavaDoc","A-CodingStandard"],"fileTypesAndContributionMap":{"gradle":{"insertions":1,"deletions":1},"java":{"insertions":38,"deletions":26}}}]},{"date":"2024-09-05","commitResults":[{"hash":"9f94766285708b2c4c4da0f879e06ef68619eeca","isMergeCommit":false,"messageTitle":"Add checkstyle capability and fix Test files coding conventions","messageBody":"","fileTypesAndContributionMap":{"gradle":{"insertions":6,"deletions":1},"java":{"insertions":8,"deletions":6}}},{"hash":"e7521eb8e41d3122bf1742dce61578e7c95bc14f","isMergeCommit":false,"messageTitle":"Fix coding convention of Command and inherited classes","messageBody":"","fileTypesAndContributionMap":{"java":{"insertions":63,"deletions":9}}},{"hash":"8d8c249ccf5eb78a387b424a2acb1ead806d4c91","isMergeCommit":false,"messageTitle":"Fix some files with coding style violation via checkstyle","messageBody":"","fileTypesAndContributionMap":{"java":{"insertions":54,"deletions":54}}},{"hash":"4bdb8896a84cb71e6e3f518e904514626ef4256b","isMergeCommit":false,"messageTitle":"fix remaining files with coding violations via checkstyle","messageBody":"","tags":["A-CheckStyle"],"fileTypesAndContributionMap":{"java":{"insertions":97,"deletions":15}}},{"hash":"4b2b74b960b1c6388b0d655aabe5eca8dbce43d0","isMergeCommit":false,"messageTitle":"Add first iteration of GUI","messageBody":"","fileTypesAndContributionMap":{"gradle":{"insertions":15,"deletions":0},"fxml":{"insertions":37,"deletions":0},"java":{"insertions":134,"deletions":8}}},{"hash":"21110681f6fcaab8bae9f68c71c9d891a376f1e4","isMergeCommit":false,"messageTitle":"Add second iteration of GUI","messageBody":"","fileTypesAndContributionMap":{"fxml":{"insertions":12,"deletions":1}}},{"hash":"e03433407b7de960c7821ed059087bbbd5980e37","isMergeCommit":false,"messageTitle":"Add iteration 3 of GUI","messageBody":"","fileTypesAndContributionMap":{"fxml":{"insertions":31,"deletions":24},"java":{"insertions":44,"deletions":9}}},{"hash":"81ebc0f189009505b2c5dd3841d34c4681a1fc69","isMergeCommit":false,"messageTitle":"Integrate GUI with core logic","messageBody":"","fileTypesAndContributionMap":{"fxml":{"insertions":1,"deletions":1},"java":{"insertions":71,"deletions":30}}},{"hash":"864da305962c0292212ec4e0ba580d371d4b36ac","isMergeCommit":false,"messageTitle":"Add styling to GUI","messageBody":"","fileTypesAndContributionMap":{"fxml":{"insertions":5,"deletions":2},"java":{"insertions":10,"deletions":16}}},{"hash":"44916e33258588766b9a0b76387844a5d0994233","isMergeCommit":true,"messageTitle":"Merge branch \u0027A-CheckStyle\u0027","messageBody":"","fileTypesAndContributionMap":{}},{"hash":"c327978cca09abd81f007610a1930b67e5e3a44b","isMergeCommit":true,"messageTitle":"Merge branch \u0027Level-10\u0027","messageBody":"# Conflicts:\n#\tsrc/main/java/Denim/Denim.java\n#\tsrc/main/java/Denim/Parser.java\n#\tsrc/main/java/Denim/TextBasedUi.java\n","fileTypesAndContributionMap":{}},{"hash":"7a6f36be78ae4b0c8204248ba18f1a3d99a95c9b","isMergeCommit":false,"messageTitle":"Fix remaining inconsistencies in Denim and Parser","messageBody":"","fileTypesAndContributionMap":{"gradle":{"insertions":1,"deletions":1},"java":{"insertions":4,"deletions":4}}}]},{"date":"2024-09-06","commitResults":[{"hash":"5069d1d68113ee81d3d7a06315746c466f0bfb73","isMergeCommit":false,"messageTitle":"Fix coding style violating for GUI files","messageBody":"","tags":["Level-10"],"fileTypesAndContributionMap":{"fxml":{"insertions":1,"deletions":1},"java":{"insertions":33,"deletions":11}}},{"hash":"095792608f548e37933faa40973ff38ab9d7a6d3","isMergeCommit":false,"messageTitle":"Modify FindCommand to accept multiple keywords for finding tasks","messageBody":"","fileTypesAndContributionMap":{"java":{"insertions":15,"deletions":11}}},{"hash":"bbcced6abaae233df7dc1791e5d663863bb171e4","isMergeCommit":true,"messageTitle":"Merge branch \u0027A-Varargs\u0027","messageBody":"","tags":["A-Varargs"],"fileTypesAndContributionMap":{}}]},{"date":"2024-09-10","commitResults":[{"hash":"9716e3f8d1c2282c89ec3f41d069bbb2457b48c1","isMergeCommit":false,"messageTitle":"Update build.gradle to enable Java Assertions","messageBody":"","fileTypesAndContributionMap":{"gradle":{"insertions":2,"deletions":1}}},{"hash":"5cbf0f01a8af2f381af83294bab5ccc36486dbb1","isMergeCommit":false,"messageTitle":"Add assertions for input validation","messageBody":"Added assertions in TaskList, DeleteCommand, MarkCommand,\nand UnmarkCommand to validate that indices are within the valid\nrange of the TaskList.\n","tags":["A-Assertions"],"fileTypesAndContributionMap":{"java":{"insertions":6,"deletions":0}}},{"hash":"d48d5b6a01247caacbac4da3df8c7ae9d2593c44","isMergeCommit":false,"messageTitle":"Improve code quality through refactoring and comments","messageBody":"- Main: Renamed Duke to Denim in comments\n- Parser: Clarified response when user input is unknown\n- TaskList: Refactored to replace magic literals\n- TaskIo: Added fallthrough comment for case with no break statement\n","fileTypesAndContributionMap":{"java":{"insertions":5,"deletions":4}}}]},{"date":"2024-09-11","commitResults":[{"hash":"f98459f603e160c7887547e2e6e6405de114d498","isMergeCommit":false,"messageTitle":"Change TaskList findTask() method implementation to use Streams","messageBody":"","fileTypesAndContributionMap":{"java":{"insertions":9,"deletions":7}}},{"hash":"c374f88f4a148d8dd9869db21d2a37f78e43dead","isMergeCommit":false,"messageTitle":"Remove Text-Based UI","messageBody":"The text-based UI is no longer needed as it is replaced with a GUI.\n\nTextBasedUi is being removed and any classes dependent on\nor associated with TextBasedUi are refactored to be consistent\nwith only using the GUI.\n\nGiven that the code is mostly obsolete now, it is best to remove it\nrather than keep it as we can always retrieve it back if we need it\nagain later.\n","fileTypesAndContributionMap":{"java":{"insertions":19,"deletions":120}}},{"hash":"076bb5f8975e91c06349cc65b70c6245200c51ea","isMergeCommit":false,"messageTitle":"Fix inconsistencies with coding style and code quality","messageBody":"","fileTypesAndContributionMap":{"java":{"insertions":13,"deletions":9}}},{"hash":"8ccfabebd7f74652034d38b46f2f5766adb2a0fa","isMergeCommit":false,"messageTitle":"Add new DenimFileException for Exceptions relating to file I/O.","messageBody":"","fileTypesAndContributionMap":{"java":{"insertions":41,"deletions":17}}},{"hash":"aaf0b8f9f3ce85ca2b6ce4e19f76bee6801d2efd","isMergeCommit":false,"messageTitle":"Refactor: Extract Class from TaskIo","messageBody":"TaskIo is doing both reading and writing to file.\n\nTaskIo has been removed and two new classes extracted from it,\nwhich are ReadTaskFile and WriteTaskFile.\n\nThis is for better separation of logic.\n","tags":["A-FullCommitMessage"],"fileTypesAndContributionMap":{"java":{"insertions":315,"deletions":54}}},{"hash":"108362d6b07756a20f121c448932a2f2a4539ec7","isMergeCommit":false,"messageTitle":"Add support for GUI to handle file issues when loading","messageBody":"","fileTypesAndContributionMap":{"java":{"insertions":141,"deletions":86}}},{"hash":"c34734338e007eae4fb564a49a5d4c2bc60cfe9a","isMergeCommit":false,"messageTitle":"Fix coding style errors","messageBody":"","fileTypesAndContributionMap":{"java":{"insertions":90,"deletions":26}}}]},{"date":"2024-09-12","commitResults":[{"hash":"878a5969cb60040f8611262627b7c78b8c00eac9","isMergeCommit":false,"messageTitle":"Remove TaskIO","messageBody":"","fileTypesAndContributionMap":{"java":{"insertions":0,"deletions":265}}},{"hash":"4ae8181c8ba1e964a408274a3ebdb7c1c66205b6","isMergeCommit":true,"messageTitle":"Merge pull request #1 from t-leongchuan/heads/A-Assertions","messageBody":"Add assertions to TaskList methods","fileTypesAndContributionMap":{}},{"hash":"5259380998fe671fea14cc848f9141460ce847e1","isMergeCommit":true,"messageTitle":"Merge branch \u0027master\u0027 into A-CodeQuality","messageBody":"# Conflicts:\n#\tsrc/main/java/Denim/Commands/DeleteCommand.java\n#\tsrc/main/java/Denim/Commands/MarkCommand.java\n#\tsrc/main/java/Denim/Commands/UnmarkCommand.java\n","fileTypesAndContributionMap":{}},{"hash":"5639f4e7df28e1d930156f4da8ad87a909755e87","isMergeCommit":true,"messageTitle":"Merge branch \u0027master\u0027 into A-Streams","messageBody":"","fileTypesAndContributionMap":{}},{"hash":"9842a2f66b88590f1bd52e03ddd33d8188c193bf","isMergeCommit":true,"messageTitle":"Merge branch \u0027A-CodeQuality\u0027","messageBody":"","tags":["A-CodeQuality"],"fileTypesAndContributionMap":{}},{"hash":"4c2775e455174a0c21e6fd6f5e347a057625e1c7","isMergeCommit":true,"messageTitle":"Merge branch \u0027master\u0027 into A-Streams","messageBody":"","fileTypesAndContributionMap":{}},{"hash":"467dde6c444fae97f504eeb33a5a74526d32a2be","isMergeCommit":true,"messageTitle":"Merge branch \u0027A-Streams\u0027","messageBody":"","tags":["A-Streams"],"fileTypesAndContributionMap":{}}]}]},"authorFileTypeContributionMap":{"t-leongchuan":{"java":1970,"md":0,"fxml":58,"sh":0,"bat":3,"gradle":24,"txt":7}},"authorContributionVariance":{"t-leongchuan":164096.16},"authorDisplayNameMap":{"t-leongchuan":"CS2103T-W13-3 TOH ..HUAN"}}
