{"authorDailyContributionsMap":{"ChinSekYi":[{"date":"2024-08-25","commitResults":[{"hash":"2af88969bdfc24726f07e1d69e8e950ea24eda69","isMergeCommit":false,"messageTitle":"add level-0","messageBody":"","tags":["Level-0"],"fileTypesAndContributionMap":{"java":{"insertions":20,"deletions":10},"md":{"insertions":1,"deletions":1}}},{"hash":"6232d369810eb34deda255fd40c5e8f9047aa4c8","isMergeCommit":false,"messageTitle":"Level-1","messageBody":"","tags":["Level-1"],"fileTypesAndContributionMap":{"java":{"insertions":22,"deletions":5}}}]}]},"authorFileTypeContributionMap":{"ChinSekYi":{"java":37,"md":1,"fxml":0,"sh":0,"bat":0,"gradle":0,"txt":0}},"authorContributionVariance":{"ChinSekYi":313.28998},"authorDisplayNameMap":{"ChinSekYi":"CHIN..K YI"}}
