[{"path":"data/lebron.txt","fileType":"txt","lines":[{"lineNumber":1,"author":{"gitId":"nihalramesh12629"},"content":"T | 0 | buy bread","lastModifiedDate":"2024-08-26","isFullCredit":false}],"authorContributionMap":{"nihalramesh12629":1}},{"path":"src/main/java/Deadlines.java","fileType":"java","lines":[{"lineNumber":1,"author":{"gitId":"nihalramesh12629"},"content":"public class Deadlines extends Task {","lastModifiedDate":"2024-08-20","isFullCredit":false},{"lineNumber":2,"author":{"gitId":"nihalramesh12629"},"content":"","lastModifiedDate":"2024-08-20","isFullCredit":false},{"lineNumber":3,"author":{"gitId":"nihalramesh12629"},"content":"    protected String deadline;","lastModifiedDate":"2024-08-20","isFullCredit":false},{"lineNumber":4,"author":{"gitId":"nihalramesh12629"},"content":"","lastModifiedDate":"2024-08-20","isFullCredit":false},{"lineNumber":5,"author":{"gitId":"nihalramesh12629"},"content":"    public Deadlines(String description, String deadline) {","lastModifiedDate":"2024-08-20","isFullCredit":false},{"lineNumber":6,"author":{"gitId":"nihalramesh12629"},"content":"        super(description);","lastModifiedDate":"2024-08-20","isFullCredit":false},{"lineNumber":7,"author":{"gitId":"nihalramesh12629"},"content":"        this.deadline \u003d deadline;","lastModifiedDate":"2024-08-20","isFullCredit":false},{"lineNumber":8,"author":{"gitId":"nihalramesh12629"},"content":"    }","lastModifiedDate":"2024-08-20","isFullCredit":false},{"lineNumber":9,"author":{"gitId":"nihalramesh12629"},"content":"","lastModifiedDate":"2024-08-20","isFullCredit":false},{"lineNumber":10,"author":{"gitId":"nihalramesh12629"},"content":"    @Override","lastModifiedDate":"2024-08-20","isFullCredit":false},{"lineNumber":11,"author":{"gitId":"nihalramesh12629"},"content":"    public String toString() {","lastModifiedDate":"2024-08-20","isFullCredit":false},{"lineNumber":12,"author":{"gitId":"nihalramesh12629"},"content":"        return String.format(\"[D][%s] %s (by: %s)\", super.getStatusIcons(), super.description, this.deadline);","lastModifiedDate":"2024-08-20","isFullCredit":false},{"lineNumber":13,"author":{"gitId":"nihalramesh12629"},"content":"    }","lastModifiedDate":"2024-08-20","isFullCredit":false},{"lineNumber":14,"author":{"gitId":"nihalramesh12629"},"content":"","lastModifiedDate":"2024-08-26","isFullCredit":false},{"lineNumber":15,"author":{"gitId":"nihalramesh12629"},"content":"    @Override","lastModifiedDate":"2024-08-26","isFullCredit":false},{"lineNumber":16,"author":{"gitId":"nihalramesh12629"},"content":"    public String toFileString() {","lastModifiedDate":"2024-08-26","isFullCredit":false},{"lineNumber":17,"author":{"gitId":"nihalramesh12629"},"content":"        return String.format(\"D | %d | %s | %s\", this.done ? 1 : 0, this.description, this.deadline);","lastModifiedDate":"2024-08-26","isFullCredit":false},{"lineNumber":18,"author":{"gitId":"nihalramesh12629"},"content":"    }","lastModifiedDate":"2024-08-26","isFullCredit":false},{"lineNumber":19,"author":{"gitId":"nihalramesh12629"},"content":"}","lastModifiedDate":"2024-08-20","isFullCredit":false}],"authorContributionMap":{"nihalramesh12629":19}},{"path":"src/main/java/Event.java","fileType":"java","lines":[{"lineNumber":1,"author":{"gitId":"nihalramesh12629"},"content":"public class Event extends Task {","lastModifiedDate":"2024-08-20","isFullCredit":false},{"lineNumber":2,"author":{"gitId":"nihalramesh12629"},"content":"    protected String start;","lastModifiedDate":"2024-08-20","isFullCredit":false},{"lineNumber":3,"author":{"gitId":"nihalramesh12629"},"content":"    protected String end;","lastModifiedDate":"2024-08-20","isFullCredit":false},{"lineNumber":4,"author":{"gitId":"nihalramesh12629"},"content":"","lastModifiedDate":"2024-08-20","isFullCredit":false},{"lineNumber":5,"author":{"gitId":"nihalramesh12629"},"content":"    public Event(String description, String start, String end) {","lastModifiedDate":"2024-08-20","isFullCredit":false},{"lineNumber":6,"author":{"gitId":"nihalramesh12629"},"content":"        super(description);","lastModifiedDate":"2024-08-20","isFullCredit":false},{"lineNumber":7,"author":{"gitId":"nihalramesh12629"},"content":"        this.start \u003d start;","lastModifiedDate":"2024-08-20","isFullCredit":false},{"lineNumber":8,"author":{"gitId":"nihalramesh12629"},"content":"        this.end \u003d end;","lastModifiedDate":"2024-08-20","isFullCredit":false},{"lineNumber":9,"author":{"gitId":"nihalramesh12629"},"content":"    }","lastModifiedDate":"2024-08-20","isFullCredit":false},{"lineNumber":10,"author":{"gitId":"nihalramesh12629"},"content":"","lastModifiedDate":"2024-08-20","isFullCredit":false},{"lineNumber":11,"author":{"gitId":"nihalramesh12629"},"content":"    @Override","lastModifiedDate":"2024-08-21","isFullCredit":false},{"lineNumber":12,"author":{"gitId":"nihalramesh12629"},"content":"    public String toString() {","lastModifiedDate":"2024-08-20","isFullCredit":false},{"lineNumber":13,"author":{"gitId":"nihalramesh12629"},"content":"        return String.format(\"[E][%s] %s (from: %s to: %s)\", super.getStatusIcons(), super.description, this.start, this.end);","lastModifiedDate":"2024-08-20","isFullCredit":false},{"lineNumber":14,"author":{"gitId":"nihalramesh12629"},"content":"    }","lastModifiedDate":"2024-08-20","isFullCredit":false},{"lineNumber":15,"author":{"gitId":"nihalramesh12629"},"content":"","lastModifiedDate":"2024-08-26","isFullCredit":false},{"lineNumber":16,"author":{"gitId":"nihalramesh12629"},"content":"    @Override","lastModifiedDate":"2024-08-26","isFullCredit":false},{"lineNumber":17,"author":{"gitId":"nihalramesh12629"},"content":"    public String toFileString() {","lastModifiedDate":"2024-08-26","isFullCredit":false},{"lineNumber":18,"author":{"gitId":"nihalramesh12629"},"content":"        return String.format(\"E | %d | %s | %s-%s\", this.done ? 1 : 0, this.description, this.start, this.end);","lastModifiedDate":"2024-08-26","isFullCredit":false},{"lineNumber":19,"author":{"gitId":"nihalramesh12629"},"content":"    }","lastModifiedDate":"2024-08-26","isFullCredit":false},{"lineNumber":20,"author":{"gitId":"nihalramesh12629"},"content":"}","lastModifiedDate":"2024-08-20","isFullCredit":false}],"authorContributionMap":{"nihalramesh12629":20}},{"path":"src/main/java/LeBron.java","fileType":"java","lines":[{"lineNumber":1,"author":{"gitId":"nihalramesh12629"},"content":"","lastModifiedDate":"2024-08-21","isFullCredit":false},{"lineNumber":2,"author":{"gitId":"nihalramesh12629"},"content":"import java.io.BufferedReader;","lastModifiedDate":"2024-08-26","isFullCredit":false},{"lineNumber":3,"author":{"gitId":"nihalramesh12629"},"content":"import java.io.File;","lastModifiedDate":"2024-08-26","isFullCredit":false},{"lineNumber":4,"author":{"gitId":"nihalramesh12629"},"content":"import java.io.FileReader;","lastModifiedDate":"2024-08-26","isFullCredit":false},{"lineNumber":5,"author":{"gitId":"nihalramesh12629"},"content":"import java.io.FileWriter;","lastModifiedDate":"2024-08-26","isFullCredit":false},{"lineNumber":6,"author":{"gitId":"nihalramesh12629"},"content":"import java.io.IOException;","lastModifiedDate":"2024-08-26","isFullCredit":false},{"lineNumber":7,"author":{"gitId":"nihalramesh12629"},"content":"import java.util.ArrayList;","lastModifiedDate":"2024-08-21","isFullCredit":false},{"lineNumber":8,"author":{"gitId":"nihalramesh12629"},"content":"import java.util.Scanner;","lastModifiedDate":"2024-08-19","isFullCredit":false},{"lineNumber":9,"author":{"gitId":"nihalramesh12629"},"content":"","lastModifiedDate":"2024-08-19","isFullCredit":false},{"lineNumber":10,"author":{"gitId":"nihalramesh12629"},"content":"public class LeBron {","lastModifiedDate":"2024-08-19","isFullCredit":false},{"lineNumber":11,"author":{"gitId":"nihalramesh12629"},"content":"","lastModifiedDate":"2024-08-21","isFullCredit":false},{"lineNumber":12,"author":{"gitId":"nihalramesh12629"},"content":"    public static void main(String[] args) {","lastModifiedDate":"2024-08-19","isFullCredit":false},{"lineNumber":13,"author":{"gitId":"nihalramesh12629"},"content":"        Scanner scanner \u003d new Scanner(System.in);","lastModifiedDate":"2024-08-19","isFullCredit":false},{"lineNumber":14,"author":{"gitId":"nihalramesh12629"},"content":"        String input;","lastModifiedDate":"2024-08-19","isFullCredit":false},{"lineNumber":15,"author":{"gitId":"nihalramesh12629"},"content":"        ArrayList\u003cTask\u003e taskList;","lastModifiedDate":"2024-08-26","isFullCredit":false},{"lineNumber":16,"author":{"gitId":"nihalramesh12629"},"content":"        try {","lastModifiedDate":"2024-08-26","isFullCredit":false},{"lineNumber":17,"author":{"gitId":"nihalramesh12629"},"content":"            taskList \u003d loadTasks();","lastModifiedDate":"2024-08-26","isFullCredit":false},{"lineNumber":18,"author":{"gitId":"nihalramesh12629"},"content":"        } catch (IOException e) {","lastModifiedDate":"2024-08-26","isFullCredit":false},{"lineNumber":19,"author":{"gitId":"nihalramesh12629"},"content":"            taskList \u003d new ArrayList\u003c\u003e();","lastModifiedDate":"2024-08-26","isFullCredit":false},{"lineNumber":20,"author":{"gitId":"nihalramesh12629"},"content":"        }","lastModifiedDate":"2024-08-26","isFullCredit":false},{"lineNumber":21,"author":{"gitId":"nihalramesh12629"},"content":"        int taskCount \u003d taskList.size();","lastModifiedDate":"2024-08-26","isFullCredit":false},{"lineNumber":22,"author":{"gitId":"nihalramesh12629"},"content":"        ","lastModifiedDate":"2024-08-26","isFullCredit":false},{"lineNumber":23,"author":{"gitId":"nihalramesh12629"},"content":"","lastModifiedDate":"2024-08-19","isFullCredit":false},{"lineNumber":24,"author":{"gitId":"nihalramesh12629"},"content":"        String name \u003d \"LeBron\";","lastModifiedDate":"2024-08-19","isFullCredit":false},{"lineNumber":25,"author":{"gitId":"nihalramesh12629"},"content":"        System.out.println(\"------------------------\");","lastModifiedDate":"2024-08-19","isFullCredit":false},{"lineNumber":26,"author":{"gitId":"nihalramesh12629"},"content":"        System.out.println(String.format(\"Hello! I\u0027m %s\", name));","lastModifiedDate":"2024-08-19","isFullCredit":false},{"lineNumber":27,"author":{"gitId":"nihalramesh12629"},"content":"        System.out.println(\"What can I do for you?\");","lastModifiedDate":"2024-08-19","isFullCredit":false},{"lineNumber":28,"author":{"gitId":"nihalramesh12629"},"content":"        System.out.println(\"------------------------\");","lastModifiedDate":"2024-08-19","isFullCredit":false},{"lineNumber":29,"author":{"gitId":"nihalramesh12629"},"content":"","lastModifiedDate":"2024-08-19","isFullCredit":false},{"lineNumber":30,"author":{"gitId":"nihalramesh12629"},"content":"        while (scanner.hasNextLine()) {","lastModifiedDate":"2024-08-20","isFullCredit":false},{"lineNumber":31,"author":{"gitId":"nihalramesh12629"},"content":"            try {","lastModifiedDate":"2024-08-21","isFullCredit":false},{"lineNumber":32,"author":{"gitId":"nihalramesh12629"},"content":"                input \u003d scanner.nextLine();","lastModifiedDate":"2024-08-19","isFullCredit":false},{"lineNumber":33,"author":{"gitId":"nihalramesh12629"},"content":"                input \u003d input.trim();","lastModifiedDate":"2024-08-20","isFullCredit":false},{"lineNumber":34,"author":{"gitId":"nihalramesh12629"},"content":"","lastModifiedDate":"2024-08-20","isFullCredit":false},{"lineNumber":35,"author":{"gitId":"nihalramesh12629"},"content":"                String[] parts \u003d input.split(\" \", 2);","lastModifiedDate":"2024-08-20","isFullCredit":false},{"lineNumber":36,"author":{"gitId":"nihalramesh12629"},"content":"","lastModifiedDate":"2024-08-19","isFullCredit":false},{"lineNumber":37,"author":{"gitId":"nihalramesh12629"},"content":"                if (input.equals(\"bye\")) {","lastModifiedDate":"2024-08-19","isFullCredit":false},{"lineNumber":38,"author":{"gitId":"nihalramesh12629"},"content":"                    System.out.println(String.format(\"%s: Bye! I\u0027m leaving now.\", name));","lastModifiedDate":"2024-08-19","isFullCredit":false},{"lineNumber":39,"author":{"gitId":"nihalramesh12629"},"content":"                    System.out.println(\"------------------------\");","lastModifiedDate":"2024-08-19","isFullCredit":false},{"lineNumber":40,"author":{"gitId":"nihalramesh12629"},"content":"                    try {","lastModifiedDate":"2024-08-26","isFullCredit":false},{"lineNumber":41,"author":{"gitId":"nihalramesh12629"},"content":"                        saveTasks(taskList);","lastModifiedDate":"2024-08-26","isFullCredit":false},{"lineNumber":42,"author":{"gitId":"nihalramesh12629"},"content":"                    } catch (IOException e) {","lastModifiedDate":"2024-08-26","isFullCredit":false},{"lineNumber":43,"author":{"gitId":"nihalramesh12629"},"content":"                    }","lastModifiedDate":"2024-08-26","isFullCredit":false},{"lineNumber":44,"author":{"gitId":"nihalramesh12629"},"content":"                    scanner.close();","lastModifiedDate":"2024-08-20","isFullCredit":false},{"lineNumber":45,"author":{"gitId":"nihalramesh12629"},"content":"                    break;","lastModifiedDate":"2024-08-19","isFullCredit":false},{"lineNumber":46,"author":{"gitId":"nihalramesh12629"},"content":"                } else if (input.equals(\"list\")) {","lastModifiedDate":"2024-08-19","isFullCredit":false},{"lineNumber":47,"author":{"gitId":"nihalramesh12629"},"content":"                    for (int i \u003d 1; i \u003c\u003d taskCount; i++) {","lastModifiedDate":"2024-08-20","isFullCredit":false},{"lineNumber":48,"author":{"gitId":"nihalramesh12629"},"content":"                        Task task \u003d taskList.get(i - 1);","lastModifiedDate":"2024-08-21","isFullCredit":false},{"lineNumber":49,"author":{"gitId":"nihalramesh12629"},"content":"                        System.out.println(String.format(\"%d. %s\", i, task.toString()));","lastModifiedDate":"2024-08-20","isFullCredit":false},{"lineNumber":50,"author":{"gitId":"nihalramesh12629"},"content":"                    }","lastModifiedDate":"2024-08-19","isFullCredit":false},{"lineNumber":51,"author":{"gitId":"nihalramesh12629"},"content":"                    System.out.println(\"------------------------\");","lastModifiedDate":"2024-08-19","isFullCredit":false},{"lineNumber":52,"author":{"gitId":"nihalramesh12629"},"content":"                } else if (parts[0].equals(\"mark\")) {","lastModifiedDate":"2024-08-20","isFullCredit":false},{"lineNumber":53,"author":{"gitId":"nihalramesh12629"},"content":"                    if (parts.length \u003e 1 \u0026\u0026 isNumeric(parts[1])) {","lastModifiedDate":"2024-08-20","isFullCredit":false},{"lineNumber":54,"author":{"gitId":"nihalramesh12629"},"content":"                        int taskNumber \u003d Integer.parseInt(parts[1]);","lastModifiedDate":"2024-08-20","isFullCredit":false},{"lineNumber":55,"author":{"gitId":"nihalramesh12629"},"content":"                        if (taskCount \u003e\u003d taskNumber) {","lastModifiedDate":"2024-08-20","isFullCredit":false},{"lineNumber":56,"author":{"gitId":"nihalramesh12629"},"content":"                            Task task \u003d taskList.get(taskNumber - 1);","lastModifiedDate":"2024-08-21","isFullCredit":false},{"lineNumber":57,"author":{"gitId":"nihalramesh12629"},"content":"                            task.markAsDone();","lastModifiedDate":"2024-08-20","isFullCredit":false},{"lineNumber":58,"author":{"gitId":"nihalramesh12629"},"content":"                            System.out.println(\"Alright bro, great work\");","lastModifiedDate":"2024-08-20","isFullCredit":false},{"lineNumber":59,"author":{"gitId":"nihalramesh12629"},"content":"                            System.out.println(task.toString());","lastModifiedDate":"2024-08-20","isFullCredit":false},{"lineNumber":60,"author":{"gitId":"nihalramesh12629"},"content":"                            System.out.println(\"------------------------\");","lastModifiedDate":"2024-08-19","isFullCredit":false},{"lineNumber":61,"author":{"gitId":"nihalramesh12629"},"content":"                        } else {","lastModifiedDate":"2024-08-21","isFullCredit":false},{"lineNumber":62,"author":{"gitId":"nihalramesh12629"},"content":"                            throw new LeBronException(\"I can\u0027t mark that bro\");","lastModifiedDate":"2024-08-21","isFullCredit":false},{"lineNumber":63,"author":{"gitId":"nihalramesh12629"},"content":"                        }","lastModifiedDate":"2024-08-19","isFullCredit":false},{"lineNumber":64,"author":{"gitId":"nihalramesh12629"},"content":"                    } else {","lastModifiedDate":"2024-08-21","isFullCredit":false},{"lineNumber":65,"author":{"gitId":"nihalramesh12629"},"content":"                        throw new LeBronException(\"Mark command needs a number bro\");","lastModifiedDate":"2024-08-21","isFullCredit":false},{"lineNumber":66,"author":{"gitId":"nihalramesh12629"},"content":"                    }","lastModifiedDate":"2024-08-19","isFullCredit":false},{"lineNumber":67,"author":{"gitId":"nihalramesh12629"},"content":"                } else if (parts[0].equals(\"delete\")) {","lastModifiedDate":"2024-08-21","isFullCredit":false},{"lineNumber":68,"author":{"gitId":"nihalramesh12629"},"content":"                    if (parts.length \u003e 1 \u0026\u0026 isNumeric(parts[1])) {","lastModifiedDate":"2024-08-21","isFullCredit":false},{"lineNumber":69,"author":{"gitId":"nihalramesh12629"},"content":"                        int taskNumber \u003d Integer.parseInt(parts[1]);","lastModifiedDate":"2024-08-21","isFullCredit":false},{"lineNumber":70,"author":{"gitId":"nihalramesh12629"},"content":"                        if (taskCount \u003e\u003d taskNumber) {","lastModifiedDate":"2024-08-21","isFullCredit":false},{"lineNumber":71,"author":{"gitId":"nihalramesh12629"},"content":"                            Task task \u003d taskList.remove(taskNumber - 1);","lastModifiedDate":"2024-08-21","isFullCredit":false},{"lineNumber":72,"author":{"gitId":"nihalramesh12629"},"content":"                            taskCount--;","lastModifiedDate":"2024-08-21","isFullCredit":false},{"lineNumber":73,"author":{"gitId":"nihalramesh12629"},"content":"                            System.out.println(\"Alright bro, I\u0027ve deleted that task.\");","lastModifiedDate":"2024-08-21","isFullCredit":false},{"lineNumber":74,"author":{"gitId":"nihalramesh12629"},"content":"                            System.out.println(task.toString());","lastModifiedDate":"2024-08-21","isFullCredit":false},{"lineNumber":75,"author":{"gitId":"nihalramesh12629"},"content":"                            System.out.println(\"------------------------\");","lastModifiedDate":"2024-08-21","isFullCredit":false},{"lineNumber":76,"author":{"gitId":"nihalramesh12629"},"content":"                        } else {","lastModifiedDate":"2024-08-21","isFullCredit":false},{"lineNumber":77,"author":{"gitId":"nihalramesh12629"},"content":"                            throw new LeBronException(\"I can\u0027t delete that bro\");","lastModifiedDate":"2024-08-21","isFullCredit":false},{"lineNumber":78,"author":{"gitId":"nihalramesh12629"},"content":"                        }","lastModifiedDate":"2024-08-21","isFullCredit":false},{"lineNumber":79,"author":{"gitId":"nihalramesh12629"},"content":"                    } else {","lastModifiedDate":"2024-08-21","isFullCredit":false},{"lineNumber":80,"author":{"gitId":"nihalramesh12629"},"content":"                        throw new LeBronException(\"Mark command needs a number bro\");","lastModifiedDate":"2024-08-21","isFullCredit":false},{"lineNumber":81,"author":{"gitId":"nihalramesh12629"},"content":"                    }","lastModifiedDate":"2024-08-21","isFullCredit":false},{"lineNumber":82,"author":{"gitId":"nihalramesh12629"},"content":"                } else if (parts[0].equals(\"unmark\")) {","lastModifiedDate":"2024-08-20","isFullCredit":false},{"lineNumber":83,"author":{"gitId":"nihalramesh12629"},"content":"                    if (parts.length \u003e 1 \u0026\u0026 isNumeric(parts[1])) {","lastModifiedDate":"2024-08-20","isFullCredit":false},{"lineNumber":84,"author":{"gitId":"nihalramesh12629"},"content":"                        int taskNumber \u003d Integer.parseInt(parts[1]);","lastModifiedDate":"2024-08-20","isFullCredit":false},{"lineNumber":85,"author":{"gitId":"nihalramesh12629"},"content":"                        if (taskCount \u003e\u003d taskNumber) {","lastModifiedDate":"2024-08-20","isFullCredit":false},{"lineNumber":86,"author":{"gitId":"nihalramesh12629"},"content":"                            Task task \u003d taskList.get(taskNumber - 1);","lastModifiedDate":"2024-08-21","isFullCredit":false},{"lineNumber":87,"author":{"gitId":"nihalramesh12629"},"content":"                            task.markAsUndone();","lastModifiedDate":"2024-08-20","isFullCredit":false},{"lineNumber":88,"author":{"gitId":"nihalramesh12629"},"content":"                            System.out.println(\"Let\u0027s get it done soon!\");","lastModifiedDate":"2024-08-20","isFullCredit":false},{"lineNumber":89,"author":{"gitId":"nihalramesh12629"},"content":"                            System.out.println(task.toString());","lastModifiedDate":"2024-08-20","isFullCredit":false},{"lineNumber":90,"author":{"gitId":"nihalramesh12629"},"content":"                            System.out.println(\"------------------------\");","lastModifiedDate":"2024-08-20","isFullCredit":false},{"lineNumber":91,"author":{"gitId":"nihalramesh12629"},"content":"                        } else {","lastModifiedDate":"2024-08-21","isFullCredit":false},{"lineNumber":92,"author":{"gitId":"nihalramesh12629"},"content":"                            throw new LeBronException(\"I can\u0027t unmark that bro\");","lastModifiedDate":"2024-08-21","isFullCredit":false},{"lineNumber":93,"author":{"gitId":"nihalramesh12629"},"content":"                        }","lastModifiedDate":"2024-08-20","isFullCredit":false},{"lineNumber":94,"author":{"gitId":"nihalramesh12629"},"content":"                    } else {","lastModifiedDate":"2024-08-21","isFullCredit":false},{"lineNumber":95,"author":{"gitId":"nihalramesh12629"},"content":"                        throw new LeBronException(\"Unmark command needs a number bro\");","lastModifiedDate":"2024-08-21","isFullCredit":false},{"lineNumber":96,"author":{"gitId":"nihalramesh12629"},"content":"                    }","lastModifiedDate":"2024-08-20","isFullCredit":false},{"lineNumber":97,"author":{"gitId":"nihalramesh12629"},"content":"                } else if (parts[0].equals(\"todo\")) {","lastModifiedDate":"2024-08-20","isFullCredit":false},{"lineNumber":98,"author":{"gitId":"nihalramesh12629"},"content":"                    if (parts.length \u003e 1) {","lastModifiedDate":"2024-08-20","isFullCredit":false},{"lineNumber":99,"author":{"gitId":"nihalramesh12629"},"content":"                        ToDos todo \u003d new ToDos(parts[1].trim());","lastModifiedDate":"2024-08-20","isFullCredit":false},{"lineNumber":100,"author":{"gitId":"nihalramesh12629"},"content":"                        taskList.add(todo);","lastModifiedDate":"2024-08-21","isFullCredit":false},{"lineNumber":101,"author":{"gitId":"nihalramesh12629"},"content":"                        taskCount++;","lastModifiedDate":"2024-08-20","isFullCredit":false},{"lineNumber":102,"author":{"gitId":"nihalramesh12629"},"content":"                        System.out.println(\"Gotchu, I added the task: \");","lastModifiedDate":"2024-08-20","isFullCredit":false},{"lineNumber":103,"author":{"gitId":"nihalramesh12629"},"content":"                        System.out.println(todo.toString());","lastModifiedDate":"2024-08-20","isFullCredit":false},{"lineNumber":104,"author":{"gitId":"nihalramesh12629"},"content":"                        System.out.println(String.format(\"Now you have %d tasks in the list\", taskCount));","lastModifiedDate":"2024-08-20","isFullCredit":false},{"lineNumber":105,"author":{"gitId":"nihalramesh12629"},"content":"                        System.out.println(\"------------------------\");","lastModifiedDate":"2024-08-20","isFullCredit":false},{"lineNumber":106,"author":{"gitId":"nihalramesh12629"},"content":"                    } else {","lastModifiedDate":"2024-08-21","isFullCredit":false},{"lineNumber":107,"author":{"gitId":"nihalramesh12629"},"content":"                        throw new LeBronException(\"Todo task can\u0027t be empty bro!!\");","lastModifiedDate":"2024-08-21","isFullCredit":false},{"lineNumber":108,"author":{"gitId":"nihalramesh12629"},"content":"                    }","lastModifiedDate":"2024-08-20","isFullCredit":false},{"lineNumber":109,"author":{"gitId":"nihalramesh12629"},"content":"                } else if (parts[0].equals(\"deadline\")) {","lastModifiedDate":"2024-08-20","isFullCredit":false},{"lineNumber":110,"author":{"gitId":"nihalramesh12629"},"content":"                    if (parts.length \u003e 1) {","lastModifiedDate":"2024-08-20","isFullCredit":false},{"lineNumber":111,"author":{"gitId":"nihalramesh12629"},"content":"                        String[] splStr \u003d parts[1].split(\"/by \", 2);","lastModifiedDate":"2024-08-20","isFullCredit":false},{"lineNumber":112,"author":{"gitId":"nihalramesh12629"},"content":"                        Deadlines deadline \u003d new Deadlines(splStr[0].trim(), splStr[1]);","lastModifiedDate":"2024-08-20","isFullCredit":false},{"lineNumber":113,"author":{"gitId":"nihalramesh12629"},"content":"                        taskList.add(deadline);","lastModifiedDate":"2024-08-21","isFullCredit":false},{"lineNumber":114,"author":{"gitId":"nihalramesh12629"},"content":"                        taskCount++;","lastModifiedDate":"2024-08-20","isFullCredit":false},{"lineNumber":115,"author":{"gitId":"nihalramesh12629"},"content":"                        System.out.println(\"Gotchu, I added the task: \");","lastModifiedDate":"2024-08-20","isFullCredit":false},{"lineNumber":116,"author":{"gitId":"nihalramesh12629"},"content":"                        System.out.println(deadline.toString());","lastModifiedDate":"2024-08-20","isFullCredit":false},{"lineNumber":117,"author":{"gitId":"nihalramesh12629"},"content":"                        System.out.println(String.format(\"Now you have %d tasks in the list\", taskCount));","lastModifiedDate":"2024-08-20","isFullCredit":false},{"lineNumber":118,"author":{"gitId":"nihalramesh12629"},"content":"                        System.out.println(\"------------------------\");","lastModifiedDate":"2024-08-20","isFullCredit":false},{"lineNumber":119,"author":{"gitId":"nihalramesh12629"},"content":"                    } else {","lastModifiedDate":"2024-08-21","isFullCredit":false},{"lineNumber":120,"author":{"gitId":"nihalramesh12629"},"content":"                        throw new LeBronException(\"Deadline task can\u0027t be empty bro!!\");","lastModifiedDate":"2024-08-21","isFullCredit":false},{"lineNumber":121,"author":{"gitId":"nihalramesh12629"},"content":"                    }","lastModifiedDate":"2024-08-20","isFullCredit":false},{"lineNumber":122,"author":{"gitId":"nihalramesh12629"},"content":"                } else if (parts[0].equals(\"event\")) {","lastModifiedDate":"2024-08-20","isFullCredit":false},{"lineNumber":123,"author":{"gitId":"nihalramesh12629"},"content":"                    if (parts.length \u003e 1) {","lastModifiedDate":"2024-08-20","isFullCredit":false},{"lineNumber":124,"author":{"gitId":"nihalramesh12629"},"content":"                        if (parts[1].contains(\"/from\")) {","lastModifiedDate":"2024-08-20","isFullCredit":false},{"lineNumber":125,"author":{"gitId":"nihalramesh12629"},"content":"                            String[] splStrings \u003d parts[1].split(\"/from\", 2);","lastModifiedDate":"2024-08-20","isFullCredit":false},{"lineNumber":126,"author":{"gitId":"nihalramesh12629"},"content":"                            String taskDescription \u003d splStrings[0].trim();","lastModifiedDate":"2024-08-20","isFullCredit":false},{"lineNumber":127,"author":{"gitId":"nihalramesh12629"},"content":"                            String start \u003d \"\";","lastModifiedDate":"2024-08-20","isFullCredit":false},{"lineNumber":128,"author":{"gitId":"nihalramesh12629"},"content":"                            String end \u003d \"\";","lastModifiedDate":"2024-08-20","isFullCredit":false},{"lineNumber":129,"author":{"gitId":"nihalramesh12629"},"content":"                            if (splStrings[1].contains(\"/to\")) {","lastModifiedDate":"2024-08-20","isFullCredit":false},{"lineNumber":130,"author":{"gitId":"nihalramesh12629"},"content":"                                String[] timeParts \u003d splStrings[1].split(\"/to\", 2);","lastModifiedDate":"2024-08-20","isFullCredit":false},{"lineNumber":131,"author":{"gitId":"nihalramesh12629"},"content":"                                start \u003d timeParts[0].trim();","lastModifiedDate":"2024-08-20","isFullCredit":false},{"lineNumber":132,"author":{"gitId":"nihalramesh12629"},"content":"                                end \u003d timeParts[1].trim();","lastModifiedDate":"2024-08-20","isFullCredit":false},{"lineNumber":133,"author":{"gitId":"nihalramesh12629"},"content":"                            } else {","lastModifiedDate":"2024-08-21","isFullCredit":false},{"lineNumber":134,"author":{"gitId":"nihalramesh12629"},"content":"                                throw new LeBronException(\"Your event has to end bro!\");","lastModifiedDate":"2024-08-21","isFullCredit":false},{"lineNumber":135,"author":{"gitId":"nihalramesh12629"},"content":"                            }","lastModifiedDate":"2024-08-21","isFullCredit":false},{"lineNumber":136,"author":{"gitId":"nihalramesh12629"},"content":"                            Event event \u003d new Event(taskDescription, start, end);","lastModifiedDate":"2024-08-21","isFullCredit":false},{"lineNumber":137,"author":{"gitId":"nihalramesh12629"},"content":"                            taskList.add(event);","lastModifiedDate":"2024-08-21","isFullCredit":false},{"lineNumber":138,"author":{"gitId":"nihalramesh12629"},"content":"                            taskCount++;","lastModifiedDate":"2024-08-21","isFullCredit":false},{"lineNumber":139,"author":{"gitId":"nihalramesh12629"},"content":"                            System.out.println(\"Gotchu, I added the task: \");","lastModifiedDate":"2024-08-21","isFullCredit":false},{"lineNumber":140,"author":{"gitId":"nihalramesh12629"},"content":"                            System.out.println(event.toString());","lastModifiedDate":"2024-08-21","isFullCredit":false},{"lineNumber":141,"author":{"gitId":"nihalramesh12629"},"content":"                            System.out.println(String.format(\"Now you have %d tasks in the list\", taskCount));","lastModifiedDate":"2024-08-21","isFullCredit":false},{"lineNumber":142,"author":{"gitId":"nihalramesh12629"},"content":"                            System.out.println(\"------------------------\");","lastModifiedDate":"2024-08-21","isFullCredit":false},{"lineNumber":143,"author":{"gitId":"nihalramesh12629"},"content":"                        } else {","lastModifiedDate":"2024-08-21","isFullCredit":false},{"lineNumber":144,"author":{"gitId":"nihalramesh12629"},"content":"                            throw new LeBronException(\"Your event has to start bro!\");","lastModifiedDate":"2024-08-21","isFullCredit":false},{"lineNumber":145,"author":{"gitId":"nihalramesh12629"},"content":"                        }","lastModifiedDate":"2024-08-21","isFullCredit":false},{"lineNumber":146,"author":{"gitId":"nihalramesh12629"},"content":"                    } else {","lastModifiedDate":"2024-08-21","isFullCredit":false},{"lineNumber":147,"author":{"gitId":"nihalramesh12629"},"content":"                        throw new LeBronException(\"Event task can\u0027t be empty bro!\");","lastModifiedDate":"2024-08-21","isFullCredit":false},{"lineNumber":148,"author":{"gitId":"nihalramesh12629"},"content":"                    }","lastModifiedDate":"2024-08-21","isFullCredit":false},{"lineNumber":149,"author":{"gitId":"nihalramesh12629"},"content":"                } else {","lastModifiedDate":"2024-08-21","isFullCredit":false},{"lineNumber":150,"author":{"gitId":"nihalramesh12629"},"content":"                    throw new LeBronException(\"What does that mean bro?\");","lastModifiedDate":"2024-08-21","isFullCredit":false},{"lineNumber":151,"author":{"gitId":"nihalramesh12629"},"content":"                }","lastModifiedDate":"2024-08-21","isFullCredit":false},{"lineNumber":152,"author":{"gitId":"nihalramesh12629"},"content":"            } catch (LeBronException e) {","lastModifiedDate":"2024-08-21","isFullCredit":false},{"lineNumber":153,"author":{"gitId":"nihalramesh12629"},"content":"                System.out.println(\"------------------------\");","lastModifiedDate":"2024-08-21","isFullCredit":false},{"lineNumber":154,"author":{"gitId":"nihalramesh12629"},"content":"                System.out.println(e.getMessage());","lastModifiedDate":"2024-08-21","isFullCredit":false},{"lineNumber":155,"author":{"gitId":"nihalramesh12629"},"content":"                System.out.println(\"------------------------\");","lastModifiedDate":"2024-08-21","isFullCredit":false},{"lineNumber":156,"author":{"gitId":"nihalramesh12629"},"content":"            }","lastModifiedDate":"2024-08-21","isFullCredit":false},{"lineNumber":157,"author":{"gitId":"nihalramesh12629"},"content":"","lastModifiedDate":"2024-08-21","isFullCredit":false},{"lineNumber":158,"author":{"gitId":"nihalramesh12629"},"content":"        }","lastModifiedDate":"2024-08-21","isFullCredit":false},{"lineNumber":159,"author":{"gitId":"nihalramesh12629"},"content":"        scanner.close();","lastModifiedDate":"2024-08-21","isFullCredit":false},{"lineNumber":160,"author":{"gitId":"nihalramesh12629"},"content":"    }","lastModifiedDate":"2024-08-20","isFullCredit":false},{"lineNumber":161,"author":{"gitId":"nihalramesh12629"},"content":"","lastModifiedDate":"2024-08-20","isFullCredit":false},{"lineNumber":162,"author":{"gitId":"nihalramesh12629"},"content":"    private static boolean isNumeric(String str) {","lastModifiedDate":"2024-08-21","isFullCredit":false},{"lineNumber":163,"author":{"gitId":"nihalramesh12629"},"content":"        if (str \u003d\u003d null || str.isEmpty()) {","lastModifiedDate":"2024-08-21","isFullCredit":false},{"lineNumber":164,"author":{"gitId":"nihalramesh12629"},"content":"            return false;","lastModifiedDate":"2024-08-21","isFullCredit":false},{"lineNumber":165,"author":{"gitId":"nihalramesh12629"},"content":"        }","lastModifiedDate":"2024-08-21","isFullCredit":false},{"lineNumber":166,"author":{"gitId":"nihalramesh12629"},"content":"        for (char c : str.toCharArray()) {","lastModifiedDate":"2024-08-21","isFullCredit":false},{"lineNumber":167,"author":{"gitId":"nihalramesh12629"},"content":"            if (!Character.isDigit(c)) {","lastModifiedDate":"2024-08-21","isFullCredit":false},{"lineNumber":168,"author":{"gitId":"nihalramesh12629"},"content":"                return false;","lastModifiedDate":"2024-08-21","isFullCredit":false},{"lineNumber":169,"author":{"gitId":"nihalramesh12629"},"content":"            }","lastModifiedDate":"2024-08-21","isFullCredit":false},{"lineNumber":170,"author":{"gitId":"nihalramesh12629"},"content":"        }","lastModifiedDate":"2024-08-21","isFullCredit":false},{"lineNumber":171,"author":{"gitId":"nihalramesh12629"},"content":"        return true;","lastModifiedDate":"2024-08-21","isFullCredit":false},{"lineNumber":172,"author":{"gitId":"nihalramesh12629"},"content":"    }","lastModifiedDate":"2024-08-21","isFullCredit":false},{"lineNumber":173,"author":{"gitId":"nihalramesh12629"},"content":"","lastModifiedDate":"2024-08-26","isFullCredit":false},{"lineNumber":174,"author":{"gitId":"nihalramesh12629"},"content":"    public static void saveTasks(ArrayList\u003cTask\u003e tasks) throws IOException {","lastModifiedDate":"2024-08-26","isFullCredit":false},{"lineNumber":175,"author":{"gitId":"nihalramesh12629"},"content":"        File directory \u003d new File(\"./data\");","lastModifiedDate":"2024-08-26","isFullCredit":false},{"lineNumber":176,"author":{"gitId":"nihalramesh12629"},"content":"        if (!directory.exists()) {","lastModifiedDate":"2024-08-26","isFullCredit":false},{"lineNumber":177,"author":{"gitId":"nihalramesh12629"},"content":"            directory.mkdirs();","lastModifiedDate":"2024-08-26","isFullCredit":false},{"lineNumber":178,"author":{"gitId":"nihalramesh12629"},"content":"        }","lastModifiedDate":"2024-08-26","isFullCredit":false},{"lineNumber":179,"author":{"gitId":"nihalramesh12629"},"content":"","lastModifiedDate":"2024-08-26","isFullCredit":false},{"lineNumber":180,"author":{"gitId":"nihalramesh12629"},"content":"        FileWriter fw \u003d new FileWriter(\"./data/lebron.txt\");","lastModifiedDate":"2024-08-26","isFullCredit":false},{"lineNumber":181,"author":{"gitId":"nihalramesh12629"},"content":"","lastModifiedDate":"2024-08-26","isFullCredit":false},{"lineNumber":182,"author":{"gitId":"nihalramesh12629"},"content":"        for (Task task : tasks) {","lastModifiedDate":"2024-08-26","isFullCredit":false},{"lineNumber":183,"author":{"gitId":"nihalramesh12629"},"content":"            String taskString \u003d task.toFileString();","lastModifiedDate":"2024-08-26","isFullCredit":false},{"lineNumber":184,"author":{"gitId":"nihalramesh12629"},"content":"            fw.write(taskString + \"\\n\");","lastModifiedDate":"2024-08-26","isFullCredit":false},{"lineNumber":185,"author":{"gitId":"nihalramesh12629"},"content":"        }","lastModifiedDate":"2024-08-26","isFullCredit":false},{"lineNumber":186,"author":{"gitId":"nihalramesh12629"},"content":"","lastModifiedDate":"2024-08-26","isFullCredit":false},{"lineNumber":187,"author":{"gitId":"nihalramesh12629"},"content":"        fw.close();","lastModifiedDate":"2024-08-26","isFullCredit":false},{"lineNumber":188,"author":{"gitId":"nihalramesh12629"},"content":"    }","lastModifiedDate":"2024-08-26","isFullCredit":false},{"lineNumber":189,"author":{"gitId":"nihalramesh12629"},"content":"","lastModifiedDate":"2024-08-26","isFullCredit":false},{"lineNumber":190,"author":{"gitId":"nihalramesh12629"},"content":"    public static ArrayList\u003cTask\u003e loadTasks() throws IOException {","lastModifiedDate":"2024-08-26","isFullCredit":false},{"lineNumber":191,"author":{"gitId":"nihalramesh12629"},"content":"        ArrayList\u003cTask\u003e taskList \u003d new ArrayList\u003c\u003e();","lastModifiedDate":"2024-08-26","isFullCredit":false},{"lineNumber":192,"author":{"gitId":"nihalramesh12629"},"content":"        File file \u003d new File(\"./data/lebron.txt\");","lastModifiedDate":"2024-08-26","isFullCredit":false},{"lineNumber":193,"author":{"gitId":"nihalramesh12629"},"content":"        if (!file.exists()) {","lastModifiedDate":"2024-08-26","isFullCredit":false},{"lineNumber":194,"author":{"gitId":"nihalramesh12629"},"content":"            return taskList;","lastModifiedDate":"2024-08-26","isFullCredit":false},{"lineNumber":195,"author":{"gitId":"nihalramesh12629"},"content":"        }","lastModifiedDate":"2024-08-26","isFullCredit":false},{"lineNumber":196,"author":{"gitId":"nihalramesh12629"},"content":"","lastModifiedDate":"2024-08-26","isFullCredit":false},{"lineNumber":197,"author":{"gitId":"nihalramesh12629"},"content":"        BufferedReader br \u003d new BufferedReader(new FileReader(file));","lastModifiedDate":"2024-08-26","isFullCredit":false},{"lineNumber":198,"author":{"gitId":"nihalramesh12629"},"content":"        String line;","lastModifiedDate":"2024-08-26","isFullCredit":false},{"lineNumber":199,"author":{"gitId":"nihalramesh12629"},"content":"","lastModifiedDate":"2024-08-26","isFullCredit":false},{"lineNumber":200,"author":{"gitId":"nihalramesh12629"},"content":"        while ((line \u003d br.readLine()) !\u003d null) {","lastModifiedDate":"2024-08-26","isFullCredit":false},{"lineNumber":201,"author":{"gitId":"nihalramesh12629"},"content":"            String[] parts \u003d line.split(\"\\\\|\");","lastModifiedDate":"2024-08-26","isFullCredit":false},{"lineNumber":202,"author":{"gitId":"nihalramesh12629"},"content":"            String type \u003d parts[0].trim();","lastModifiedDate":"2024-08-26","isFullCredit":false},{"lineNumber":203,"author":{"gitId":"nihalramesh12629"},"content":"            boolean isDone \u003d parts[1].trim().equals(\"1\");","lastModifiedDate":"2024-08-26","isFullCredit":false},{"lineNumber":204,"author":{"gitId":"nihalramesh12629"},"content":"","lastModifiedDate":"2024-08-26","isFullCredit":false},{"lineNumber":205,"author":{"gitId":"nihalramesh12629"},"content":"            Task task;","lastModifiedDate":"2024-08-26","isFullCredit":false},{"lineNumber":206,"author":{"gitId":"nihalramesh12629"},"content":"            if (type.equals(\"T\")) {","lastModifiedDate":"2024-08-26","isFullCredit":false},{"lineNumber":207,"author":{"gitId":"nihalramesh12629"},"content":"                task \u003d new ToDos(parts[2].trim());","lastModifiedDate":"2024-08-26","isFullCredit":false},{"lineNumber":208,"author":{"gitId":"nihalramesh12629"},"content":"            } else if (type.equals(\"D\")) {","lastModifiedDate":"2024-08-26","isFullCredit":false},{"lineNumber":209,"author":{"gitId":"nihalramesh12629"},"content":"                task \u003d new Deadlines(parts[2].trim(), parts[3].trim());","lastModifiedDate":"2024-08-26","isFullCredit":false},{"lineNumber":210,"author":{"gitId":"nihalramesh12629"},"content":"            } else if (type.equals(\"E\")) {","lastModifiedDate":"2024-08-26","isFullCredit":false},{"lineNumber":211,"author":{"gitId":"nihalramesh12629"},"content":"                String[] startEnd \u003d parts[3].split(\"-\");","lastModifiedDate":"2024-08-26","isFullCredit":false},{"lineNumber":212,"author":{"gitId":"nihalramesh12629"},"content":"                task \u003d new Event(parts[2].trim(), startEnd[0].trim(), startEnd[1].trim());","lastModifiedDate":"2024-08-26","isFullCredit":false},{"lineNumber":213,"author":{"gitId":"nihalramesh12629"},"content":"            } else {","lastModifiedDate":"2024-08-26","isFullCredit":false},{"lineNumber":214,"author":{"gitId":"nihalramesh12629"},"content":"                continue;","lastModifiedDate":"2024-08-26","isFullCredit":false},{"lineNumber":215,"author":{"gitId":"nihalramesh12629"},"content":"            }","lastModifiedDate":"2024-08-26","isFullCredit":false},{"lineNumber":216,"author":{"gitId":"nihalramesh12629"},"content":"","lastModifiedDate":"2024-08-26","isFullCredit":false},{"lineNumber":217,"author":{"gitId":"nihalramesh12629"},"content":"            if (isDone) {","lastModifiedDate":"2024-08-26","isFullCredit":false},{"lineNumber":218,"author":{"gitId":"nihalramesh12629"},"content":"                task.markAsDone();","lastModifiedDate":"2024-08-26","isFullCredit":false},{"lineNumber":219,"author":{"gitId":"nihalramesh12629"},"content":"            }","lastModifiedDate":"2024-08-26","isFullCredit":false},{"lineNumber":220,"author":{"gitId":"nihalramesh12629"},"content":"            taskList.add(task);","lastModifiedDate":"2024-08-26","isFullCredit":false},{"lineNumber":221,"author":{"gitId":"nihalramesh12629"},"content":"        }","lastModifiedDate":"2024-08-26","isFullCredit":false},{"lineNumber":222,"author":{"gitId":"nihalramesh12629"},"content":"        return taskList;","lastModifiedDate":"2024-08-26","isFullCredit":false},{"lineNumber":223,"author":{"gitId":"nihalramesh12629"},"content":"    }","lastModifiedDate":"2024-08-26","isFullCredit":false},{"lineNumber":224,"author":{"gitId":"nihalramesh12629"},"content":"}","lastModifiedDate":"2024-08-21","isFullCredit":false}],"authorContributionMap":{"nihalramesh12629":224}},{"path":"src/main/java/LeBronException.java","fileType":"java","lines":[{"lineNumber":1,"author":{"gitId":"nihalramesh12629"},"content":"public class LeBronException extends Exception {","lastModifiedDate":"2024-08-21","isFullCredit":false},{"lineNumber":2,"author":{"gitId":"nihalramesh12629"},"content":"    ","lastModifiedDate":"2024-08-21","isFullCredit":false},{"lineNumber":3,"author":{"gitId":"nihalramesh12629"},"content":"    public LeBronException(String message) {","lastModifiedDate":"2024-08-21","isFullCredit":false},{"lineNumber":4,"author":{"gitId":"nihalramesh12629"},"content":"        super(message);","lastModifiedDate":"2024-08-21","isFullCredit":false},{"lineNumber":5,"author":{"gitId":"nihalramesh12629"},"content":"    }","lastModifiedDate":"2024-08-21","isFullCredit":false},{"lineNumber":6,"author":{"gitId":"nihalramesh12629"},"content":"    ","lastModifiedDate":"2024-08-21","isFullCredit":false},{"lineNumber":7,"author":{"gitId":"nihalramesh12629"},"content":"}","lastModifiedDate":"2024-08-21","isFullCredit":false}],"authorContributionMap":{"nihalramesh12629":7}},{"path":"src/main/java/Task.java","fileType":"java","lines":[{"lineNumber":1,"author":{"gitId":"nihalramesh12629"},"content":"public class Task {","lastModifiedDate":"2024-08-20","isFullCredit":false},{"lineNumber":2,"author":{"gitId":"nihalramesh12629"},"content":"    protected String description;","lastModifiedDate":"2024-08-20","isFullCredit":false},{"lineNumber":3,"author":{"gitId":"nihalramesh12629"},"content":"    protected boolean done;","lastModifiedDate":"2024-08-20","isFullCredit":false},{"lineNumber":4,"author":{"gitId":"nihalramesh12629"},"content":"","lastModifiedDate":"2024-08-20","isFullCredit":false},{"lineNumber":5,"author":{"gitId":"nihalramesh12629"},"content":"    public Task(String description) {","lastModifiedDate":"2024-08-20","isFullCredit":false},{"lineNumber":6,"author":{"gitId":"nihalramesh12629"},"content":"        this.description \u003d description;","lastModifiedDate":"2024-08-20","isFullCredit":false},{"lineNumber":7,"author":{"gitId":"nihalramesh12629"},"content":"        this.done \u003d false;","lastModifiedDate":"2024-08-20","isFullCredit":false},{"lineNumber":8,"author":{"gitId":"nihalramesh12629"},"content":"    }","lastModifiedDate":"2024-08-20","isFullCredit":false},{"lineNumber":9,"author":{"gitId":"nihalramesh12629"},"content":"","lastModifiedDate":"2024-08-20","isFullCredit":false},{"lineNumber":10,"author":{"gitId":"nihalramesh12629"},"content":"    public String getStatusIcons() {","lastModifiedDate":"2024-08-20","isFullCredit":false},{"lineNumber":11,"author":{"gitId":"nihalramesh12629"},"content":"        return done ? \"X\" : \" \";","lastModifiedDate":"2024-08-20","isFullCredit":false},{"lineNumber":12,"author":{"gitId":"nihalramesh12629"},"content":"    }","lastModifiedDate":"2024-08-20","isFullCredit":false},{"lineNumber":13,"author":{"gitId":"nihalramesh12629"},"content":"","lastModifiedDate":"2024-08-20","isFullCredit":false},{"lineNumber":14,"author":{"gitId":"nihalramesh12629"},"content":"    public void markAsDone() {","lastModifiedDate":"2024-08-20","isFullCredit":false},{"lineNumber":15,"author":{"gitId":"nihalramesh12629"},"content":"        this.done \u003d true;","lastModifiedDate":"2024-08-20","isFullCredit":false},{"lineNumber":16,"author":{"gitId":"nihalramesh12629"},"content":"    }","lastModifiedDate":"2024-08-20","isFullCredit":false},{"lineNumber":17,"author":{"gitId":"nihalramesh12629"},"content":"","lastModifiedDate":"2024-08-20","isFullCredit":false},{"lineNumber":18,"author":{"gitId":"nihalramesh12629"},"content":"    public void markAsUndone() {","lastModifiedDate":"2024-08-20","isFullCredit":false},{"lineNumber":19,"author":{"gitId":"nihalramesh12629"},"content":"        this.done \u003d false;","lastModifiedDate":"2024-08-20","isFullCredit":false},{"lineNumber":20,"author":{"gitId":"nihalramesh12629"},"content":"    }","lastModifiedDate":"2024-08-20","isFullCredit":false},{"lineNumber":21,"author":{"gitId":"nihalramesh12629"},"content":"","lastModifiedDate":"2024-08-20","isFullCredit":false},{"lineNumber":22,"author":{"gitId":"nihalramesh12629"},"content":"    @Override","lastModifiedDate":"2024-08-21","isFullCredit":false},{"lineNumber":23,"author":{"gitId":"nihalramesh12629"},"content":"    public String toString() {","lastModifiedDate":"2024-08-21","isFullCredit":false},{"lineNumber":24,"author":{"gitId":"nihalramesh12629"},"content":"        return String.format(\"[%s] %s\", getStatusIcons(), this.description);","lastModifiedDate":"2024-08-21","isFullCredit":false},{"lineNumber":25,"author":{"gitId":"nihalramesh12629"},"content":"    }","lastModifiedDate":"2024-08-21","isFullCredit":false},{"lineNumber":26,"author":{"gitId":"nihalramesh12629"},"content":"","lastModifiedDate":"2024-08-26","isFullCredit":false},{"lineNumber":27,"author":{"gitId":"nihalramesh12629"},"content":"    public String toFileString() {","lastModifiedDate":"2024-08-26","isFullCredit":false},{"lineNumber":28,"author":{"gitId":"nihalramesh12629"},"content":"        return \"\";","lastModifiedDate":"2024-08-26","isFullCredit":false},{"lineNumber":29,"author":{"gitId":"nihalramesh12629"},"content":"    }","lastModifiedDate":"2024-08-26","isFullCredit":false},{"lineNumber":30,"author":{"gitId":"nihalramesh12629"},"content":"}","lastModifiedDate":"2024-08-21","isFullCredit":false}],"authorContributionMap":{"nihalramesh12629":30}},{"path":"src/main/java/ToDos.java","fileType":"java","lines":[{"lineNumber":1,"author":{"gitId":"nihalramesh12629"},"content":"public class ToDos extends Task {","lastModifiedDate":"2024-08-20","isFullCredit":false},{"lineNumber":2,"author":{"gitId":"nihalramesh12629"},"content":"","lastModifiedDate":"2024-08-20","isFullCredit":false},{"lineNumber":3,"author":{"gitId":"nihalramesh12629"},"content":"    public ToDos(String description) {","lastModifiedDate":"2024-08-20","isFullCredit":false},{"lineNumber":4,"author":{"gitId":"nihalramesh12629"},"content":"        super(description);","lastModifiedDate":"2024-08-20","isFullCredit":false},{"lineNumber":5,"author":{"gitId":"nihalramesh12629"},"content":"    }","lastModifiedDate":"2024-08-20","isFullCredit":false},{"lineNumber":6,"author":{"gitId":"nihalramesh12629"},"content":"","lastModifiedDate":"2024-08-20","isFullCredit":false},{"lineNumber":7,"author":{"gitId":"nihalramesh12629"},"content":"    @Override","lastModifiedDate":"2024-08-20","isFullCredit":false},{"lineNumber":8,"author":{"gitId":"nihalramesh12629"},"content":"    public String toString() {","lastModifiedDate":"2024-08-20","isFullCredit":false},{"lineNumber":9,"author":{"gitId":"nihalramesh12629"},"content":"        return String.format(\"[T][%s] %s\", super.getStatusIcons(), super.description);","lastModifiedDate":"2024-08-20","isFullCredit":false},{"lineNumber":10,"author":{"gitId":"nihalramesh12629"},"content":"    }","lastModifiedDate":"2024-08-20","isFullCredit":false},{"lineNumber":11,"author":{"gitId":"nihalramesh12629"},"content":"","lastModifiedDate":"2024-08-20","isFullCredit":false},{"lineNumber":12,"author":{"gitId":"nihalramesh12629"},"content":"    @Override","lastModifiedDate":"2024-08-26","isFullCredit":false},{"lineNumber":13,"author":{"gitId":"nihalramesh12629"},"content":"    public String toFileString() {","lastModifiedDate":"2024-08-26","isFullCredit":false},{"lineNumber":14,"author":{"gitId":"nihalramesh12629"},"content":"        return String.format(\"T | %d | %s\", this.done ? 1 : 0, this.description);","lastModifiedDate":"2024-08-26","isFullCredit":false},{"lineNumber":15,"author":{"gitId":"nihalramesh12629"},"content":"    }","lastModifiedDate":"2024-08-26","isFullCredit":false},{"lineNumber":16,"author":{"gitId":"nihalramesh12629"},"content":"","lastModifiedDate":"2024-08-26","isFullCredit":false},{"lineNumber":17,"author":{"gitId":"nihalramesh12629"},"content":"}","lastModifiedDate":"2024-08-20","isFullCredit":false}],"authorContributionMap":{"nihalramesh12629":17}},{"path":"text-ui-test/input.txt","fileType":"txt","lines":[{"lineNumber":1,"author":{"gitId":"nihalramesh12629"},"content":"todo borrow book","lastModifiedDate":"2024-08-20","isFullCredit":false},{"lineNumber":2,"author":{"gitId":"nihalramesh12629"},"content":"deadline return book /by Sunday","lastModifiedDate":"2024-08-20","isFullCredit":false},{"lineNumber":3,"author":{"gitId":"nihalramesh12629"},"content":"event project meeting /from Mon 2pm /to 4pm","lastModifiedDate":"2024-08-20","isFullCredit":false},{"lineNumber":4,"author":{"gitId":"nihalramesh12629"},"content":"mark 2","lastModifiedDate":"2024-08-20","isFullCredit":false},{"lineNumber":5,"author":{"gitId":"nihalramesh12629"},"content":"list","lastModifiedDate":"2024-08-20","isFullCredit":false},{"lineNumber":6,"author":{"gitId":"nihalramesh12629"},"content":"mark 1","lastModifiedDate":"2024-08-20","isFullCredit":false},{"lineNumber":7,"author":{"gitId":"nihalramesh12629"},"content":"unmark 2","lastModifiedDate":"2024-08-20","isFullCredit":false},{"lineNumber":8,"author":{"gitId":"nihalramesh12629"},"content":"bye","lastModifiedDate":"2024-08-20","isFullCredit":false}],"authorContributionMap":{"nihalramesh12629":8}},{"path":"text-ui-test/runtest.sh","fileType":"sh","lines":[{"lineNumber":1,"author":{"gitId":"-"},"content":"#!/usr/bin/env bash","lastModifiedDate":"2020-05-25","isFullCredit":false},{"lineNumber":2,"author":{"gitId":"-"},"content":"","lastModifiedDate":"2020-05-25","isFullCredit":false},{"lineNumber":3,"author":{"gitId":"-"},"content":"# create bin directory if it doesn\u0027t exist","lastModifiedDate":"2020-05-25","isFullCredit":false},{"lineNumber":4,"author":{"gitId":"-"},"content":"if [ ! -d \"../bin\" ]","lastModifiedDate":"2020-05-25","isFullCredit":false},{"lineNumber":5,"author":{"gitId":"-"},"content":"then","lastModifiedDate":"2020-05-25","isFullCredit":false},{"lineNumber":6,"author":{"gitId":"-"},"content":"    mkdir ../bin","lastModifiedDate":"2020-05-25","isFullCredit":false},{"lineNumber":7,"author":{"gitId":"-"},"content":"fi","lastModifiedDate":"2020-05-25","isFullCredit":false},{"lineNumber":8,"author":{"gitId":"-"},"content":"","lastModifiedDate":"2020-05-25","isFullCredit":false},{"lineNumber":9,"author":{"gitId":"-"},"content":"# delete output from previous run","lastModifiedDate":"2020-05-25","isFullCredit":false},{"lineNumber":10,"author":{"gitId":"-"},"content":"if [ -e \"./ACTUAL.TXT\" ]","lastModifiedDate":"2020-05-25","isFullCredit":false},{"lineNumber":11,"author":{"gitId":"-"},"content":"then","lastModifiedDate":"2020-05-25","isFullCredit":false},{"lineNumber":12,"author":{"gitId":"-"},"content":"    rm ACTUAL.TXT","lastModifiedDate":"2020-05-25","isFullCredit":false},{"lineNumber":13,"author":{"gitId":"-"},"content":"fi","lastModifiedDate":"2020-05-25","isFullCredit":false},{"lineNumber":14,"author":{"gitId":"-"},"content":"","lastModifiedDate":"2020-05-25","isFullCredit":false},{"lineNumber":15,"author":{"gitId":"-"},"content":"# compile the code into the bin folder, terminates if error occurred","lastModifiedDate":"2020-05-25","isFullCredit":false},{"lineNumber":16,"author":{"gitId":"-"},"content":"if ! javac -cp ../src/main/java -Xlint:none -d ../bin ../src/main/java/*.java","lastModifiedDate":"2020-08-25","isFullCredit":false},{"lineNumber":17,"author":{"gitId":"-"},"content":"then","lastModifiedDate":"2020-05-25","isFullCredit":false},{"lineNumber":18,"author":{"gitId":"-"},"content":"    echo \"********** BUILD FAILURE **********\"","lastModifiedDate":"2020-05-25","isFullCredit":false},{"lineNumber":19,"author":{"gitId":"-"},"content":"    exit 1","lastModifiedDate":"2020-05-25","isFullCredit":false},{"lineNumber":20,"author":{"gitId":"-"},"content":"fi","lastModifiedDate":"2020-05-25","isFullCredit":false},{"lineNumber":21,"author":{"gitId":"-"},"content":"","lastModifiedDate":"2020-05-25","isFullCredit":false},{"lineNumber":22,"author":{"gitId":"-"},"content":"# run the program, feed commands from input.txt file and redirect the output to the ACTUAL.TXT","lastModifiedDate":"2020-05-25","isFullCredit":false},{"lineNumber":23,"author":{"gitId":"nihalramesh12629"},"content":"java -classpath ../bin LeBron \u003c input.txt \u003e ACTUAL.TXT","lastModifiedDate":"2024-08-20","isFullCredit":false},{"lineNumber":24,"author":{"gitId":"-"},"content":"","lastModifiedDate":"2020-05-25","isFullCredit":false},{"lineNumber":25,"author":{"gitId":"-"},"content":"# convert to UNIX format","lastModifiedDate":"2020-05-25","isFullCredit":false},{"lineNumber":26,"author":{"gitId":"-"},"content":"cp EXPECTED.TXT EXPECTED-UNIX.TXT","lastModifiedDate":"2020-05-25","isFullCredit":false},{"lineNumber":27,"author":{"gitId":"-"},"content":"dos2unix ACTUAL.TXT EXPECTED-UNIX.TXT","lastModifiedDate":"2020-05-25","isFullCredit":false},{"lineNumber":28,"author":{"gitId":"-"},"content":"","lastModifiedDate":"2020-05-25","isFullCredit":false},{"lineNumber":29,"author":{"gitId":"-"},"content":"# compare the output to the expected output","lastModifiedDate":"2020-05-25","isFullCredit":false},{"lineNumber":30,"author":{"gitId":"-"},"content":"diff ACTUAL.TXT EXPECTED-UNIX.TXT","lastModifiedDate":"2020-05-25","isFullCredit":false},{"lineNumber":31,"author":{"gitId":"-"},"content":"if [ $? -eq 0 ]","lastModifiedDate":"2020-05-25","isFullCredit":false},{"lineNumber":32,"author":{"gitId":"-"},"content":"then","lastModifiedDate":"2020-05-25","isFullCredit":false},{"lineNumber":33,"author":{"gitId":"-"},"content":"    echo \"Test result: PASSED\"","lastModifiedDate":"2020-05-25","isFullCredit":false},{"lineNumber":34,"author":{"gitId":"-"},"content":"    exit 0","lastModifiedDate":"2020-05-25","isFullCredit":false},{"lineNumber":35,"author":{"gitId":"-"},"content":"else","lastModifiedDate":"2020-05-25","isFullCredit":false},{"lineNumber":36,"author":{"gitId":"-"},"content":"    echo \"Test result: FAILED\"","lastModifiedDate":"2020-05-25","isFullCredit":false},{"lineNumber":37,"author":{"gitId":"-"},"content":"    exit 1","lastModifiedDate":"2020-05-25","isFullCredit":false},{"lineNumber":38,"author":{"gitId":"-"},"content":"fi","lastModifiedDate":"2020-05-25","isFullCredit":false}],"authorContributionMap":{"nihalramesh12629":1,"-":37}}]
