{"authorDailyContributionsMap":{"NorbertLoh":[{"date":"2024-08-18","commitResults":[{"hash":"10558a0fdf13aadd3bbbc9db19e04f154d475e36","isMergeCommit":false,"messageTitle":"Renamed chatbot and added greetings","messageBody":"","tags":["Level-0"],"fileTypesAndContributionMap":{"java":{"insertions":16,"deletions":10}}},{"hash":"bfb43abfadc0fb5a0f8a46b101cdd50df83a64e2","isMergeCommit":false,"messageTitle":"created echo and exit","messageBody":"","tags":["Level-1","A-Enums"],"fileTypesAndContributionMap":{"java":{"insertions":78,"deletions":8}}},{"hash":"af179ea7ed6d3c67c96d1653f74d97103cf68980","isMergeCommit":false,"messageTitle":"added a TodoList and the ability to add Todo items into the list and display them","messageBody":"","tags":["Level-2"],"fileTypesAndContributionMap":{"java":{"insertions":79,"deletions":14}}},{"hash":"4fc7cb55cb37b26d9f0167455bbfabf2708caf33","isMergeCommit":false,"messageTitle":"renamed todo to Task and added mark as done and unmark as done","messageBody":"","fileTypesAndContributionMap":{"java":{"insertions":76,"deletions":25}}},{"hash":"e978cc0894ef586620884ca56a134a966a421f69","isMergeCommit":false,"messageTitle":"added javadocs for TodoList","messageBody":"","tags":["Level-3","A-Classes"],"fileTypesAndContributionMap":{"java":{"insertions":3,"deletions":3}}},{"hash":"cacfeed4973f693dcda6386577255a0b71edfd92","isMergeCommit":false,"messageTitle":"Created sub tasks that inherits Task and completed ToDos, Events and Deadlines","messageBody":"","tags":["Level-4","A-Inheritance"],"fileTypesAndContributionMap":{"java":{"insertions":128,"deletions":34}}},{"hash":"aa6c69c8df0906fe286cca44a7316a265095ee3e","isMergeCommit":false,"messageTitle":"Added TextUiTesting with Expected and Inputs file","messageBody":"","tags":["A-TextUiTesting"],"fileTypesAndContributionMap":{"txt":{"insertions":7,"deletions":0},"bat":{"insertions":1,"deletions":1}}},{"hash":"afa71bb6e2ab819c384b8a084044d671f253db75","isMergeCommit":false,"messageTitle":"Added exceptions and handled errors","messageBody":"","tags":["Level-5","A-Exceptions"],"fileTypesAndContributionMap":{"java":{"insertions":97,"deletions":13}}},{"hash":"dc7eb432328edd1213c5be9a833f690bcb2c389c","isMergeCommit":false,"messageTitle":"Added deletion and use of collections-ArrayList","messageBody":"","tags":["Level-6","A-Collections"],"fileTypesAndContributionMap":{"java":{"insertions":34,"deletions":1}}}]}]},"authorFileTypeContributionMap":{"NorbertLoh":{"java":413,"md":0,"fxml":0,"sh":0,"bat":1,"gradle":0,"txt":7}},"authorContributionVariance":{"NorbertLoh":87640.9},"authorDisplayNameMap":{"NorbertLoh":"LOH ..BERT"}}
