{"authorDailyContributionsMap":{"munhuikim":[{"date":"2024-08-27","commitResults":[{"hash":"32d98ab1b148702129a847a7895947f3fd79953c","isMergeCommit":false,"messageTitle":"Level-2","messageBody":"","fileTypesAndContributionMap":{"java":{"insertions":87,"deletions":0}}},{"hash":"dee285e798f004095600a212dd4a05c2b7d5f368","isMergeCommit":false,"messageTitle":"Level-3","messageBody":"","fileTypesAndContributionMap":{"java":{"insertions":79,"deletions":17}}}]},{"date":"2024-08-28","commitResults":[{"hash":"169480b7ae3109b34f488365caf4fc718aa21b62","isMergeCommit":false,"messageTitle":"Level-4","messageBody":"","fileTypesAndContributionMap":{"java":{"insertions":67,"deletions":4}}}]},{"date":"2024-08-29","commitResults":[{"hash":"9a01aa8875257c43f6412a668c15c22251e0155a","isMergeCommit":false,"messageTitle":"Level-6","messageBody":"","fileTypesAndContributionMap":{"java":{"insertions":29,"deletions":16}}},{"hash":"ee7566001f7f1192d3ebcad78af2f3039073b4ff","isMergeCommit":false,"messageTitle":"no message","messageBody":"","fileTypesAndContributionMap":{"java":{"insertions":4,"deletions":4}}}]},{"date":"2024-08-30","commitResults":[{"hash":"c30f4d10b6d658369c475da91fa3858ca85cb257","isMergeCommit":false,"messageTitle":"Level-5","messageBody":"","fileTypesAndContributionMap":{"java":{"insertions":63,"deletions":23}}}]}]},"authorFileTypeContributionMap":{"munhuikim":{"java":270,"md":0,"fxml":0,"sh":0,"bat":0,"gradle":0,"txt":0}},"authorContributionVariance":{"munhuikim":2562.5598},"authorDisplayNameMap":{"munhuikim":"CS2103T-T15-2 KIM ..NHUI"}}
