{"authorDailyContributionsMap":{"PeterHW963":[{"date":"2024-08-21","commitResults":[{"hash":"ee22922e4951e239ac64db568524731f0eaf37ee","isMergeCommit":false,"messageTitle":"Change Duke.java to Nether.java","messageBody":"Duke.java visually prints out \"Duke\"\n\nThe assignment given is to rename the chatbot, and create a greet and\nexit message.\n\nLet\u0027s rename the file to Nether.java, its new name and create the\ngreet and exit messages, along with a new visual print out of its name.\n\n\"println\" statements are the only lines edited as that is the only\nrequirement for this increment.\n","tags":["Level-0"],"fileTypesAndContributionMap":{"java":{"insertions":20,"deletions":10}}},{"hash":"e8f5b595af910d28eb26167fcdf65cb61a62f127","isMergeCommit":false,"messageTitle":"Add Echo feature until user inputs \"bye\"","messageBody":"Chatbot produces visual art of its name, greetings, and goodbye message\nwhen run.\n\nThe assignment given is to have chatbot produce echo whenever the\nuser inputs anything other than \"bye\".\n\nLet\u0027s create a Scanner object to receive user input and create an\ninfinite loop of echoing the user input and listening for more input. We\nused a check inside the infinite loop for a \"bye\" input to break out of\nthe loop and produce the goodbye message.\n","tags":["Level-1"],"fileTypesAndContributionMap":{"java":{"insertions":19,"deletions":3}}},{"hash":"31e47eef673bd608dfa37c68bc7a07469e67f2cc","isMergeCommit":false,"messageTitle":"Add \"Add\" and \"List\" features and refactored code","messageBody":"Chatbot echoes user input unless the user inputs \"bye\"\n\nThe assignment given is to have the chatbot add whatever the user inputs\ninto a list of tasks and to add another check for the input \"list\", to\nwhich the chatbot should return a numbered list of all the tasks the\nuser has input so far.\n\nLet\u0027s create an array of size 100 to store the tasks input by user along\nwith a counter to keep track of the current index in the array. When\nthe user inputs \"list\", a for loop is used to iterate through the array\nand print out the entries.\n\nAdditionally, an abstraction for printing the horizontal line output is\nmade and the constants MAX_TASKS, EXIT_COMMAND, and LIST_COMMAND were\ncreated to improve reusability and readability.\n","tags":["Level-2"],"fileTypesAndContributionMap":{"java":{"insertions":42,"deletions":9}}},{"hash":"9aff95dfdc2e1c1ad7c585e5a6257e9d4f2cd734","isMergeCommit":false,"messageTitle":"Add Mark/Unmark as Done and refactor code","messageBody":"Chatbot add whatever the user inputs into a list of tasks and prints a\nnumbered list of all the tasks the user has input so far whenever the\nuser inputs \"list\".\n\nThe assignment given is to have the chatbot have the ability to\nmark/unmark tasks as done/not done when the user inputs \"mark +\n(integer)\" or \"unmark + (integer)\".\n\nLet\u0027s create a new class called Task to represent tasks. Task has a\ndescription, index, and an isDone status. Task class also has the\nnecessary getters and setters. Next, let\u0027s implement an extra check for\nthe user input (i.e. if the user input starts with \"mark\" or \"unmark\")\nthat modifies the task object to be done or not done respectively.\n\nAdditionally, an abstraction for displaying the task list is\nmade and the constants MARK_AS_DONE and MARK_AS_NOT_DONE were\ncreated to improve reusability and readability.\n\nA new Task class was created to encapsulate the data and behavior of\ntask objects, improve reusability, maintainability, and readability.\n","tags":["Level-3"],"fileTypesAndContributionMap":{"java":{"insertions":83,"deletions":5}}},{"hash":"efe780f625f1b3fa9deda04f1df00c621ef2a5c7","isMergeCommit":false,"messageTitle":"Add ToDos, Events, Deadlines","messageBody":"Chatbot adds whatever the user inputs into a list of tasks and prints a\nnumbered list of all the tasks the user has input so far whenever the\nuser inputs \"list\" along with its done/not done status.\n\nThe assignment given is to have the chatbot have the ability to\nrecognize what type of task is added, whether it is ToDos, Deadline, or\nEvent type tasks and have the task type displayed when listing the\ntasks.\n\nLet\u0027s create new subclasses for the Task class to represent the 3 types\nof tasks. DeadlineTask has a by attribute and EventTask has from and to\nattributes. Each of these Task subclasses have their own constructor and\ntoString methods. Next, let\u0027s implement a method that parses the user\ninput into the correct number of parts to instantiate the respective\ntasks with.\n\nInheritance was used to support multiple task types since the different\ntasks have some similarity between them.\n","tags":["Level-4"],"fileTypesAndContributionMap":{"java":{"insertions":111,"deletions":10}}}]},{"date":"2024-08-22","commitResults":[{"hash":"c757e108387c2c1be1a2f341dc39809c256425ea","isMergeCommit":false,"messageTitle":"Add Error handling and text UI testing","messageBody":"Chatbot adds one of the 3 types of tasks the user inputs into a\nnumbered list. The tasks can be marked as done or not done, and user can\ninput \"list\" to view all the tasks written so far.\n\nThe assignment given is to have the chatbot handle errors, especially\nwhen the user enters an unexpected input that the chatbot is not\nprogrammed to handle.\n\nLet\u0027s create a new exception called NetherException that can produce the\ncorresponding error message. Additionally, an automated testing has been\nimplemented.\n","tags":["Level-5","A-TextUiTesting"],"fileTypesAndContributionMap":{"txt":{"insertions":10,"deletions":0},"java":{"insertions":93,"deletions":54},"bat":{"insertions":2,"deletions":2}}},{"hash":"59438afc76030b1f7743d0588052d31947c42ad7","isMergeCommit":false,"messageTitle":"Add delete task","messageBody":"Chatbot adds one of the 3 types of tasks the user inputs into a\nnumbered list. The tasks can be marked as done or not done, and user can\ninput \"list\" to view all the tasks written so far. Chatbot can also\nhandle various inputs from the user.\n\nThe assignment given is to have the chatbot able to receive delete\ncommands to delete a task from the list.\n\nLet\u0027s add an extra check to the chatbot for a \"delete\" command to then\nremove the task from the list\n","tags":["Level-6"],"fileTypesAndContributionMap":{"txt":{"insertions":7,"deletions":1},"java":{"insertions":38,"deletions":33}}}]},{"date":"2024-08-26","commitResults":[{"hash":"ba333ad8ab06a7ef7e0e5a1eb17a0edd0037b170","isMergeCommit":false,"messageTitle":"Add Save data","messageBody":"Chatbot is initialized with a blank task list every time.\n\nThe assignment given is to have the chatbot able to save task list data\nand load task list from existing data (if any) upon initialization.\n\nLet\u0027s create a new Storage class that handles the saving and loading of\ntasks from the data file. Also let\u0027s implement a method toSaveFormat\nfor each task type that processes the existing task list data into a\nform that is easily processed later on for loading.\n","fileTypesAndContributionMap":{"txt":{"insertions":2,"deletions":0},"java":{"insertions":116,"deletions":4}}},{"hash":"1ff111188539017b3dba18c3e18de97af7fa135a","isMergeCommit":false,"messageTitle":"Attempt to rectify branching mistake","messageBody":"","fileTypesAndContributionMap":{"java":{"insertions":1,"deletions":0}}},{"hash":"9b1ab4a492a7307f66fa4f9d6357992158752122","isMergeCommit":true,"messageTitle":"Merge branch \u0027branch-level-7\u0027","messageBody":"","tags":["level-7"],"fileTypesAndContributionMap":{}},{"hash":"b03eb21b8716b1d64e1d507fe834ac0ab0d4c727","isMergeCommit":false,"messageTitle":"Add Dates and Times","messageBody":"Chatbot can take any date and/or time format from user inputs.\n\nThe assignment given is to have the chatbot able to validate input\ndate/time and save task date/time using LocalDateTime. Additionally,\nthe toString() method should also present the date/time of tasks in a\nmore user-friendly way.\n\nLet\u0027s make use of the LocalDateTime and DateTimeFormatter to parse user\ndate/time input, and later on, revert it into String when it needs to be\nprinted for users to see.\n","fileTypesAndContributionMap":{"txt":{"insertions":5,"deletions":2},"java":{"insertions":64,"deletions":19}}},{"hash":"38a7a794111460bcf770897a200eda28858a65d1","isMergeCommit":true,"messageTitle":"Merge branch \u0027branch-level-8\u0027","messageBody":"","tags":["level-8"],"fileTypesAndContributionMap":{}}]},{"date":"2024-08-27","commitResults":[{"hash":"0fb4e68955d86ca75a15dfa32e36adf9d8d0face","isMergeCommit":false,"messageTitle":"Refactor code using more OOP","messageBody":"","fileTypesAndContributionMap":{"txt":{"insertions":0,"deletions":1},"java":{"insertions":413,"deletions":205}}},{"hash":"87c44d22f4db28dc0ca33b7bad287d570b6a72a4","isMergeCommit":true,"messageTitle":"Merge branch \u0027branch-moreOOP\u0027","messageBody":"","tags":["A-MoreOOP"],"fileTypesAndContributionMap":{}},{"hash":"b2f560d9b18768eec1c300fb01c662d7da13e548","isMergeCommit":false,"messageTitle":"Organize into packages","messageBody":"","fileTypesAndContributionMap":{"java":{"insertions":91,"deletions":1}}}]},{"date":"2024-08-28","commitResults":[{"hash":"35853d5884d905170e2f5f88457bc66c085c6b9d","isMergeCommit":true,"messageTitle":"Merge branch \u0027branch-packages\u0027","messageBody":"","tags":["A-Packages"],"fileTypesAndContributionMap":{}},{"hash":"bee9ed58077db07800d70048f78e674671aef240","isMergeCommit":true,"messageTitle":"Merge branch \u0027add-gradle-support\u0027","messageBody":"","fileTypesAndContributionMap":{}},{"hash":"f4259218a3091f0381916cf8b633e79cf7b4da98","isMergeCommit":false,"messageTitle":"Change gradle build configuration","messageBody":"Build configuration for gradle is default (i.e. mainClass was the Duke\nclass)\n\nLet\u0027s change the mainClass to be the nether.Nether class (specific to\nmy own iP)\n","fileTypesAndContributionMap":{"gradle":{"insertions":1,"deletions":1}}},{"hash":"87c378d4c10e76886eb312d0526235110b72fd85","isMergeCommit":true,"messageTitle":"Merge branch \u0027branch-gradle\u0027","messageBody":"","tags":["A-Gradle"],"fileTypesAndContributionMap":{}}]},{"date":"2024-08-29","commitResults":[{"hash":"01acfe0a404698dec5c343b9236cb658ef042d9a","isMergeCommit":false,"messageTitle":"Add JUnit Tests","messageBody":"","fileTypesAndContributionMap":{"gradle":{"insertions":1,"deletions":0},"java":{"insertions":244,"deletions":4}}},{"hash":"a5db4fbee9acde70d5240248ef57f8cc855d61b9","isMergeCommit":true,"messageTitle":"Merge branch \u0027branch-JUnit\u0027","messageBody":"","tags":["A-JUnit"],"fileTypesAndContributionMap":{}},{"hash":"09706c9a90f2feb9539fd2da03481fa5e1fa0265","isMergeCommit":false,"messageTitle":"Create a JAR File","messageBody":"","fileTypesAndContributionMap":{"gradle":{"insertions":2,"deletions":2}}},{"hash":"2e76619bf513b0f5a8bb757542eb806adfc3542b","isMergeCommit":true,"messageTitle":"Merge branch \u0027branch-Jar\u0027","messageBody":"","tags":["v0.1","A-Jar"],"fileTypesAndContributionMap":{}}]},{"date":"2024-08-30","commitResults":[{"hash":"e29216034f7900cc2e5d42bcde70a60c98a17d5b","isMergeCommit":false,"messageTitle":"Add JavaDoc style documentation","messageBody":"","fileTypesAndContributionMap":{"java":{"insertions":431,"deletions":25}}},{"hash":"edfdd62ee2cc879bd13eef81ccce92c31195067e","isMergeCommit":false,"messageTitle":"Follow the Coding Standard","messageBody":"","fileTypesAndContributionMap":{"java":{"insertions":10,"deletions":7}}},{"hash":"5b190f365356e43e1ab717d8446f883b83a2104c","isMergeCommit":false,"messageTitle":"Add find function","messageBody":"","fileTypesAndContributionMap":{"txt":{"insertions":1,"deletions":1},"java":{"insertions":56,"deletions":2}}},{"hash":"e9919a5529ec30d3ece86945f03f9a56fff9f95b","isMergeCommit":true,"messageTitle":"Merge branch \u0027branch-A-JavaDoc\u0027","messageBody":"","tags":["A-JavaDoc"],"fileTypesAndContributionMap":{}},{"hash":"c1d57cc0f8a845b5dd8a40342578875ec821f6da","isMergeCommit":true,"messageTitle":"Merge branch \u0027branch-A-CodingStandard\u0027","messageBody":"# Conflicts:\n#\tsrc/main/java/nether/command/MarkNotDoneCommand.java\n","tags":["A-CodingStandard"],"fileTypesAndContributionMap":{}},{"hash":"7b9899b803b59fc9ef9f9363b2365bfd8848448e","isMergeCommit":true,"messageTitle":"Merge branch \u0027branch-Level-9\u0027","messageBody":"","tags":["Level-9"],"fileTypesAndContributionMap":{}}]},{"date":"2024-09-04","commitResults":[{"hash":"9a4716717d7d2472167f68f372b62d3fcfeaafd1","isMergeCommit":false,"messageTitle":"Use CheckStyle","messageBody":"Checkstyle configuration setup and is now running\n","fileTypesAndContributionMap":{"gradle":{"insertions":13,"deletions":0},"java":{"insertions":4,"deletions":2},"md":{"insertions":5,"deletions":0}}},{"hash":"2241452d13ba958237e91848a30065a7ff4e4f91","isMergeCommit":true,"messageTitle":"Merge branch \u0027branch-checkstyle\u0027","messageBody":"","tags":["A-CheckStyle"],"fileTypesAndContributionMap":{}}]},{"date":"2024-09-05","commitResults":[{"hash":"dc0e6e0acc6b9f8a72b1a88799a15a3433e0aabf","isMergeCommit":false,"messageTitle":"Prepare for GUI implementation","messageBody":"","fileTypesAndContributionMap":{"gradle":{"insertions":18,"deletions":0},"java":{"insertions":5,"deletions":1}}},{"hash":"a7db0f7ab6654497290d4cf085717d697c1f19be","isMergeCommit":false,"messageTitle":"Add GUI","messageBody":"Replaced the Text UI with the GUI.\nStill have some more GUI fixes to do afterwards.\n","fileTypesAndContributionMap":{"gradle":{"insertions":1,"deletions":1},"txt":{"insertions":2,"deletions":0},"fxml":{"insertions":65,"deletions":0},"java":{"insertions":213,"deletions":36}}},{"hash":"d320b76e9c475704821e6e70720d1bfe4d92458f","isMergeCommit":true,"messageTitle":"Merge branch \u0027branch-level-10\u0027","messageBody":"","tags":["Level-10"],"fileTypesAndContributionMap":{}},{"hash":"ae521bd1eaf912ca2823b5b28688554de8031fdc","isMergeCommit":false,"messageTitle":"Change style of Window and misc changes","messageBody":"","fileTypesAndContributionMap":{"fxml":{"insertions":4,"deletions":2},"java":{"insertions":28,"deletions":14}}}]},{"date":"2024-09-06","commitResults":[{"hash":"b548a950966d2b24f400ade424bc8bf55fb0c4c6","isMergeCommit":false,"messageTitle":"Ensure JUnit Tests are still passed","messageBody":"A lot of checkstyle tests were failing.\n\nFollowed suggestions to correct all of them.\n","fileTypesAndContributionMap":{"gradle":{"insertions":8,"deletions":2},"txt":{"insertions":1,"deletions":2},"java":{"insertions":52,"deletions":31}}}]},{"date":"2024-09-11","commitResults":[{"hash":"cfebbe454a6acec5c4b81a4b5800ea3666cc7924","isMergeCommit":false,"messageTitle":"Create guard case for list command","messageBody":"There is no special response message when the \u0027list\u0027 command is\ninput with an empty task list.\n\nCreating a special response message makes the chatbot response more\nrealistic.\n\nLet\u0027s create a guard case using an if statement to return a special\nresponse string when \u0027list\u0027 is input with an empty task list.\n","tags":["A-FullCommitMessage"],"fileTypesAndContributionMap":{"txt":{"insertions":0,"deletions":5},"java":{"insertions":4,"deletions":0}}}]}]},"authorFileTypeContributionMap":{"PeterHW963":{"java":1674,"md":5,"fxml":67,"sh":0,"bat":2,"gradle":41,"txt":16}},"authorContributionVariance":{"PeterHW963":34409.4},"authorDisplayNameMap":{"PeterHW963":"CS2103T-F08-3 PETE..JAYA"}}
