{"authorDailyContributionsMap":{"Tanziyanghenry":[{"date":"2024-08-20","commitResults":[{"hash":"c8a374706ad01330c7d41c808df39988c2569ebe","isMergeCommit":false,"messageTitle":"Rename main class","messageBody":"","fileTypesAndContributionMap":{"java":{"insertions":1,"deletions":1}}},{"hash":"dbcd82367098a5016215c419e5723ed91becf0bd","isMergeCommit":false,"messageTitle":"Add greeting","messageBody":"","tags":["Level-0"],"fileTypesAndContributionMap":{"java":{"insertions":21,"deletions":6}}},{"hash":"9130fd2d339d7da6fc70c0f8b056d011ae7342c5","isMergeCommit":false,"messageTitle":"Add support for echo","messageBody":"","tags":["Level-1"],"fileTypesAndContributionMap":{"java":{"insertions":14,"deletions":1}}},{"hash":"ada1d960074cedf1486e1d3587e9b51a5c6b47dd","isMergeCommit":false,"messageTitle":"Add support to list","messageBody":"","tags":["Level-2"],"fileTypesAndContributionMap":{"java":{"insertions":18,"deletions":1}}},{"hash":"9d8a1b76d57be8512613d0759c2d95b52cb66ba6","isMergeCommit":false,"messageTitle":"add Task class","messageBody":"","fileTypesAndContributionMap":{"java":{"insertions":41,"deletions":0}}},{"hash":"7392766cca47ec80eaabf2bc7bc3164a91ba719e","isMergeCommit":false,"messageTitle":"Replace array of String to array of Task","messageBody":"","fileTypesAndContributionMap":{"java":{"insertions":3,"deletions":3}}},{"hash":"75cc3c5ad4a4bb6bcbfc56425954d42cc301b4e7","isMergeCommit":false,"messageTitle":"Add methods printList and addTask","messageBody":"","fileTypesAndContributionMap":{"java":{"insertions":35,"deletions":12}}},{"hash":"acabc8b705514dca52c722d3312ddca404734db7","isMergeCommit":false,"messageTitle":"Add mark tasks as done","messageBody":"","tags":["Level-3"],"fileTypesAndContributionMap":{"java":{"insertions":31,"deletions":2}}},{"hash":"0f265bada355d855c8c50beac7bf1df124914204","isMergeCommit":false,"messageTitle":"Add Todo, Event and Deadline class","messageBody":"","fileTypesAndContributionMap":{"java":{"insertions":42,"deletions":0}}},{"hash":"d3f81f639a0c4328e4fbcb058c3a6e1a97526750","isMergeCommit":false,"messageTitle":"Add toString method in Task class","messageBody":"","fileTypesAndContributionMap":{"java":{"insertions":4,"deletions":0}}},{"hash":"3072ef13da875bf1416474f93bcc6b0cab7cc088","isMergeCommit":false,"messageTitle":"Modify addTask method in main class","messageBody":"","tags":["Level-4"],"fileTypesAndContributionMap":{"java":{"insertions":29,"deletions":15}}}]},{"date":"2024-08-21","commitResults":[{"hash":"a21170170404a37755b84e84173d6ec29d8e2cf7","isMergeCommit":false,"messageTitle":"Add HenryException","messageBody":"","fileTypesAndContributionMap":{"java":{"insertions":6,"deletions":0}}},{"hash":"32786189b02d61213b13d11968637db75af36cbc","isMergeCommit":false,"messageTitle":"Handle exception where input is not a task","messageBody":"","fileTypesAndContributionMap":{"java":{"insertions":15,"deletions":9}}},{"hash":"7f143ebe7d8cd4986e2aad4fc3d0a093b9c046f4","isMergeCommit":false,"messageTitle":"Handle exception when the task description is incomplete","messageBody":"","fileTypesAndContributionMap":{"java":{"insertions":9,"deletions":0}}},{"hash":"213f7ed73cc5b12484f9ba5ce8df20412ade866a","isMergeCommit":false,"messageTitle":"Add more specific explanation of error","messageBody":"","fileTypesAndContributionMap":{"java":{"insertions":15,"deletions":4}}},{"hash":"5aa7278c575479ac16e17c3ba718ea5baf70a296","isMergeCommit":false,"messageTitle":"Handle exception when user input is list but there is no task","messageBody":"","fileTypesAndContributionMap":{"java":{"insertions":9,"deletions":2}}},{"hash":"75bfd6d57248850edff63ebc360b259d2c7c7f58","isMergeCommit":false,"messageTitle":"Add isDone method in Task class","messageBody":"","fileTypesAndContributionMap":{"java":{"insertions":10,"deletions":1}}},{"hash":"2c2e79caae75e55c336c160114c84642d974c934","isMergeCommit":false,"messageTitle":"Handle exception when task which is marked is asked to be mark again, likewise for unmark","messageBody":"","fileTypesAndContributionMap":{"java":{"insertions":12,"deletions":2}}},{"hash":"0cb40739f76c05f8c4b06fb66e6a597801e86d8b","isMergeCommit":false,"messageTitle":"Account for case sensitive cases","messageBody":"","fileTypesAndContributionMap":{"java":{"insertions":5,"deletions":5}}},{"hash":"9f72517c2329974ce88b5b06557abd1dd161db26","isMergeCommit":false,"messageTitle":"Handle exception for if number is within range","messageBody":"","fileTypesAndContributionMap":{"java":{"insertions":21,"deletions":18}}},{"hash":"6f38ffda055022cadd039bb3d834e41a27537a7d","isMergeCommit":false,"messageTitle":"Handle exception when a non integer is given to mark or unmark task","messageBody":"","tags":["Level-5"],"fileTypesAndContributionMap":{"java":{"insertions":4,"deletions":0}}},{"hash":"0d8b7b180116c2982b22beaf1e2a4e5b7d6a893b","isMergeCommit":false,"messageTitle":"Add comments to describe the exception","messageBody":"","fileTypesAndContributionMap":{"java":{"insertions":9,"deletions":0}}},{"hash":"3e5d292f9e0f85d3951b2ece3da0ea288d413a3f","isMergeCommit":false,"messageTitle":"Replace Task[] with ArrayList\u003cTask\u003e","messageBody":"","fileTypesAndContributionMap":{"java":{"insertions":16,"deletions":15}}},{"hash":"38b71057e4b3f05f6f927bc1c45f7e46dacf9913","isMergeCommit":false,"messageTitle":"Add support for deleting task","messageBody":"","tags":["Level-6"],"fileTypesAndContributionMap":{"java":{"insertions":56,"deletions":28}}},{"hash":"8e618799d164f88565ae6c02a81f7df1647d5272","isMergeCommit":false,"messageTitle":"Edit description for invalid number exception","messageBody":"","fileTypesAndContributionMap":{"java":{"insertions":19,"deletions":5}}}]},{"date":"2024-08-22","commitResults":[{"hash":"73c55122e1d31c8290ebc52ecc5f341ffcbfb84c","isMergeCommit":false,"messageTitle":"TextUiTesting","messageBody":"","tags":["A-TextUiTesting"],"fileTypesAndContributionMap":{"txt":{"insertions":5,"deletions":0}}}]},{"date":"2024-08-25","commitResults":[{"hash":"674466dab83d80a4a00047bebbfc8c57cb0c224b","isMergeCommit":false,"messageTitle":"Add comments in JavaDoc format","messageBody":"","fileTypesAndContributionMap":{"java":{"insertions":29,"deletions":1}}},{"hash":"d46f31b0448a448aa2d00e8debcddde48ad93e91","isMergeCommit":false,"messageTitle":"Add summary method in Todo, Deadline, Event and Task class","messageBody":"","fileTypesAndContributionMap":{"java":{"insertions":38,"deletions":0}}},{"hash":"2df10e2c01abb08c9f8f933ee1621ad2b522f177","isMergeCommit":false,"messageTitle":"Check if file exist in computer","messageBody":"","fileTypesAndContributionMap":{"java":{"insertions":12,"deletions":1}}},{"hash":"0e9747acbd46158359a0a8ff4360598b7317b344","isMergeCommit":false,"messageTitle":"Add writeToFile method in main","messageBody":"","fileTypesAndContributionMap":{"java":{"insertions":28,"deletions":6}}},{"hash":"6dacdaf633e18ff24e994c78b43bff4af64216e2","isMergeCommit":false,"messageTitle":"Overload constructors","messageBody":"","fileTypesAndContributionMap":{"java":{"insertions":21,"deletions":0}}},{"hash":"79bf929aa698ce0499ddb02225ff8d59713b6d8e","isMergeCommit":false,"messageTitle":"Load data from hard disk","messageBody":"","fileTypesAndContributionMap":{"java":{"insertions":27,"deletions":4}}},{"hash":"510f4fbdc9cc83883700fed15e14dc952f83cb52","isMergeCommit":true,"messageTitle":"Merge branch \u0027branch-Level-7\u0027","messageBody":"","tags":["Level-7"],"fileTypesAndContributionMap":{}}]},{"date":"2024-08-26","commitResults":[{"hash":"3a5721a84b7e4e122e2678ba1e3dd5d02c55c875","isMergeCommit":false,"messageTitle":"Add conversion of date and time","messageBody":"","fileTypesAndContributionMap":{"java":{"insertions":26,"deletions":3}}},{"hash":"2c168a326c6cdfbf7a0ac9614ddbcc057207400d","isMergeCommit":true,"messageTitle":"Merge branch \u0027branch-Level-8\u0027","messageBody":"","tags":["Level-8"],"fileTypesAndContributionMap":{}},{"hash":"48ce9ab9da2c27a09bbf846c59558e1759c8b9d4","isMergeCommit":false,"messageTitle":"Fix comment in main class","messageBody":"","fileTypesAndContributionMap":{"java":{"insertions":1,"deletions":1}}}]},{"date":"2024-08-27","commitResults":[{"hash":"6fd0930e2dd2f77658ba597c983c2e1f544e7fcd","isMergeCommit":false,"messageTitle":"Fix comment in Deadline class","messageBody":"","fileTypesAndContributionMap":{"java":{"insertions":3,"deletions":2}}},{"hash":"bb4d297e4763cdcddedaa430a4636e8be986f0e2","isMergeCommit":false,"messageTitle":"Fix comments in Event and Todo class","messageBody":"","fileTypesAndContributionMap":{"java":{"insertions":2,"deletions":0}}},{"hash":"26769891b1b0ef5ac0b897e7f1e3cbce7ad7fb8d","isMergeCommit":false,"messageTitle":"Add Storage, TaskList, Ui classes","messageBody":"","fileTypesAndContributionMap":{"java":{"insertions":141,"deletions":0}}},{"hash":"524ddc4feb9c87f18f0cd7a4f20bdb979f45b5d0","isMergeCommit":false,"messageTitle":"Add Command classes","messageBody":"","fileTypesAndContributionMap":{"java":{"insertions":314,"deletions":0}}},{"hash":"c27d36707b304466c1ecf964bf567e668bb69a48","isMergeCommit":false,"messageTitle":"Add Parser Class","messageBody":"","fileTypesAndContributionMap":{"java":{"insertions":30,"deletions":0}}},{"hash":"e8c9a4d6ae6b63d54a850e8e2966d8d5f67b8191","isMergeCommit":false,"messageTitle":"Implement new classes into main class","messageBody":"","fileTypesAndContributionMap":{"java":{"insertions":24,"deletions":289}}},{"hash":"c38c9a47bd2323e40dbcca62062f76664a097cd3","isMergeCommit":true,"messageTitle":"Merge branch \u0027branch-MoreOOP\u0027","messageBody":"","tags":["A-MoreOOP"],"fileTypesAndContributionMap":{}},{"hash":"a5a40b01adfa582e8734905fa3e490200b31039b","isMergeCommit":false,"messageTitle":"Add henry package","messageBody":"","fileTypesAndContributionMap":{"java":{"insertions":248,"deletions":0}}},{"hash":"dcc79358ab4fb8e11b6f62a8501944488e7e04dc","isMergeCommit":false,"messageTitle":"Add henry.command package","messageBody":"","fileTypesAndContributionMap":{"java":{"insertions":360,"deletions":0}}},{"hash":"09c87cfdefa370bca7a27d9cf9d84f7ff6e2169b","isMergeCommit":false,"messageTitle":"Add henry.task package","messageBody":"","fileTypesAndContributionMap":{"java":{"insertions":187,"deletions":0}}},{"hash":"404fd3e3a097f084238e7355a6d5abbdb893b272","isMergeCommit":true,"messageTitle":"Merge branch \u0027branch-Packages\u0027","messageBody":"","tags":["A-Packages"],"fileTypesAndContributionMap":{}},{"hash":"693f30b1e4357e61308690d6c08a7e3ad2bd0550","isMergeCommit":true,"messageTitle":"Merge branch \u0027add-gradle-support\u0027","messageBody":"","fileTypesAndContributionMap":{}},{"hash":"616275e1d5abc6f95041859c5a549a2c87218e42","isMergeCommit":false,"messageTitle":"Fix bug in Ui class","messageBody":"","fileTypesAndContributionMap":{"java":{"insertions":1,"deletions":2}}},{"hash":"a2300fa9addad6d2af13fff1ed478bfc0d3346ab","isMergeCommit":false,"messageTitle":"Fix bugs in classes","messageBody":"","fileTypesAndContributionMap":{"java":{"insertions":21,"deletions":24}}},{"hash":"e41d4d6eef67876fdb11caf86b7fccf92c8893eb","isMergeCommit":false,"messageTitle":"Update text-ui-test","messageBody":"","fileTypesAndContributionMap":{"txt":{"insertions":1,"deletions":1},"bat":{"insertions":2,"deletions":2}}}]},{"date":"2024-08-28","commitResults":[{"hash":"aeb9fa488bb69a764cc191927088cbe5588fbc98","isMergeCommit":false,"messageTitle":"Add util package","messageBody":"","fileTypesAndContributionMap":{"java":{"insertions":213,"deletions":18}}},{"hash":"8c14807dd6ca6312643755bf27fc8f1dcefe581f","isMergeCommit":false,"messageTitle":"Remove save method in execute method","messageBody":"","fileTypesAndContributionMap":{"java":{"insertions":8,"deletions":23}}},{"hash":"a5cd8c77dbb87168571ec41820534c86fd605052","isMergeCommit":false,"messageTitle":"Build gradle","messageBody":"","fileTypesAndContributionMap":{"gradle":{"insertions":7,"deletions":2}}},{"hash":"6146b0857b036b38e3d2ba1469cf05ab21a7aed6","isMergeCommit":true,"messageTitle":"Merge branch \u0027branch-Gradle\u0027","messageBody":"","tags":["A-Gradle"],"fileTypesAndContributionMap":{}},{"hash":"86524938b3f59663582bc616bfc3987929167072","isMergeCommit":false,"messageTitle":"Add JUnit tests","messageBody":"","fileTypesAndContributionMap":{"java":{"insertions":177,"deletions":0}}},{"hash":"08ec9b2f60e77d4561db5ab64a2628c7879dc845","isMergeCommit":true,"messageTitle":"Merge branch \u0027Branch-A-JUnit\u0027","messageBody":"","tags":["A-JUnit"],"fileTypesAndContributionMap":{}},{"hash":"e1575bf0b6cdbd1bd1b98bd64549db5b566810e9","isMergeCommit":false,"messageTitle":"Edit build.gradle","messageBody":"","tags":["A-Jar"],"fileTypesAndContributionMap":{"gradle":{"insertions":1,"deletions":0}}},{"hash":"576a8558644cce047a8d550f82fd5284e38dfb2e","isMergeCommit":false,"messageTitle":"Adhere to coding standard","messageBody":"","fileTypesAndContributionMap":{"java":{"insertions":106,"deletions":64}}},{"hash":"1f7868845f16920501cc467d7dbbfcce70b60cdc","isMergeCommit":true,"messageTitle":"Merge branch \u0027branch-A-CodingStandard\u0027","messageBody":"","fileTypesAndContributionMap":{}},{"hash":"2c9a11ec5d869fd66909230019c63001874fa0e3","isMergeCommit":false,"messageTitle":"Add javadoc comments","messageBody":"","fileTypesAndContributionMap":{"java":{"insertions":3,"deletions":0}}},{"hash":"48a2c597148c9ecba069274f5b0325042acfd4de","isMergeCommit":false,"messageTitle":"Merge branch \u0027branch-A-JavaDoc\u0027","messageBody":"# Conflicts:\n#\tsrc/main/java/henry/command/AddCommand.java\n","fileTypesAndContributionMap":{"java":{"insertions":7,"deletions":4}}},{"hash":"a37c2dd926eea8ede5cd294711acbf56786d9a28","isMergeCommit":false,"messageTitle":"Edit imports in AddCommand","messageBody":"","fileTypesAndContributionMap":{"java":{"insertions":4,"deletions":4}}},{"hash":"5850ae470b4c638fad785fd384e48d3435fc748a","isMergeCommit":true,"messageTitle":"Merge branch \u0027branch-A-CodingStandard\u0027","messageBody":"# Conflicts:\n#\tsrc/main/java/henry/command/AddCommand.java\n","tags":["A-CodingStandard"],"fileTypesAndContributionMap":{}},{"hash":"6a624e69b1d12805942420173f186bcc507d34e7","isMergeCommit":true,"messageTitle":"Merge branch \u0027branch-A-JavaDoc\u0027","messageBody":"# Conflicts:\n#\tsrc/main/java/henry/command/AddCommand.java\n","tags":["A-JavaDoc"],"fileTypesAndContributionMap":{}},{"hash":"0328aa50974e546a5838702b46d3ec208d8a589b","isMergeCommit":false,"messageTitle":"Edit input to test more cases","messageBody":"","fileTypesAndContributionMap":{"txt":{"insertions":5,"deletions":0}}},{"hash":"a44b9ba40d7a2b15de636a257ccab7335ecb8027","isMergeCommit":false,"messageTitle":"Add find command in Parser class","messageBody":"","fileTypesAndContributionMap":{"java":{"insertions":4,"deletions":0}}},{"hash":"ac78862f16e45f19530b0239d64973e5ebf742d5","isMergeCommit":false,"messageTitle":"Add FindCommand class","messageBody":"","fileTypesAndContributionMap":{"java":{"insertions":38,"deletions":0}}},{"hash":"a231e832fcccff36f9b4bd3bab7890757719aa55","isMergeCommit":true,"messageTitle":"Merge branch \u0027branch-Level-9\u0027","messageBody":"","tags":["Level-9"],"fileTypesAndContributionMap":{}},{"hash":"0d71edc385949ddb3ae5b2f0f04a8587c90a92c0","isMergeCommit":false,"messageTitle":"Improve coding standard in FindCommand","messageBody":"","fileTypesAndContributionMap":{"java":{"insertions":2,"deletions":2}}}]},{"date":"2024-09-03","commitResults":[{"hash":"31893f0ca92772d0e086f231ffe89936d34345d7","isMergeCommit":false,"messageTitle":"Improve coding style","messageBody":"","fileTypesAndContributionMap":{"java":{"insertions":1,"deletions":1}}},{"hash":"2b0d024b8df799e6e5dde36b28c618f1581c8dfe","isMergeCommit":true,"messageTitle":"Merge branch \u0027branch-A-CheckStyle\u0027","messageBody":"","tags":["A-CheckStyle"],"fileTypesAndContributionMap":{}},{"hash":"515462e9dca25578d0c8bc511be043e3685cdd92","isMergeCommit":false,"messageTitle":"add javafx","messageBody":"","fileTypesAndContributionMap":{"fxml":{"insertions":66,"deletions":0},"java":{"insertions":162,"deletions":0}}},{"hash":"1fa65a1d2166bd9d6987e0dc1b776f81643677fd","isMergeCommit":false,"messageTitle":"Add GUI to chatbot","messageBody":"","fileTypesAndContributionMap":{"gradle":{"insertions":15,"deletions":0},"java":{"insertions":57,"deletions":65}}},{"hash":"54f732061688c84f300ac1a8fcba407ebcd6825d","isMergeCommit":true,"messageTitle":"Merge branch \u0027branch-Level-10\u0027","messageBody":"","tags":["Level-10"],"fileTypesAndContributionMap":{}}]},{"date":"2024-09-08","commitResults":[{"hash":"b29f2dfb4c174ea292e4af656ed6d353bebdd71d","isMergeCommit":false,"messageTitle":"Add assertions to ChangeStatusCommand for improved error handling","messageBody":"Introduced assertions to ensure that the command is either \"mark\" or\n\"unmark\" before performing any status change on tasks. This ensures that\nonly valid commands are executed, preventing potential errors caused by\nunexpected or invalid inputs.\n","tags":["A-FullCommitMessage"],"fileTypesAndContributionMap":{"java":{"insertions":1,"deletions":0}}},{"hash":"c51a9ccc3fe876655c255e0bc236c8e77291eb80","isMergeCommit":true,"messageTitle":"Merge pull request #1 from Tanziyanghenry/branch-A-Assertions","messageBody":"Add assertions to ChangeStatusCommand for improved error handling","tags":["A-Assertions"],"fileTypesAndContributionMap":{}},{"hash":"0db4211adb76cafeeffd4ff42b91c60420669575","isMergeCommit":true,"messageTitle":"Merge pull request #2 from Tanziyanghenry/master","messageBody":"Merge master to branch-A-CodeQuality","fileTypesAndContributionMap":{}},{"hash":"97cb37a7f544d778a1f6e024bef84970f3c6e6bd","isMergeCommit":false,"messageTitle":"Restructure execute method by logically splitting responsibilities","messageBody":"The code was reorganized by separating the logic for determining the\nnumber of tasks, identifying the task type, and extracting the activity\ndetails. This restructuring improves code readability by logically\nseparating different parts of the method to make each section easier to\nunderstand and modify.\n","fileTypesAndContributionMap":{"java":{"insertions":4,"deletions":1}}},{"hash":"23b6dbdb8468e0eced27da9e90e91db6bff75e11","isMergeCommit":false,"messageTitle":"Avoid deep nesting by removing unnecessary else statements.","messageBody":"Deep nesting can make the code harder to read and understand. By\neliminating unnecessary else blocks after return statements, the code\nbecomes cleaner and more straightforward.\n","fileTypesAndContributionMap":{"java":{"insertions":11,"deletions":11}}},{"hash":"5d8bd5c0912fece7b561212cfe02a36c654fcec1","isMergeCommit":false,"messageTitle":"Maintains single level of abstraction by extracting getTask method","messageBody":"This change maintains a single level of abstraction within the execute\nmethod, making the code more readable and organized.\n","fileTypesAndContributionMap":{"java":{"insertions":25,"deletions":13}}},{"hash":"2b956b55d2fbb417cf69e13bba907a258899f5ab","isMergeCommit":false,"messageTitle":"Maintains single level of abstraction by extracting getNumber method","messageBody":"This change maintains a single level of abstraction within the execute\nmethod, making the code more readable and organized.\n","fileTypesAndContributionMap":{"java":{"insertions":23,"deletions":12}}},{"hash":"f999832410c132be2c0a8987c4cbeb4048ef8afd","isMergeCommit":true,"messageTitle":"Merge pull request #3 from Tanziyanghenry/branch-A-CodeQuality","messageBody":"Improve code quality","tags":["A-CodeQuality"],"fileTypesAndContributionMap":{}},{"hash":"7403733b2dab39789cf3a1a4c0beff2fcda79602","isMergeCommit":false,"messageTitle":"Edit javadoc comments","messageBody":"","fileTypesAndContributionMap":{"java":{"insertions":5,"deletions":5}}},{"hash":"49f6a3185a43cd968493866d5048c62cc76629e4","isMergeCommit":false,"messageTitle":"Add javadoc comments","messageBody":"","fileTypesAndContributionMap":{"java":{"insertions":22,"deletions":1}}},{"hash":"9071fddf4c1f68546719561367133e0badeb1cc5","isMergeCommit":false,"messageTitle":"Use assertion in Storage class","messageBody":"","fileTypesAndContributionMap":{"java":{"insertions":1,"deletions":0}}}]},{"date":"2024-09-11","commitResults":[{"hash":"d198e81eacba7ad522aa700af74b908c775b8cb5","isMergeCommit":false,"messageTitle":"add mass delete option","messageBody":"","fileTypesAndContributionMap":{"java":{"insertions":13,"deletions":3}}},{"hash":"f203c846d8acf1b3a6b52040ee30b30cf57df96b","isMergeCommit":true,"messageTitle":"Merge branch \u0027branch-C-MassOps\u0027","messageBody":"","tags":["BCD-Extension"],"fileTypesAndContributionMap":{}}]},{"date":"2024-09-12","commitResults":[{"hash":"827fe2b4a71780ffbad330e9632e34462832cbea","isMergeCommit":false,"messageTitle":"Enable Assertions","messageBody":"","fileTypesAndContributionMap":{"gradle":{"insertions":1,"deletions":0}}}]}]},"authorFileTypeContributionMap":{"Tanziyanghenry":{"java":2160,"md":0,"fxml":66,"sh":0,"bat":2,"gradle":24,"txt":10}},"authorContributionVariance":{"Tanziyanghenry":110288.195},"authorDisplayNameMap":{"Tanziyanghenry":"CS2103-F12-4 TAN ..ENRY"}}
