{"authorDailyContributionsMap":{"tyxiangs":[{"date":"2024-08-26","commitResults":[{"hash":"6babd725d819bff13e16a7f4cf2874526b8c5a7c","isMergeCommit":false,"messageTitle":"Level 0 - Rename Chatbot","messageBody":"","fileTypesAndContributionMap":{"java":{"insertions":19,"deletions":10}}},{"hash":"d59215d9b5f42ed2d2c97188b537ac6ec03f98cf","isMergeCommit":false,"messageTitle":"Level 0 - Greet","messageBody":"","fileTypesAndContributionMap":{"java":{"insertions":5,"deletions":8}}},{"hash":"310b38f0b0f2c28ff7d9e677be4b4a3d56420dc4","isMergeCommit":false,"messageTitle":"Level 0 - Chatbot greeting statement","messageBody":"","fileTypesAndContributionMap":{"java":{"insertions":3,"deletions":2}}},{"hash":"c5525b0454261d73dca1a47eda1d19d1507d8a29","isMergeCommit":false,"messageTitle":"Level 0 - Chatbot exit statement","messageBody":"","tags":["Level-0"],"fileTypesAndContributionMap":{"java":{"insertions":3,"deletions":1}}},{"hash":"8fc2430ca7cc9fdd4002dea677d3d52d876ba50a","isMergeCommit":false,"messageTitle":"Level1 - Echo","messageBody":"","fileTypesAndContributionMap":{"java":{"insertions":16,"deletions":0}}},{"hash":"d2a52b07e638c53d83d1b5dcb92ee8019672ce45","isMergeCommit":false,"messageTitle":"Level 1 Echo","messageBody":"","tags":["Level-1"],"fileTypesAndContributionMap":{"java":{"insertions":7,"deletions":4}}},{"hash":"97015f5eeaecdf7b10880c3473cf5cd70f08047c","isMergeCommit":false,"messageTitle":"Level 2. Add, List","messageBody":"","tags":["Level-2"],"fileTypesAndContributionMap":{"java":{"insertions":27,"deletions":13}}},{"hash":"d745fc4dcc7e843931237a57059684cd70f59e23","isMergeCommit":false,"messageTitle":"Level 3 List Modification","messageBody":"","fileTypesAndContributionMap":{"java":{"insertions":13,"deletions":4}}},{"hash":"e0086858e4a9a45a5d4db1cc14d464c17c7c9ffd","isMergeCommit":false,"messageTitle":"Level 3 - Marking system completed","messageBody":"","tags":["Level-3"],"fileTypesAndContributionMap":{"java":{"insertions":51,"deletions":5}}},{"hash":"7d3965c1e8e3987116600a324819868c4d91c145","isMergeCommit":false,"messageTitle":"Level 4 - Completed implementing deadline, toDo and events class","messageBody":"","tags":["Level-4"],"fileTypesAndContributionMap":{"java":{"insertions":108,"deletions":9}}}]},{"date":"2024-08-28","commitResults":[{"hash":"8b31acae5c1fef33257a829f41952530b39e8ae1","isMergeCommit":false,"messageTitle":"Level 5 - Exception created and implement try and catch statement to catch potential error","messageBody":"","tags":["Level-5"],"fileTypesAndContributionMap":{"txt":{"insertions":6,"deletions":0},"java":{"insertions":158,"deletions":95},"bat":{"insertions":1,"deletions":1},"sh":{"insertions":16,"deletions":19}}},{"hash":"cd0ef1b1fb86625ee16de49e6c63f3d67cda3518","isMergeCommit":false,"messageTitle":"Level 6 - Modify my code and use array list instead of array","messageBody":"","fileTypesAndContributionMap":{"java":{"insertions":36,"deletions":14}}},{"hash":"89f157478484d5529125b4035f34ac993f8ea8f8","isMergeCommit":false,"messageTitle":"Level 6 - Delete case done implemented","messageBody":"","tags":["Level-6"],"fileTypesAndContributionMap":{"java":{"insertions":7,"deletions":11}}},{"hash":"7bb8c6466a1dd81ef95fdcfcb018a735d5e851ae","isMergeCommit":false,"messageTitle":"TextUiTesting","messageBody":"","tags":["A-TextUiTesting"],"fileTypesAndContributionMap":{"sh":{"insertions":0,"deletions":1}}},{"hash":"5e39a71e1921a1e9f2ab862f87053138254af08c","isMergeCommit":false,"messageTitle":"Enum implementation done","messageBody":"","tags":["A-Enums"],"fileTypesAndContributionMap":{"java":{"insertions":19,"deletions":10}}}]},{"date":"2024-08-31","commitResults":[{"hash":"1b31f383c10442edab3580fb6ab08db3793fdd94","isMergeCommit":false,"messageTitle":"Level 7 - implement file function in task file","messageBody":"","fileTypesAndContributionMap":{"java":{"insertions":42,"deletions":2}}}]},{"date":"2024-09-01","commitResults":[{"hash":"688178c12263fa1c153f27e838a927b914f98e53","isMergeCommit":false,"messageTitle":"Level 7 - Implement save file func to update the file whenever there are changes","messageBody":"","fileTypesAndContributionMap":{"java":{"insertions":80,"deletions":11}}},{"hash":"0399cf814162e9ac3a6b1ece054bc9c2076eb2e0","isMergeCommit":true,"messageTitle":"Merge branch \u0027branch-Level-7\u0027","messageBody":"","fileTypesAndContributionMap":{}},{"hash":"7f683a5b4686bd8df80ba900320b6b4e79044b6a","isMergeCommit":false,"messageTitle":"Level 8 - Implement date and time feature","messageBody":"","fileTypesAndContributionMap":{"txt":{"insertions":0,"deletions":1},"java":{"insertions":93,"deletions":14}}},{"hash":"cf5867b770d6a4215e9b5ee5b5ab8d63f01bb71c","isMergeCommit":false,"messageTitle":"Level 7 - String statement modification","messageBody":"","tags":["Level-7"],"fileTypesAndContributionMap":{"java":{"insertions":1,"deletions":1}}},{"hash":"8dca9148b3c9414b76725249a2998fcc85e04b09","isMergeCommit":true,"messageTitle":"Merge branch \u0027branch-Level-8\u0027","messageBody":"","tags":["Level-8"],"fileTypesAndContributionMap":{}}]},{"date":"2024-09-02","commitResults":[{"hash":"4f9ec31da0d74ebe8942cfc4708bd30d65db2aef","isMergeCommit":false,"messageTitle":"A-MoreOOP - create classes like commands and modify the classess","messageBody":"","fileTypesAndContributionMap":{"java":{"insertions":424,"deletions":337}}},{"hash":"f35d39556d2134f533571a65100b8e1e2815039e","isMergeCommit":true,"messageTitle":"Merge branch \u0027branch-A-MoreOOP\u0027","messageBody":"","tags":["A-MoreOOP"],"fileTypesAndContributionMap":{}},{"hash":"61781e55647a6b1888288b2940a870f0fa24c837","isMergeCommit":false,"messageTitle":"A-Packages-place classes into respective package and do necessary import","messageBody":"","tags":["A-Packages"],"fileTypesAndContributionMap":{"java":{"insertions":98,"deletions":14}}},{"hash":"f192df0baf04d9d580b2a9bf1c1fba9ef17e3776","isMergeCommit":true,"messageTitle":"Merge branch \u0027add-gradle-support\u0027","messageBody":"","fileTypesAndContributionMap":{}},{"hash":"61dde1118e77162dd703d913ea6c55ab2dd432b4","isMergeCommit":false,"messageTitle":"A-Packages-Dave class modification","messageBody":"","fileTypesAndContributionMap":{"java":{"insertions":2,"deletions":0}}},{"hash":"db18a395827d43c4c9f1d832b9f2807ed122f876","isMergeCommit":false,"messageTitle":"A-Gradle -  set up gradle","messageBody":"","tags":["A-Gradle"],"fileTypesAndContributionMap":{"gradle":{"insertions":1,"deletions":1}}},{"hash":"ed6b38cbf9595357d3245e8a82ac7e493c7ce1ba","isMergeCommit":false,"messageTitle":"A-JUnit - add JUnit Test for todo, deadline and event","messageBody":"","fileTypesAndContributionMap":{"java":{"insertions":134,"deletions":0}}}]},{"date":"2024-09-03","commitResults":[{"hash":"fe194a92a7709a033be2aba27fde0e17d90a4e97","isMergeCommit":false,"messageTitle":"A-JUnit - test file modification","messageBody":"","tags":["A-JUnit"],"fileTypesAndContributionMap":{"java":{"insertions":30,"deletions":8}}},{"hash":"9859255d8bf9c3dddd764a2ab5fd483ce7035565","isMergeCommit":false,"messageTitle":"Level-8 - Add loadFile feature","messageBody":"","fileTypesAndContributionMap":{"java":{"insertions":91,"deletions":20}}},{"hash":"69a411a1472111bdb91e64dad4c7814184148ce6","isMergeCommit":false,"messageTitle":"A-jar - Create jar file","messageBody":"","tags":["A-Jar"],"fileTypesAndContributionMap":{"gradle":{"insertions":2,"deletions":1}}}]},{"date":"2024-09-04","commitResults":[{"hash":"fe7ae487964daef8f6c2fa7eec9ad12e8bb1d045","isMergeCommit":false,"messageTitle":"Add JavaDoc comments to method","messageBody":"","fileTypesAndContributionMap":{"java":{"insertions":365,"deletions":35}}},{"hash":"a39effd8cbf16eb617bd5a17183593673a846ad9","isMergeCommit":false,"messageTitle":"Add JavaDoc comments to main class","messageBody":"","fileTypesAndContributionMap":{"java":{"insertions":19,"deletions":2}}},{"hash":"526e8f874dadb0ffc75094cb6dede27e9158cc17","isMergeCommit":true,"messageTitle":"Merge branch \u0027branch-A-JavaDoc\u0027","messageBody":"","tags":["A-JavaDoc"],"fileTypesAndContributionMap":{}},{"hash":"a522fde48710dd00311268d06545ee2c7dcc2aea","isMergeCommit":false,"messageTitle":"Apply coding standard to written code","messageBody":"","fileTypesAndContributionMap":{"java":{"insertions":70,"deletions":53}}},{"hash":"42d092dbb72e25da3daee560c6a11f6368155cb9","isMergeCommit":true,"messageTitle":"Merge branch \u0027A-CodingStandard\u0027","messageBody":"","tags":["A-CodingStandard"],"fileTypesAndContributionMap":{}},{"hash":"6b9fd683abb5d98e8a093ea627e5070da42e5441","isMergeCommit":false,"messageTitle":"Implement find feature","messageBody":"Create new command : create find command and implement execute func that find tasks by keywords\nModify parser : modify parser so it can identify new find command\nModify taskList : modify taskList so it can find matching tasks from stored tasks\n","fileTypesAndContributionMap":{"java":{"insertions":39,"deletions":1}}}]},{"date":"2024-09-05","commitResults":[{"hash":"ff61d2de2bf9b6837e30e1eae60bf247e3a829d4","isMergeCommit":true,"messageTitle":"Merge branch \u0027branch-Level-9\u0027","messageBody":"","tags":["Level-9"],"fileTypesAndContributionMap":{}}]},{"date":"2024-09-07","commitResults":[{"hash":"73a4d45e7374eba46ae360cbaaf6106da950d53f","isMergeCommit":false,"messageTitle":"CheckStyle","messageBody":"Install checkstyle plugin and scan all the code\nMake necessart\u003dy change to code so it comply with coding style\n","fileTypesAndContributionMap":{"gradle":{"insertions":5,"deletions":0},"java":{"insertions":207,"deletions":52}}},{"hash":"ea2c4d9c3100b002bf864a9a919acb1d48cdec64","isMergeCommit":true,"messageTitle":"Merge branch \u0027branch-A-CheckStyle\u0027","messageBody":"","tags":["A-CheckStyle"],"fileTypesAndContributionMap":{}}]},{"date":"2024-09-08","commitResults":[{"hash":"25f790ebff0283e288ea3cb479da42932f2ce2c2","isMergeCommit":false,"messageTitle":"GUI Design","messageBody":"Do GUI design\nModify my existing code to integrate gui feature inside\n","fileTypesAndContributionMap":{"gradle":{"insertions":13,"deletions":0},"fxml":{"insertions":42,"deletions":0},"java":{"insertions":292,"deletions":131}}}]},{"date":"2024-09-11","commitResults":[{"hash":"71ffbe92176911a162fd42b6c9dbffe61c8a3bc8","isMergeCommit":false,"messageTitle":"code modification","messageBody":"edit the code so it comply with coding standard\n","fileTypesAndContributionMap":{"gradle":{"insertions":1,"deletions":1},"java":{"insertions":51,"deletions":17}}}]},{"date":"2024-09-12","commitResults":[{"hash":"8c17ce3868dff7475bf224189a5dcacc1d302ce3","isMergeCommit":true,"messageTitle":"Merge branch \u0027branch-Level-10\u0027","messageBody":"","tags":["Level-10"],"fileTypesAndContributionMap":{}},{"hash":"848f26eb84050521b6bf3c8c13f6cc98da8acc82","isMergeCommit":false,"messageTitle":"feat: Add assert feature and improve error handling","messageBody":"Added assertions to ensure TaskList, Storage, and Ui are not null before command execution to ensure component integrity. This enhances the reliability of the system by catching issues early in the code execution.\n\nRefactored individual command classes (MarkCommand, UnmarkCommand, DeleteCommand, AddCommand, etc.) to return appropriate messages rather than printing directly to the console. This standardizes user feedback across the system.\n\nImproved error handling by adding clearer messaging and ensuring proper responses are returned for invalid inputs. The code is now more resilient to edge cases, making the application more user-friendly.\n\nIntroduced assertComponents method in the Command class to centralize null checks, reducing code duplication. Additionally, added Javadoc comments for methods and classes to improve code documentation.\n","tags":["A-FullCommitMessage"],"fileTypesAndContributionMap":{"java":{"insertions":171,"deletions":50}}}]},{"date":"2024-09-13","commitResults":[{"hash":"132b6a0606e5774b208f0f4712c3e01eb3675c7e","isMergeCommit":false,"messageTitle":"Refactor Parser to adhere to SLAP and reduce method complexity","messageBody":"Split the parse method in the Parser class into smaller, more focused methods to follow the Single Level of Abstraction Principle (SLAP) and to avoid long methods.\n\nExtracted the splitCommand method to handle the parsing of the input command string, improving readability.\nMoved the task type determination logic into a dedicated getTaskType method to isolate its responsibility.\nCreated separate methods, handleNumberCommand, handleDeadline, and handleEvent, for task-specific command handling, reducing the complexity in the main parse method.\nImproved overall maintainability and readability by ensuring the parse method focuses only on high-level logic.\nThese changes simplify the codebase, making it easier to understand, maintain, and extend in the future.\n","fileTypesAndContributionMap":{"java":{"insertions":108,"deletions":41}}},{"hash":"53c645794b743f37c0f72a076ebe11bd109bddc5","isMergeCommit":false,"messageTitle":"Refactor Storage class and improve GUI documentation","messageBody":"Refactor Storage class methods to improve readability and follow SLAP principles.\nBreak down long methods into smaller, more manageable helper functions for file handling, task parsing, and error handling.\n\nMain changes:\n\nSplit the loadFile method into smaller methods to handle different aspects of loading (e.g., reading tasks, parsing task data).\nEnhanced separation of concerns by isolating file I/O and task-specific operations.\nImprove GUI code clarity by adding Javadoc comments for MainWindow class methods.\n","fileTypesAndContributionMap":{"java":{"insertions":116,"deletions":79}}},{"hash":"c56d80d285cbbb958c8af904b1651aaf41706ff8","isMergeCommit":false,"messageTitle":"Integrate Java Streams for task loading in Storage class","messageBody":"Refactored the Storage class to utilize Java Streams for improved efficiency and readability.\n\nReplaced the traditional loop with Java Streams in Storage.loadFile() to handle the loading of tasks.\nUsed Collectors.toCollection(ArrayList::new) to ensure tasks are stored in an ArrayList.\nThis change optimizes the handling of task collections and leverages the power of Java Streams for cleaner and more concise code.\n","fileTypesAndContributionMap":{"java":{"insertions":4,"deletions":8}}},{"hash":"8afc569dfcd01d96b537b05383885859834a6ee1","isMergeCommit":true,"messageTitle":"Merge pull request #1 from tyxiangs/branch-A-Assertions","messageBody":"feat: Add assert feature and improve error handling","fileTypesAndContributionMap":{}},{"hash":"dfcfde51c99f6d10b5d36560345c0b4a4ffd3526","isMergeCommit":true,"messageTitle":"Merge branch \u0027master\u0027 of https://github.com/tyxiangs/ip","messageBody":"","tags":["A-Assertions"],"fileTypesAndContributionMap":{}},{"hash":"55f5fd5cf7915b0378cc5d5588f10dcceca9e183","isMergeCommit":true,"messageTitle":"Merge branch \u0027master\u0027 into branch-A-CodeQuality","messageBody":"","fileTypesAndContributionMap":{}},{"hash":"e2e69abea359ba741b2a84ed7b46ef445ad4b4d8","isMergeCommit":true,"messageTitle":"Merge pull request #2 from tyxiangs/branch-A-CodeQuality","messageBody":"Branch a code quality","fileTypesAndContributionMap":{}},{"hash":"33ec960780b4caa8704b37cacb28c3e9c1567709","isMergeCommit":true,"messageTitle":"Merge branch \u0027master\u0027 into branch-A-Streams","messageBody":"","fileTypesAndContributionMap":{}},{"hash":"52d603d44db50d9935cb14f9d1047c6b9113c95a","isMergeCommit":true,"messageTitle":"Merge pull request #3 from tyxiangs/branch-A-Streams","messageBody":"Integrate Java Streams for task loading in Storage class","fileTypesAndContributionMap":{}}]},{"date":"2024-09-14","commitResults":[{"hash":"2af34342c5d5c52a0bce9ee0af7f1cfb381c96d3","isMergeCommit":true,"messageTitle":"Merge branch \u0027master\u0027 of https://github.com/tyxiangs/ip","messageBody":"","fileTypesAndContributionMap":{}},{"hash":"d54476aa355e37d6b595e30cf1bfaf6ddaf8bc0f","isMergeCommit":false,"messageTitle":"Implement reminder feature as a command","messageBody":"- Added a `ReminderCommand` that allows users to type `reminder` to check all undone tasks and undone overdue tasks\n- Added support for the `reminder overdue` command to check all undone tasks that are overdue.\n- Both commands retrieve tasks from the task list and display them in a user-friendly format.\n- Included a check to inform users when no undone or overdue tasks are found.\n","fileTypesAndContributionMap":{"java":{"insertions":158,"deletions":69}}},{"hash":"4ae1295757cc35308e964a2c71e5d8eb4ce7b939","isMergeCommit":true,"messageTitle":"Merge branch \u0027branch-BCD-Extension\u0027","messageBody":"","tags":["BCD-Extension"],"fileTypesAndContributionMap":{}}]},{"date":"2024-09-16","commitResults":[{"hash":"100684946b3cb11e26e0676eea6b6683c2de6567","isMergeCommit":false,"messageTitle":"Fix UI layout to properly display all dialog boxes with scrolling","messageBody":"- Removed fixed height constraint (`prefHeight`) from `VBox` (`dialogContainer`) to allow dynamic resizing as more messages are added.\n- Enabled vertical scrollbar in `ScrollPane` by setting `vbarPolicy\u003d\"ALWAYS\"` to handle content overflow when dialog boxes exceed the visible area.\n- Ensured `VBox` dynamically grows with its content inside the `ScrollPane` to prevent dialog boxes from being compressed or truncated.\n- Adjusted `ScrollPane` and layout properties to support proper scrolling behavior for long messages.\n","fileTypesAndContributionMap":{"fxml":{"insertions":12,"deletions":4}}},{"hash":"b166fb52c9a484400b051acc67b41b83a4c0652d","isMergeCommit":true,"messageTitle":"Merge branch \u0027branch-A-BetterGui\u0027","messageBody":"","tags":["A-BetterGui"],"fileTypesAndContributionMap":{}},{"hash":"446d1ca073f314946f7bbab067954fdef9aed9af","isMergeCommit":false,"messageTitle":"Refactor code for Storage, MainWindow, Dave, and Launcher classes: - Added Javadoc comments for improved documentation - Added assertions to ensure proper initialization and valid input - Enhanced error handling with clearer messages - Improved method decomposition for better adherence to SLAP - Removed unused imports and ensured code cleanliness","messageBody":"","fileTypesAndContributionMap":{"java":{"insertions":162,"deletions":73}}},{"hash":"8673cfc3d2cdd9a72b11e27cc521e5ae43679c50","isMergeCommit":true,"messageTitle":"Merge branch \u0027branch-AiAssisted\u0027","messageBody":"","tags":["A-AiAssisted"],"fileTypesAndContributionMap":{}},{"hash":"33e14ce2cad46db760c8cd63295e8cc667344d6e","isMergeCommit":false,"messageTitle":"Bug fixing","messageBody":"","fileTypesAndContributionMap":{"java":{"insertions":36,"deletions":39}}}]},{"date":"2024-09-20","commitResults":[{"hash":"1e4127b60afccd392e3d209d173df5ad9fb5b505","isMergeCommit":false,"messageTitle":"docs: Add user guide and reminder feature documentation","messageBody":"The user guide currently does not exist, and users may find it hard to\nunderstand Dave\u0027s commands and features.\n\nA user guide is necessary to help users understand Dave\u0027s various\nfeatures, such as adding tasks, setting reminders, and managing the\ntask list. The reminder feature also needed to be documented to help\nusers track undone and overdue tasks effectively.\n\nThis commit includes the following changes:\n* Add a user guide to README.md with examples for adding tasks,\n  setting deadlines, todos, events, and marking/unmarking tasks.\n* Document the reminder feature with examples for `reminder all` and\n  `reminder overdue`.\n* Upload `Ui.png` to the docs folder and link it in README.md to\n  provide a visual representation of the user interface.\n\nThe changes ensure users have clear, accessible information on how to\nuse the chatbot, and a UI screenshot for easy reference.\n","fileTypesAndContributionMap":{"md":{"insertions":189,"deletions":13}}},{"hash":"702a075fcb0468c77ddda73e6b7b94e0444d9de4","isMergeCommit":true,"messageTitle":"Merge branch \u0027branch-A-UserGuide\u0027","messageBody":"","tags":["A-UserGuide"],"fileTypesAndContributionMap":{}},{"hash":"79001993b08a95ca52dac32f1f35b77649b93710","isMergeCommit":false,"messageTitle":"fix: Correct index handling in DeleteCommand to fix off-by-one bug","messageBody":"The task list currently starts indexing tasks from 1, while the internal\ndata structure uses zero-based indexing. This caused an off-by-one error\nwhen deleting tasks.\n\nThis commit adjusts the `DeleteCommand` constructor to subtract 1 from\nthe provided index, ensuring the correct task is deleted. Assertions\nare also added to validate that the task list, storage, and UI objects\nare not null and that the index is valid.\n\nThe changes fix the bug, ensuring the correct task is deleted from the\nlist based on the user\u0027s input.\n","fileTypesAndContributionMap":{"java":{"insertions":1,"deletions":1}}}]}]},"authorFileTypeContributionMap":{"tyxiangs":{"java":2010,"md":184,"fxml":50,"sh":14,"bat":1,"gradle":21,"txt":5}},"authorContributionVariance":{"tyxiangs":47391.234},"authorDisplayNameMap":{"tyxiangs":"CS2103T-T08-3 THAM..IANG"}}
