{"authorDailyContributionsMap":{"tyxiangs":[{"date":"2024-08-26","commitResults":[{"hash":"6babd725d819bff13e16a7f4cf2874526b8c5a7c","isMergeCommit":false,"messageTitle":"Level 0 - Rename Chatbot","messageBody":"","fileTypesAndContributionMap":{"java":{"insertions":19,"deletions":10}}},{"hash":"d59215d9b5f42ed2d2c97188b537ac6ec03f98cf","isMergeCommit":false,"messageTitle":"Level 0 - Greet","messageBody":"","fileTypesAndContributionMap":{"java":{"insertions":5,"deletions":8}}},{"hash":"310b38f0b0f2c28ff7d9e677be4b4a3d56420dc4","isMergeCommit":false,"messageTitle":"Level 0 - Chatbot greeting statement","messageBody":"","fileTypesAndContributionMap":{"java":{"insertions":3,"deletions":2}}},{"hash":"c5525b0454261d73dca1a47eda1d19d1507d8a29","isMergeCommit":false,"messageTitle":"Level 0 - Chatbot exit statement","messageBody":"","tags":["Level-0"],"fileTypesAndContributionMap":{"java":{"insertions":3,"deletions":1}}},{"hash":"8fc2430ca7cc9fdd4002dea677d3d52d876ba50a","isMergeCommit":false,"messageTitle":"Level1 - Echo","messageBody":"","fileTypesAndContributionMap":{"java":{"insertions":16,"deletions":0}}},{"hash":"d2a52b07e638c53d83d1b5dcb92ee8019672ce45","isMergeCommit":false,"messageTitle":"Level 1 Echo","messageBody":"","tags":["Level-1"],"fileTypesAndContributionMap":{"java":{"insertions":7,"deletions":4}}},{"hash":"97015f5eeaecdf7b10880c3473cf5cd70f08047c","isMergeCommit":false,"messageTitle":"Level 2. Add, List","messageBody":"","tags":["Level-2"],"fileTypesAndContributionMap":{"java":{"insertions":27,"deletions":13}}},{"hash":"d745fc4dcc7e843931237a57059684cd70f59e23","isMergeCommit":false,"messageTitle":"Level 3 List Modification","messageBody":"","fileTypesAndContributionMap":{"java":{"insertions":13,"deletions":4}}},{"hash":"e0086858e4a9a45a5d4db1cc14d464c17c7c9ffd","isMergeCommit":false,"messageTitle":"Level 3 - Marking system completed","messageBody":"","tags":["Level-3"],"fileTypesAndContributionMap":{"java":{"insertions":51,"deletions":5}}},{"hash":"7d3965c1e8e3987116600a324819868c4d91c145","isMergeCommit":false,"messageTitle":"Level 4 - Completed implementing deadline, toDo and events class","messageBody":"","tags":["Level-4"],"fileTypesAndContributionMap":{"java":{"insertions":108,"deletions":9}}}]},{"date":"2024-08-28","commitResults":[{"hash":"8b31acae5c1fef33257a829f41952530b39e8ae1","isMergeCommit":false,"messageTitle":"Level 5 - Exception created and implement try and catch statement to catch potential error","messageBody":"","tags":["Level-5"],"fileTypesAndContributionMap":{"txt":{"insertions":6,"deletions":0},"java":{"insertions":158,"deletions":95},"bat":{"insertions":1,"deletions":1},"sh":{"insertions":16,"deletions":19}}},{"hash":"cd0ef1b1fb86625ee16de49e6c63f3d67cda3518","isMergeCommit":false,"messageTitle":"Level 6 - Modify my code and use array list instead of array","messageBody":"","fileTypesAndContributionMap":{"java":{"insertions":36,"deletions":14}}},{"hash":"89f157478484d5529125b4035f34ac993f8ea8f8","isMergeCommit":false,"messageTitle":"Level 6 - Delete case done implemented","messageBody":"","tags":["Level-6"],"fileTypesAndContributionMap":{"java":{"insertions":7,"deletions":11}}},{"hash":"7bb8c6466a1dd81ef95fdcfcb018a735d5e851ae","isMergeCommit":false,"messageTitle":"TextUiTesting","messageBody":"","tags":["A-TextUiTesting"],"fileTypesAndContributionMap":{"sh":{"insertions":0,"deletions":1}}},{"hash":"5e39a71e1921a1e9f2ab862f87053138254af08c","isMergeCommit":false,"messageTitle":"Enum implementation done","messageBody":"","tags":["A-Enums"],"fileTypesAndContributionMap":{"java":{"insertions":19,"deletions":10}}}]}]},"authorFileTypeContributionMap":{"tyxiangs":{"java":296,"md":0,"fxml":0,"sh":14,"bat":1,"gradle":0,"txt":6}},"authorContributionVariance":{"tyxiangs":16322.462},"authorDisplayNameMap":{"tyxiangs":"CS2103T-T08-3 THAM..IANG"}}
