{"authorDailyContributionsMap":{"tyxiangs":[{"date":"2024-08-26","commitResults":[{"hash":"6babd725d819bff13e16a7f4cf2874526b8c5a7c","isMergeCommit":false,"messageTitle":"Level 0 - Rename Chatbot","messageBody":"","fileTypesAndContributionMap":{"java":{"insertions":19,"deletions":10}}},{"hash":"d59215d9b5f42ed2d2c97188b537ac6ec03f98cf","isMergeCommit":false,"messageTitle":"Level 0 - Greet","messageBody":"","fileTypesAndContributionMap":{"java":{"insertions":5,"deletions":8}}},{"hash":"310b38f0b0f2c28ff7d9e677be4b4a3d56420dc4","isMergeCommit":false,"messageTitle":"Level 0 - Chatbot greeting statement","messageBody":"","fileTypesAndContributionMap":{"java":{"insertions":3,"deletions":2}}},{"hash":"c5525b0454261d73dca1a47eda1d19d1507d8a29","isMergeCommit":false,"messageTitle":"Level 0 - Chatbot exit statement","messageBody":"","tags":["Level-0"],"fileTypesAndContributionMap":{"java":{"insertions":3,"deletions":1}}},{"hash":"8fc2430ca7cc9fdd4002dea677d3d52d876ba50a","isMergeCommit":false,"messageTitle":"Level1 - Echo","messageBody":"","fileTypesAndContributionMap":{"java":{"insertions":16,"deletions":0}}},{"hash":"d2a52b07e638c53d83d1b5dcb92ee8019672ce45","isMergeCommit":false,"messageTitle":"Level 1 Echo","messageBody":"","tags":["Level-1"],"fileTypesAndContributionMap":{"java":{"insertions":7,"deletions":4}}},{"hash":"97015f5eeaecdf7b10880c3473cf5cd70f08047c","isMergeCommit":false,"messageTitle":"Level 2. Add, List","messageBody":"","tags":["Level-2"],"fileTypesAndContributionMap":{"java":{"insertions":27,"deletions":13}}},{"hash":"d745fc4dcc7e843931237a57059684cd70f59e23","isMergeCommit":false,"messageTitle":"Level 3 List Modification","messageBody":"","fileTypesAndContributionMap":{"java":{"insertions":13,"deletions":4}}},{"hash":"e0086858e4a9a45a5d4db1cc14d464c17c7c9ffd","isMergeCommit":false,"messageTitle":"Level 3 - Marking system completed","messageBody":"","tags":["Level-3"],"fileTypesAndContributionMap":{"java":{"insertions":51,"deletions":5}}},{"hash":"7d3965c1e8e3987116600a324819868c4d91c145","isMergeCommit":false,"messageTitle":"Level 4 - Completed implementing deadline, toDo and events class","messageBody":"","tags":["Level-4"],"fileTypesAndContributionMap":{"java":{"insertions":108,"deletions":9}}}]},{"date":"2024-08-28","commitResults":[{"hash":"8b31acae5c1fef33257a829f41952530b39e8ae1","isMergeCommit":false,"messageTitle":"Level 5 - Exception created and implement try and catch statement to catch potential error","messageBody":"","tags":["Level-5"],"fileTypesAndContributionMap":{"txt":{"insertions":6,"deletions":0},"java":{"insertions":158,"deletions":95},"bat":{"insertions":1,"deletions":1},"sh":{"insertions":16,"deletions":19}}},{"hash":"cd0ef1b1fb86625ee16de49e6c63f3d67cda3518","isMergeCommit":false,"messageTitle":"Level 6 - Modify my code and use array list instead of array","messageBody":"","fileTypesAndContributionMap":{"java":{"insertions":36,"deletions":14}}},{"hash":"89f157478484d5529125b4035f34ac993f8ea8f8","isMergeCommit":false,"messageTitle":"Level 6 - Delete case done implemented","messageBody":"","tags":["Level-6"],"fileTypesAndContributionMap":{"java":{"insertions":7,"deletions":11}}},{"hash":"7bb8c6466a1dd81ef95fdcfcb018a735d5e851ae","isMergeCommit":false,"messageTitle":"TextUiTesting","messageBody":"","tags":["A-TextUiTesting"],"fileTypesAndContributionMap":{"sh":{"insertions":0,"deletions":1}}},{"hash":"5e39a71e1921a1e9f2ab862f87053138254af08c","isMergeCommit":false,"messageTitle":"Enum implementation done","messageBody":"","tags":["A-Enums"],"fileTypesAndContributionMap":{"java":{"insertions":19,"deletions":10}}}]},{"date":"2024-08-31","commitResults":[{"hash":"1b31f383c10442edab3580fb6ab08db3793fdd94","isMergeCommit":false,"messageTitle":"Level 7 - implement file function in task file","messageBody":"","fileTypesAndContributionMap":{"java":{"insertions":42,"deletions":2}}}]},{"date":"2024-09-01","commitResults":[{"hash":"688178c12263fa1c153f27e838a927b914f98e53","isMergeCommit":false,"messageTitle":"Level 7 - Implement save file func to update the file whenever there are changes","messageBody":"","fileTypesAndContributionMap":{"java":{"insertions":80,"deletions":11}}},{"hash":"0399cf814162e9ac3a6b1ece054bc9c2076eb2e0","isMergeCommit":true,"messageTitle":"Merge branch \u0027branch-Level-7\u0027","messageBody":"","fileTypesAndContributionMap":{}},{"hash":"7f683a5b4686bd8df80ba900320b6b4e79044b6a","isMergeCommit":false,"messageTitle":"Level 8 - Implement date and time feature","messageBody":"","fileTypesAndContributionMap":{"txt":{"insertions":0,"deletions":1},"java":{"insertions":93,"deletions":14}}},{"hash":"cf5867b770d6a4215e9b5ee5b5ab8d63f01bb71c","isMergeCommit":false,"messageTitle":"Level 7 - String statement modification","messageBody":"","tags":["Level-7"],"fileTypesAndContributionMap":{"java":{"insertions":1,"deletions":1}}},{"hash":"8dca9148b3c9414b76725249a2998fcc85e04b09","isMergeCommit":true,"messageTitle":"Merge branch \u0027branch-Level-8\u0027","messageBody":"","tags":["Level-8"],"fileTypesAndContributionMap":{}}]},{"date":"2024-09-02","commitResults":[{"hash":"4f9ec31da0d74ebe8942cfc4708bd30d65db2aef","isMergeCommit":false,"messageTitle":"A-MoreOOP - create classes like commands and modify the classess","messageBody":"","fileTypesAndContributionMap":{"java":{"insertions":424,"deletions":337}}},{"hash":"f35d39556d2134f533571a65100b8e1e2815039e","isMergeCommit":true,"messageTitle":"Merge branch \u0027branch-A-MoreOOP\u0027","messageBody":"","tags":["A-MoreOOP"],"fileTypesAndContributionMap":{}},{"hash":"61781e55647a6b1888288b2940a870f0fa24c837","isMergeCommit":false,"messageTitle":"A-Packages-place classes into respective package and do necessary import","messageBody":"","tags":["A-Packages"],"fileTypesAndContributionMap":{"java":{"insertions":98,"deletions":14}}},{"hash":"f192df0baf04d9d580b2a9bf1c1fba9ef17e3776","isMergeCommit":true,"messageTitle":"Merge branch \u0027add-gradle-support\u0027","messageBody":"","fileTypesAndContributionMap":{}},{"hash":"61dde1118e77162dd703d913ea6c55ab2dd432b4","isMergeCommit":false,"messageTitle":"A-Packages-Dave class modification","messageBody":"","fileTypesAndContributionMap":{"java":{"insertions":2,"deletions":0}}},{"hash":"db18a395827d43c4c9f1d832b9f2807ed122f876","isMergeCommit":false,"messageTitle":"A-Gradle -  set up gradle","messageBody":"","tags":["A-Gradle"],"fileTypesAndContributionMap":{"gradle":{"insertions":1,"deletions":1}}},{"hash":"ed6b38cbf9595357d3245e8a82ac7e493c7ce1ba","isMergeCommit":false,"messageTitle":"A-JUnit - add JUnit Test for todo, deadline and event","messageBody":"","fileTypesAndContributionMap":{"java":{"insertions":134,"deletions":0}}}]},{"date":"2024-09-03","commitResults":[{"hash":"fe194a92a7709a033be2aba27fde0e17d90a4e97","isMergeCommit":false,"messageTitle":"A-JUnit - test file modification","messageBody":"","tags":["A-JUnit"],"fileTypesAndContributionMap":{"java":{"insertions":30,"deletions":8}}},{"hash":"9859255d8bf9c3dddd764a2ab5fd483ce7035565","isMergeCommit":false,"messageTitle":"Level-8 - Add loadFile feature","messageBody":"","fileTypesAndContributionMap":{"java":{"insertions":91,"deletions":20}}},{"hash":"69a411a1472111bdb91e64dad4c7814184148ce6","isMergeCommit":false,"messageTitle":"A-jar - Create jar file","messageBody":"","tags":["A-Jar"],"fileTypesAndContributionMap":{"gradle":{"insertions":2,"deletions":1}}}]},{"date":"2024-09-04","commitResults":[{"hash":"fe7ae487964daef8f6c2fa7eec9ad12e8bb1d045","isMergeCommit":false,"messageTitle":"Add JavaDoc comments to method","messageBody":"","fileTypesAndContributionMap":{"java":{"insertions":365,"deletions":35}}},{"hash":"a39effd8cbf16eb617bd5a17183593673a846ad9","isMergeCommit":false,"messageTitle":"Add JavaDoc comments to main class","messageBody":"","fileTypesAndContributionMap":{"java":{"insertions":19,"deletions":2}}},{"hash":"526e8f874dadb0ffc75094cb6dede27e9158cc17","isMergeCommit":true,"messageTitle":"Merge branch \u0027branch-A-JavaDoc\u0027","messageBody":"","tags":["A-JavaDoc"],"fileTypesAndContributionMap":{}},{"hash":"a522fde48710dd00311268d06545ee2c7dcc2aea","isMergeCommit":false,"messageTitle":"Apply coding standard to written code","messageBody":"","fileTypesAndContributionMap":{"java":{"insertions":70,"deletions":53}}},{"hash":"42d092dbb72e25da3daee560c6a11f6368155cb9","isMergeCommit":true,"messageTitle":"Merge branch \u0027A-CodingStandard\u0027","messageBody":"","tags":["A-CodingStandard"],"fileTypesAndContributionMap":{}},{"hash":"6b9fd683abb5d98e8a093ea627e5070da42e5441","isMergeCommit":false,"messageTitle":"Implement find feature","messageBody":"Create new command : create find command and implement execute func that find tasks by keywords\nModify parser : modify parser so it can identify new find command\nModify taskList : modify taskList so it can find matching tasks from stored tasks\n","fileTypesAndContributionMap":{"java":{"insertions":39,"deletions":1}}}]},{"date":"2024-09-05","commitResults":[{"hash":"ff61d2de2bf9b6837e30e1eae60bf247e3a829d4","isMergeCommit":true,"messageTitle":"Merge branch \u0027branch-Level-9\u0027","messageBody":"","tags":["Level-9"],"fileTypesAndContributionMap":{}}]},{"date":"2024-09-07","commitResults":[{"hash":"73a4d45e7374eba46ae360cbaaf6106da950d53f","isMergeCommit":false,"messageTitle":"CheckStyle","messageBody":"Install checkstyle plugin and scan all the code\nMake necessart\u003dy change to code so it comply with coding style\n","fileTypesAndContributionMap":{"gradle":{"insertions":5,"deletions":0},"java":{"insertions":207,"deletions":52}}},{"hash":"ea2c4d9c3100b002bf864a9a919acb1d48cdec64","isMergeCommit":true,"messageTitle":"Merge branch \u0027branch-A-CheckStyle\u0027","messageBody":"","tags":["A-CheckStyle"],"fileTypesAndContributionMap":{}}]}]},"authorFileTypeContributionMap":{"tyxiangs":{"java":1441,"md":0,"fxml":0,"sh":14,"bat":1,"gradle":8,"txt":5}},"authorContributionVariance":{"tyxiangs":59477.8},"authorDisplayNameMap":{"tyxiangs":"CS2103T-T08-3 THAM..IANG"}}
