{"authorDailyContributionsMap":{"sayomaki":[{"date":"2024-08-23","commitResults":[{"hash":"b389ede23a7f2e33d19f560d80e81a502ab2db6c","isMergeCommit":false,"messageTitle":"Rename Duke to Alexer and add some features","messageBody":"Alexer will be able to greet users and say goodbye.\n","tags":["Level-0"],"fileTypesAndContributionMap":{"java":{"insertions":22,"deletions":10},"bat":{"insertions":1,"deletions":1},"md":{"insertions":3,"deletions":3}}}]},{"date":"2024-08-24","commitResults":[{"hash":"94d70859471dcfa1fd566df674170f0f84f25996","isMergeCommit":false,"messageTitle":"Create scanner and add prompt loop","messageBody":"This is to prepare for adding the echo feature, which\nrequires continuous reading of user input until the text\n\"bye\" has been entered.\n","fileTypesAndContributionMap":{"java":{"insertions":19,"deletions":0}}},{"hash":"eb7877fa8645e5fed6c32a257994f23678bc7226","isMergeCommit":false,"messageTitle":"Make scanner final","messageBody":"The scanner will be reused throughout the lifetime of the chatbot\n","fileTypesAndContributionMap":{"java":{"insertions":1,"deletions":1}}},{"hash":"183a3dfc3adb91bc1df79f0b7dca5a56cfa71b45","isMergeCommit":false,"messageTitle":"Add method to greet user and create an instance of chatbot","messageBody":"This is so that we can add more methods and\nstate to the chatbot later on.\n","tags":["Level-1"],"fileTypesAndContributionMap":{"java":{"insertions":12,"deletions":6}}},{"hash":"74768af571227c5b920df7eb8c652e3ab9f801b3","isMergeCommit":false,"messageTitle":"Move printing goodbye message to own function","messageBody":"This will make the code more modular in the long term.\n","fileTypesAndContributionMap":{"java":{"insertions":7,"deletions":3}}}]},{"date":"2024-08-29","commitResults":[{"hash":"4469388b1e6826147803b1899187d550d9c9ce7f","isMergeCommit":false,"messageTitle":"Change function ordering for chatbot actions","messageBody":"Ideally functions should be defined above where they are used.\n","fileTypesAndContributionMap":{"java":{"insertions":12,"deletions":12}}},{"hash":"a4ce98b6f68f066740f328ee81130d53945267a6","isMergeCommit":false,"messageTitle":"Create list for simple tasks and function to print them","messageBody":"This uses a Java Collection (ArrayList) to store some simple tasks with\nonly the name, as well as a function to print these tasks numbered.\n","tags":["A-Collections"],"fileTypesAndContributionMap":{"java":{"insertions":14,"deletions":0}}},{"hash":"68f8f2de185a404d964441a862461607f3805fbe","isMergeCommit":false,"messageTitle":"Add logic to create new tasks and list them","messageBody":"This adds some cool new features to the chatbot.\n","tags":["Level-2"],"fileTypesAndContributionMap":{"java":{"insertions":8,"deletions":2}}},{"hash":"32aea9e4acabde065eedd9d390210f13fe5afd90","isMergeCommit":false,"messageTitle":"Refactor adding task logic to its own function","messageBody":"This improves code abstraction and separation of concerns\n","fileTypesAndContributionMap":{"java":{"insertions":10,"deletions":6}}},{"hash":"1139f2f5b90380ea59c56e86f47c1475595d7e12","isMergeCommit":false,"messageTitle":"Break up input into to commands and use switch case","messageBody":"Using switch case will allow for more flexibility as the number\nof actions increases, and separating the command out from the\ninput allows better parsing for future use.\n","fileTypesAndContributionMap":{"java":{"insertions":11,"deletions":6}}},{"hash":"c7f061fb553700b0ad54392764281b6a1fd5d8cf","isMergeCommit":false,"messageTitle":"Create task class that describes a task","messageBody":"Our initial task consist of a task description, as well\nas a boolean field to indicate whether the task is done.\n\nThere are also some helper methods to abstract commonly\nused logic to make life easier later on.\n","tags":["A-Classes"],"fileTypesAndContributionMap":{"java":{"insertions":23,"deletions":0}}},{"hash":"65b6f65050fcf2dd40841e0728085c3b4900024a","isMergeCommit":false,"messageTitle":"Convert primitive task list to use Task class","messageBody":"This offers more extensibility to tasks, such as added the task state\n(done/not done) and possibly different types of tasks in future.\n","fileTypesAndContributionMap":{"java":{"insertions":3,"deletions":2}}},{"hash":"92770b9db5df5a11272b9147440a9e344c5d4e91","isMergeCommit":false,"messageTitle":"Make chatbot more lively","messageBody":"Add more interesting prompts and responses from the chatbot\n","fileTypesAndContributionMap":{"java":{"insertions":2,"deletions":1}}},{"hash":"120726179bac166301847074bc660fb737148bdc","isMergeCommit":false,"messageTitle":"Improve parsing of command and its arguments","messageBody":"This is to better prepare for command argument usage\n","fileTypesAndContributionMap":{"java":{"insertions":3,"deletions":1}}},{"hash":"ec7255cad16c5954242c747957cd68469159ba31","isMergeCommit":false,"messageTitle":"Add command to mark task as done","messageBody":"For this naive implementation all inputs are assumed to be\nvalid and error handling will be performed in a later part.\n","fileTypesAndContributionMap":{"java":{"insertions":15,"deletions":0}}}]},{"date":"2024-08-30","commitResults":[{"hash":"cabdb2d9d8cd225b8e33488e3e102378eda18f44","isMergeCommit":false,"messageTitle":"Include functionality to unmark done tasks as not done","messageBody":"If you can mark tasks as done, why can\u0027t you unmark them?\n","tags":["Level-3"],"fileTypesAndContributionMap":{"java":{"insertions":19,"deletions":0}}},{"hash":"9fa146d1a2411275f9eabb4168add273c6bdc088","isMergeCommit":false,"messageTitle":"Return nothing as marking task is an action","messageBody":"","fileTypesAndContributionMap":{"java":{"insertions":2,"deletions":2}}},{"hash":"ae2ae131726e1e7b1a46c21b09cd132ede016152","isMergeCommit":false,"messageTitle":"Create more specialised subclasses of Task","messageBody":"This will be used for future implementations\n","fileTypesAndContributionMap":{"java":{"insertions":45,"deletions":0}}},{"hash":"40074f5c7f3a7933385a3a741b4071fbac81d9e8","isMergeCommit":false,"messageTitle":"List out the number of tasks after adding a task","messageBody":"","fileTypesAndContributionMap":{"java":{"insertions":1,"deletions":0}}},{"hash":"7be10163eb658df8e7039bc15c7b4d1b504071c3","isMergeCommit":false,"messageTitle":"Add specialization to the Task subclasses","messageBody":"Deadlines now have a deadline parameter, and events have 2 new\nparameters indicating the time from the event start to the event end.\n","tags":["A-Inheritance"],"fileTypesAndContributionMap":{"java":{"insertions":10,"deletions":3}}},{"hash":"ff035f19f0836586257558ef0707404a2ea488fe","isMergeCommit":false,"messageTitle":"Improve code formatting","messageBody":"Move the newline part into a separate line.\n","fileTypesAndContributionMap":{"java":{"insertions":2,"deletions":1}}},{"hash":"c63991c25c43198d526c8d406195a60444d90250","isMergeCommit":false,"messageTitle":"Add ability to create todos in the chatbot","messageBody":"This is similar to addTask() but instead parses\n the command arguments directly.\n","fileTypesAndContributionMap":{"java":{"insertions":14,"deletions":0}}},{"hash":"20051206dc2e572ed5b13b65cc17d28b4c2d416f","isMergeCommit":false,"messageTitle":"Include indentation when printing out tasks","messageBody":"","fileTypesAndContributionMap":{"java":{"insertions":1,"deletions":1}}},{"hash":"67b5a7ed9f31d2190371ecf7b4d5b4acf207b911","isMergeCommit":false,"messageTitle":"Add ability to add deadlines to the task list","messageBody":"The addDeadline() function will process the input arguments to\nknow the deadline and description of the task, and create the\ndeadline task accordingly.\n","fileTypesAndContributionMap":{"java":{"insertions":24,"deletions":0}}},{"hash":"9592ac62772ebd0e315c185baeb23d9fb20a22b9","isMergeCommit":false,"messageTitle":"Allow creation of event tasks in todo list","messageBody":"Similar to how addDeadline() works, we parse the arguments\nby finding the index where the keywords appear and\nsubsection the arguments accordingly.\n","tags":["Level-4"],"fileTypesAndContributionMap":{"java":{"insertions":27,"deletions":0}}},{"hash":"942fdd4101283aecd767ae74d0e074a27592d316","isMergeCommit":false,"messageTitle":"Remove escaped characters in chatbot wordart","messageBody":"This may cause issues with tests later on.\n","fileTypesAndContributionMap":{"java":{"insertions":3,"deletions":3}}},{"hash":"f38630c67c6f34a4985c3dec87f28538417b17e1","isMergeCommit":false,"messageTitle":"Fix testing code to run correct class","messageBody":"","fileTypesAndContributionMap":{"sh":{"insertions":1,"deletions":1}}},{"hash":"56eb42cf08d5013bcbba3c6c14561e981f7a843e","isMergeCommit":false,"messageTitle":"Update tests with input and expected output","messageBody":"","tags":["A-TextUiTesting"],"fileTypesAndContributionMap":{"txt":{"insertions":7,"deletions":0}}},{"hash":"043e9c5e9d07d594ad65097b2523212a270e85cc","isMergeCommit":false,"messageTitle":"Add error handling for some cases","messageBody":"Handle the case where the command is not found\nand where the todo description is empty\n","tags":["Level-5"],"fileTypesAndContributionMap":{"java":{"insertions":12,"deletions":2}}},{"hash":"9444eaa55271610c5b792305245fd31bdd4e3f0b","isMergeCommit":false,"messageTitle":"Add ability to delete tasks","messageBody":"This is similar to how marking tasks work in terms of parsing\nwhich task in mentioned, and removes the task accordingly\n","tags":["Level-6"],"fileTypesAndContributionMap":{"java":{"insertions":16,"deletions":0}}},{"hash":"ef27152734048c60fca1625a0bc10e8f39f8afe0","isMergeCommit":false,"messageTitle":"Update tests with more test cases","messageBody":"Support level 5 and level 6 features\n","fileTypesAndContributionMap":{"txt":{"insertions":5,"deletions":0}}}]},{"date":"2024-09-01","commitResults":[{"hash":"491e7e492b521400abbc4f0e3bb7ff73083d0520","isMergeCommit":false,"messageTitle":"Create an enum for different task types","messageBody":"This is so we can easily differentiate task types in future.\n","tags":["A-Enums"],"fileTypesAndContributionMap":{"java":{"insertions":13,"deletions":0}}}]},{"date":"2024-09-02","commitResults":[{"hash":"64fd29a2f6e7996759a2691d93acb6da8dce05a5","isMergeCommit":false,"messageTitle":"Make a task manager to handle all task related matters","messageBody":"This improves our code abstractions and allow for\neasier extension such as saving and loading\n","fileTypesAndContributionMap":{"java":{"insertions":40,"deletions":0}}}]},{"date":"2024-09-03","commitResults":[{"hash":"ff31eb46a619f0226a8e7df19dceb9f7d5a84e37","isMergeCommit":false,"messageTitle":"Add convenience function to print chatbot response","messageBody":"This will allow better abstraction of printing replies.\n","fileTypesAndContributionMap":{"java":{"insertions":10,"deletions":0}}},{"hash":"9d5da4acbd0e540c2c4ae8021e43fb3f4bc93860","isMergeCommit":false,"messageTitle":"Refactor chatbot to use task manager class","messageBody":"By using task manager, we apply more OOP principles in our code. \nAdded a new method in task manager as well.\n","fileTypesAndContributionMap":{"java":{"insertions":21,"deletions":18}}},{"hash":"d4fba034e710bb1c0da67e733b295f27c2ee89ab","isMergeCommit":false,"messageTitle":"Add method to convert a task (and subtask) to a string","messageBody":"This is to allow saving of tasks later on.\n","fileTypesAndContributionMap":{"java":{"insertions":22,"deletions":0}}},{"hash":"e69208ef9958e63e14853c4074cffa0992a6a988","isMergeCommit":false,"messageTitle":"Create public method to save all tasks to file","messageBody":"This creates and overwrite the task save file to populate\n it with all the current tasks serialised.\n","fileTypesAndContributionMap":{"java":{"insertions":29,"deletions":0}}},{"hash":"94b14dd5a9b9016abd0b7d5ca5e181a01684efa5","isMergeCommit":false,"messageTitle":"Add static constructor to create task from task string","messageBody":"This is so that we can load the task from task strings.\n","fileTypesAndContributionMap":{"java":{"insertions":37,"deletions":0}}},{"hash":"debd257c09344f5722e3490fe1ebb2967109d0c9","isMergeCommit":false,"messageTitle":"Add new method to load tasks in task manager","messageBody":"","fileTypesAndContributionMap":{"java":{"insertions":32,"deletions":0}}},{"hash":"c9f245f1b9c45339e7612ff78df8dd4ce120d387","isMergeCommit":false,"messageTitle":"Handle errors when loading tasks from disk","messageBody":"Inform the user if we are unable to find the save file to load,\nas well as when we have successfully loaded all the saved tasks.\n","fileTypesAndContributionMap":{"java":{"insertions":8,"deletions":2}}},{"hash":"78cbef1751210c1ee8da54b70ff03178472c24a8","isMergeCommit":false,"messageTitle":"Fix missing newline after each task string in save file","messageBody":"","fileTypesAndContributionMap":{"java":{"insertions":1,"deletions":2}}},{"hash":"cbced476b9fb9b9f8b09e60d757bda1428a2a01e","isMergeCommit":false,"messageTitle":"Check if save folder exist otherwise create it","messageBody":"Here we use the folder \"data\" to save the tasks.\n","fileTypesAndContributionMap":{"java":{"insertions":7,"deletions":4}}},{"hash":"273235155e12fa54ba3d5ae3a0aebf492e928b2f","isMergeCommit":false,"messageTitle":"Fix task manager only loading a single task","messageBody":"All the task strings in the save file should be processed\n","fileTypesAndContributionMap":{"java":{"insertions":14,"deletions":12}}},{"hash":"29d4d269f1e5abffdf2bbe203d1f89bd04661092","isMergeCommit":false,"messageTitle":"Update test data and expected output","messageBody":"This is so that we can handle saved tasks correctly\nand ensure consistent results\n","fileTypesAndContributionMap":{"txt":{"insertions":3,"deletions":7}}},{"hash":"a410e1c644fe93b0bc945be93bd600985b445c2f","isMergeCommit":false,"messageTitle":"Load tasks when chatbot starts and save tasks accordingly","messageBody":"","fileTypesAndContributionMap":{"java":{"insertions":8,"deletions":0}}},{"hash":"ebd4c06fbb49bb6431bceaecd6c7f32d0b692fe0","isMergeCommit":true,"messageTitle":"Merge branch \u0027branch-Level-7\u0027","messageBody":"","tags":["Level-7"],"fileTypesAndContributionMap":{}}]},{"date":"2024-09-04","commitResults":[{"hash":"01cb1f58c8f4c47b9669eda3de095a767a111433","isMergeCommit":false,"messageTitle":"Add date time processing to deadline","messageBody":"Show deadline tasks with formatting date time string.\n","fileTypesAndContributionMap":{"java":{"insertions":28,"deletions":7}}},{"hash":"0ba96f7b3929bed30bb40c8df40516425876e3ea","isMergeCommit":false,"messageTitle":"Include error handling for when an invalid date is loaded","messageBody":"Skip the loading of the task for invalid dates.\n","fileTypesAndContributionMap":{"java":{"insertions":8,"deletions":1}}},{"hash":"1e65e0c7a416f7e2b9b418e5685104f723b956a1","isMergeCommit":false,"messageTitle":"Add brackets to if statement to conform to style guide","messageBody":"","fileTypesAndContributionMap":{"java":{"insertions":6,"deletions":3}}},{"hash":"395b09bc260b41b6509ba716cc0c0340a04c6191","isMergeCommit":false,"messageTitle":"Refactor task loading to skip tasks that failed to load","messageBody":"This is when the task is null, we just skip the test\n","fileTypesAndContributionMap":{"java":{"insertions":10,"deletions":7}}},{"hash":"59724c35022063cb1e087b38275e55c45beaace5","isMergeCommit":false,"messageTitle":"Update test with a proper date time in deadline task","messageBody":"","fileTypesAndContributionMap":{"txt":{"insertions":1,"deletions":1}}},{"hash":"2633d43e1c09af2ff2580fd266319606a91535f7","isMergeCommit":true,"messageTitle":"Merge branch \u0027branch-Level-8\u0027","messageBody":"","tags":["Level-8"],"fileTypesAndContributionMap":{}}]},{"date":"2024-09-05","commitResults":[{"hash":"3a120e30c9d80b62ea7337fbe3847b0091e96528","isMergeCommit":false,"messageTitle":"Move setting up of chatbot to own method","messageBody":"This reduces the amount of code in the main function.\n","fileTypesAndContributionMap":{"java":{"insertions":8,"deletions":4}}},{"hash":"99a00365a8ee4f1890c0afe99edd00d41fdc1374","isMergeCommit":false,"messageTitle":"Use the new printResponse method instead","messageBody":"Since we have already abstracted the printing method,\nwe shall use that instead\n","fileTypesAndContributionMap":{"java":{"insertions":2,"deletions":10}}},{"hash":"a9fd98ebed403a6d2e8aa1db1d0aa9ddc666bc43","isMergeCommit":false,"messageTitle":"Initialise fields explicitly in constructor and create instance","messageBody":"We create a reference of the instance itself (singleton) that can\nbe used by other classes to access the chatbot.\n","fileTypesAndContributionMap":{"java":{"insertions":14,"deletions":2}}},{"hash":"b60f04cb8e7dbff46002c10f7db73e8d70c0c5d0","isMergeCommit":false,"messageTitle":"Create new prompter class to handle bot responses and output","messageBody":"This class mainly serves to handle whatever the user sees on\ntheir screen, i.e. the output of the chatbot and messages.\n","fileTypesAndContributionMap":{"java":{"insertions":25,"deletions":0}}},{"hash":"537bcb82297a4ae244dd95cd89feea9a7498b7a8","isMergeCommit":false,"messageTitle":"Use prompter class to handle interaction responses","messageBody":"This will be the start of slowly using methods from\nprompter class to handle bot output\n","fileTypesAndContributionMap":{"java":{"insertions":17,"deletions":32}}},{"hash":"6136a3ed29f4b7591e6ca7f8747a405ca8d14141","isMergeCommit":false,"messageTitle":"Fix method to get instance of chat bot","messageBody":"The method should be static so it is a class\nmethod instead of an instance method.\n","fileTypesAndContributionMap":{"java":{"insertions":4,"deletions":4}}},{"hash":"e9b0be72857375d85bad51c17cd72e492ebae1ac","isMergeCommit":false,"messageTitle":"Add more public methods to access various parts of the chatbot","messageBody":"","fileTypesAndContributionMap":{"java":{"insertions":8,"deletions":0}}},{"hash":"9eeb2c496835212c76b80322b6798dc7babc6730","isMergeCommit":false,"messageTitle":"Add a basic command handler and base command class","messageBody":"For the command class, we use an abstract class to ensure that it has to\nbe implemented by a subclass (which is the actual command).\n\nThe command handler is responsible for managing all the commands in the chatbot.\n","fileTypesAndContributionMap":{"java":{"insertions":36,"deletions":0}}},{"hash":"1024dea9811f20af8545e7769cab3b88899901d7","isMergeCommit":false,"messageTitle":"Convert listing task operation to a command","messageBody":"Also registers the command with the command handler.\n","fileTypesAndContributionMap":{"java":{"insertions":14,"deletions":0}}},{"hash":"4135043e0cc8a384dc7ebc5dfdf4e073b3ae2ea6","isMergeCommit":false,"messageTitle":"Add method to print task list in prompter","messageBody":"","fileTypesAndContributionMap":{"java":{"insertions":4,"deletions":0}}},{"hash":"43870e369cf91c131951cb6ec737d1563e8b944c","isMergeCommit":false,"messageTitle":"Fix list task command to print correctly formatted tasks","messageBody":"","fileTypesAndContributionMap":{"java":{"insertions":8,"deletions":1}}},{"hash":"b27046b36320f1baaeb26f7a0157227803315a28","isMergeCommit":false,"messageTitle":"Create the command handler instance and use it","messageBody":"Processing our first command!\n","fileTypesAndContributionMap":{"java":{"insertions":44,"deletions":39}}},{"hash":"7443f7b5069b1369ed1df8219c3b707df1ffb993","isMergeCommit":false,"messageTitle":"Remove unused code left over from improvements","messageBody":"","fileTypesAndContributionMap":{"java":{"insertions":0,"deletions":22}}},{"hash":"e9bc44b69708e6ac273c83e45515add10db41970","isMergeCommit":true,"messageTitle":"Merge branch \u0027branch-OOP\u0027","messageBody":"","tags":["A-MoreOOP"],"fileTypesAndContributionMap":{}},{"hash":"bf7d29f0193e0c2567e35c6c295a1b6f0896a16b","isMergeCommit":false,"messageTitle":"Move classes into their respective packages","messageBody":"","fileTypesAndContributionMap":{"java":{"insertions":32,"deletions":0}}},{"hash":"fea4da3171f98af69477cca19849949e129d7b2d","isMergeCommit":false,"messageTitle":"Fix test scripts to compile all files recursively","messageBody":"","fileTypesAndContributionMap":{"bat":{"insertions":1,"deletions":1},"sh":{"insertions":1,"deletions":1}}},{"hash":"ce8be47afc3cd5a14e78a853ed0fe555e85362f0","isMergeCommit":true,"messageTitle":"Merge branch \u0027branch-Package\u0027","messageBody":"","tags":["A-Packages"],"fileTypesAndContributionMap":{}},{"hash":"ff495502a22df1af7315bfa86f2063d158f90d57","isMergeCommit":true,"messageTitle":"Merge branch \u0027add-gradle-support\u0027","messageBody":"","fileTypesAndContributionMap":{}},{"hash":"be44824f80b0287d254b100bc715c663886e7ddc","isMergeCommit":false,"messageTitle":"Update gradle build main class","messageBody":"","tags":["A-Gradle"],"fileTypesAndContributionMap":{"gradle":{"insertions":1,"deletions":1}}},{"hash":"c9eb3c5dfe415ae66cee00d2f1e8baddbf662e93","isMergeCommit":false,"messageTitle":"Improve formatting and remove error printing","messageBody":"","fileTypesAndContributionMap":{"java":{"insertions":2,"deletions":2}}},{"hash":"808c9f9631fe91a62096515f1bb17ef3c2568366","isMergeCommit":false,"messageTitle":"Add error printing when failure to load task","messageBody":"","fileTypesAndContributionMap":{"java":{"insertions":2,"deletions":0}}},{"hash":"043e431681454c5cd4cad96f365c63d703e19fad","isMergeCommit":false,"messageTitle":"Add unit testing for some tasks","messageBody":"These added tasks check for valid and invalid save inputs when\nloading, as well as command handler to handle if command does\nnot exist\n","fileTypesAndContributionMap":{"java":{"insertions":65,"deletions":0}}},{"hash":"b0f7a68a67801d54bcc9dc8d0acd3ca2a29cbf49","isMergeCommit":true,"messageTitle":"Merge branch \u0027branch-JUnit\u0027","messageBody":"","tags":["A-JUnit"],"fileTypesAndContributionMap":{}},{"hash":"1d923cab183bbf8431d833378b2272bfd843de13","isMergeCommit":false,"messageTitle":"Ensure jar name is correct for output jar","messageBody":"","tags":["A-Jar"],"fileTypesAndContributionMap":{"gradle":{"insertions":2,"deletions":1}}}]},{"date":"2024-09-06","commitResults":[{"hash":"bd44bd6341d1da5bce825a7c6301a504745baa75","isMergeCommit":false,"messageTitle":"Convert event task timings to final","messageBody":"","fileTypesAndContributionMap":{"java":{"insertions":2,"deletions":2}}},{"hash":"3bcee417f48aec0b50ca90ed0c9487efc4c437b3","isMergeCommit":false,"messageTitle":"Add javadocs to base package classes","messageBody":"For public methods missing javadoc, they will be deprecated \nand refactored later on so the javadocs \nwill appear in their new locations.","fileTypesAndContributionMap":{"java":{"insertions":52,"deletions":0}}},{"hash":"1836845d2242f0fb1b2d7abfd66fc585e9473fbd","isMergeCommit":false,"messageTitle":"Add javadocs for the command subpackage","messageBody":"","fileTypesAndContributionMap":{"java":{"insertions":61,"deletions":0}}},{"hash":"6f4362ce0ea9b970a9134b62c69537ec6952d60a","isMergeCommit":false,"messageTitle":"Add javadoc for task subpackage","messageBody":"","fileTypesAndContributionMap":{"java":{"insertions":153,"deletions":3}}},{"hash":"4f88fc2479cd14a5cf48f5535518e2a999702426","isMergeCommit":false,"messageTitle":"Convert wildcard import to imports","messageBody":"","fileTypesAndContributionMap":{"java":{"insertions":5,"deletions":1}}},{"hash":"464aca0a127861799ca314824451c28db5d108ac","isMergeCommit":false,"messageTitle":"Add new method to print the list of filtered tasks","messageBody":"","fileTypesAndContributionMap":{"java":{"insertions":4,"deletions":0}}},{"hash":"92e39319080aabaeef3e5551714102220d5aadf9","isMergeCommit":false,"messageTitle":"Provide a way to obtain task description from task","messageBody":"","fileTypesAndContributionMap":{"java":{"insertions":4,"deletions":0}}},{"hash":"e10b968cc7c74661af1791ef08c4bcf734b82c9d","isMergeCommit":false,"messageTitle":"Create method to find a list of tasks containing keyword","messageBody":"","fileTypesAndContributionMap":{"java":{"insertions":12,"deletions":0}}},{"hash":"7b44c69db5633a6d7cf8e2bac3f06f95fe566b85","isMergeCommit":false,"messageTitle":"Add a new command to find tasks","messageBody":"This command has the name \"find\" and takes a single argument keyword to search for the task.\n","fileTypesAndContributionMap":{"java":{"insertions":32,"deletions":0}}},{"hash":"087c95a20470184935f1d7840847f33d4fc24929","isMergeCommit":false,"messageTitle":"Register the new command to the command handler","messageBody":"","fileTypesAndContributionMap":{"java":{"insertions":1,"deletions":0}}},{"hash":"e8b5b6efba38b4fa108ab9d81a5975856474c56a","isMergeCommit":false,"messageTitle":"Update CLI tests and ensure tests work","messageBody":"","fileTypesAndContributionMap":{"txt":{"insertions":1,"deletions":0},"sh":{"insertions":1,"deletions":1}}},{"hash":"f96cefe768084fcaca21d5b74f2532094b2384ae","isMergeCommit":true,"messageTitle":"Merge branch \u0027branch-Level-9\u0027","messageBody":"","tags":["Level-9"],"fileTypesAndContributionMap":{}},{"hash":"e73729251bfbd83e9957dc9c36550cbdc9faddd6","isMergeCommit":true,"messageTitle":"Merge branch \u0027branch-A-CodingStandard\u0027","messageBody":"","tags":["A-CodingStandard"],"fileTypesAndContributionMap":{}},{"hash":"ca74f6e7e60aaee6386c34b9764d0cd1f58ab770","isMergeCommit":true,"messageTitle":"Merge branch \u0027branch-A-JavaDoc\u0027","messageBody":"","tags":["A-JavaDoc"],"fileTypesAndContributionMap":{}},{"hash":"a2f448430cc980671007dc5d4139e9a4f27d1008","isMergeCommit":false,"messageTitle":"Add missing javadoc for newly added description getter","messageBody":"","fileTypesAndContributionMap":{"java":{"insertions":5,"deletions":0}}}]},{"date":"2024-09-13","commitResults":[{"hash":"c790860cb791565f63a28d4c578b114e53126abb","isMergeCommit":false,"messageTitle":"Create a new command to handle deletion of tasks","messageBody":"","fileTypesAndContributionMap":{"java":{"insertions":27,"deletions":0}}},{"hash":"0cb7bae6f6f53ad51ebfaa089ae7a7da2a212ef6","isMergeCommit":false,"messageTitle":"Refactor chatbot to use delete command instead","messageBody":"","fileTypesAndContributionMap":{"java":{"insertions":0,"deletions":16}}},{"hash":"dd6ba484731d8844b3167fde5deec20a4c48dcfc","isMergeCommit":false,"messageTitle":"Add javafx to gradle dependencies","messageBody":"","fileTypesAndContributionMap":{"gradle":{"insertions":15,"deletions":0}}},{"hash":"eb0e9e8da980315dc1004494769bdeaf5fca5dd4","isMergeCommit":false,"messageTitle":"Create a basic graphical user interface to display","messageBody":"","fileTypesAndContributionMap":{"java":{"insertions":36,"deletions":0}}},{"hash":"5593702d906b1d19a7df769e9954eff2045bd8b8","isMergeCommit":false,"messageTitle":"Add a message box to show responses and interactions","messageBody":"","fileTypesAndContributionMap":{"java":{"insertions":17,"deletions":0}}},{"hash":"904cf4b17e8ab06630fd9fa8e9e74400d4dbba36","isMergeCommit":false,"messageTitle":"Add main launcher to show the graphical user interface","messageBody":"","fileTypesAndContributionMap":{"java":{"insertions":10,"deletions":0}}},{"hash":"b86a2275f78d1c9ae4b1ffb5843f4816c45ab159","isMergeCommit":false,"messageTitle":"Set the main class to the new GUI class","messageBody":"","fileTypesAndContributionMap":{"gradle":{"insertions":1,"deletions":1}}},{"hash":"7260b76a02b56ad2270658f2cf6daf9a37cdb0cb","isMergeCommit":false,"messageTitle":"Add code to setup and render the interface with sizing","messageBody":"","fileTypesAndContributionMap":{"java":{"insertions":30,"deletions":0}}}]},{"date":"2024-09-15","commitResults":[{"hash":"b73b804ca939b195ae30172a8a8648949a4e6409","isMergeCommit":false,"messageTitle":"Add code to automatically scroll to bottom and move classes","messageBody":"Move the gui package to ui as it all belongs under user interface.\n","fileTypesAndContributionMap":{"java":{"insertions":6,"deletions":3}}},{"hash":"a6c1930cbb4574c245b8e925108649f8dcff3f7b","isMergeCommit":false,"messageTitle":"Add formatting for GUI message box","messageBody":"","fileTypesAndContributionMap":{"java":{"insertions":7,"deletions":0}}},{"hash":"e0c747e5286242f1c6f49ffb43b684b46edfe6fb","isMergeCommit":false,"messageTitle":"Create response class to handle chatbot interactions","messageBody":"This class contains a wrapper around the response to be\ndisplayed to the screen (for GUI) or the console (text)\n","fileTypesAndContributionMap":{"java":{"insertions":35,"deletions":0}}},{"hash":"10994d82b1d17f9f4ac89aa0191281d464646f8f","isMergeCommit":false,"messageTitle":"Migrate chatbot response to use the new class","messageBody":"","fileTypesAndContributionMap":{"java":{"insertions":35,"deletions":32}}},{"hash":"331a318d5356c553c14143ef4f9a467a8dadd9fb","isMergeCommit":false,"messageTitle":"Refactor the chatbot to separate out the text-based methods","messageBody":"","fileTypesAndContributionMap":{"java":{"insertions":11,"deletions":3}}},{"hash":"c3e61f5b443b625fc0b88c67a39b0d07c1c925ca","isMergeCommit":false,"messageTitle":"Refactor the main prompt loop used for text-based to its own method","messageBody":"This allows usage of the chatbot instance for the GUI mode,\nand at the same time preserving the text-based functionality.\n","fileTypesAndContributionMap":{"java":{"insertions":42,"deletions":38}}},{"hash":"5e3034fa7754e2bde2a9ae5fd950eaf6cc3e31d1","isMergeCommit":false,"messageTitle":"Render a testing message box in GUI with user avatar","messageBody":"","fileTypesAndContributionMap":{"java":{"insertions":7,"deletions":0}}}]},{"date":"2024-09-17","commitResults":[{"hash":"bbc0d50ae515acce3bc9c0e7bc36979a44433ec1","isMergeCommit":false,"messageTitle":"Add ability to flip the message box when it is created by the bot","messageBody":"This adds 2 static constructors to create a message box for the\nrespective roles in the chat bot, i.e. the user and the bot.\n\nThe bot\u0027s dialog also has the image and text order\nreversed to be different than the user.\n","fileTypesAndContributionMap":{"java":{"insertions":23,"deletions":0}}},{"hash":"656abec98e20818597cde3490f65f35478152e66","isMergeCommit":false,"messageTitle":"Process user input for GUI and render on the screen","messageBody":"","fileTypesAndContributionMap":{"java":{"insertions":17,"deletions":0}}},{"hash":"b3810121db4b9484804776eb8d829fa37f523d55","isMergeCommit":false,"messageTitle":"Add new main window class for GUI with FXML","messageBody":"This uses FXML to define our window and render\nregions instead of doing it programatically.\n","fileTypesAndContributionMap":{"fxml":{"insertions":44,"deletions":0},"java":{"insertions":46,"deletions":0}}},{"hash":"76f5288ab16ccc5b125a9df59e12646309ec7973","isMergeCommit":false,"messageTitle":"Refactor the GUI application to use FXML and reduce code amount","messageBody":"","fileTypesAndContributionMap":{"java":{"insertions":12,"deletions":81}}}]},{"date":"2024-09-18","commitResults":[{"hash":"49430c152e4af4a0463e84615eac96fd6d5c54f4","isMergeCommit":false,"messageTitle":"Fix double execution of prompt loop method","messageBody":"","fileTypesAndContributionMap":{"java":{"insertions":0,"deletions":1}}},{"hash":"9e008c2c2074356a58755b4d49aefcef3f9ba5fe","isMergeCommit":false,"messageTitle":"Setup and start the chat bot for GUI mode","messageBody":"","fileTypesAndContributionMap":{"java":{"insertions":2,"deletions":0}}},{"hash":"a7f7ebe2bcac3b65459b4b678a9a371399f9f184","isMergeCommit":false,"messageTitle":"Create response class to handle chatbot interactions","messageBody":"This class contains a wrapper around the response to be\ndisplayed to the screen (for GUI) or the console (text)\n","fileTypesAndContributionMap":{"java":{"insertions":35,"deletions":0}}},{"hash":"df28fc098678b673ddb14cf21f71f4db79420682","isMergeCommit":false,"messageTitle":"Migrate chatbot response to use the new class","messageBody":"","fileTypesAndContributionMap":{"java":{"insertions":35,"deletions":32}}},{"hash":"bf6b25449cf7444d06d2774ac53df4256afbd4e8","isMergeCommit":false,"messageTitle":"Refactor commands to return a response","messageBody":"The response contains the output of the chat bot\nthat can then be displayed back to the user.\n","fileTypesAndContributionMap":{"java":{"insertions":16,"deletions":12}}},{"hash":"472e1824f439cf7a3fbf78c023fa53701ceb4123","isMergeCommit":false,"messageTitle":"Refactor the chatbot to separate out the text-based methods","messageBody":"","fileTypesAndContributionMap":{"java":{"insertions":11,"deletions":1}}},{"hash":"a7d805de3ba45a64a56781d094cc66e3ea3ef645","isMergeCommit":false,"messageTitle":"Refactor the main prompt loop used for text-based to its own method","messageBody":"This allows usage of the chatbot instance for the GUI mode,\nand at the same time preserving the text-based functionality.\n","fileTypesAndContributionMap":{"java":{"insertions":42,"deletions":38}}},{"hash":"0621e326418da143c28100f1c71e84fc0b75d263","isMergeCommit":false,"messageTitle":"Fix double execution of prompt loop method","messageBody":"","fileTypesAndContributionMap":{"java":{"insertions":0,"deletions":1}}},{"hash":"cf871c239586463b6bc20583a86da069a9b0eb85","isMergeCommit":false,"messageTitle":"Convert unknown command message to a response","messageBody":"","fileTypesAndContributionMap":{"java":{"insertions":2,"deletions":3}}},{"hash":"b5281be935f754c47131ae29ed315fc868bc672c","isMergeCommit":false,"messageTitle":"Print the command response after executing","messageBody":"","fileTypesAndContributionMap":{"java":{"insertions":4,"deletions":1}}},{"hash":"e3572ffc403ece0bcb17fcb9d5d50be785dab35a","isMergeCommit":false,"messageTitle":"Remove unnecessary string format","messageBody":"","fileTypesAndContributionMap":{"java":{"insertions":1,"deletions":1}}},{"hash":"0bfadbd55336c89254260134445cd4fe12daee45","isMergeCommit":false,"messageTitle":"Convert the mark task feature into its own command","messageBody":"","fileTypesAndContributionMap":{"java":{"insertions":31,"deletions":15}}},{"hash":"e462145fa3691d777853bc75c3172d8ac86cf07b","isMergeCommit":false,"messageTitle":"Convert unmark task to its own command","messageBody":"","fileTypesAndContributionMap":{"java":{"insertions":27,"deletions":16}}},{"hash":"34bb3e58db0db5b7dc4173700d0e06d2ed8c971e","isMergeCommit":false,"messageTitle":"Refactor add task commands to their own commands","messageBody":"","fileTypesAndContributionMap":{"java":{"insertions":125,"deletions":90}}},{"hash":"5373fbb8645e17da9bdbd7dd3d64900724277baf","isMergeCommit":false,"messageTitle":"Return the response on processing user input for chatbot","messageBody":"","fileTypesAndContributionMap":{"java":{"insertions":13,"deletions":13}}},{"hash":"e26850bf040a1fab2fa5777e05d3f867f603c1b4","isMergeCommit":true,"messageTitle":"Merge branch \u0027master\u0027 into branch-Level-10","messageBody":"","fileTypesAndContributionMap":{}},{"hash":"bdb22da99d378693a0c6f8f1a4b9ddb570d38608","isMergeCommit":false,"messageTitle":"Remove printing of greeting and logo from start up","messageBody":"","fileTypesAndContributionMap":{"java":{"insertions":0,"deletions":2}}},{"hash":"7c54ebf478ee320a4e15629878af8cfcbc41ac28","isMergeCommit":false,"messageTitle":"Add chat bot response to GUI instead of placeholder input","messageBody":"","fileTypesAndContributionMap":{"java":{"insertions":6,"deletions":5}}},{"hash":"b2be0d2e0e1aaaab95e6740f2c3ba730072d72a5","isMergeCommit":false,"messageTitle":"Use FXML for message box rendering","messageBody":"","fileTypesAndContributionMap":{"fxml":{"insertions":22,"deletions":0},"java":{"insertions":22,"deletions":13}}},{"hash":"da9733074a9bc9a0eaf4b723ca8133dabecadc6d","isMergeCommit":true,"messageTitle":"Merge branch \u0027branch-Level-10\u0027","messageBody":"","tags":["Level-10"],"fileTypesAndContributionMap":{}},{"hash":"fb2f5422e1d65ba8b01eef616224f5f51b6fa2ac","isMergeCommit":false,"messageTitle":"Use varargs for command arguments","messageBody":"","tags":["A-Varargs"],"fileTypesAndContributionMap":{"java":{"insertions":9,"deletions":9}}},{"hash":"154319e4d8a65a1f78121f1fa156760a12c3cee0","isMergeCommit":false,"messageTitle":"Improve delete task command response code format","messageBody":"","fileTypesAndContributionMap":{"java":{"insertions":2,"deletions":3}}}]}]},"authorFileTypeContributionMap":{"sayomaki":{"java":1282,"md":3,"fxml":66,"sh":2,"bat":2,"gradle":18,"txt":9}},"authorContributionVariance":{"sayomaki":21701.879},"authorDisplayNameMap":{"sayomaki":"CS2103T-F15-3 ZHAN.. YAO"}}
