{"authorDailyContributionsMap":{"wrjgold":[{"date":"2024-08-21","commitResults":[{"hash":"ff111376a50df2328c0656ab45cb057d41df30b2","isMergeCommit":false,"messageTitle":"Rename bot","messageBody":"","fileTypesAndContributionMap":{"java":{"insertions":6,"deletions":10}}}]},{"date":"2024-08-22","commitResults":[{"hash":"e82629669060a720bb486670c039270732648f02","isMergeCommit":false,"messageTitle":"Add greeting and reformat to OOP","messageBody":"","fileTypesAndContributionMap":{"java":{"insertions":20,"deletions":2}}},{"hash":"d632476bc277c0ced066d3019da6c1aa46a04283","isMergeCommit":false,"messageTitle":"Rename greet function","messageBody":"","tags":["Level-0"],"fileTypesAndContributionMap":{"java":{"insertions":2,"deletions":2}}},{"hash":"95f1fff1fa49d31fefc22a1c499234311b34f7d2","isMergeCommit":false,"messageTitle":"Add echo function and exits when user says bye","messageBody":"","tags":["Level-1"],"fileTypesAndContributionMap":{"java":{"insertions":16,"deletions":1}}},{"hash":"691402803e111e74946088054a23ef1ec5463764","isMergeCommit":false,"messageTitle":"implement add and list functions","messageBody":"","fileTypesAndContributionMap":{"java":{"insertions":27,"deletions":2}}}]},{"date":"2024-08-23","commitResults":[{"hash":"230c7f8de175fb31a821f444337875f221dd45a4","isMergeCommit":false,"messageTitle":"Merge echo and addToList, Change to using ArrayList","messageBody":"","tags":["Level-2"],"fileTypesAndContributionMap":{"java":{"insertions":6,"deletions":18}}},{"hash":"65dca61b37cfca48dc7310274f4f62dfffe15c67","isMergeCommit":false,"messageTitle":"Add and implement Task class","messageBody":"","fileTypesAndContributionMap":{"java":{"insertions":25,"deletions":0}}},{"hash":"e4734dfc3497a27c1d7fc0da33fdb4ea498e0bad","isMergeCommit":false,"messageTitle":"Implement marking/unmarking of tasks. Integrate Task class. Refactor code","messageBody":"","tags":["Level-3"],"fileTypesAndContributionMap":{"java":{"insertions":39,"deletions":11}}},{"hash":"af96f4ecd2bc4f5a22ececad6bbc67d647c6a85c","isMergeCommit":false,"messageTitle":"Implement new types of Task: ToDo, Deadline, Event","messageBody":"","fileTypesAndContributionMap":{"java":{"insertions":35,"deletions":0}}},{"hash":"2d1dcc5e0ed303ea650f297161c5c8b72e8a74d7","isMergeCommit":false,"messageTitle":"Handle 3 new task types","messageBody":"","tags":["Level-4"],"fileTypesAndContributionMap":{"java":{"insertions":22,"deletions":5}}},{"hash":"60612f262faafa55339be80b7ad949091a145179","isMergeCommit":false,"messageTitle":"Fix bug where Scanner throws NoSuchElementException","messageBody":"","fileTypesAndContributionMap":{"java":{"insertions":8,"deletions":8}}},{"hash":"9d1f5371c63674461becc5fae1fec63ce662c2e1","isMergeCommit":false,"messageTitle":"Add test cases","messageBody":"","tags":["A-TextUiTesting"],"fileTypesAndContributionMap":{"txt":{"insertions":10,"deletions":0},"bat":{"insertions":1,"deletions":1},"sh":{"insertions":1,"deletions":1}}},{"hash":"e3fc638fb32aaa81d09fee1c4c2ef2db1825331a","isMergeCommit":false,"messageTitle":"Add exception handling","messageBody":"","fileTypesAndContributionMap":{"java":{"insertions":30,"deletions":6}}},{"hash":"f32641d7813ced647616c429236abe91df4228d8","isMergeCommit":false,"messageTitle":"Modify exception handling to be more general","messageBody":"","tags":["Level-5"],"fileTypesAndContributionMap":{"java":{"insertions":28,"deletions":15}}},{"hash":"f43b005810dc68f6e3ae444d040521720c53bc0b","isMergeCommit":false,"messageTitle":"Add function to delete task","messageBody":"","tags":["Level-6"],"fileTypesAndContributionMap":{"java":{"insertions":36,"deletions":8}}}]},{"date":"2024-08-27","commitResults":[{"hash":"d00f4901aa6e92d61c4c55b439da689e876df4f8","isMergeCommit":false,"messageTitle":"Modify dialogue to add personality","messageBody":"","fileTypesAndContributionMap":{"java":{"insertions":11,"deletions":9}}},{"hash":"68270a00b6f545bf23f6e5ac667e3755e7e2d48e","isMergeCommit":false,"messageTitle":"Add enum class for list of available commands","messageBody":"","tags":["A-Enums"],"fileTypesAndContributionMap":{"java":{"insertions":82,"deletions":77}}},{"hash":"264113c8e54e47ce20f36d382b998a65ff14e21f","isMergeCommit":false,"messageTitle":"Add storage class to save results","messageBody":"","fileTypesAndContributionMap":{"java":{"insertions":106,"deletions":3}}},{"hash":"600cc4710e28da65676b06a9cfed8bbfbaba0d4d","isMergeCommit":true,"messageTitle":"Merge branch \u0027branch-Level-7\u0027","messageBody":"","tags":["Level-7"],"fileTypesAndContributionMap":{}},{"hash":"1f90bea8f8a164f39449b5a58a13d030afbcf0dd","isMergeCommit":false,"messageTitle":"Modify tasks to store date time","messageBody":"","fileTypesAndContributionMap":{"java":{"insertions":43,"deletions":17}}},{"hash":"db4445da9105a4c0ddb18819255507c924a464eb","isMergeCommit":true,"messageTitle":"Merge branch \u0027branch-Level-8\u0027","messageBody":"","tags":["Level-8"],"fileTypesAndContributionMap":{}},{"hash":"71d5f36b3e40858c7906098f293d8706789b6d59","isMergeCommit":false,"messageTitle":"Add Ui class","messageBody":"","fileTypesAndContributionMap":{"java":{"insertions":66,"deletions":0}}}]},{"date":"2024-08-28","commitResults":[{"hash":"9b3d5c70a81aa76cf444cc449e3f680963e66830","isMergeCommit":false,"messageTitle":"Add Parser class","messageBody":"","fileTypesAndContributionMap":{"java":{"insertions":74,"deletions":0}}},{"hash":"1b6e10fd54dc8d12ad685fd6615ab19c74eb6ff0","isMergeCommit":false,"messageTitle":"Add UI class","messageBody":"","fileTypesAndContributionMap":{"java":{"insertions":12,"deletions":2}}},{"hash":"c2d8a83d868c92c90d1117416e4deb805c450a35","isMergeCommit":false,"messageTitle":"Add TaskList class","messageBody":"","fileTypesAndContributionMap":{"java":{"insertions":49,"deletions":0}}},{"hash":"e339afbd559aeb64e8c346350f3d6e4c6a67962d","isMergeCommit":false,"messageTitle":"Add various Command classes for abstraction","messageBody":"","fileTypesAndContributionMap":{"java":{"insertions":105,"deletions":0}}},{"hash":"01cc66f4c6778911665a4a6c94d58d48cd554f10","isMergeCommit":false,"messageTitle":"Add IncorrectCommand class","messageBody":"","fileTypesAndContributionMap":{"java":{"insertions":11,"deletions":0}}},{"hash":"ee60004cc216001963a7b8a63933acc06c4c81f1","isMergeCommit":false,"messageTitle":"Modify error message","messageBody":"","fileTypesAndContributionMap":{"java":{"insertions":1,"deletions":1}}},{"hash":"5d844b93b9aded92816775b6b7cd821f9faaa3f7","isMergeCommit":false,"messageTitle":"Modify to utilise more OOP","messageBody":"","fileTypesAndContributionMap":{"java":{"insertions":20,"deletions":159}}},{"hash":"ebdac859b616b0689315866f7db686ae9c84627b","isMergeCommit":true,"messageTitle":"Merge branch \u0027moreOOP\u0027","messageBody":"","tags":["A-MoreOOP"],"fileTypesAndContributionMap":{}},{"hash":"031a85a81af47867704876af9a2af5949b2b6eae","isMergeCommit":false,"messageTitle":"Organize classes into packages","messageBody":"","tags":["A-Packages"],"fileTypesAndContributionMap":{"java":{"insertions":107,"deletions":9}}},{"hash":"3d0d56d4444f3077f5dbd21e21a7a0e0fba232ba","isMergeCommit":true,"messageTitle":"Merge branch \u0027add-gradle-support\u0027","messageBody":"","fileTypesAndContributionMap":{}},{"hash":"ce72f34702edb333fa6dcdca78a279c241078d56","isMergeCommit":false,"messageTitle":"Configure gradle","messageBody":"","tags":["A-Gradle"],"fileTypesAndContributionMap":{"gradle":{"insertions":2,"deletions":2},"java":{"insertions":75,"deletions":75}}},{"hash":"44d0e061e3e9da0e35deda13cf3fd86462993d94","isMergeCommit":false,"messageTitle":"Fix wrong text output","messageBody":"","fileTypesAndContributionMap":{"java":{"insertions":5,"deletions":5}}},{"hash":"63336d0419c14bb442cd483c26bbf810fb71197f","isMergeCommit":false,"messageTitle":"Move TaskList to storage package","messageBody":"","fileTypesAndContributionMap":{"java":{"insertions":18,"deletions":16}}},{"hash":"f0c9ce04081c06db92ca2d59a698a1d4844e0d2e","isMergeCommit":false,"messageTitle":"Add JUnit test cases for TaskList and Parser","messageBody":"","tags":["A-JUnit"],"fileTypesAndContributionMap":{"java":{"insertions":107,"deletions":0}}},{"hash":"6f64bd33877fddab7392a61f19bdbf70fc050546","isMergeCommit":false,"messageTitle":"Rename output jar file","messageBody":"","tags":["A-Jar"],"fileTypesAndContributionMap":{"gradle":{"insertions":1,"deletions":1}}}]}]},"authorFileTypeContributionMap":{"wrjgold":{"java":741,"md":0,"fxml":0,"sh":1,"bat":1,"gradle":2,"txt":10}},"authorContributionVariance":{"wrjgold":61121.44},"authorDisplayNameMap":{"wrjgold":"CS2103T-W12-4 WANG..IJIE"}}
