{"authorDailyContributionsMap":{"wrjgold":[{"date":"2024-08-21","commitResults":[{"hash":"ff111376a50df2328c0656ab45cb057d41df30b2","isMergeCommit":false,"messageTitle":"Rename bot","messageBody":"","fileTypesAndContributionMap":{"java":{"insertions":6,"deletions":10}}}]},{"date":"2024-08-22","commitResults":[{"hash":"e82629669060a720bb486670c039270732648f02","isMergeCommit":false,"messageTitle":"Add greeting and reformat to OOP","messageBody":"","fileTypesAndContributionMap":{"java":{"insertions":20,"deletions":2}}},{"hash":"d632476bc277c0ced066d3019da6c1aa46a04283","isMergeCommit":false,"messageTitle":"Rename greet function","messageBody":"","tags":["Level-0"],"fileTypesAndContributionMap":{"java":{"insertions":2,"deletions":2}}},{"hash":"95f1fff1fa49d31fefc22a1c499234311b34f7d2","isMergeCommit":false,"messageTitle":"Add echo function and exits when user says bye","messageBody":"","tags":["Level-1"],"fileTypesAndContributionMap":{"java":{"insertions":16,"deletions":1}}},{"hash":"691402803e111e74946088054a23ef1ec5463764","isMergeCommit":false,"messageTitle":"implement add and list functions","messageBody":"","fileTypesAndContributionMap":{"java":{"insertions":27,"deletions":2}}}]},{"date":"2024-08-23","commitResults":[{"hash":"230c7f8de175fb31a821f444337875f221dd45a4","isMergeCommit":false,"messageTitle":"Merge echo and addToList, Change to using ArrayList","messageBody":"","tags":["Level-2"],"fileTypesAndContributionMap":{"java":{"insertions":6,"deletions":18}}},{"hash":"65dca61b37cfca48dc7310274f4f62dfffe15c67","isMergeCommit":false,"messageTitle":"Add and implement Task class","messageBody":"","fileTypesAndContributionMap":{"java":{"insertions":25,"deletions":0}}},{"hash":"e4734dfc3497a27c1d7fc0da33fdb4ea498e0bad","isMergeCommit":false,"messageTitle":"Implement marking/unmarking of tasks. Integrate Task class. Refactor code","messageBody":"","tags":["Level-3"],"fileTypesAndContributionMap":{"java":{"insertions":39,"deletions":11}}},{"hash":"af96f4ecd2bc4f5a22ececad6bbc67d647c6a85c","isMergeCommit":false,"messageTitle":"Implement new types of Task: ToDo, Deadline, Event","messageBody":"","fileTypesAndContributionMap":{"java":{"insertions":35,"deletions":0}}},{"hash":"2d1dcc5e0ed303ea650f297161c5c8b72e8a74d7","isMergeCommit":false,"messageTitle":"Handle 3 new task types","messageBody":"","tags":["Level-4"],"fileTypesAndContributionMap":{"java":{"insertions":22,"deletions":5}}},{"hash":"60612f262faafa55339be80b7ad949091a145179","isMergeCommit":false,"messageTitle":"Fix bug where Scanner throws NoSuchElementException","messageBody":"","fileTypesAndContributionMap":{"java":{"insertions":8,"deletions":8}}},{"hash":"9d1f5371c63674461becc5fae1fec63ce662c2e1","isMergeCommit":false,"messageTitle":"Add test cases","messageBody":"","tags":["A-TextUiTesting"],"fileTypesAndContributionMap":{"txt":{"insertions":10,"deletions":0},"bat":{"insertions":1,"deletions":1},"sh":{"insertions":1,"deletions":1}}},{"hash":"e3fc638fb32aaa81d09fee1c4c2ef2db1825331a","isMergeCommit":false,"messageTitle":"Add exception handling","messageBody":"","fileTypesAndContributionMap":{"java":{"insertions":30,"deletions":6}}},{"hash":"f32641d7813ced647616c429236abe91df4228d8","isMergeCommit":false,"messageTitle":"Modify exception handling to be more general","messageBody":"","tags":["Level-5"],"fileTypesAndContributionMap":{"java":{"insertions":28,"deletions":15}}},{"hash":"f43b005810dc68f6e3ae444d040521720c53bc0b","isMergeCommit":false,"messageTitle":"Add function to delete task","messageBody":"","tags":["Level-6"],"fileTypesAndContributionMap":{"java":{"insertions":36,"deletions":8}}}]},{"date":"2024-08-27","commitResults":[{"hash":"d00f4901aa6e92d61c4c55b439da689e876df4f8","isMergeCommit":false,"messageTitle":"Modify dialogue to add personality","messageBody":"","fileTypesAndContributionMap":{"java":{"insertions":11,"deletions":9}}},{"hash":"68270a00b6f545bf23f6e5ac667e3755e7e2d48e","isMergeCommit":false,"messageTitle":"Add enum class for list of available commands","messageBody":"","tags":["A-Enums"],"fileTypesAndContributionMap":{"java":{"insertions":82,"deletions":77}}}]}]},"authorFileTypeContributionMap":{"wrjgold":{"java":229,"md":0,"fxml":0,"sh":1,"bat":1,"gradle":0,"txt":10}},"authorContributionVariance":{"wrjgold":8995.577},"authorDisplayNameMap":{"wrjgold":"CS2103T-W12-4 WANG..IJIE"}}
