[{"path":"src/main/java/FlyChat.java","fileType":"java","lines":[{"lineNumber":1,"author":{"gitId":"Arren11111"},"content":"","lastModifiedDate":"2024-08-28","isFullCredit":false},{"lineNumber":2,"author":{"gitId":"Arren11111"},"content":"import java.util.Scanner;","lastModifiedDate":"2024-08-23","isFullCredit":false},{"lineNumber":3,"author":{"gitId":"Arren11111"},"content":"import java.util.InputMismatchException;","lastModifiedDate":"2024-08-25","isFullCredit":false},{"lineNumber":4,"author":{"gitId":"Arren11111"},"content":"","lastModifiedDate":"2024-08-23","isFullCredit":false},{"lineNumber":5,"author":{"gitId":"Arren11111"},"content":"public class FlyChat {","lastModifiedDate":"2024-08-23","isFullCredit":false},{"lineNumber":6,"author":{"gitId":"Arren11111"},"content":"    private static final String lineBreak \u003d \"\\n--------------------\\n\";","lastModifiedDate":"2024-08-23","isFullCredit":false},{"lineNumber":7,"author":{"gitId":"Arren11111"},"content":"    private static StorageList storageList \u003d new StorageList();","lastModifiedDate":"2024-08-23","isFullCredit":false},{"lineNumber":8,"author":{"gitId":"Arren11111"},"content":"","lastModifiedDate":"2024-08-25","isFullCredit":false},{"lineNumber":9,"author":{"gitId":"Arren11111"},"content":"    /*  Scanner declared here as any instance of closing a Scanner(System.in) instance also closes","lastModifiedDate":"2024-08-25","isFullCredit":false},{"lineNumber":10,"author":{"gitId":"Arren11111"},"content":"        System.in, so we should only declare 1 scanner instance in main */","lastModifiedDate":"2024-08-25","isFullCredit":false},{"lineNumber":11,"author":{"gitId":"Arren11111"},"content":"    private static Scanner userInput \u003d new Scanner(System.in);","lastModifiedDate":"2024-08-25","isFullCredit":false},{"lineNumber":12,"author":{"gitId":"Arren11111"},"content":"    private static boolean isChatOperational \u003d true;","lastModifiedDate":"2024-08-28","isFullCredit":false},{"lineNumber":13,"author":{"gitId":"Arren11111"},"content":"    public static void main(String[] args) {","lastModifiedDate":"2024-08-23","isFullCredit":false},{"lineNumber":14,"author":{"gitId":"Arren11111"},"content":"        start();","lastModifiedDate":"2024-08-23","isFullCredit":false},{"lineNumber":15,"author":{"gitId":"Arren11111"},"content":"        while(isChatOperational) {","lastModifiedDate":"2024-08-28","isFullCredit":false},{"lineNumber":16,"author":{"gitId":"Arren11111"},"content":"            try {","lastModifiedDate":"2024-08-25","isFullCredit":false},{"lineNumber":17,"author":{"gitId":"Arren11111"},"content":"                listManipulation();","lastModifiedDate":"2024-08-23","isFullCredit":false},{"lineNumber":18,"author":{"gitId":"Arren11111"},"content":"            } catch(InputMismatchException e) {","lastModifiedDate":"2024-08-25","isFullCredit":false},{"lineNumber":19,"author":{"gitId":"Arren11111"},"content":"                System.out.println(lineBreak);","lastModifiedDate":"2024-08-25","isFullCredit":false},{"lineNumber":20,"author":{"gitId":"Arren11111"},"content":"                System.out.println(\"I\u0027m not sure what task you want me to do :((\");","lastModifiedDate":"2024-08-25","isFullCredit":false},{"lineNumber":21,"author":{"gitId":"Arren11111"},"content":"                System.out.println(lineBreak);","lastModifiedDate":"2024-08-25","isFullCredit":false},{"lineNumber":22,"author":{"gitId":"Arren11111"},"content":"            }","lastModifiedDate":"2024-08-25","isFullCredit":false},{"lineNumber":23,"author":{"gitId":"Arren11111"},"content":"        }","lastModifiedDate":"2024-08-25","isFullCredit":false},{"lineNumber":24,"author":{"gitId":"Arren11111"},"content":"        end();","lastModifiedDate":"2024-08-23","isFullCredit":false},{"lineNumber":25,"author":{"gitId":"Arren11111"},"content":"    }","lastModifiedDate":"2024-08-23","isFullCredit":false},{"lineNumber":26,"author":{"gitId":"Arren11111"},"content":"","lastModifiedDate":"2024-08-23","isFullCredit":false},{"lineNumber":27,"author":{"gitId":"Arren11111"},"content":"    private static void start() {","lastModifiedDate":"2024-08-23","isFullCredit":false},{"lineNumber":28,"author":{"gitId":"Arren11111"},"content":"        storageList.findSaveFile(\"./src/main/java/save.txt\");","lastModifiedDate":"2024-08-28","isFullCredit":false},{"lineNumber":29,"author":{"gitId":"Arren11111"},"content":"        System.out.println(lineBreak);","lastModifiedDate":"2024-08-23","isFullCredit":false},{"lineNumber":30,"author":{"gitId":"Arren11111"},"content":"        System.out.println(\"Hello! I\u0027m FlyChat\\nWhat can I do for you?\");","lastModifiedDate":"2024-08-25","isFullCredit":false},{"lineNumber":31,"author":{"gitId":"Arren11111"},"content":"        System.out.println(lineBreak);","lastModifiedDate":"2024-08-23","isFullCredit":false},{"lineNumber":32,"author":{"gitId":"Arren11111"},"content":"    }","lastModifiedDate":"2024-08-23","isFullCredit":false},{"lineNumber":33,"author":{"gitId":"Arren11111"},"content":"","lastModifiedDate":"2024-08-23","isFullCredit":false},{"lineNumber":34,"author":{"gitId":"Arren11111"},"content":"    private static void end() {","lastModifiedDate":"2024-08-23","isFullCredit":false},{"lineNumber":35,"author":{"gitId":"Arren11111"},"content":"        System.out.println(lineBreak);","lastModifiedDate":"2024-08-23","isFullCredit":false},{"lineNumber":36,"author":{"gitId":"Arren11111"},"content":"        System.out.println(\"Bye. Hope to see you again soon!\");","lastModifiedDate":"2024-08-23","isFullCredit":false},{"lineNumber":37,"author":{"gitId":"Arren11111"},"content":"        System.out.println(lineBreak);","lastModifiedDate":"2024-08-23","isFullCredit":false},{"lineNumber":38,"author":{"gitId":"Arren11111"},"content":"    }","lastModifiedDate":"2024-08-23","isFullCredit":false},{"lineNumber":39,"author":{"gitId":"Arren11111"},"content":"","lastModifiedDate":"2024-08-23","isFullCredit":false},{"lineNumber":40,"author":{"gitId":"Arren11111"},"content":"    private static void listManipulation() throws InputMismatchException {","lastModifiedDate":"2024-08-25","isFullCredit":false},{"lineNumber":41,"author":{"gitId":"Arren11111"},"content":"        String inputString \u003d userInput.nextLine();","lastModifiedDate":"2024-08-23","isFullCredit":false},{"lineNumber":42,"author":{"gitId":"Arren11111"},"content":"","lastModifiedDate":"2024-08-24","isFullCredit":false},{"lineNumber":43,"author":{"gitId":"Arren11111"},"content":"        //while loop continues scanning until \"bye\" is typed by user","lastModifiedDate":"2024-08-24","isFullCredit":false},{"lineNumber":44,"author":{"gitId":"Arren11111"},"content":"        while (!inputString.equals(\"bye\")) {","lastModifiedDate":"2024-08-23","isFullCredit":false},{"lineNumber":45,"author":{"gitId":"Arren11111"},"content":"            //when user types \"list\", list of tasks is returned","lastModifiedDate":"2024-08-24","isFullCredit":false},{"lineNumber":46,"author":{"gitId":"Arren11111"},"content":"            if(inputString.equals(\"list\")) {","lastModifiedDate":"2024-08-23","isFullCredit":false},{"lineNumber":47,"author":{"gitId":"Arren11111"},"content":"                System.out.println(lineBreak);","lastModifiedDate":"2024-08-23","isFullCredit":false},{"lineNumber":48,"author":{"gitId":"Arren11111"},"content":"                storageList.announceItems();","lastModifiedDate":"2024-08-23","isFullCredit":false},{"lineNumber":49,"author":{"gitId":"Arren11111"},"content":"                System.out.println(lineBreak);","lastModifiedDate":"2024-08-23","isFullCredit":false},{"lineNumber":50,"author":{"gitId":"Arren11111"},"content":"            //when user types \"mark [num]\", the task with index num is marked as done","lastModifiedDate":"2024-08-24","isFullCredit":false},{"lineNumber":51,"author":{"gitId":"Arren11111"},"content":"            } else if (inputString.startsWith(\"mark \")) {","lastModifiedDate":"2024-08-25","isFullCredit":false},{"lineNumber":52,"author":{"gitId":"Arren11111"},"content":"                System.out.println(lineBreak);","lastModifiedDate":"2024-08-24","isFullCredit":false},{"lineNumber":53,"author":{"gitId":"Arren11111"},"content":"                try {","lastModifiedDate":"2024-08-25","isFullCredit":false},{"lineNumber":54,"author":{"gitId":"Arren11111"},"content":"                    storageList.mark(Integer.valueOf(inputString.replaceAll(\"[^0-9]\", \"\")));","lastModifiedDate":"2024-08-24","isFullCredit":false},{"lineNumber":55,"author":{"gitId":"Arren11111"},"content":"                } catch (IndexOutOfBoundsException e) {","lastModifiedDate":"2024-08-25","isFullCredit":false},{"lineNumber":56,"author":{"gitId":"Arren11111"},"content":"                    System.out.println(\"Please ensure that you typed the correct task number\");","lastModifiedDate":"2024-08-25","isFullCredit":false},{"lineNumber":57,"author":{"gitId":"Arren11111"},"content":"                }","lastModifiedDate":"2024-08-25","isFullCredit":false},{"lineNumber":58,"author":{"gitId":"Arren11111"},"content":"                System.out.println(lineBreak);","lastModifiedDate":"2024-08-24","isFullCredit":false},{"lineNumber":59,"author":{"gitId":"Arren11111"},"content":"            //when user types \"unmark [num]\", the task with index num is marked as not done","lastModifiedDate":"2024-08-24","isFullCredit":false},{"lineNumber":60,"author":{"gitId":"Arren11111"},"content":"            } else if (inputString.startsWith(\"unmark \")) {","lastModifiedDate":"2024-08-25","isFullCredit":false},{"lineNumber":61,"author":{"gitId":"Arren11111"},"content":"                System.out.println(lineBreak);","lastModifiedDate":"2024-08-24","isFullCredit":false},{"lineNumber":62,"author":{"gitId":"Arren11111"},"content":"                try {","lastModifiedDate":"2024-08-25","isFullCredit":false},{"lineNumber":63,"author":{"gitId":"Arren11111"},"content":"                    storageList.unmark(Integer.valueOf(inputString.replaceAll(\"[^0-9]\", \"\")));","lastModifiedDate":"2024-08-24","isFullCredit":false},{"lineNumber":64,"author":{"gitId":"Arren11111"},"content":"                } catch (IndexOutOfBoundsException e) {","lastModifiedDate":"2024-08-25","isFullCredit":false},{"lineNumber":65,"author":{"gitId":"Arren11111"},"content":"                    System.out.println(\"Please ensure that you typed the correct task number\");","lastModifiedDate":"2024-08-25","isFullCredit":false},{"lineNumber":66,"author":{"gitId":"Arren11111"},"content":"                }","lastModifiedDate":"2024-08-25","isFullCredit":false},{"lineNumber":67,"author":{"gitId":"Arren11111"},"content":"                System.out.println(lineBreak);","lastModifiedDate":"2024-08-24","isFullCredit":false},{"lineNumber":68,"author":{"gitId":"Arren11111"},"content":"            //when user types todo/deadline/event at the start, a new corresponding task is created","lastModifiedDate":"2024-08-25","isFullCredit":false},{"lineNumber":69,"author":{"gitId":"Arren11111"},"content":"            } else if (inputString.startsWith(\"todo \") || inputString.startsWith(\"deadline \") || ","lastModifiedDate":"2024-08-25","isFullCredit":false},{"lineNumber":70,"author":{"gitId":"Arren11111"},"content":"                        inputString.startsWith(\"event \")) {","lastModifiedDate":"2024-08-25","isFullCredit":false},{"lineNumber":71,"author":{"gitId":"Arren11111"},"content":"                System.out.println(lineBreak);","lastModifiedDate":"2024-08-23","isFullCredit":false},{"lineNumber":72,"author":{"gitId":"Arren11111"},"content":"                storageList.addTask(inputString);","lastModifiedDate":"2024-08-25","isFullCredit":false},{"lineNumber":73,"author":{"gitId":"Arren11111"},"content":"                System.out.println(lineBreak);","lastModifiedDate":"2024-08-23","isFullCredit":false},{"lineNumber":74,"author":{"gitId":"Arren11111"},"content":"            //when user types \"delete [num]\", the task with the index num is removed","lastModifiedDate":"2024-08-25","isFullCredit":false},{"lineNumber":75,"author":{"gitId":"Arren11111"},"content":"            } else if (inputString.startsWith(\"delete \")) {","lastModifiedDate":"2024-08-25","isFullCredit":false},{"lineNumber":76,"author":{"gitId":"Arren11111"},"content":"                System.out.println(lineBreak);","lastModifiedDate":"2024-08-25","isFullCredit":false},{"lineNumber":77,"author":{"gitId":"Arren11111"},"content":"                try {","lastModifiedDate":"2024-08-25","isFullCredit":false},{"lineNumber":78,"author":{"gitId":"Arren11111"},"content":"                    storageList.deleteTask(Integer.valueOf(inputString.replaceAll(\"[^0-9]\", \"\")));","lastModifiedDate":"2024-08-25","isFullCredit":false},{"lineNumber":79,"author":{"gitId":"Arren11111"},"content":"                } catch (IndexOutOfBoundsException e) {","lastModifiedDate":"2024-08-25","isFullCredit":false},{"lineNumber":80,"author":{"gitId":"Arren11111"},"content":"                    System.out.println(\"Please ensure that you typed the correct task number\");","lastModifiedDate":"2024-08-25","isFullCredit":false},{"lineNumber":81,"author":{"gitId":"Arren11111"},"content":"                }","lastModifiedDate":"2024-08-25","isFullCredit":false},{"lineNumber":82,"author":{"gitId":"Arren11111"},"content":"                System.out.println(lineBreak);","lastModifiedDate":"2024-08-25","isFullCredit":false},{"lineNumber":83,"author":{"gitId":"Arren11111"},"content":"            } else {","lastModifiedDate":"2024-08-25","isFullCredit":false},{"lineNumber":84,"author":{"gitId":"Arren11111"},"content":"                throw new InputMismatchException(\"Invalid input command\");","lastModifiedDate":"2024-08-25","isFullCredit":false},{"lineNumber":85,"author":{"gitId":"Arren11111"},"content":"            }","lastModifiedDate":"2024-08-23","isFullCredit":false},{"lineNumber":86,"author":{"gitId":"Arren11111"},"content":"            inputString \u003d userInput.nextLine();","lastModifiedDate":"2024-08-23","isFullCredit":false},{"lineNumber":87,"author":{"gitId":"Arren11111"},"content":"        }","lastModifiedDate":"2024-08-23","isFullCredit":false},{"lineNumber":88,"author":{"gitId":"Arren11111"},"content":"        isChatOperational \u003d false;","lastModifiedDate":"2024-08-28","isFullCredit":false},{"lineNumber":89,"author":{"gitId":"Arren11111"},"content":"    }","lastModifiedDate":"2024-08-23","isFullCredit":false},{"lineNumber":90,"author":{"gitId":"Arren11111"},"content":"}","lastModifiedDate":"2024-08-23","isFullCredit":false}],"authorContributionMap":{"Arren11111":90}},{"path":"src/main/java/StorageList.java","fileType":"java","lines":[{"lineNumber":1,"author":{"gitId":"Arren11111"},"content":"","lastModifiedDate":"2024-08-28","isFullCredit":false},{"lineNumber":2,"author":{"gitId":"Arren11111"},"content":"import java.util.InputMismatchException;","lastModifiedDate":"2024-08-28","isFullCredit":false},{"lineNumber":3,"author":{"gitId":"Arren11111"},"content":"import java.util.Scanner;","lastModifiedDate":"2024-08-28","isFullCredit":false},{"lineNumber":4,"author":{"gitId":"Arren11111"},"content":"","lastModifiedDate":"2024-08-28","isFullCredit":false},{"lineNumber":5,"author":{"gitId":"Arren11111"},"content":"import Tasks.Deadline;","lastModifiedDate":"2024-08-28","isFullCredit":false},{"lineNumber":6,"author":{"gitId":"Arren11111"},"content":"import Tasks.Event;","lastModifiedDate":"2024-08-28","isFullCredit":false},{"lineNumber":7,"author":{"gitId":"Arren11111"},"content":"import Tasks.Task;","lastModifiedDate":"2024-08-28","isFullCredit":false},{"lineNumber":8,"author":{"gitId":"Arren11111"},"content":"import Tasks.Todo;","lastModifiedDate":"2024-08-28","isFullCredit":false},{"lineNumber":9,"author":{"gitId":"Arren11111"},"content":"","lastModifiedDate":"2024-08-28","isFullCredit":false},{"lineNumber":10,"author":{"gitId":"Arren11111"},"content":"import java.util.ArrayList;","lastModifiedDate":"2024-08-28","isFullCredit":false},{"lineNumber":11,"author":{"gitId":"Arren11111"},"content":"import java.io.BufferedWriter;","lastModifiedDate":"2024-08-28","isFullCredit":false},{"lineNumber":12,"author":{"gitId":"Arren11111"},"content":"import java.io.File;","lastModifiedDate":"2024-08-28","isFullCredit":false},{"lineNumber":13,"author":{"gitId":"Arren11111"},"content":"import java.io.FileWriter;","lastModifiedDate":"2024-08-28","isFullCredit":false},{"lineNumber":14,"author":{"gitId":"Arren11111"},"content":"import java.io.IOException;","lastModifiedDate":"2024-08-28","isFullCredit":false},{"lineNumber":15,"author":{"gitId":"Arren11111"},"content":"","lastModifiedDate":"2024-08-28","isFullCredit":false},{"lineNumber":16,"author":{"gitId":"Arren11111"},"content":"public class StorageList {","lastModifiedDate":"2024-08-28","isFullCredit":false},{"lineNumber":17,"author":{"gitId":"Arren11111"},"content":"    private ArrayList\u003cTask\u003e storageList;","lastModifiedDate":"2024-08-28","isFullCredit":false},{"lineNumber":18,"author":{"gitId":"Arren11111"},"content":"    private File saveFile;","lastModifiedDate":"2024-08-28","isFullCredit":false},{"lineNumber":19,"author":{"gitId":"Arren11111"},"content":"","lastModifiedDate":"2024-08-28","isFullCredit":false},{"lineNumber":20,"author":{"gitId":"Arren11111"},"content":"    public StorageList() {","lastModifiedDate":"2024-08-28","isFullCredit":false},{"lineNumber":21,"author":{"gitId":"Arren11111"},"content":"        this.storageList \u003d new ArrayList\u003c\u003e();","lastModifiedDate":"2024-08-28","isFullCredit":false},{"lineNumber":22,"author":{"gitId":"Arren11111"},"content":"    }","lastModifiedDate":"2024-08-28","isFullCredit":false},{"lineNumber":23,"author":{"gitId":"Arren11111"},"content":"","lastModifiedDate":"2024-08-28","isFullCredit":false},{"lineNumber":24,"author":{"gitId":"Arren11111"},"content":"    public void addTask(String str) {","lastModifiedDate":"2024-08-28","isFullCredit":false},{"lineNumber":25,"author":{"gitId":"Arren11111"},"content":"        if (str.startsWith(\"todo\")) {","lastModifiedDate":"2024-08-28","isFullCredit":false},{"lineNumber":26,"author":{"gitId":"Arren11111"},"content":"            String textString \u003d str.substring(4);","lastModifiedDate":"2024-08-28","isFullCredit":false},{"lineNumber":27,"author":{"gitId":"Arren11111"},"content":"","lastModifiedDate":"2024-08-28","isFullCredit":false},{"lineNumber":28,"author":{"gitId":"Arren11111"},"content":"            try {","lastModifiedDate":"2024-08-28","isFullCredit":false},{"lineNumber":29,"author":{"gitId":"Arren11111"},"content":"                Todo newToDo \u003d Todo.createNewTodo(textString);","lastModifiedDate":"2024-08-28","isFullCredit":false},{"lineNumber":30,"author":{"gitId":"Arren11111"},"content":"                this.addToList(newToDo);","lastModifiedDate":"2024-08-28","isFullCredit":false},{"lineNumber":31,"author":{"gitId":"Arren11111"},"content":"                this.writeToSave();","lastModifiedDate":"2024-08-28","isFullCredit":false},{"lineNumber":32,"author":{"gitId":"Arren11111"},"content":"                System.out.println(\"Task added:\\n  \" + newToDo + \"\\nNow you have \" + storageList.size() ","lastModifiedDate":"2024-08-28","isFullCredit":false},{"lineNumber":33,"author":{"gitId":"Arren11111"},"content":"                        + \" tasks in the list. HAVE FUN ^o^\");","lastModifiedDate":"2024-08-28","isFullCredit":false},{"lineNumber":34,"author":{"gitId":"Arren11111"},"content":"            } catch(InputMismatchException e) {","lastModifiedDate":"2024-08-28","isFullCredit":false},{"lineNumber":35,"author":{"gitId":"Arren11111"},"content":"                System.out.println(\"Please ensure your todo has a description TT\");","lastModifiedDate":"2024-08-28","isFullCredit":false},{"lineNumber":36,"author":{"gitId":"Arren11111"},"content":"            }","lastModifiedDate":"2024-08-28","isFullCredit":false},{"lineNumber":37,"author":{"gitId":"Arren11111"},"content":"","lastModifiedDate":"2024-08-28","isFullCredit":false},{"lineNumber":38,"author":{"gitId":"Arren11111"},"content":"        } else if (str.startsWith(\"event\")) {","lastModifiedDate":"2024-08-28","isFullCredit":false},{"lineNumber":39,"author":{"gitId":"Arren11111"},"content":"            String textString \u003d str.substring(5);","lastModifiedDate":"2024-08-28","isFullCredit":false},{"lineNumber":40,"author":{"gitId":"Arren11111"},"content":"","lastModifiedDate":"2024-08-28","isFullCredit":false},{"lineNumber":41,"author":{"gitId":"Arren11111"},"content":"            try {","lastModifiedDate":"2024-08-28","isFullCredit":false},{"lineNumber":42,"author":{"gitId":"Arren11111"},"content":"                Event newEvent \u003d Event.createNewEvent(textString);","lastModifiedDate":"2024-08-28","isFullCredit":false},{"lineNumber":43,"author":{"gitId":"Arren11111"},"content":"                this.addToList(newEvent);","lastModifiedDate":"2024-08-28","isFullCredit":false},{"lineNumber":44,"author":{"gitId":"Arren11111"},"content":"                this.writeToSave();","lastModifiedDate":"2024-08-28","isFullCredit":false},{"lineNumber":45,"author":{"gitId":"Arren11111"},"content":"                System.out.println(\"Task added:\\n  \" + newEvent + \"\\nNow you have \" + storageList.size() ","lastModifiedDate":"2024-08-28","isFullCredit":false},{"lineNumber":46,"author":{"gitId":"Arren11111"},"content":"                        + \" tasks in the list. HAVE FUN ^o^\");","lastModifiedDate":"2024-08-28","isFullCredit":false},{"lineNumber":47,"author":{"gitId":"Arren11111"},"content":"            } catch(InputMismatchException e) {","lastModifiedDate":"2024-08-28","isFullCredit":false},{"lineNumber":48,"author":{"gitId":"Arren11111"},"content":"                System.out.println(\"Please ensure your event has a description, a start and end time TT\");","lastModifiedDate":"2024-08-28","isFullCredit":false},{"lineNumber":49,"author":{"gitId":"Arren11111"},"content":"            }","lastModifiedDate":"2024-08-28","isFullCredit":false},{"lineNumber":50,"author":{"gitId":"Arren11111"},"content":"            ","lastModifiedDate":"2024-08-28","isFullCredit":false},{"lineNumber":51,"author":{"gitId":"Arren11111"},"content":"        } else {    /* remaining case is deadline task cases */","lastModifiedDate":"2024-08-28","isFullCredit":false},{"lineNumber":52,"author":{"gitId":"Arren11111"},"content":"            String textString \u003d str.substring(8);","lastModifiedDate":"2024-08-28","isFullCredit":false},{"lineNumber":53,"author":{"gitId":"Arren11111"},"content":"","lastModifiedDate":"2024-08-28","isFullCredit":false},{"lineNumber":54,"author":{"gitId":"Arren11111"},"content":"            try {","lastModifiedDate":"2024-08-28","isFullCredit":false},{"lineNumber":55,"author":{"gitId":"Arren11111"},"content":"                Deadline newDeadline \u003d Deadline.createNewDeadline(textString);","lastModifiedDate":"2024-08-28","isFullCredit":false},{"lineNumber":56,"author":{"gitId":"Arren11111"},"content":"                this.addToList(newDeadline);","lastModifiedDate":"2024-08-28","isFullCredit":false},{"lineNumber":57,"author":{"gitId":"Arren11111"},"content":"                this.writeToSave();","lastModifiedDate":"2024-08-28","isFullCredit":false},{"lineNumber":58,"author":{"gitId":"Arren11111"},"content":"                System.out.println(\"Task added:\\n  \" + newDeadline + \"\\nNow you have \" + storageList.size() ","lastModifiedDate":"2024-08-28","isFullCredit":false},{"lineNumber":59,"author":{"gitId":"Arren11111"},"content":"                        + \" tasks in the list. HAVE FUN ^o^\");","lastModifiedDate":"2024-08-28","isFullCredit":false},{"lineNumber":60,"author":{"gitId":"Arren11111"},"content":"            } catch(InputMismatchException e) {","lastModifiedDate":"2024-08-28","isFullCredit":false},{"lineNumber":61,"author":{"gitId":"Arren11111"},"content":"                System.out.println(\"Please ensure your deadline has a description and a end date TT\");","lastModifiedDate":"2024-08-28","isFullCredit":false},{"lineNumber":62,"author":{"gitId":"Arren11111"},"content":"            }","lastModifiedDate":"2024-08-28","isFullCredit":false},{"lineNumber":63,"author":{"gitId":"Arren11111"},"content":"        }","lastModifiedDate":"2024-08-28","isFullCredit":false},{"lineNumber":64,"author":{"gitId":"Arren11111"},"content":"    }","lastModifiedDate":"2024-08-28","isFullCredit":false},{"lineNumber":65,"author":{"gitId":"Arren11111"},"content":"","lastModifiedDate":"2024-08-28","isFullCredit":false},{"lineNumber":66,"author":{"gitId":"Arren11111"},"content":"    public void announceItems() {","lastModifiedDate":"2024-08-28","isFullCredit":false},{"lineNumber":67,"author":{"gitId":"Arren11111"},"content":"        //i is used to print out the index of each item so it has to be incremented","lastModifiedDate":"2024-08-28","isFullCredit":false},{"lineNumber":68,"author":{"gitId":"Arren11111"},"content":"        for (int i \u003d 0; i \u003c storageList.size(); i++) {","lastModifiedDate":"2024-08-28","isFullCredit":false},{"lineNumber":69,"author":{"gitId":"Arren11111"},"content":"            System.out.println((i + 1) + \". \" + storageList.get(i) + \"\\n\");","lastModifiedDate":"2024-08-28","isFullCredit":false},{"lineNumber":70,"author":{"gitId":"Arren11111"},"content":"        }","lastModifiedDate":"2024-08-28","isFullCredit":false},{"lineNumber":71,"author":{"gitId":"Arren11111"},"content":"    }","lastModifiedDate":"2024-08-28","isFullCredit":false},{"lineNumber":72,"author":{"gitId":"Arren11111"},"content":"","lastModifiedDate":"2024-08-28","isFullCredit":false},{"lineNumber":73,"author":{"gitId":"Arren11111"},"content":"    public void mark(int index) throws IndexOutOfBoundsException {","lastModifiedDate":"2024-08-28","isFullCredit":false},{"lineNumber":74,"author":{"gitId":"Arren11111"},"content":"        //index - 1 because task list displayed to user starts from 1","lastModifiedDate":"2024-08-28","isFullCredit":false},{"lineNumber":75,"author":{"gitId":"Arren11111"},"content":"        storageList.get(index - 1).completeTask();","lastModifiedDate":"2024-08-28","isFullCredit":false},{"lineNumber":76,"author":{"gitId":"Arren11111"},"content":"        System.out.println(\"I\u0027ve marked the task as done ^o^ :\\n  \" + storageList.get(index - 1).toString());","lastModifiedDate":"2024-08-28","isFullCredit":false},{"lineNumber":77,"author":{"gitId":"Arren11111"},"content":"        this.writeToSave();","lastModifiedDate":"2024-08-28","isFullCredit":false},{"lineNumber":78,"author":{"gitId":"Arren11111"},"content":"    }","lastModifiedDate":"2024-08-28","isFullCredit":false},{"lineNumber":79,"author":{"gitId":"Arren11111"},"content":"","lastModifiedDate":"2024-08-28","isFullCredit":false},{"lineNumber":80,"author":{"gitId":"Arren11111"},"content":"    public void unmark(int index) throws IndexOutOfBoundsException {","lastModifiedDate":"2024-08-28","isFullCredit":false},{"lineNumber":81,"author":{"gitId":"Arren11111"},"content":"        //index - 1 because task list displayed to user starts from 1","lastModifiedDate":"2024-08-28","isFullCredit":false},{"lineNumber":82,"author":{"gitId":"Arren11111"},"content":"        storageList.get(index - 1).uncompleteTask();","lastModifiedDate":"2024-08-28","isFullCredit":false},{"lineNumber":83,"author":{"gitId":"Arren11111"},"content":"        System.out.println(\"I\u0027ve marked the task as not done T.T :\\n  \" + storageList.get(index - 1).toString());","lastModifiedDate":"2024-08-28","isFullCredit":false},{"lineNumber":84,"author":{"gitId":"Arren11111"},"content":"        this.writeToSave();","lastModifiedDate":"2024-08-28","isFullCredit":false},{"lineNumber":85,"author":{"gitId":"Arren11111"},"content":"    }","lastModifiedDate":"2024-08-28","isFullCredit":false},{"lineNumber":86,"author":{"gitId":"Arren11111"},"content":"","lastModifiedDate":"2024-08-28","isFullCredit":false},{"lineNumber":87,"author":{"gitId":"Arren11111"},"content":"    public void deleteTask(int index) throws IndexOutOfBoundsException{","lastModifiedDate":"2024-08-28","isFullCredit":false},{"lineNumber":88,"author":{"gitId":"Arren11111"},"content":"        Task targetTask \u003d storageList.get(index - 1);","lastModifiedDate":"2024-08-28","isFullCredit":false},{"lineNumber":89,"author":{"gitId":"Arren11111"},"content":"        storageList.remove(targetTask);","lastModifiedDate":"2024-08-28","isFullCredit":false},{"lineNumber":90,"author":{"gitId":"Arren11111"},"content":"        System.out.println(\"Task removed:\\n  \" + targetTask + \"\\nNow you have \" + storageList.size() ","lastModifiedDate":"2024-08-28","isFullCredit":false},{"lineNumber":91,"author":{"gitId":"Arren11111"},"content":"                + \" tasks in the list. SOLDIER ON! ^o^\");","lastModifiedDate":"2024-08-28","isFullCredit":false},{"lineNumber":92,"author":{"gitId":"Arren11111"},"content":"        this.writeToSave();","lastModifiedDate":"2024-08-28","isFullCredit":false},{"lineNumber":93,"author":{"gitId":"Arren11111"},"content":"    }","lastModifiedDate":"2024-08-28","isFullCredit":false},{"lineNumber":94,"author":{"gitId":"Arren11111"},"content":"","lastModifiedDate":"2024-08-28","isFullCredit":false},{"lineNumber":95,"author":{"gitId":"Arren11111"},"content":"    public void findSaveFile(String filePath) {","lastModifiedDate":"2024-08-28","isFullCredit":false},{"lineNumber":96,"author":{"gitId":"Arren11111"},"content":"        try {","lastModifiedDate":"2024-08-28","isFullCredit":false},{"lineNumber":97,"author":{"gitId":"Arren11111"},"content":"            saveFile \u003d new File(filePath);","lastModifiedDate":"2024-08-28","isFullCredit":false},{"lineNumber":98,"author":{"gitId":"Arren11111"},"content":"            if (saveFile.createNewFile()) {","lastModifiedDate":"2024-08-28","isFullCredit":false},{"lineNumber":99,"author":{"gitId":"Arren11111"},"content":"                return;","lastModifiedDate":"2024-08-28","isFullCredit":false},{"lineNumber":100,"author":{"gitId":"Arren11111"},"content":"            } else {","lastModifiedDate":"2024-08-28","isFullCredit":false},{"lineNumber":101,"author":{"gitId":"Arren11111"},"content":"                try {","lastModifiedDate":"2024-08-28","isFullCredit":false},{"lineNumber":102,"author":{"gitId":"Arren11111"},"content":"                    Scanner saveReader \u003d new Scanner(saveFile);","lastModifiedDate":"2024-08-28","isFullCredit":false},{"lineNumber":103,"author":{"gitId":"Arren11111"},"content":"                    while (saveReader.hasNextLine()) {","lastModifiedDate":"2024-08-28","isFullCredit":false},{"lineNumber":104,"author":{"gitId":"Arren11111"},"content":"                        this.addTaskFromFile(saveReader.nextLine());","lastModifiedDate":"2024-08-28","isFullCredit":false},{"lineNumber":105,"author":{"gitId":"Arren11111"},"content":"                    }","lastModifiedDate":"2024-08-28","isFullCredit":false},{"lineNumber":106,"author":{"gitId":"Arren11111"},"content":"                    saveReader.close();","lastModifiedDate":"2024-08-28","isFullCredit":false},{"lineNumber":107,"author":{"gitId":"Arren11111"},"content":"                } catch (IOException e) {","lastModifiedDate":"2024-08-28","isFullCredit":false},{"lineNumber":108,"author":{"gitId":"Arren11111"},"content":"                    System.err.println(e.getMessage());","lastModifiedDate":"2024-08-28","isFullCredit":false},{"lineNumber":109,"author":{"gitId":"Arren11111"},"content":"                    saveFile.delete();","lastModifiedDate":"2024-08-28","isFullCredit":false},{"lineNumber":110,"author":{"gitId":"Arren11111"},"content":"                    saveFile.createNewFile();","lastModifiedDate":"2024-08-28","isFullCredit":false},{"lineNumber":111,"author":{"gitId":"Arren11111"},"content":"                }","lastModifiedDate":"2024-08-28","isFullCredit":false},{"lineNumber":112,"author":{"gitId":"Arren11111"},"content":"            }","lastModifiedDate":"2024-08-28","isFullCredit":false},{"lineNumber":113,"author":{"gitId":"Arren11111"},"content":"        } catch (IOException e) {","lastModifiedDate":"2024-08-28","isFullCredit":false},{"lineNumber":114,"author":{"gitId":"Arren11111"},"content":"            System.out.println(\"Save file could not be created. Info will not be saved.\");","lastModifiedDate":"2024-08-28","isFullCredit":false},{"lineNumber":115,"author":{"gitId":"Arren11111"},"content":"        }","lastModifiedDate":"2024-08-28","isFullCredit":false},{"lineNumber":116,"author":{"gitId":"Arren11111"},"content":"    }","lastModifiedDate":"2024-08-28","isFullCredit":false},{"lineNumber":117,"author":{"gitId":"Arren11111"},"content":"","lastModifiedDate":"2024-08-28","isFullCredit":false},{"lineNumber":118,"author":{"gitId":"Arren11111"},"content":"    private void addTaskFromFile(String str) throws IOException {","lastModifiedDate":"2024-08-28","isFullCredit":false},{"lineNumber":119,"author":{"gitId":"Arren11111"},"content":"        boolean isCompleted \u003d false;","lastModifiedDate":"2024-08-28","isFullCredit":false},{"lineNumber":120,"author":{"gitId":"Arren11111"},"content":"        try {","lastModifiedDate":"2024-08-28","isFullCredit":false},{"lineNumber":121,"author":{"gitId":"Arren11111"},"content":"            if (str.charAt(4) \u003d\u003d \u0027X\u0027) {","lastModifiedDate":"2024-08-28","isFullCredit":false},{"lineNumber":122,"author":{"gitId":"Arren11111"},"content":"                isCompleted \u003d true;","lastModifiedDate":"2024-08-28","isFullCredit":false},{"lineNumber":123,"author":{"gitId":"Arren11111"},"content":"            }","lastModifiedDate":"2024-08-28","isFullCredit":false},{"lineNumber":124,"author":{"gitId":"Arren11111"},"content":"        } catch (IndexOutOfBoundsException e) {","lastModifiedDate":"2024-08-28","isFullCredit":false},{"lineNumber":125,"author":{"gitId":"Arren11111"},"content":"            throw new IOException(\"Save file has been corrupted. Save progress will be reset\");","lastModifiedDate":"2024-08-28","isFullCredit":false},{"lineNumber":126,"author":{"gitId":"Arren11111"},"content":"        }","lastModifiedDate":"2024-08-28","isFullCredit":false},{"lineNumber":127,"author":{"gitId":"Arren11111"},"content":"        ","lastModifiedDate":"2024-08-28","isFullCredit":false},{"lineNumber":128,"author":{"gitId":"Arren11111"},"content":"","lastModifiedDate":"2024-08-28","isFullCredit":false},{"lineNumber":129,"author":{"gitId":"Arren11111"},"content":"        //format the task string properly using regex","lastModifiedDate":"2024-08-28","isFullCredit":false},{"lineNumber":130,"author":{"gitId":"Arren11111"},"content":"        if (str.startsWith(\"[T]\")) {","lastModifiedDate":"2024-08-28","isFullCredit":false},{"lineNumber":131,"author":{"gitId":"Arren11111"},"content":"            //To-do case","lastModifiedDate":"2024-08-28","isFullCredit":false},{"lineNumber":132,"author":{"gitId":"Arren11111"},"content":"            String description \u003d str.replaceAll(\".*]\\\\s\", \"\");","lastModifiedDate":"2024-08-28","isFullCredit":false},{"lineNumber":133,"author":{"gitId":"Arren11111"},"content":"            this.addToList(Todo.createNewTodo(description, isCompleted));","lastModifiedDate":"2024-08-28","isFullCredit":false},{"lineNumber":134,"author":{"gitId":"Arren11111"},"content":"        } else if (str.startsWith(\"[D]\")) {","lastModifiedDate":"2024-08-28","isFullCredit":false},{"lineNumber":135,"author":{"gitId":"Arren11111"},"content":"            //Deadline case","lastModifiedDate":"2024-08-28","isFullCredit":false},{"lineNumber":136,"author":{"gitId":"Arren11111"},"content":"            String description \u003d str.replaceAll(\".*]\\\\s|\\\\s\\\\(.*\", \"\");","lastModifiedDate":"2024-08-28","isFullCredit":false},{"lineNumber":137,"author":{"gitId":"Arren11111"},"content":"            String deadline \u003d str.replaceAll(\".*by:\\\\s|\\\\)\", \"\");","lastModifiedDate":"2024-08-28","isFullCredit":false},{"lineNumber":138,"author":{"gitId":"Arren11111"},"content":"            this.addToList(Deadline.createNewDeadline(description, deadline, isCompleted));","lastModifiedDate":"2024-08-28","isFullCredit":false},{"lineNumber":139,"author":{"gitId":"Arren11111"},"content":"        } else if (str.startsWith(\"[E]\")) {","lastModifiedDate":"2024-08-28","isFullCredit":false},{"lineNumber":140,"author":{"gitId":"Arren11111"},"content":"            //Event case","lastModifiedDate":"2024-08-28","isFullCredit":false},{"lineNumber":141,"author":{"gitId":"Arren11111"},"content":"            String description \u003d str.replaceAll(\".*]\\\\s|\\\\s\\\\(.*\", \"\");","lastModifiedDate":"2024-08-28","isFullCredit":false},{"lineNumber":142,"author":{"gitId":"Arren11111"},"content":"            String startTime \u003d str.replaceAll(\".*from:\\\\s|\\\\sto:.*\", \"\");","lastModifiedDate":"2024-08-28","isFullCredit":false},{"lineNumber":143,"author":{"gitId":"Arren11111"},"content":"            String endTime \u003d str.replaceAll(\".*to:\\\\s|\\\\)\", \"\");","lastModifiedDate":"2024-08-28","isFullCredit":false},{"lineNumber":144,"author":{"gitId":"Arren11111"},"content":"            this.addToList(Event.createNewEvent(description, startTime, endTime, isCompleted));","lastModifiedDate":"2024-08-28","isFullCredit":false},{"lineNumber":145,"author":{"gitId":"Arren11111"},"content":"        } else {","lastModifiedDate":"2024-08-28","isFullCredit":false},{"lineNumber":146,"author":{"gitId":"Arren11111"},"content":"            throw new IOException(\"Save file has been corrupted. Save progress will be reset\");","lastModifiedDate":"2024-08-28","isFullCredit":false},{"lineNumber":147,"author":{"gitId":"Arren11111"},"content":"        }","lastModifiedDate":"2024-08-28","isFullCredit":false},{"lineNumber":148,"author":{"gitId":"Arren11111"},"content":"    }","lastModifiedDate":"2024-08-28","isFullCredit":false},{"lineNumber":149,"author":{"gitId":"Arren11111"},"content":"    ","lastModifiedDate":"2024-08-28","isFullCredit":false},{"lineNumber":150,"author":{"gitId":"Arren11111"},"content":"    private void addToList(Task task) {","lastModifiedDate":"2024-08-28","isFullCredit":false},{"lineNumber":151,"author":{"gitId":"Arren11111"},"content":"        storageList.add(task);","lastModifiedDate":"2024-08-28","isFullCredit":false},{"lineNumber":152,"author":{"gitId":"Arren11111"},"content":"    }","lastModifiedDate":"2024-08-28","isFullCredit":false},{"lineNumber":153,"author":{"gitId":"Arren11111"},"content":"","lastModifiedDate":"2024-08-28","isFullCredit":false},{"lineNumber":154,"author":{"gitId":"Arren11111"},"content":"    private void writeToSave() {","lastModifiedDate":"2024-08-28","isFullCredit":false},{"lineNumber":155,"author":{"gitId":"Arren11111"},"content":"        //Replaces old file with a new file with updated contents","lastModifiedDate":"2024-08-28","isFullCredit":false},{"lineNumber":156,"author":{"gitId":"Arren11111"},"content":"        try {","lastModifiedDate":"2024-08-28","isFullCredit":false},{"lineNumber":157,"author":{"gitId":"Arren11111"},"content":"            File tmp \u003d File.createTempFile(\"tmp\", \"\");","lastModifiedDate":"2024-08-28","isFullCredit":false},{"lineNumber":158,"author":{"gitId":"Arren11111"},"content":"            BufferedWriter writer \u003d new BufferedWriter(new FileWriter(tmp));","lastModifiedDate":"2024-08-28","isFullCredit":false},{"lineNumber":159,"author":{"gitId":"Arren11111"},"content":"            for (Task t : storageList) {","lastModifiedDate":"2024-08-28","isFullCredit":false},{"lineNumber":160,"author":{"gitId":"Arren11111"},"content":"                writer.write(t + System.lineSeparator());","lastModifiedDate":"2024-08-28","isFullCredit":false},{"lineNumber":161,"author":{"gitId":"Arren11111"},"content":"            }","lastModifiedDate":"2024-08-28","isFullCredit":false},{"lineNumber":162,"author":{"gitId":"Arren11111"},"content":"            writer.close();","lastModifiedDate":"2024-08-28","isFullCredit":false},{"lineNumber":163,"author":{"gitId":"Arren11111"},"content":"            if(saveFile.delete()) {","lastModifiedDate":"2024-08-28","isFullCredit":false},{"lineNumber":164,"author":{"gitId":"Arren11111"},"content":"                tmp.renameTo(saveFile);","lastModifiedDate":"2024-08-28","isFullCredit":false},{"lineNumber":165,"author":{"gitId":"Arren11111"},"content":"            }","lastModifiedDate":"2024-08-28","isFullCredit":false},{"lineNumber":166,"author":{"gitId":"Arren11111"},"content":"        } catch (IOException e) {","lastModifiedDate":"2024-08-28","isFullCredit":false},{"lineNumber":167,"author":{"gitId":"Arren11111"},"content":"            System.out.println(\"Unable to write to file. Information may not be saved for the next session.\");","lastModifiedDate":"2024-08-28","isFullCredit":false},{"lineNumber":168,"author":{"gitId":"Arren11111"},"content":"        }","lastModifiedDate":"2024-08-28","isFullCredit":false},{"lineNumber":169,"author":{"gitId":"Arren11111"},"content":"    }","lastModifiedDate":"2024-08-28","isFullCredit":false},{"lineNumber":170,"author":{"gitId":"Arren11111"},"content":"}","lastModifiedDate":"2024-08-28","isFullCredit":false}],"authorContributionMap":{"Arren11111":170}},{"path":"src/main/java/Tasks/Deadline.java","fileType":"java","lines":[{"lineNumber":1,"author":{"gitId":"Arren11111"},"content":"package Tasks;","lastModifiedDate":"2024-08-28","isFullCredit":false},{"lineNumber":2,"author":{"gitId":"Arren11111"},"content":"","lastModifiedDate":"2024-08-28","isFullCredit":false},{"lineNumber":3,"author":{"gitId":"Arren11111"},"content":"import java.util.InputMismatchException;","lastModifiedDate":"2024-08-28","isFullCredit":false},{"lineNumber":4,"author":{"gitId":"Arren11111"},"content":"","lastModifiedDate":"2024-08-28","isFullCredit":false},{"lineNumber":5,"author":{"gitId":"Arren11111"},"content":"public class Deadline extends Task {","lastModifiedDate":"2024-08-28","isFullCredit":false},{"lineNumber":6,"author":{"gitId":"Arren11111"},"content":"    ","lastModifiedDate":"2024-08-28","isFullCredit":false},{"lineNumber":7,"author":{"gitId":"Arren11111"},"content":"    private String deadline;","lastModifiedDate":"2024-08-28","isFullCredit":false},{"lineNumber":8,"author":{"gitId":"Arren11111"},"content":"","lastModifiedDate":"2024-08-28","isFullCredit":false},{"lineNumber":9,"author":{"gitId":"Arren11111"},"content":"    private Deadline(String description, String deadline) {","lastModifiedDate":"2024-08-28","isFullCredit":false},{"lineNumber":10,"author":{"gitId":"Arren11111"},"content":"        super(description); ","lastModifiedDate":"2024-08-28","isFullCredit":false},{"lineNumber":11,"author":{"gitId":"Arren11111"},"content":"        this.deadline \u003d deadline; ","lastModifiedDate":"2024-08-28","isFullCredit":false},{"lineNumber":12,"author":{"gitId":"Arren11111"},"content":"    }","lastModifiedDate":"2024-08-28","isFullCredit":false},{"lineNumber":13,"author":{"gitId":"Arren11111"},"content":"","lastModifiedDate":"2024-08-28","isFullCredit":false},{"lineNumber":14,"author":{"gitId":"Arren11111"},"content":"    public static Deadline createNewDeadline(String userInput) throws InputMismatchException {","lastModifiedDate":"2024-08-28","isFullCredit":false},{"lineNumber":15,"author":{"gitId":"Arren11111"},"content":"        if (!userInput.matches(\"^\\\\s+\\\\S.*\\\\s*/by\\\\s*\\\\S.*\")) {","lastModifiedDate":"2024-08-28","isFullCredit":false},{"lineNumber":16,"author":{"gitId":"Arren11111"},"content":"            throw new InputMismatchException(\"Ensure that input contains description and end date\");","lastModifiedDate":"2024-08-28","isFullCredit":false},{"lineNumber":17,"author":{"gitId":"Arren11111"},"content":"        }","lastModifiedDate":"2024-08-28","isFullCredit":false},{"lineNumber":18,"author":{"gitId":"Arren11111"},"content":"","lastModifiedDate":"2024-08-28","isFullCredit":false},{"lineNumber":19,"author":{"gitId":"Arren11111"},"content":"        String description \u003d userInput.replaceAll(\"/by.*\", \"\").trim();","lastModifiedDate":"2024-08-28","isFullCredit":false},{"lineNumber":20,"author":{"gitId":"Arren11111"},"content":"        String deadline \u003d userInput.replaceAll(\".*/by\", \"\").trim();","lastModifiedDate":"2024-08-28","isFullCredit":false},{"lineNumber":21,"author":{"gitId":"Arren11111"},"content":"        return new Deadline(description, deadline);","lastModifiedDate":"2024-08-28","isFullCredit":false},{"lineNumber":22,"author":{"gitId":"Arren11111"},"content":"    }","lastModifiedDate":"2024-08-28","isFullCredit":false},{"lineNumber":23,"author":{"gitId":"Arren11111"},"content":"","lastModifiedDate":"2024-08-28","isFullCredit":false},{"lineNumber":24,"author":{"gitId":"Arren11111"},"content":"    public static Deadline createNewDeadline(String description, String deadline, boolean isMarked) {","lastModifiedDate":"2024-08-28","isFullCredit":false},{"lineNumber":25,"author":{"gitId":"Arren11111"},"content":"        Deadline newDeadline \u003d new Deadline(description, deadline);","lastModifiedDate":"2024-08-28","isFullCredit":false},{"lineNumber":26,"author":{"gitId":"Arren11111"},"content":"        if (isMarked) {","lastModifiedDate":"2024-08-28","isFullCredit":false},{"lineNumber":27,"author":{"gitId":"Arren11111"},"content":"            newDeadline.completeTask();","lastModifiedDate":"2024-08-28","isFullCredit":false},{"lineNumber":28,"author":{"gitId":"Arren11111"},"content":"        }","lastModifiedDate":"2024-08-28","isFullCredit":false},{"lineNumber":29,"author":{"gitId":"Arren11111"},"content":"        return newDeadline;","lastModifiedDate":"2024-08-28","isFullCredit":false},{"lineNumber":30,"author":{"gitId":"Arren11111"},"content":"    }","lastModifiedDate":"2024-08-28","isFullCredit":false},{"lineNumber":31,"author":{"gitId":"Arren11111"},"content":"","lastModifiedDate":"2024-08-28","isFullCredit":false},{"lineNumber":32,"author":{"gitId":"Arren11111"},"content":"    @Override","lastModifiedDate":"2024-08-28","isFullCredit":false},{"lineNumber":33,"author":{"gitId":"Arren11111"},"content":"    public String toString() {","lastModifiedDate":"2024-08-28","isFullCredit":false},{"lineNumber":34,"author":{"gitId":"Arren11111"},"content":"        return \"[D]\" + super.toString() + \" (by: \" + this.deadline + \")\";","lastModifiedDate":"2024-08-28","isFullCredit":false},{"lineNumber":35,"author":{"gitId":"Arren11111"},"content":"    }","lastModifiedDate":"2024-08-28","isFullCredit":false},{"lineNumber":36,"author":{"gitId":"Arren11111"},"content":"}","lastModifiedDate":"2024-08-28","isFullCredit":false}],"authorContributionMap":{"Arren11111":36}},{"path":"src/main/java/Tasks/Event.java","fileType":"java","lines":[{"lineNumber":1,"author":{"gitId":"Arren11111"},"content":"package Tasks;","lastModifiedDate":"2024-08-28","isFullCredit":false},{"lineNumber":2,"author":{"gitId":"Arren11111"},"content":"","lastModifiedDate":"2024-08-28","isFullCredit":false},{"lineNumber":3,"author":{"gitId":"Arren11111"},"content":"import java.util.InputMismatchException;","lastModifiedDate":"2024-08-28","isFullCredit":false},{"lineNumber":4,"author":{"gitId":"Arren11111"},"content":"public class Event extends Task {","lastModifiedDate":"2024-08-28","isFullCredit":false},{"lineNumber":5,"author":{"gitId":"Arren11111"},"content":"    private String startTime;","lastModifiedDate":"2024-08-28","isFullCredit":false},{"lineNumber":6,"author":{"gitId":"Arren11111"},"content":"    private String endTime;","lastModifiedDate":"2024-08-28","isFullCredit":false},{"lineNumber":7,"author":{"gitId":"Arren11111"},"content":"","lastModifiedDate":"2024-08-28","isFullCredit":false},{"lineNumber":8,"author":{"gitId":"Arren11111"},"content":"    private Event(String description, String startTime, String endTime) {","lastModifiedDate":"2024-08-28","isFullCredit":false},{"lineNumber":9,"author":{"gitId":"Arren11111"},"content":"        super(description); /* isolates the task description */","lastModifiedDate":"2024-08-28","isFullCredit":false},{"lineNumber":10,"author":{"gitId":"Arren11111"},"content":"        this.startTime \u003d startTime;","lastModifiedDate":"2024-08-28","isFullCredit":false},{"lineNumber":11,"author":{"gitId":"Arren11111"},"content":"        this.endTime \u003d endTime;","lastModifiedDate":"2024-08-28","isFullCredit":false},{"lineNumber":12,"author":{"gitId":"Arren11111"},"content":"    }","lastModifiedDate":"2024-08-28","isFullCredit":false},{"lineNumber":13,"author":{"gitId":"Arren11111"},"content":"","lastModifiedDate":"2024-08-28","isFullCredit":false},{"lineNumber":14,"author":{"gitId":"Arren11111"},"content":"    public static Event createNewEvent(String userInput) throws InputMismatchException {","lastModifiedDate":"2024-08-28","isFullCredit":false},{"lineNumber":15,"author":{"gitId":"Arren11111"},"content":"        if (!userInput.matches(\"^\\\\s+\\\\S.*\\\\s*/from\\\\s*\\\\S.*\\\\s*/to\\\\s*\\\\S.*\")) {","lastModifiedDate":"2024-08-28","isFullCredit":false},{"lineNumber":16,"author":{"gitId":"Arren11111"},"content":"            throw new InputMismatchException(\"Ensure that input contains description, start and end time\");","lastModifiedDate":"2024-08-28","isFullCredit":false},{"lineNumber":17,"author":{"gitId":"Arren11111"},"content":"        }","lastModifiedDate":"2024-08-28","isFullCredit":false},{"lineNumber":18,"author":{"gitId":"Arren11111"},"content":"","lastModifiedDate":"2024-08-28","isFullCredit":false},{"lineNumber":19,"author":{"gitId":"Arren11111"},"content":"        String description \u003d userInput.replaceAll(\"/from.*\", \"\").trim();","lastModifiedDate":"2024-08-28","isFullCredit":false},{"lineNumber":20,"author":{"gitId":"Arren11111"},"content":"        String startTime \u003d userInput.replaceAll(\".*/from\\\\s|\\\\s/to.*\", \"\").trim();","lastModifiedDate":"2024-08-28","isFullCredit":false},{"lineNumber":21,"author":{"gitId":"Arren11111"},"content":"        String endTime \u003d userInput.replaceAll(\".*/to\\\\s\", \"\").trim();","lastModifiedDate":"2024-08-28","isFullCredit":false},{"lineNumber":22,"author":{"gitId":"Arren11111"},"content":"        return new Event(description, startTime, endTime);","lastModifiedDate":"2024-08-28","isFullCredit":false},{"lineNumber":23,"author":{"gitId":"Arren11111"},"content":"    }","lastModifiedDate":"2024-08-28","isFullCredit":false},{"lineNumber":24,"author":{"gitId":"Arren11111"},"content":"    public static Event createNewEvent(String description, String startTime, String endTime, boolean isMarked) {","lastModifiedDate":"2024-08-28","isFullCredit":false},{"lineNumber":25,"author":{"gitId":"Arren11111"},"content":"        Event newEvent \u003d new Event(description, startTime, endTime);","lastModifiedDate":"2024-08-28","isFullCredit":false},{"lineNumber":26,"author":{"gitId":"Arren11111"},"content":"        if (isMarked) {","lastModifiedDate":"2024-08-28","isFullCredit":false},{"lineNumber":27,"author":{"gitId":"Arren11111"},"content":"            newEvent.completeTask();","lastModifiedDate":"2024-08-28","isFullCredit":false},{"lineNumber":28,"author":{"gitId":"Arren11111"},"content":"        }","lastModifiedDate":"2024-08-28","isFullCredit":false},{"lineNumber":29,"author":{"gitId":"Arren11111"},"content":"        return newEvent;","lastModifiedDate":"2024-08-28","isFullCredit":false},{"lineNumber":30,"author":{"gitId":"Arren11111"},"content":"    }","lastModifiedDate":"2024-08-28","isFullCredit":false},{"lineNumber":31,"author":{"gitId":"Arren11111"},"content":"","lastModifiedDate":"2024-08-28","isFullCredit":false},{"lineNumber":32,"author":{"gitId":"Arren11111"},"content":"    @Override","lastModifiedDate":"2024-08-28","isFullCredit":false},{"lineNumber":33,"author":{"gitId":"Arren11111"},"content":"    public String toString() {","lastModifiedDate":"2024-08-28","isFullCredit":false},{"lineNumber":34,"author":{"gitId":"Arren11111"},"content":"        return \"[E]\" + super.toString() + \" (from: \" + this.startTime + \" to: \" + this.endTime + \")\";","lastModifiedDate":"2024-08-28","isFullCredit":false},{"lineNumber":35,"author":{"gitId":"Arren11111"},"content":"    }","lastModifiedDate":"2024-08-28","isFullCredit":false},{"lineNumber":36,"author":{"gitId":"Arren11111"},"content":"}","lastModifiedDate":"2024-08-28","isFullCredit":false}],"authorContributionMap":{"Arren11111":36}},{"path":"src/main/java/Tasks/Task.java","fileType":"java","lines":[{"lineNumber":1,"author":{"gitId":"Arren11111"},"content":"package Tasks;","lastModifiedDate":"2024-08-28","isFullCredit":false},{"lineNumber":2,"author":{"gitId":"Arren11111"},"content":"","lastModifiedDate":"2024-08-28","isFullCredit":false},{"lineNumber":3,"author":{"gitId":"Arren11111"},"content":"","lastModifiedDate":"2024-08-24","isFullCredit":false},{"lineNumber":4,"author":{"gitId":"Arren11111"},"content":"public class Task {","lastModifiedDate":"2024-08-24","isFullCredit":false},{"lineNumber":5,"author":{"gitId":"Arren11111"},"content":"    private boolean done;","lastModifiedDate":"2024-08-24","isFullCredit":false},{"lineNumber":6,"author":{"gitId":"Arren11111"},"content":"    private String text;","lastModifiedDate":"2024-08-24","isFullCredit":false},{"lineNumber":7,"author":{"gitId":"Arren11111"},"content":"","lastModifiedDate":"2024-08-24","isFullCredit":false},{"lineNumber":8,"author":{"gitId":"Arren11111"},"content":"    public Task(String textString) {","lastModifiedDate":"2024-08-24","isFullCredit":false},{"lineNumber":9,"author":{"gitId":"Arren11111"},"content":"        this.done \u003d false;","lastModifiedDate":"2024-08-24","isFullCredit":false},{"lineNumber":10,"author":{"gitId":"Arren11111"},"content":"        this.text \u003d textString;","lastModifiedDate":"2024-08-24","isFullCredit":false},{"lineNumber":11,"author":{"gitId":"Arren11111"},"content":"    }","lastModifiedDate":"2024-08-24","isFullCredit":false},{"lineNumber":12,"author":{"gitId":"Arren11111"},"content":"","lastModifiedDate":"2024-08-24","isFullCredit":false},{"lineNumber":13,"author":{"gitId":"Arren11111"},"content":"    public void completeTask() {","lastModifiedDate":"2024-08-24","isFullCredit":false},{"lineNumber":14,"author":{"gitId":"Arren11111"},"content":"        this.done \u003d true;","lastModifiedDate":"2024-08-24","isFullCredit":false},{"lineNumber":15,"author":{"gitId":"Arren11111"},"content":"    }","lastModifiedDate":"2024-08-24","isFullCredit":false},{"lineNumber":16,"author":{"gitId":"Arren11111"},"content":"","lastModifiedDate":"2024-08-24","isFullCredit":false},{"lineNumber":17,"author":{"gitId":"Arren11111"},"content":"    public void uncompleteTask() {","lastModifiedDate":"2024-08-24","isFullCredit":false},{"lineNumber":18,"author":{"gitId":"Arren11111"},"content":"        this.done \u003d false;","lastModifiedDate":"2024-08-24","isFullCredit":false},{"lineNumber":19,"author":{"gitId":"Arren11111"},"content":"    }","lastModifiedDate":"2024-08-24","isFullCredit":false},{"lineNumber":20,"author":{"gitId":"Arren11111"},"content":"","lastModifiedDate":"2024-08-24","isFullCredit":false},{"lineNumber":21,"author":{"gitId":"Arren11111"},"content":"    @Override","lastModifiedDate":"2024-08-24","isFullCredit":false},{"lineNumber":22,"author":{"gitId":"Arren11111"},"content":"    public String toString() {","lastModifiedDate":"2024-08-24","isFullCredit":false},{"lineNumber":23,"author":{"gitId":"Arren11111"},"content":"        return \"[\" + (done ? \"X\" : \" \") + \"] \" + this.text;","lastModifiedDate":"2024-08-24","isFullCredit":false},{"lineNumber":24,"author":{"gitId":"Arren11111"},"content":"    }","lastModifiedDate":"2024-08-24","isFullCredit":false},{"lineNumber":25,"author":{"gitId":"Arren11111"},"content":"}","lastModifiedDate":"2024-08-24","isFullCredit":false}],"authorContributionMap":{"Arren11111":25}},{"path":"src/main/java/Tasks/Todo.java","fileType":"java","lines":[{"lineNumber":1,"author":{"gitId":"Arren11111"},"content":"package Tasks;","lastModifiedDate":"2024-08-28","isFullCredit":false},{"lineNumber":2,"author":{"gitId":"Arren11111"},"content":"","lastModifiedDate":"2024-08-28","isFullCredit":false},{"lineNumber":3,"author":{"gitId":"Arren11111"},"content":"import java.util.InputMismatchException;","lastModifiedDate":"2024-08-28","isFullCredit":false},{"lineNumber":4,"author":{"gitId":"Arren11111"},"content":"","lastModifiedDate":"2024-08-28","isFullCredit":false},{"lineNumber":5,"author":{"gitId":"Arren11111"},"content":"public class Todo extends Task {","lastModifiedDate":"2024-08-28","isFullCredit":false},{"lineNumber":6,"author":{"gitId":"Arren11111"},"content":"","lastModifiedDate":"2024-08-28","isFullCredit":false},{"lineNumber":7,"author":{"gitId":"Arren11111"},"content":"    private Todo(String description) {","lastModifiedDate":"2024-08-28","isFullCredit":false},{"lineNumber":8,"author":{"gitId":"Arren11111"},"content":"        super(description);","lastModifiedDate":"2024-08-28","isFullCredit":false},{"lineNumber":9,"author":{"gitId":"Arren11111"},"content":"    }","lastModifiedDate":"2024-08-28","isFullCredit":false},{"lineNumber":10,"author":{"gitId":"Arren11111"},"content":"","lastModifiedDate":"2024-08-28","isFullCredit":false},{"lineNumber":11,"author":{"gitId":"Arren11111"},"content":"    public static Todo createNewTodo(String userInput) throws InputMismatchException {","lastModifiedDate":"2024-08-28","isFullCredit":false},{"lineNumber":12,"author":{"gitId":"Arren11111"},"content":"        if (userInput.matches(\"\\\\s*\")) {","lastModifiedDate":"2024-08-28","isFullCredit":false},{"lineNumber":13,"author":{"gitId":"Arren11111"},"content":"            throw new InputMismatchException(\"Todo description cannot be empty\");","lastModifiedDate":"2024-08-28","isFullCredit":false},{"lineNumber":14,"author":{"gitId":"Arren11111"},"content":"        } ","lastModifiedDate":"2024-08-28","isFullCredit":false},{"lineNumber":15,"author":{"gitId":"Arren11111"},"content":"        return new Todo(userInput.trim());","lastModifiedDate":"2024-08-28","isFullCredit":false},{"lineNumber":16,"author":{"gitId":"Arren11111"},"content":"    }","lastModifiedDate":"2024-08-28","isFullCredit":false},{"lineNumber":17,"author":{"gitId":"Arren11111"},"content":"","lastModifiedDate":"2024-08-28","isFullCredit":false},{"lineNumber":18,"author":{"gitId":"Arren11111"},"content":"    public static Todo createNewTodo(String description, boolean isMarked) {","lastModifiedDate":"2024-08-28","isFullCredit":false},{"lineNumber":19,"author":{"gitId":"Arren11111"},"content":"        Todo newTodo \u003d new Todo(description);","lastModifiedDate":"2024-08-28","isFullCredit":false},{"lineNumber":20,"author":{"gitId":"Arren11111"},"content":"        if (isMarked) {","lastModifiedDate":"2024-08-28","isFullCredit":false},{"lineNumber":21,"author":{"gitId":"Arren11111"},"content":"            newTodo.completeTask();","lastModifiedDate":"2024-08-28","isFullCredit":false},{"lineNumber":22,"author":{"gitId":"Arren11111"},"content":"        }","lastModifiedDate":"2024-08-28","isFullCredit":false},{"lineNumber":23,"author":{"gitId":"Arren11111"},"content":"        return newTodo;","lastModifiedDate":"2024-08-28","isFullCredit":false},{"lineNumber":24,"author":{"gitId":"Arren11111"},"content":"    }","lastModifiedDate":"2024-08-28","isFullCredit":false},{"lineNumber":25,"author":{"gitId":"Arren11111"},"content":"","lastModifiedDate":"2024-08-28","isFullCredit":false},{"lineNumber":26,"author":{"gitId":"Arren11111"},"content":"    ","lastModifiedDate":"2024-08-28","isFullCredit":false},{"lineNumber":27,"author":{"gitId":"Arren11111"},"content":"","lastModifiedDate":"2024-08-28","isFullCredit":false},{"lineNumber":28,"author":{"gitId":"Arren11111"},"content":"    @Override","lastModifiedDate":"2024-08-28","isFullCredit":false},{"lineNumber":29,"author":{"gitId":"Arren11111"},"content":"    public String toString() {","lastModifiedDate":"2024-08-28","isFullCredit":false},{"lineNumber":30,"author":{"gitId":"Arren11111"},"content":"        return \"[T]\" + super.toString();","lastModifiedDate":"2024-08-28","isFullCredit":false},{"lineNumber":31,"author":{"gitId":"Arren11111"},"content":"    }","lastModifiedDate":"2024-08-28","isFullCredit":false},{"lineNumber":32,"author":{"gitId":"Arren11111"},"content":"}","lastModifiedDate":"2024-08-28","isFullCredit":false}],"authorContributionMap":{"Arren11111":32}},{"path":"text-ui-test/input.txt","fileType":"txt","lines":[{"lineNumber":1,"author":{"gitId":"Arren11111"},"content":"todo abc","lastModifiedDate":"2024-08-25","isFullCredit":false},{"lineNumber":2,"author":{"gitId":"Arren11111"},"content":"","lastModifiedDate":"2024-08-25","isFullCredit":false},{"lineNumber":3,"author":{"gitId":"Arren11111"},"content":"event aaa /from 2pm /to 4pm","lastModifiedDate":"2024-08-25","isFullCredit":false},{"lineNumber":4,"author":{"gitId":"Arren11111"},"content":"","lastModifiedDate":"2024-08-25","isFullCredit":false},{"lineNumber":5,"author":{"gitId":"Arren11111"},"content":"deadline ddd /by 5pm","lastModifiedDate":"2024-08-25","isFullCredit":false},{"lineNumber":6,"author":{"gitId":"Arren11111"},"content":"","lastModifiedDate":"2024-08-25","isFullCredit":false},{"lineNumber":7,"author":{"gitId":"Arren11111"},"content":"list","lastModifiedDate":"2024-08-25","isFullCredit":false},{"lineNumber":8,"author":{"gitId":"Arren11111"},"content":"","lastModifiedDate":"2024-08-25","isFullCredit":false},{"lineNumber":9,"author":{"gitId":"Arren11111"},"content":"mark 2","lastModifiedDate":"2024-08-25","isFullCredit":false},{"lineNumber":10,"author":{"gitId":"Arren11111"},"content":"","lastModifiedDate":"2024-08-25","isFullCredit":false},{"lineNumber":11,"author":{"gitId":"Arren11111"},"content":"list","lastModifiedDate":"2024-08-25","isFullCredit":false},{"lineNumber":12,"author":{"gitId":"Arren11111"},"content":"","lastModifiedDate":"2024-08-25","isFullCredit":false},{"lineNumber":13,"author":{"gitId":"Arren11111"},"content":"unmark 2","lastModifiedDate":"2024-08-25","isFullCredit":false},{"lineNumber":14,"author":{"gitId":"Arren11111"},"content":"","lastModifiedDate":"2024-08-25","isFullCredit":false},{"lineNumber":15,"author":{"gitId":"Arren11111"},"content":"list","lastModifiedDate":"2024-08-25","isFullCredit":false},{"lineNumber":16,"author":{"gitId":"Arren11111"},"content":"","lastModifiedDate":"2024-08-25","isFullCredit":false},{"lineNumber":17,"author":{"gitId":"Arren11111"},"content":"bye","lastModifiedDate":"2024-08-25","isFullCredit":false}],"authorContributionMap":{"Arren11111":17}},{"path":"text-ui-test/runtest.sh","fileType":"sh","lines":[{"lineNumber":1,"author":{"gitId":"-"},"content":"#!/usr/bin/env bash","lastModifiedDate":"2020-05-25","isFullCredit":false},{"lineNumber":2,"author":{"gitId":"-"},"content":"","lastModifiedDate":"2020-05-25","isFullCredit":false},{"lineNumber":3,"author":{"gitId":"-"},"content":"# create bin directory if it doesn\u0027t exist","lastModifiedDate":"2020-05-25","isFullCredit":false},{"lineNumber":4,"author":{"gitId":"-"},"content":"if [ ! -d \"../bin\" ]","lastModifiedDate":"2020-05-25","isFullCredit":false},{"lineNumber":5,"author":{"gitId":"-"},"content":"then","lastModifiedDate":"2020-05-25","isFullCredit":false},{"lineNumber":6,"author":{"gitId":"-"},"content":"    mkdir ../bin","lastModifiedDate":"2020-05-25","isFullCredit":false},{"lineNumber":7,"author":{"gitId":"-"},"content":"fi","lastModifiedDate":"2020-05-25","isFullCredit":false},{"lineNumber":8,"author":{"gitId":"-"},"content":"","lastModifiedDate":"2020-05-25","isFullCredit":false},{"lineNumber":9,"author":{"gitId":"-"},"content":"# delete output from previous run","lastModifiedDate":"2020-05-25","isFullCredit":false},{"lineNumber":10,"author":{"gitId":"-"},"content":"if [ -e \"./ACTUAL.TXT\" ]","lastModifiedDate":"2020-05-25","isFullCredit":false},{"lineNumber":11,"author":{"gitId":"-"},"content":"then","lastModifiedDate":"2020-05-25","isFullCredit":false},{"lineNumber":12,"author":{"gitId":"-"},"content":"    rm ACTUAL.TXT","lastModifiedDate":"2020-05-25","isFullCredit":false},{"lineNumber":13,"author":{"gitId":"-"},"content":"fi","lastModifiedDate":"2020-05-25","isFullCredit":false},{"lineNumber":14,"author":{"gitId":"-"},"content":"","lastModifiedDate":"2020-05-25","isFullCredit":false},{"lineNumber":15,"author":{"gitId":"-"},"content":"# compile the code into the bin folder, terminates if error occurred","lastModifiedDate":"2020-05-25","isFullCredit":false},{"lineNumber":16,"author":{"gitId":"Arren11111"},"content":"if (! javac -cp ../src/main/java -Xlint:none -d ../bin ../src/main/java/FlyChat.java)","lastModifiedDate":"2024-08-25","isFullCredit":false},{"lineNumber":17,"author":{"gitId":"-"},"content":"then","lastModifiedDate":"2020-05-25","isFullCredit":false},{"lineNumber":18,"author":{"gitId":"-"},"content":"    echo \"********** BUILD FAILURE **********\"","lastModifiedDate":"2020-05-25","isFullCredit":false},{"lineNumber":19,"author":{"gitId":"-"},"content":"    exit 1","lastModifiedDate":"2020-05-25","isFullCredit":false},{"lineNumber":20,"author":{"gitId":"-"},"content":"fi","lastModifiedDate":"2020-05-25","isFullCredit":false},{"lineNumber":21,"author":{"gitId":"-"},"content":"","lastModifiedDate":"2020-05-25","isFullCredit":false},{"lineNumber":22,"author":{"gitId":"-"},"content":"# run the program, feed commands from input.txt file and redirect the output to the ACTUAL.TXT","lastModifiedDate":"2020-05-25","isFullCredit":false},{"lineNumber":23,"author":{"gitId":"Arren11111"},"content":"java -classpath ../bin FlyChat \u003c input.txt \u003e ACTUAL.TXT","lastModifiedDate":"2024-08-25","isFullCredit":false},{"lineNumber":24,"author":{"gitId":"-"},"content":"","lastModifiedDate":"2020-05-25","isFullCredit":false},{"lineNumber":25,"author":{"gitId":"-"},"content":"# convert to UNIX format","lastModifiedDate":"2020-05-25","isFullCredit":false},{"lineNumber":26,"author":{"gitId":"-"},"content":"cp EXPECTED.TXT EXPECTED-UNIX.TXT","lastModifiedDate":"2020-05-25","isFullCredit":false},{"lineNumber":27,"author":{"gitId":"-"},"content":"dos2unix ACTUAL.TXT EXPECTED-UNIX.TXT","lastModifiedDate":"2020-05-25","isFullCredit":false},{"lineNumber":28,"author":{"gitId":"-"},"content":"","lastModifiedDate":"2020-05-25","isFullCredit":false},{"lineNumber":29,"author":{"gitId":"-"},"content":"# compare the output to the expected output","lastModifiedDate":"2020-05-25","isFullCredit":false},{"lineNumber":30,"author":{"gitId":"-"},"content":"diff ACTUAL.TXT EXPECTED-UNIX.TXT","lastModifiedDate":"2020-05-25","isFullCredit":false},{"lineNumber":31,"author":{"gitId":"-"},"content":"if [ $? -eq 0 ]","lastModifiedDate":"2020-05-25","isFullCredit":false},{"lineNumber":32,"author":{"gitId":"-"},"content":"then","lastModifiedDate":"2020-05-25","isFullCredit":false},{"lineNumber":33,"author":{"gitId":"-"},"content":"    echo \"Test result: PASSED\"","lastModifiedDate":"2020-05-25","isFullCredit":false},{"lineNumber":34,"author":{"gitId":"-"},"content":"    exit 0","lastModifiedDate":"2020-05-25","isFullCredit":false},{"lineNumber":35,"author":{"gitId":"-"},"content":"else","lastModifiedDate":"2020-05-25","isFullCredit":false},{"lineNumber":36,"author":{"gitId":"-"},"content":"    echo \"Test result: FAILED\"","lastModifiedDate":"2020-05-25","isFullCredit":false},{"lineNumber":37,"author":{"gitId":"-"},"content":"    exit 1","lastModifiedDate":"2020-05-25","isFullCredit":false},{"lineNumber":38,"author":{"gitId":"-"},"content":"fi","lastModifiedDate":"2020-05-25","isFullCredit":false}],"authorContributionMap":{"Arren11111":2,"-":36}}]
