[{"path":"src/main/java/Colress.java","fileType":"java","lines":[{"lineNumber":1,"author":{"gitId":"JYL27"},"content":"import java.io.File;","lastModifiedDate":"2024-08-27","isFullCredit":false},{"lineNumber":2,"author":{"gitId":"JYL27"},"content":"import java.io.FileNotFoundException;","lastModifiedDate":"2024-08-27","isFullCredit":false},{"lineNumber":3,"author":{"gitId":"JYL27"},"content":"import java.io.FileWriter;","lastModifiedDate":"2024-08-27","isFullCredit":false},{"lineNumber":4,"author":{"gitId":"JYL27"},"content":"import java.io.IOException;","lastModifiedDate":"2024-08-27","isFullCredit":false},{"lineNumber":5,"author":{"gitId":"JYL27"},"content":"import java.time.LocalDate;","lastModifiedDate":"2024-08-27","isFullCredit":false},{"lineNumber":6,"author":{"gitId":"JYL27"},"content":"import java.time.LocalTime;","lastModifiedDate":"2024-08-27","isFullCredit":false},{"lineNumber":7,"author":{"gitId":"JYL27"},"content":"import java.time.format.DateTimeParseException;","lastModifiedDate":"2024-08-28","isFullCredit":false},{"lineNumber":8,"author":{"gitId":"JYL27"},"content":"import java.util.ArrayList;","lastModifiedDate":"2024-08-20","isFullCredit":false},{"lineNumber":9,"author":{"gitId":"JYL27"},"content":"import java.util.Objects;","lastModifiedDate":"2024-08-27","isFullCredit":false},{"lineNumber":10,"author":{"gitId":"JYL27"},"content":"import java.util.Scanner;","lastModifiedDate":"2024-08-20","isFullCredit":false},{"lineNumber":11,"author":{"gitId":"JYL27"},"content":"","lastModifiedDate":"2024-08-20","isFullCredit":false},{"lineNumber":12,"author":{"gitId":"JYL27"},"content":"public class Colress {","lastModifiedDate":"2024-08-20","isFullCredit":false},{"lineNumber":13,"author":{"gitId":"JYL27"},"content":"    private static final String COMMAND_ADD \u003d \"add\";","lastModifiedDate":"2024-08-26","isFullCredit":false},{"lineNumber":14,"author":{"gitId":"JYL27"},"content":"    private static final String COMMAND_CHECK \u003d \"check\";","lastModifiedDate":"2024-08-26","isFullCredit":false},{"lineNumber":15,"author":{"gitId":"JYL27"},"content":"    private static final String COMMAND_DELETE \u003d \"delete\";","lastModifiedDate":"2024-08-26","isFullCredit":false},{"lineNumber":16,"author":{"gitId":"JYL27"},"content":"    private static final String COMMAND_EXIT \u003d \"bye\";","lastModifiedDate":"2024-08-26","isFullCredit":false},{"lineNumber":17,"author":{"gitId":"JYL27"},"content":"    private static final String COMMAND_UNCHECK \u003d \"uncheck\";","lastModifiedDate":"2024-08-27","isFullCredit":false},{"lineNumber":18,"author":{"gitId":"JYL27"},"content":"    private static final String COMMAND_LIST \u003d \"list\";","lastModifiedDate":"2024-08-27","isFullCredit":false},{"lineNumber":19,"author":{"gitId":"JYL27"},"content":"    private static final String COMMAND_DATE \u003d \"date\";","lastModifiedDate":"2024-08-28","isFullCredit":false},{"lineNumber":20,"author":{"gitId":"JYL27"},"content":"    private static final String MESSAGE_ADD_CONFIRMATION","lastModifiedDate":"2024-08-26","isFullCredit":false},{"lineNumber":21,"author":{"gitId":"JYL27"},"content":"            \u003d \"Okay. I have added this task to your list:\";","lastModifiedDate":"2024-08-26","isFullCredit":false},{"lineNumber":22,"author":{"gitId":"JYL27"},"content":"    private static final String MESSAGE_CHECK_CONFIRMATION","lastModifiedDate":"2024-08-26","isFullCredit":false},{"lineNumber":23,"author":{"gitId":"JYL27"},"content":"            \u003d \"Sure. I have marked this task on your list as done:\";","lastModifiedDate":"2024-08-26","isFullCredit":false},{"lineNumber":24,"author":{"gitId":"JYL27"},"content":"    private static final String MESSAGE_DELETE_CONFIRMATION","lastModifiedDate":"2024-08-26","isFullCredit":false},{"lineNumber":25,"author":{"gitId":"JYL27"},"content":"            \u003d \"Got it. I have removed the task from your list.\";","lastModifiedDate":"2024-08-26","isFullCredit":false},{"lineNumber":26,"author":{"gitId":"JYL27"},"content":"    private static final String MESSAGE_FAREWELL \u003d \"Well then, I\u0027ll see you soon.\";","lastModifiedDate":"2024-08-27","isFullCredit":false},{"lineNumber":27,"author":{"gitId":"JYL27"},"content":"    private static final String MESSAGE_FILE_CREATED_CONFIRMATION \u003d \"New task list file created.\";","lastModifiedDate":"2024-08-27","isFullCredit":false},{"lineNumber":28,"author":{"gitId":"JYL27"},"content":"    private static final String MESSAGE_FILE_EXISTS \u003d \"Task list file exists. Retrieving file.\";","lastModifiedDate":"2024-08-27","isFullCredit":false},{"lineNumber":29,"author":{"gitId":"JYL27"},"content":"    private static final String MESSAGE_FILE_CORRUPTED_ERROR","lastModifiedDate":"2024-08-27","isFullCredit":false},{"lineNumber":30,"author":{"gitId":"JYL27"},"content":"            \u003d \"The task file seems to be corrupted.\";","lastModifiedDate":"2024-08-27","isFullCredit":false},{"lineNumber":31,"author":{"gitId":"JYL27"},"content":"    private static final String MESSAGE_FILE_CREATION_ERROR","lastModifiedDate":"2024-08-27","isFullCredit":false},{"lineNumber":32,"author":{"gitId":"JYL27"},"content":"            \u003d \"I could not get the task file for you. Try again.\";","lastModifiedDate":"2024-08-27","isFullCredit":false},{"lineNumber":33,"author":{"gitId":"JYL27"},"content":"    private static final String MESSAGE_FILE_DOES_NOT_EXIST_ERROR","lastModifiedDate":"2024-08-27","isFullCredit":false},{"lineNumber":34,"author":{"gitId":"JYL27"},"content":"            \u003d \"The task file does not exist. Try again.\";","lastModifiedDate":"2024-08-27","isFullCredit":false},{"lineNumber":35,"author":{"gitId":"JYL27"},"content":"    private static final String MESSAGE_FILE_WRITER_CREATION_ERROR","lastModifiedDate":"2024-08-27","isFullCredit":false},{"lineNumber":36,"author":{"gitId":"JYL27"},"content":"            \u003d \"I could not create a file writer for you. Try again.\";","lastModifiedDate":"2024-08-27","isFullCredit":false},{"lineNumber":37,"author":{"gitId":"JYL27"},"content":"    private static final String MESSAGE_FILE_WRITING_ERROR","lastModifiedDate":"2024-08-27","isFullCredit":false},{"lineNumber":38,"author":{"gitId":"JYL27"},"content":"            \u003d \"I could not write the task file for you. Try again.\";","lastModifiedDate":"2024-08-27","isFullCredit":false},{"lineNumber":39,"author":{"gitId":"JYL27"},"content":"    private static final String MESSAGE_GREETING \u003d \"Hello. My name is Colress.\\n\"","lastModifiedDate":"2024-08-27","isFullCredit":false},{"lineNumber":40,"author":{"gitId":"JYL27"},"content":"            + \"What brings you here?\";","lastModifiedDate":"2024-08-27","isFullCredit":false},{"lineNumber":41,"author":{"gitId":"JYL27"},"content":"    private static final String MESSAGE_LIST_EMPTY","lastModifiedDate":"2024-08-27","isFullCredit":false},{"lineNumber":42,"author":{"gitId":"JYL27"},"content":"            \u003d \"Your list is empty.\";","lastModifiedDate":"2024-08-27","isFullCredit":false},{"lineNumber":43,"author":{"gitId":"JYL27"},"content":"    private static final String MESSAGE_NOT_A_NUMBER_ERROR","lastModifiedDate":"2024-08-26","isFullCredit":false},{"lineNumber":44,"author":{"gitId":"JYL27"},"content":"            \u003d \"You did not seem to have entered a number. Try Again.\";","lastModifiedDate":"2024-08-26","isFullCredit":false},{"lineNumber":45,"author":{"gitId":"JYL27"},"content":"    private static final String MESSAGE_NOT_A_VALID_DATE_TIME_ERROR","lastModifiedDate":"2024-08-28","isFullCredit":false},{"lineNumber":46,"author":{"gitId":"JYL27"},"content":"            \u003d \"You did not seem to have entered a valid date/time. Try Again.\";","lastModifiedDate":"2024-08-28","isFullCredit":false},{"lineNumber":47,"author":{"gitId":"JYL27"},"content":"    private static final String MESSAGE_NOT_A_VALID_NUMBER_ERROR","lastModifiedDate":"2024-08-26","isFullCredit":false},{"lineNumber":48,"author":{"gitId":"JYL27"},"content":"            \u003d \"You did not seem to have entered a valid number. Try Again.\";","lastModifiedDate":"2024-08-26","isFullCredit":false},{"lineNumber":49,"author":{"gitId":"JYL27"},"content":"    private static final String MESSAGE_UNCHECK_CONFIRMATION","lastModifiedDate":"2024-08-27","isFullCredit":false},{"lineNumber":50,"author":{"gitId":"JYL27"},"content":"            \u003d \"Right. I have marked this task on your list as not done:\";","lastModifiedDate":"2024-08-27","isFullCredit":false},{"lineNumber":51,"author":{"gitId":"JYL27"},"content":"    private static final String PROMPT_DATE \u003d \"Enter the date (in the form yyyy-mm-dd).\";","lastModifiedDate":"2024-08-28","isFullCredit":false},{"lineNumber":52,"author":{"gitId":"JYL27"},"content":"    private static final String PROMPT_DEADLINE \u003d \"Enter the deadline (in the form yyyy-mm-dd).\";","lastModifiedDate":"2024-08-27","isFullCredit":false},{"lineNumber":53,"author":{"gitId":"JYL27"},"content":"    private static final String PROMPT_EVENT_DATE \u003d \"Enter the date of the event (in the form yyyy-mm-dd).\";","lastModifiedDate":"2024-08-27","isFullCredit":false},{"lineNumber":54,"author":{"gitId":"JYL27"},"content":"    private static final String PROMPT_EVENT_DESCRIPTION \u003d \"Enter the description of the event.\";","lastModifiedDate":"2024-08-27","isFullCredit":false},{"lineNumber":55,"author":{"gitId":"JYL27"},"content":"    private static final String PROMPT_EVENT_END_TIME \u003d \"Enter the ending time of the event (in the form hh:mm).\";","lastModifiedDate":"2024-08-27","isFullCredit":false},{"lineNumber":56,"author":{"gitId":"JYL27"},"content":"    private static final String PROMPT_EVENT_START_TIME \u003d \"Enter the starting time of the event (in the form hh:mm).\";","lastModifiedDate":"2024-08-27","isFullCredit":false},{"lineNumber":57,"author":{"gitId":"JYL27"},"content":"    private static final String PROMPT_TASK_DESCRIPTION \u003d \"Enter the description of the task.\";","lastModifiedDate":"2024-08-27","isFullCredit":false},{"lineNumber":58,"author":{"gitId":"JYL27"},"content":"    private static final String PROMPT_TASK_NUMBER \u003d \"Enter the task number.\";","lastModifiedDate":"2024-08-26","isFullCredit":false},{"lineNumber":59,"author":{"gitId":"JYL27"},"content":"    private static final String PROMPT_TASK_TYPE \u003d \"Enter the type of task you wish to add to your list.\";","lastModifiedDate":"2024-08-27","isFullCredit":false},{"lineNumber":60,"author":{"gitId":"JYL27"},"content":"    private static final Scanner SCANNER \u003d new Scanner(System.in);","lastModifiedDate":"2024-08-27","isFullCredit":false},{"lineNumber":61,"author":{"gitId":"JYL27"},"content":"    private static final String SPACER \u003d \"____________________________________________________________________\\n\";","lastModifiedDate":"2024-08-26","isFullCredit":false},{"lineNumber":62,"author":{"gitId":"JYL27"},"content":"    private static final ArrayList\u003cTask\u003e TASKS \u003d new ArrayList\u003c\u003e();","lastModifiedDate":"2024-08-27","isFullCredit":false},{"lineNumber":63,"author":{"gitId":"JYL27"},"content":"    private static String input \u003d \"\";","lastModifiedDate":"2024-08-27","isFullCredit":false},{"lineNumber":64,"author":{"gitId":"JYL27"},"content":"    private static File taskList \u003d null;","lastModifiedDate":"2024-08-27","isFullCredit":false},{"lineNumber":65,"author":{"gitId":"JYL27"},"content":"    private static FileWriter writer \u003d null;","lastModifiedDate":"2024-08-27","isFullCredit":false},{"lineNumber":66,"author":{"gitId":"JYL27"},"content":"","lastModifiedDate":"2024-08-27","isFullCredit":false},{"lineNumber":67,"author":{"gitId":"JYL27"},"content":"    public static void print(String s) {","lastModifiedDate":"2024-08-20","isFullCredit":false},{"lineNumber":68,"author":{"gitId":"JYL27"},"content":"        System.out.println(Colress.SPACER + s + \"\\n\" + Colress.SPACER);","lastModifiedDate":"2024-08-26","isFullCredit":false},{"lineNumber":69,"author":{"gitId":"JYL27"},"content":"    }","lastModifiedDate":"2024-08-20","isFullCredit":false},{"lineNumber":70,"author":{"gitId":"JYL27"},"content":"","lastModifiedDate":"2024-08-20","isFullCredit":false},{"lineNumber":71,"author":{"gitId":"JYL27"},"content":"    public static void getInput() {","lastModifiedDate":"2024-08-20","isFullCredit":false},{"lineNumber":72,"author":{"gitId":"JYL27"},"content":"        Colress.input \u003d Colress.SCANNER.nextLine().toLowerCase();","lastModifiedDate":"2024-08-26","isFullCredit":false},{"lineNumber":73,"author":{"gitId":"JYL27"},"content":"    }","lastModifiedDate":"2024-08-20","isFullCredit":false},{"lineNumber":74,"author":{"gitId":"JYL27"},"content":"","lastModifiedDate":"2024-08-20","isFullCredit":false},{"lineNumber":75,"author":{"gitId":"JYL27"},"content":"    public static void retrieveFile() {","lastModifiedDate":"2024-08-27","isFullCredit":false},{"lineNumber":76,"author":{"gitId":"JYL27"},"content":"        File file \u003d new File(\"task.txt\");","lastModifiedDate":"2024-08-27","isFullCredit":false},{"lineNumber":77,"author":{"gitId":"JYL27"},"content":"        try {","lastModifiedDate":"2024-08-27","isFullCredit":false},{"lineNumber":78,"author":{"gitId":"JYL27"},"content":"            if (file.createNewFile()) {","lastModifiedDate":"2024-08-27","isFullCredit":false},{"lineNumber":79,"author":{"gitId":"JYL27"},"content":"                print(Colress.MESSAGE_FILE_CREATED_CONFIRMATION);","lastModifiedDate":"2024-08-27","isFullCredit":false},{"lineNumber":80,"author":{"gitId":"JYL27"},"content":"            } else {","lastModifiedDate":"2024-08-27","isFullCredit":false},{"lineNumber":81,"author":{"gitId":"JYL27"},"content":"                print(Colress.MESSAGE_FILE_EXISTS);","lastModifiedDate":"2024-08-27","isFullCredit":false},{"lineNumber":82,"author":{"gitId":"JYL27"},"content":"            }","lastModifiedDate":"2024-08-27","isFullCredit":false},{"lineNumber":83,"author":{"gitId":"JYL27"},"content":"        } catch (IOException e) {","lastModifiedDate":"2024-08-27","isFullCredit":false},{"lineNumber":84,"author":{"gitId":"JYL27"},"content":"            print(Colress.MESSAGE_FILE_CREATION_ERROR);","lastModifiedDate":"2024-08-27","isFullCredit":false},{"lineNumber":85,"author":{"gitId":"JYL27"},"content":"        }","lastModifiedDate":"2024-08-27","isFullCredit":false},{"lineNumber":86,"author":{"gitId":"JYL27"},"content":"        Colress.taskList \u003d file;","lastModifiedDate":"2024-08-27","isFullCredit":false},{"lineNumber":87,"author":{"gitId":"JYL27"},"content":"    }","lastModifiedDate":"2024-08-27","isFullCredit":false},{"lineNumber":88,"author":{"gitId":"JYL27"},"content":"","lastModifiedDate":"2024-08-27","isFullCredit":false},{"lineNumber":89,"author":{"gitId":"JYL27"},"content":"    public static void initialiseFileWriter() {","lastModifiedDate":"2024-08-27","isFullCredit":false},{"lineNumber":90,"author":{"gitId":"JYL27"},"content":"        try {","lastModifiedDate":"2024-08-27","isFullCredit":false},{"lineNumber":91,"author":{"gitId":"JYL27"},"content":"            Colress.writer \u003d new FileWriter(Colress.taskList, false);","lastModifiedDate":"2024-08-27","isFullCredit":false},{"lineNumber":92,"author":{"gitId":"JYL27"},"content":"        } catch (IOException e) {","lastModifiedDate":"2024-08-27","isFullCredit":false},{"lineNumber":93,"author":{"gitId":"JYL27"},"content":"            print(Colress.MESSAGE_FILE_WRITER_CREATION_ERROR);","lastModifiedDate":"2024-08-27","isFullCredit":false},{"lineNumber":94,"author":{"gitId":"JYL27"},"content":"        }","lastModifiedDate":"2024-08-27","isFullCredit":false},{"lineNumber":95,"author":{"gitId":"JYL27"},"content":"    }","lastModifiedDate":"2024-08-27","isFullCredit":false},{"lineNumber":96,"author":{"gitId":"JYL27"},"content":"","lastModifiedDate":"2024-08-27","isFullCredit":false},{"lineNumber":97,"author":{"gitId":"JYL27"},"content":"    public static LocalDate readDate(String date) {","lastModifiedDate":"2024-08-28","isFullCredit":false},{"lineNumber":98,"author":{"gitId":"JYL27"},"content":"        LocalDate result;","lastModifiedDate":"2024-08-28","isFullCredit":false},{"lineNumber":99,"author":{"gitId":"JYL27"},"content":"        try {","lastModifiedDate":"2024-08-28","isFullCredit":false},{"lineNumber":100,"author":{"gitId":"JYL27"},"content":"            result \u003d LocalDate.parse(date);","lastModifiedDate":"2024-08-28","isFullCredit":false},{"lineNumber":101,"author":{"gitId":"JYL27"},"content":"        } catch (DateTimeParseException e) {","lastModifiedDate":"2024-08-28","isFullCredit":false},{"lineNumber":102,"author":{"gitId":"JYL27"},"content":"            return null;","lastModifiedDate":"2024-08-28","isFullCredit":false},{"lineNumber":103,"author":{"gitId":"JYL27"},"content":"        }","lastModifiedDate":"2024-08-28","isFullCredit":false},{"lineNumber":104,"author":{"gitId":"JYL27"},"content":"        return result;","lastModifiedDate":"2024-08-28","isFullCredit":false},{"lineNumber":105,"author":{"gitId":"JYL27"},"content":"    }","lastModifiedDate":"2024-08-28","isFullCredit":false},{"lineNumber":106,"author":{"gitId":"JYL27"},"content":"","lastModifiedDate":"2024-08-28","isFullCredit":false},{"lineNumber":107,"author":{"gitId":"JYL27"},"content":"    public static LocalTime readTime(String time) {","lastModifiedDate":"2024-08-28","isFullCredit":false},{"lineNumber":108,"author":{"gitId":"JYL27"},"content":"        LocalTime result;","lastModifiedDate":"2024-08-28","isFullCredit":false},{"lineNumber":109,"author":{"gitId":"JYL27"},"content":"        try {","lastModifiedDate":"2024-08-28","isFullCredit":false},{"lineNumber":110,"author":{"gitId":"JYL27"},"content":"            result \u003d LocalTime.parse(time);","lastModifiedDate":"2024-08-28","isFullCredit":false},{"lineNumber":111,"author":{"gitId":"JYL27"},"content":"        } catch (DateTimeParseException e) {","lastModifiedDate":"2024-08-28","isFullCredit":false},{"lineNumber":112,"author":{"gitId":"JYL27"},"content":"            return null;","lastModifiedDate":"2024-08-28","isFullCredit":false},{"lineNumber":113,"author":{"gitId":"JYL27"},"content":"        }","lastModifiedDate":"2024-08-28","isFullCredit":false},{"lineNumber":114,"author":{"gitId":"JYL27"},"content":"        return result;","lastModifiedDate":"2024-08-28","isFullCredit":false},{"lineNumber":115,"author":{"gitId":"JYL27"},"content":"    }","lastModifiedDate":"2024-08-28","isFullCredit":false},{"lineNumber":116,"author":{"gitId":"JYL27"},"content":"","lastModifiedDate":"2024-08-28","isFullCredit":false},{"lineNumber":117,"author":{"gitId":"JYL27"},"content":"    public static void makeList() {","lastModifiedDate":"2024-08-20","isFullCredit":false},{"lineNumber":118,"author":{"gitId":"JYL27"},"content":"        retrieveFile();","lastModifiedDate":"2024-08-27","isFullCredit":false},{"lineNumber":119,"author":{"gitId":"JYL27"},"content":"        repopulateTasks();","lastModifiedDate":"2024-08-27","isFullCredit":false},{"lineNumber":120,"author":{"gitId":"JYL27"},"content":"        Colress.print(Colress.printTasks(true));","lastModifiedDate":"2024-08-28","isFullCredit":false},{"lineNumber":121,"author":{"gitId":"JYL27"},"content":"","lastModifiedDate":"2024-08-27","isFullCredit":false},{"lineNumber":122,"author":{"gitId":"JYL27"},"content":"        Colress.getInput();","lastModifiedDate":"2024-08-20","isFullCredit":false},{"lineNumber":123,"author":{"gitId":"JYL27"},"content":"        while (!Colress.input.equals(Colress.COMMAND_EXIT)) {","lastModifiedDate":"2024-08-26","isFullCredit":false},{"lineNumber":124,"author":{"gitId":"JYL27"},"content":"            try {","lastModifiedDate":"2024-08-21","isFullCredit":false},{"lineNumber":125,"author":{"gitId":"JYL27"},"content":"                switch (Colress.input) {","lastModifiedDate":"2024-08-21","isFullCredit":false},{"lineNumber":126,"author":{"gitId":"JYL27"},"content":"                case Colress.COMMAND_ADD:","lastModifiedDate":"2024-08-26","isFullCredit":false},{"lineNumber":127,"author":{"gitId":"JYL27"},"content":"                    Colress.addToTasks();","lastModifiedDate":"2024-08-27","isFullCredit":false},{"lineNumber":128,"author":{"gitId":"JYL27"},"content":"                    break;","lastModifiedDate":"2024-08-21","isFullCredit":false},{"lineNumber":129,"author":{"gitId":"JYL27"},"content":"                case Colress.COMMAND_CHECK, Colress.COMMAND_UNCHECK, Colress.COMMAND_DELETE:","lastModifiedDate":"2024-08-26","isFullCredit":false},{"lineNumber":130,"author":{"gitId":"JYL27"},"content":"                    Colress.editTasks(Colress.input);","lastModifiedDate":"2024-08-27","isFullCredit":false},{"lineNumber":131,"author":{"gitId":"JYL27"},"content":"                    break;","lastModifiedDate":"2024-08-21","isFullCredit":false},{"lineNumber":132,"author":{"gitId":"JYL27"},"content":"                case Colress.COMMAND_LIST:","lastModifiedDate":"2024-08-26","isFullCredit":false},{"lineNumber":133,"author":{"gitId":"JYL27"},"content":"                    Colress.print(Colress.printTasks(true));","lastModifiedDate":"2024-08-28","isFullCredit":false},{"lineNumber":134,"author":{"gitId":"JYL27"},"content":"                    break;","lastModifiedDate":"2024-08-28","isFullCredit":false},{"lineNumber":135,"author":{"gitId":"JYL27"},"content":"                case Colress.COMMAND_DATE:","lastModifiedDate":"2024-08-28","isFullCredit":false},{"lineNumber":136,"author":{"gitId":"JYL27"},"content":"                    Colress.print(Colress.printTasks(false));","lastModifiedDate":"2024-08-28","isFullCredit":false},{"lineNumber":137,"author":{"gitId":"JYL27"},"content":"                    break;","lastModifiedDate":"2024-08-21","isFullCredit":false},{"lineNumber":138,"author":{"gitId":"JYL27"},"content":"                default:","lastModifiedDate":"2024-08-21","isFullCredit":false},{"lineNumber":139,"author":{"gitId":"JYL27"},"content":"                    throw new UnknownCommandException();","lastModifiedDate":"2024-08-21","isFullCredit":false},{"lineNumber":140,"author":{"gitId":"JYL27"},"content":"                }","lastModifiedDate":"2024-08-21","isFullCredit":false},{"lineNumber":141,"author":{"gitId":"JYL27"},"content":"            } catch (UnknownCommandException e) {","lastModifiedDate":"2024-08-21","isFullCredit":false},{"lineNumber":142,"author":{"gitId":"JYL27"},"content":"                print(String.valueOf(e));","lastModifiedDate":"2024-08-21","isFullCredit":false},{"lineNumber":143,"author":{"gitId":"JYL27"},"content":"            }","lastModifiedDate":"2024-08-20","isFullCredit":false},{"lineNumber":144,"author":{"gitId":"JYL27"},"content":"            writeToTaskFile();","lastModifiedDate":"2024-08-27","isFullCredit":false},{"lineNumber":145,"author":{"gitId":"JYL27"},"content":"            Colress.getInput();","lastModifiedDate":"2024-08-20","isFullCredit":false},{"lineNumber":146,"author":{"gitId":"JYL27"},"content":"        }","lastModifiedDate":"2024-08-20","isFullCredit":false},{"lineNumber":147,"author":{"gitId":"JYL27"},"content":"    }","lastModifiedDate":"2024-08-20","isFullCredit":false},{"lineNumber":148,"author":{"gitId":"JYL27"},"content":"","lastModifiedDate":"2024-08-20","isFullCredit":false},{"lineNumber":149,"author":{"gitId":"JYL27"},"content":"    public static void addToTasks() {","lastModifiedDate":"2024-08-27","isFullCredit":false},{"lineNumber":150,"author":{"gitId":"JYL27"},"content":"        Task currTask \u003d null;","lastModifiedDate":"2024-08-21","isFullCredit":false},{"lineNumber":151,"author":{"gitId":"JYL27"},"content":"        String description;","lastModifiedDate":"2024-08-20","isFullCredit":false},{"lineNumber":152,"author":{"gitId":"JYL27"},"content":"        LocalDate date;","lastModifiedDate":"2024-08-27","isFullCredit":false},{"lineNumber":153,"author":{"gitId":"JYL27"},"content":"        LocalTime from;","lastModifiedDate":"2024-08-27","isFullCredit":false},{"lineNumber":154,"author":{"gitId":"JYL27"},"content":"        LocalTime to;","lastModifiedDate":"2024-08-27","isFullCredit":false},{"lineNumber":155,"author":{"gitId":"JYL27"},"content":"","lastModifiedDate":"2024-08-20","isFullCredit":false},{"lineNumber":156,"author":{"gitId":"JYL27"},"content":"        while (currTask \u003d\u003d null) {","lastModifiedDate":"2024-08-21","isFullCredit":false},{"lineNumber":157,"author":{"gitId":"JYL27"},"content":"            try {","lastModifiedDate":"2024-08-21","isFullCredit":false},{"lineNumber":158,"author":{"gitId":"JYL27"},"content":"                print(Colress.PROMPT_TASK_TYPE);","lastModifiedDate":"2024-08-26","isFullCredit":false},{"lineNumber":159,"author":{"gitId":"JYL27"},"content":"                Colress.getInput();","lastModifiedDate":"2024-08-21","isFullCredit":false},{"lineNumber":160,"author":{"gitId":"JYL27"},"content":"","lastModifiedDate":"2024-08-21","isFullCredit":false},{"lineNumber":161,"author":{"gitId":"JYL27"},"content":"                switch (Colress.input) {","lastModifiedDate":"2024-08-21","isFullCredit":false},{"lineNumber":162,"author":{"gitId":"JYL27"},"content":"                case \"todo\":","lastModifiedDate":"2024-08-20","isFullCredit":false},{"lineNumber":163,"author":{"gitId":"JYL27"},"content":"                    Colress.print(Colress.PROMPT_TASK_DESCRIPTION);","lastModifiedDate":"2024-08-26","isFullCredit":false},{"lineNumber":164,"author":{"gitId":"JYL27"},"content":"                    description \u003d Colress.SCANNER.nextLine();","lastModifiedDate":"2024-08-26","isFullCredit":false},{"lineNumber":165,"author":{"gitId":"JYL27"},"content":"","lastModifiedDate":"2024-08-20","isFullCredit":false},{"lineNumber":166,"author":{"gitId":"JYL27"},"content":"                    currTask \u003d new ToDo(description);","lastModifiedDate":"2024-08-20","isFullCredit":false},{"lineNumber":167,"author":{"gitId":"JYL27"},"content":"                    Colress.TASKS.add(currTask);","lastModifiedDate":"2024-08-26","isFullCredit":false},{"lineNumber":168,"author":{"gitId":"JYL27"},"content":"                    Colress.print(Colress.MESSAGE_ADD_CONFIRMATION","lastModifiedDate":"2024-08-26","isFullCredit":false},{"lineNumber":169,"author":{"gitId":"JYL27"},"content":"                            + \"\\n\"","lastModifiedDate":"2024-08-21","isFullCredit":false},{"lineNumber":170,"author":{"gitId":"JYL27"},"content":"                            + Colress.TASKS.size()","lastModifiedDate":"2024-08-26","isFullCredit":false},{"lineNumber":171,"author":{"gitId":"JYL27"},"content":"                            + \". \"","lastModifiedDate":"2024-08-21","isFullCredit":false},{"lineNumber":172,"author":{"gitId":"JYL27"},"content":"                            + currTask);","lastModifiedDate":"2024-08-21","isFullCredit":false},{"lineNumber":173,"author":{"gitId":"JYL27"},"content":"                    break;","lastModifiedDate":"2024-08-20","isFullCredit":false},{"lineNumber":174,"author":{"gitId":"JYL27"},"content":"                case \"deadline\":","lastModifiedDate":"2024-08-20","isFullCredit":false},{"lineNumber":175,"author":{"gitId":"JYL27"},"content":"                    Colress.print(Colress.PROMPT_TASK_DESCRIPTION);","lastModifiedDate":"2024-08-26","isFullCredit":false},{"lineNumber":176,"author":{"gitId":"JYL27"},"content":"                    description \u003d Colress.SCANNER.nextLine();","lastModifiedDate":"2024-08-26","isFullCredit":false},{"lineNumber":177,"author":{"gitId":"JYL27"},"content":"","lastModifiedDate":"2024-08-20","isFullCredit":false},{"lineNumber":178,"author":{"gitId":"JYL27"},"content":"                    Colress.print(Colress.PROMPT_DEADLINE);","lastModifiedDate":"2024-08-26","isFullCredit":false},{"lineNumber":179,"author":{"gitId":"JYL27"},"content":"                    date \u003d readDate(Colress.SCANNER.nextLine());","lastModifiedDate":"2024-08-28","isFullCredit":false},{"lineNumber":180,"author":{"gitId":"JYL27"},"content":"                    if (date \u003d\u003d null) {","lastModifiedDate":"2024-08-28","isFullCredit":false},{"lineNumber":181,"author":{"gitId":"JYL27"},"content":"                        print(Colress.MESSAGE_NOT_A_VALID_DATE_TIME_ERROR);","lastModifiedDate":"2024-08-28","isFullCredit":false},{"lineNumber":182,"author":{"gitId":"JYL27"},"content":"                        break;","lastModifiedDate":"2024-08-28","isFullCredit":false},{"lineNumber":183,"author":{"gitId":"JYL27"},"content":"                    }","lastModifiedDate":"2024-08-28","isFullCredit":false},{"lineNumber":184,"author":{"gitId":"JYL27"},"content":"","lastModifiedDate":"2024-08-20","isFullCredit":false},{"lineNumber":185,"author":{"gitId":"JYL27"},"content":"                    currTask \u003d new Deadline(description, date);","lastModifiedDate":"2024-08-20","isFullCredit":false},{"lineNumber":186,"author":{"gitId":"JYL27"},"content":"                    Colress.TASKS.add(currTask);","lastModifiedDate":"2024-08-26","isFullCredit":false},{"lineNumber":187,"author":{"gitId":"JYL27"},"content":"                    Colress.print(Colress.MESSAGE_ADD_CONFIRMATION","lastModifiedDate":"2024-08-26","isFullCredit":false},{"lineNumber":188,"author":{"gitId":"JYL27"},"content":"                            + \"\\n\"","lastModifiedDate":"2024-08-21","isFullCredit":false},{"lineNumber":189,"author":{"gitId":"JYL27"},"content":"                            + Colress.TASKS.size()","lastModifiedDate":"2024-08-26","isFullCredit":false},{"lineNumber":190,"author":{"gitId":"JYL27"},"content":"                            + \". \"","lastModifiedDate":"2024-08-21","isFullCredit":false},{"lineNumber":191,"author":{"gitId":"JYL27"},"content":"                            + currTask);","lastModifiedDate":"2024-08-21","isFullCredit":false},{"lineNumber":192,"author":{"gitId":"JYL27"},"content":"                    break;","lastModifiedDate":"2024-08-20","isFullCredit":false},{"lineNumber":193,"author":{"gitId":"JYL27"},"content":"                case \"event\":","lastModifiedDate":"2024-08-20","isFullCredit":false},{"lineNumber":194,"author":{"gitId":"JYL27"},"content":"                    Colress.print(Colress.PROMPT_EVENT_DESCRIPTION);","lastModifiedDate":"2024-08-26","isFullCredit":false},{"lineNumber":195,"author":{"gitId":"JYL27"},"content":"                    description \u003d Colress.SCANNER.nextLine();","lastModifiedDate":"2024-08-26","isFullCredit":false},{"lineNumber":196,"author":{"gitId":"JYL27"},"content":"","lastModifiedDate":"2024-08-20","isFullCredit":false},{"lineNumber":197,"author":{"gitId":"JYL27"},"content":"                    Colress.print(Colress.PROMPT_EVENT_DATE);","lastModifiedDate":"2024-08-26","isFullCredit":false},{"lineNumber":198,"author":{"gitId":"JYL27"},"content":"                    date \u003d readDate(Colress.SCANNER.nextLine());","lastModifiedDate":"2024-08-28","isFullCredit":false},{"lineNumber":199,"author":{"gitId":"JYL27"},"content":"                    if (date \u003d\u003d null) {","lastModifiedDate":"2024-08-28","isFullCredit":false},{"lineNumber":200,"author":{"gitId":"JYL27"},"content":"                        print(Colress.MESSAGE_NOT_A_VALID_DATE_TIME_ERROR);","lastModifiedDate":"2024-08-28","isFullCredit":false},{"lineNumber":201,"author":{"gitId":"JYL27"},"content":"                        break;","lastModifiedDate":"2024-08-28","isFullCredit":false},{"lineNumber":202,"author":{"gitId":"JYL27"},"content":"                    }","lastModifiedDate":"2024-08-28","isFullCredit":false},{"lineNumber":203,"author":{"gitId":"JYL27"},"content":"","lastModifiedDate":"2024-08-20","isFullCredit":false},{"lineNumber":204,"author":{"gitId":"JYL27"},"content":"                    Colress.print(Colress.PROMPT_EVENT_START_TIME);","lastModifiedDate":"2024-08-26","isFullCredit":false},{"lineNumber":205,"author":{"gitId":"JYL27"},"content":"                    from \u003d readTime(Colress.SCANNER.nextLine());","lastModifiedDate":"2024-08-28","isFullCredit":false},{"lineNumber":206,"author":{"gitId":"JYL27"},"content":"                    if (from \u003d\u003d null) {","lastModifiedDate":"2024-08-28","isFullCredit":false},{"lineNumber":207,"author":{"gitId":"JYL27"},"content":"                        print(Colress.MESSAGE_NOT_A_VALID_DATE_TIME_ERROR);","lastModifiedDate":"2024-08-28","isFullCredit":false},{"lineNumber":208,"author":{"gitId":"JYL27"},"content":"                        break;","lastModifiedDate":"2024-08-28","isFullCredit":false},{"lineNumber":209,"author":{"gitId":"JYL27"},"content":"                    }","lastModifiedDate":"2024-08-28","isFullCredit":false},{"lineNumber":210,"author":{"gitId":"JYL27"},"content":"","lastModifiedDate":"2024-08-20","isFullCredit":false},{"lineNumber":211,"author":{"gitId":"JYL27"},"content":"                    Colress.print(Colress.PROMPT_EVENT_END_TIME);","lastModifiedDate":"2024-08-26","isFullCredit":false},{"lineNumber":212,"author":{"gitId":"JYL27"},"content":"                    to \u003d readTime(Colress.SCANNER.nextLine());","lastModifiedDate":"2024-08-28","isFullCredit":false},{"lineNumber":213,"author":{"gitId":"JYL27"},"content":"                    if (to \u003d\u003d null) {","lastModifiedDate":"2024-08-28","isFullCredit":false},{"lineNumber":214,"author":{"gitId":"JYL27"},"content":"                        print(Colress.MESSAGE_NOT_A_VALID_DATE_TIME_ERROR);","lastModifiedDate":"2024-08-28","isFullCredit":false},{"lineNumber":215,"author":{"gitId":"JYL27"},"content":"                        break;","lastModifiedDate":"2024-08-28","isFullCredit":false},{"lineNumber":216,"author":{"gitId":"JYL27"},"content":"                    }","lastModifiedDate":"2024-08-28","isFullCredit":false},{"lineNumber":217,"author":{"gitId":"JYL27"},"content":"","lastModifiedDate":"2024-08-20","isFullCredit":false},{"lineNumber":218,"author":{"gitId":"JYL27"},"content":"                    currTask \u003d new Event(description, date, from, to);","lastModifiedDate":"2024-08-20","isFullCredit":false},{"lineNumber":219,"author":{"gitId":"JYL27"},"content":"                    Colress.TASKS.add(currTask);","lastModifiedDate":"2024-08-26","isFullCredit":false},{"lineNumber":220,"author":{"gitId":"JYL27"},"content":"                    Colress.print(Colress.MESSAGE_ADD_CONFIRMATION","lastModifiedDate":"2024-08-26","isFullCredit":false},{"lineNumber":221,"author":{"gitId":"JYL27"},"content":"                            + \"\\n\"","lastModifiedDate":"2024-08-21","isFullCredit":false},{"lineNumber":222,"author":{"gitId":"JYL27"},"content":"                            + Colress.TASKS.size()","lastModifiedDate":"2024-08-26","isFullCredit":false},{"lineNumber":223,"author":{"gitId":"JYL27"},"content":"                            + \". \"","lastModifiedDate":"2024-08-21","isFullCredit":false},{"lineNumber":224,"author":{"gitId":"JYL27"},"content":"                            + currTask);","lastModifiedDate":"2024-08-21","isFullCredit":false},{"lineNumber":225,"author":{"gitId":"JYL27"},"content":"                    break;","lastModifiedDate":"2024-08-20","isFullCredit":false},{"lineNumber":226,"author":{"gitId":"JYL27"},"content":"                default:","lastModifiedDate":"2024-08-20","isFullCredit":false},{"lineNumber":227,"author":{"gitId":"JYL27"},"content":"                    throw new UnknownTaskTypeException();","lastModifiedDate":"2024-08-21","isFullCredit":false},{"lineNumber":228,"author":{"gitId":"JYL27"},"content":"                }","lastModifiedDate":"2024-08-21","isFullCredit":false},{"lineNumber":229,"author":{"gitId":"JYL27"},"content":"            } catch (UnknownTaskTypeException e) {","lastModifiedDate":"2024-08-21","isFullCredit":false},{"lineNumber":230,"author":{"gitId":"JYL27"},"content":"                print(String.valueOf(e));","lastModifiedDate":"2024-08-21","isFullCredit":false},{"lineNumber":231,"author":{"gitId":"JYL27"},"content":"            }","lastModifiedDate":"2024-08-20","isFullCredit":false},{"lineNumber":232,"author":{"gitId":"JYL27"},"content":"        }","lastModifiedDate":"2024-08-20","isFullCredit":false},{"lineNumber":233,"author":{"gitId":"JYL27"},"content":"    }","lastModifiedDate":"2024-08-21","isFullCredit":false},{"lineNumber":234,"author":{"gitId":"JYL27"},"content":"","lastModifiedDate":"2024-08-21","isFullCredit":false},{"lineNumber":235,"author":{"gitId":"JYL27"},"content":"    public static void editTasks(String action) throws UnknownCommandException {","lastModifiedDate":"2024-08-27","isFullCredit":false},{"lineNumber":236,"author":{"gitId":"JYL27"},"content":"        if (Colress.TASKS.isEmpty()) {","lastModifiedDate":"2024-08-26","isFullCredit":false},{"lineNumber":237,"author":{"gitId":"JYL27"},"content":"            Colress.print(Colress.MESSAGE_LIST_EMPTY);","lastModifiedDate":"2024-08-26","isFullCredit":false},{"lineNumber":238,"author":{"gitId":"JYL27"},"content":"        } else {","lastModifiedDate":"2024-08-20","isFullCredit":false},{"lineNumber":239,"author":{"gitId":"JYL27"},"content":"            int index \u003d -1;","lastModifiedDate":"2024-08-21","isFullCredit":false},{"lineNumber":240,"author":{"gitId":"JYL27"},"content":"            Task currTask \u003d null;","lastModifiedDate":"2024-08-21","isFullCredit":false},{"lineNumber":241,"author":{"gitId":"JYL27"},"content":"            while (currTask \u003d\u003d null) {","lastModifiedDate":"2024-08-21","isFullCredit":false},{"lineNumber":242,"author":{"gitId":"JYL27"},"content":"                Colress.print(Colress.PROMPT_TASK_NUMBER);","lastModifiedDate":"2024-08-26","isFullCredit":false},{"lineNumber":243,"author":{"gitId":"JYL27"},"content":"                try {","lastModifiedDate":"2024-08-21","isFullCredit":false},{"lineNumber":244,"author":{"gitId":"JYL27"},"content":"                    index \u003d Integer.parseInt(Colress.SCANNER.nextLine());","lastModifiedDate":"2024-08-26","isFullCredit":false},{"lineNumber":245,"author":{"gitId":"JYL27"},"content":"                    currTask \u003d Colress.TASKS.get(index - 1);","lastModifiedDate":"2024-08-26","isFullCredit":false},{"lineNumber":246,"author":{"gitId":"JYL27"},"content":"                } catch (NumberFormatException e) {","lastModifiedDate":"2024-08-21","isFullCredit":false},{"lineNumber":247,"author":{"gitId":"JYL27"},"content":"                    print(Colress.MESSAGE_NOT_A_NUMBER_ERROR);","lastModifiedDate":"2024-08-26","isFullCredit":false},{"lineNumber":248,"author":{"gitId":"JYL27"},"content":"                } catch (IndexOutOfBoundsException e) {","lastModifiedDate":"2024-08-21","isFullCredit":false},{"lineNumber":249,"author":{"gitId":"JYL27"},"content":"                    print(Colress.MESSAGE_NOT_A_VALID_NUMBER_ERROR);","lastModifiedDate":"2024-08-26","isFullCredit":false},{"lineNumber":250,"author":{"gitId":"JYL27"},"content":"                }","lastModifiedDate":"2024-08-21","isFullCredit":false},{"lineNumber":251,"author":{"gitId":"JYL27"},"content":"            }","lastModifiedDate":"2024-08-21","isFullCredit":false},{"lineNumber":252,"author":{"gitId":"JYL27"},"content":"","lastModifiedDate":"2024-08-26","isFullCredit":false},{"lineNumber":253,"author":{"gitId":"JYL27"},"content":"            switch (action) {","lastModifiedDate":"2024-08-20","isFullCredit":false},{"lineNumber":254,"author":{"gitId":"JYL27"},"content":"            case \"check\":","lastModifiedDate":"2024-08-20","isFullCredit":false},{"lineNumber":255,"author":{"gitId":"JYL27"},"content":"                currTask.check();","lastModifiedDate":"2024-08-20","isFullCredit":false},{"lineNumber":256,"author":{"gitId":"JYL27"},"content":"                Colress.print(Colress.MESSAGE_CHECK_CONFIRMATION + \"\\n\" + index + \".\" + currTask);","lastModifiedDate":"2024-08-26","isFullCredit":false},{"lineNumber":257,"author":{"gitId":"JYL27"},"content":"                break;","lastModifiedDate":"2024-08-20","isFullCredit":false},{"lineNumber":258,"author":{"gitId":"JYL27"},"content":"            case \"uncheck\":","lastModifiedDate":"2024-08-20","isFullCredit":false},{"lineNumber":259,"author":{"gitId":"JYL27"},"content":"                currTask.uncheck();","lastModifiedDate":"2024-08-20","isFullCredit":false},{"lineNumber":260,"author":{"gitId":"JYL27"},"content":"                Colress.print(Colress.MESSAGE_UNCHECK_CONFIRMATION + \"\\n\" + index + \".\" + currTask);","lastModifiedDate":"2024-08-26","isFullCredit":false},{"lineNumber":261,"author":{"gitId":"JYL27"},"content":"                break;","lastModifiedDate":"2024-08-20","isFullCredit":false},{"lineNumber":262,"author":{"gitId":"JYL27"},"content":"            case \"delete\":","lastModifiedDate":"2024-08-21","isFullCredit":false},{"lineNumber":263,"author":{"gitId":"JYL27"},"content":"                Colress.TASKS.remove(index - 1);","lastModifiedDate":"2024-08-27","isFullCredit":false},{"lineNumber":264,"author":{"gitId":"JYL27"},"content":"                Colress.print(Colress.MESSAGE_DELETE_CONFIRMATION + \"\\n\" + printTasks(true));","lastModifiedDate":"2024-08-28","isFullCredit":false},{"lineNumber":265,"author":{"gitId":"JYL27"},"content":"                break;","lastModifiedDate":"2024-08-21","isFullCredit":false},{"lineNumber":266,"author":{"gitId":"JYL27"},"content":"            default:","lastModifiedDate":"2024-08-20","isFullCredit":false},{"lineNumber":267,"author":{"gitId":"JYL27"},"content":"                throw new UnknownCommandException();","lastModifiedDate":"2024-08-21","isFullCredit":false},{"lineNumber":268,"author":{"gitId":"JYL27"},"content":"            }","lastModifiedDate":"2024-08-20","isFullCredit":false},{"lineNumber":269,"author":{"gitId":"JYL27"},"content":"        }","lastModifiedDate":"2024-08-20","isFullCredit":false},{"lineNumber":270,"author":{"gitId":"JYL27"},"content":"    }","lastModifiedDate":"2024-08-20","isFullCredit":false},{"lineNumber":271,"author":{"gitId":"JYL27"},"content":"","lastModifiedDate":"2024-08-27","isFullCredit":false},{"lineNumber":272,"author":{"gitId":"JYL27"},"content":"    public static String printTasks(boolean printsAll) {","lastModifiedDate":"2024-08-28","isFullCredit":false},{"lineNumber":273,"author":{"gitId":"JYL27"},"content":"        String result \u003d \"\";","lastModifiedDate":"2024-08-20","isFullCredit":false},{"lineNumber":274,"author":{"gitId":"JYL27"},"content":"        if (printsAll) {","lastModifiedDate":"2024-08-28","isFullCredit":false},{"lineNumber":275,"author":{"gitId":"JYL27"},"content":"            for(int i \u003d 0; i \u003c Colress.TASKS.size(); i++) {","lastModifiedDate":"2024-08-28","isFullCredit":false},{"lineNumber":276,"author":{"gitId":"JYL27"},"content":"                result +\u003d String.format(\"\\n%d. \" + Colress.TASKS.get(i), i + 1);","lastModifiedDate":"2024-08-28","isFullCredit":false},{"lineNumber":277,"author":{"gitId":"JYL27"},"content":"            }","lastModifiedDate":"2024-08-28","isFullCredit":false},{"lineNumber":278,"author":{"gitId":"JYL27"},"content":"        } else {","lastModifiedDate":"2024-08-28","isFullCredit":false},{"lineNumber":279,"author":{"gitId":"JYL27"},"content":"            Colress.print(Colress.PROMPT_DATE);","lastModifiedDate":"2024-08-28","isFullCredit":false},{"lineNumber":280,"author":{"gitId":"JYL27"},"content":"            LocalDate date \u003d readDate(Colress.SCANNER.nextLine());","lastModifiedDate":"2024-08-28","isFullCredit":false},{"lineNumber":281,"author":{"gitId":"JYL27"},"content":"            for(int i \u003d 0; i \u003c Colress.TASKS.size(); i++) {","lastModifiedDate":"2024-08-26","isFullCredit":false},{"lineNumber":282,"author":{"gitId":"JYL27"},"content":"                Task currTask \u003d Colress.TASKS.get(i);","lastModifiedDate":"2024-08-28","isFullCredit":false},{"lineNumber":283,"author":{"gitId":"JYL27"},"content":"                if (!currTask.fallsOnDate(date)) {","lastModifiedDate":"2024-08-28","isFullCredit":false},{"lineNumber":284,"author":{"gitId":"JYL27"},"content":"                    continue;","lastModifiedDate":"2024-08-28","isFullCredit":false},{"lineNumber":285,"author":{"gitId":"JYL27"},"content":"                }","lastModifiedDate":"2024-08-28","isFullCredit":false},{"lineNumber":286,"author":{"gitId":"JYL27"},"content":"                result +\u003d String.format(\"\\n%d. \" + Colress.TASKS.get(i), i + 1);","lastModifiedDate":"2024-08-26","isFullCredit":false},{"lineNumber":287,"author":{"gitId":"JYL27"},"content":"            }","lastModifiedDate":"2024-08-20","isFullCredit":false},{"lineNumber":288,"author":{"gitId":"JYL27"},"content":"        }","lastModifiedDate":"2024-08-28","isFullCredit":false},{"lineNumber":289,"author":{"gitId":"JYL27"},"content":"","lastModifiedDate":"2024-08-28","isFullCredit":false},{"lineNumber":290,"author":{"gitId":"JYL27"},"content":"        if(result.isEmpty()) {","lastModifiedDate":"2024-08-20","isFullCredit":false},{"lineNumber":291,"author":{"gitId":"JYL27"},"content":"            return Colress.MESSAGE_LIST_EMPTY;","lastModifiedDate":"2024-08-26","isFullCredit":false},{"lineNumber":292,"author":{"gitId":"JYL27"},"content":"        }","lastModifiedDate":"2024-08-20","isFullCredit":false},{"lineNumber":293,"author":{"gitId":"JYL27"},"content":"        return \"Here is your list:\" + result;","lastModifiedDate":"2024-08-20","isFullCredit":false},{"lineNumber":294,"author":{"gitId":"JYL27"},"content":"    }","lastModifiedDate":"2024-08-20","isFullCredit":false},{"lineNumber":295,"author":{"gitId":"JYL27"},"content":"","lastModifiedDate":"2024-08-27","isFullCredit":false},{"lineNumber":296,"author":{"gitId":"JYL27"},"content":"    public static void writeToTaskFile() {","lastModifiedDate":"2024-08-27","isFullCredit":false},{"lineNumber":297,"author":{"gitId":"JYL27"},"content":"        try {","lastModifiedDate":"2024-08-27","isFullCredit":false},{"lineNumber":298,"author":{"gitId":"JYL27"},"content":"            String result \u003d \"\";","lastModifiedDate":"2024-08-27","isFullCredit":false},{"lineNumber":299,"author":{"gitId":"JYL27"},"content":"            for(int i \u003d 0; i \u003c Colress.TASKS.size(); i++) {","lastModifiedDate":"2024-08-27","isFullCredit":false},{"lineNumber":300,"author":{"gitId":"JYL27"},"content":"                result +\u003d String.format(Colress.TASKS.get(i).toTextFile() + \"\\n\", i + 1);","lastModifiedDate":"2024-08-27","isFullCredit":false},{"lineNumber":301,"author":{"gitId":"JYL27"},"content":"            }","lastModifiedDate":"2024-08-27","isFullCredit":false},{"lineNumber":302,"author":{"gitId":"JYL27"},"content":"            initialiseFileWriter();","lastModifiedDate":"2024-08-27","isFullCredit":false},{"lineNumber":303,"author":{"gitId":"JYL27"},"content":"            Colress.writer.write(result);","lastModifiedDate":"2024-08-27","isFullCredit":false},{"lineNumber":304,"author":{"gitId":"JYL27"},"content":"            Colress.writer.close();","lastModifiedDate":"2024-08-27","isFullCredit":false},{"lineNumber":305,"author":{"gitId":"JYL27"},"content":"        } catch (IOException e) {","lastModifiedDate":"2024-08-27","isFullCredit":false},{"lineNumber":306,"author":{"gitId":"JYL27"},"content":"            print(Colress.MESSAGE_FILE_WRITING_ERROR);","lastModifiedDate":"2024-08-27","isFullCredit":false},{"lineNumber":307,"author":{"gitId":"JYL27"},"content":"        }","lastModifiedDate":"2024-08-27","isFullCredit":false},{"lineNumber":308,"author":{"gitId":"JYL27"},"content":"    }","lastModifiedDate":"2024-08-27","isFullCredit":false},{"lineNumber":309,"author":{"gitId":"JYL27"},"content":"","lastModifiedDate":"2024-08-27","isFullCredit":false},{"lineNumber":310,"author":{"gitId":"JYL27"},"content":"    public static void repopulateTasks() {","lastModifiedDate":"2024-08-27","isFullCredit":false},{"lineNumber":311,"author":{"gitId":"JYL27"},"content":"        try {","lastModifiedDate":"2024-08-27","isFullCredit":false},{"lineNumber":312,"author":{"gitId":"JYL27"},"content":"            Scanner reader \u003d new Scanner(Colress.taskList);","lastModifiedDate":"2024-08-27","isFullCredit":false},{"lineNumber":313,"author":{"gitId":"JYL27"},"content":"            String[] strings;","lastModifiedDate":"2024-08-27","isFullCredit":false},{"lineNumber":314,"author":{"gitId":"JYL27"},"content":"            String currLine;","lastModifiedDate":"2024-08-27","isFullCredit":false},{"lineNumber":315,"author":{"gitId":"JYL27"},"content":"","lastModifiedDate":"2024-08-27","isFullCredit":false},{"lineNumber":316,"author":{"gitId":"JYL27"},"content":"            while (reader.hasNextLine()) {","lastModifiedDate":"2024-08-27","isFullCredit":false},{"lineNumber":317,"author":{"gitId":"JYL27"},"content":"                currLine \u003d reader.nextLine();","lastModifiedDate":"2024-08-27","isFullCredit":false},{"lineNumber":318,"author":{"gitId":"JYL27"},"content":"                strings \u003d currLine.split(\" \\\\| \");","lastModifiedDate":"2024-08-27","isFullCredit":false},{"lineNumber":319,"author":{"gitId":"JYL27"},"content":"                boolean isChecked;","lastModifiedDate":"2024-08-27","isFullCredit":false},{"lineNumber":320,"author":{"gitId":"JYL27"},"content":"                if (Objects.equals(strings[0], \"[X]\")) {","lastModifiedDate":"2024-08-27","isFullCredit":false},{"lineNumber":321,"author":{"gitId":"JYL27"},"content":"                    isChecked \u003d true;","lastModifiedDate":"2024-08-27","isFullCredit":false},{"lineNumber":322,"author":{"gitId":"JYL27"},"content":"                } else if (Objects.equals(strings[0], \"[ ]\")) {","lastModifiedDate":"2024-08-27","isFullCredit":false},{"lineNumber":323,"author":{"gitId":"JYL27"},"content":"                    isChecked \u003d false;","lastModifiedDate":"2024-08-27","isFullCredit":false},{"lineNumber":324,"author":{"gitId":"JYL27"},"content":"                } else {","lastModifiedDate":"2024-08-27","isFullCredit":false},{"lineNumber":325,"author":{"gitId":"JYL27"},"content":"                    Colress.print(Colress.MESSAGE_FILE_CORRUPTED_ERROR);","lastModifiedDate":"2024-08-27","isFullCredit":false},{"lineNumber":326,"author":{"gitId":"JYL27"},"content":"                    continue;","lastModifiedDate":"2024-08-27","isFullCredit":false},{"lineNumber":327,"author":{"gitId":"JYL27"},"content":"                }","lastModifiedDate":"2024-08-27","isFullCredit":false},{"lineNumber":328,"author":{"gitId":"JYL27"},"content":"","lastModifiedDate":"2024-08-27","isFullCredit":false},{"lineNumber":329,"author":{"gitId":"JYL27"},"content":"                switch (strings[1]) {","lastModifiedDate":"2024-08-27","isFullCredit":false},{"lineNumber":330,"author":{"gitId":"JYL27"},"content":"                case \"To-Do\":","lastModifiedDate":"2024-08-27","isFullCredit":false},{"lineNumber":331,"author":{"gitId":"JYL27"},"content":"                    Colress.TASKS.add(new ToDo(strings[2], isChecked));","lastModifiedDate":"2024-08-27","isFullCredit":false},{"lineNumber":332,"author":{"gitId":"JYL27"},"content":"                    break;","lastModifiedDate":"2024-08-27","isFullCredit":false},{"lineNumber":333,"author":{"gitId":"JYL27"},"content":"                case \"Deadline\":","lastModifiedDate":"2024-08-27","isFullCredit":false},{"lineNumber":334,"author":{"gitId":"JYL27"},"content":"                    LocalDate deadline \u003d readDate(strings[3]);","lastModifiedDate":"2024-08-28","isFullCredit":false},{"lineNumber":335,"author":{"gitId":"JYL27"},"content":"                    if (deadline \u003d\u003d null) {","lastModifiedDate":"2024-08-28","isFullCredit":false},{"lineNumber":336,"author":{"gitId":"JYL27"},"content":"                        print(Colress.MESSAGE_FILE_CORRUPTED_ERROR);","lastModifiedDate":"2024-08-28","isFullCredit":false},{"lineNumber":337,"author":{"gitId":"JYL27"},"content":"                        continue;","lastModifiedDate":"2024-08-28","isFullCredit":false},{"lineNumber":338,"author":{"gitId":"JYL27"},"content":"                    }","lastModifiedDate":"2024-08-28","isFullCredit":false},{"lineNumber":339,"author":{"gitId":"JYL27"},"content":"","lastModifiedDate":"2024-08-28","isFullCredit":false},{"lineNumber":340,"author":{"gitId":"JYL27"},"content":"                    Colress.TASKS.add(new Deadline(strings[2], deadline, isChecked));","lastModifiedDate":"2024-08-28","isFullCredit":false},{"lineNumber":341,"author":{"gitId":"JYL27"},"content":"                    break;","lastModifiedDate":"2024-08-27","isFullCredit":false},{"lineNumber":342,"author":{"gitId":"JYL27"},"content":"                case \"Event\":","lastModifiedDate":"2024-08-27","isFullCredit":false},{"lineNumber":343,"author":{"gitId":"JYL27"},"content":"                    LocalDate eventDate \u003d readDate(strings[3]);","lastModifiedDate":"2024-08-28","isFullCredit":false},{"lineNumber":344,"author":{"gitId":"JYL27"},"content":"                    String[] times \u003d strings[4].split(\" to \");","lastModifiedDate":"2024-08-27","isFullCredit":false},{"lineNumber":345,"author":{"gitId":"JYL27"},"content":"                    LocalTime from \u003d readTime(times[0]);","lastModifiedDate":"2024-08-28","isFullCredit":false},{"lineNumber":346,"author":{"gitId":"JYL27"},"content":"                    LocalTime to \u003d readTime(times[1]);","lastModifiedDate":"2024-08-28","isFullCredit":false},{"lineNumber":347,"author":{"gitId":"JYL27"},"content":"                    if (eventDate \u003d\u003d null || from \u003d\u003d null || to \u003d\u003d null) {","lastModifiedDate":"2024-08-28","isFullCredit":false},{"lineNumber":348,"author":{"gitId":"JYL27"},"content":"                        print(Colress.MESSAGE_FILE_CORRUPTED_ERROR);","lastModifiedDate":"2024-08-28","isFullCredit":false},{"lineNumber":349,"author":{"gitId":"JYL27"},"content":"                        continue;","lastModifiedDate":"2024-08-28","isFullCredit":false},{"lineNumber":350,"author":{"gitId":"JYL27"},"content":"                    }","lastModifiedDate":"2024-08-28","isFullCredit":false},{"lineNumber":351,"author":{"gitId":"JYL27"},"content":"","lastModifiedDate":"2024-08-28","isFullCredit":false},{"lineNumber":352,"author":{"gitId":"JYL27"},"content":"                    Colress.TASKS.add(new Event(strings[2], eventDate, from, to, isChecked));","lastModifiedDate":"2024-08-28","isFullCredit":false},{"lineNumber":353,"author":{"gitId":"JYL27"},"content":"                    break;","lastModifiedDate":"2024-08-27","isFullCredit":false},{"lineNumber":354,"author":{"gitId":"JYL27"},"content":"                default:","lastModifiedDate":"2024-08-27","isFullCredit":false},{"lineNumber":355,"author":{"gitId":"JYL27"},"content":"                    Colress.print(Colress.MESSAGE_FILE_CORRUPTED_ERROR);","lastModifiedDate":"2024-08-27","isFullCredit":false},{"lineNumber":356,"author":{"gitId":"JYL27"},"content":"                }","lastModifiedDate":"2024-08-27","isFullCredit":false},{"lineNumber":357,"author":{"gitId":"JYL27"},"content":"            }","lastModifiedDate":"2024-08-27","isFullCredit":false},{"lineNumber":358,"author":{"gitId":"JYL27"},"content":"        } catch (FileNotFoundException e) {","lastModifiedDate":"2024-08-27","isFullCredit":false},{"lineNumber":359,"author":{"gitId":"JYL27"},"content":"            Colress.print(Colress.MESSAGE_FILE_DOES_NOT_EXIST_ERROR);","lastModifiedDate":"2024-08-27","isFullCredit":false},{"lineNumber":360,"author":{"gitId":"JYL27"},"content":"        }","lastModifiedDate":"2024-08-27","isFullCredit":false},{"lineNumber":361,"author":{"gitId":"JYL27"},"content":"    }","lastModifiedDate":"2024-08-27","isFullCredit":false},{"lineNumber":362,"author":{"gitId":"JYL27"},"content":"","lastModifiedDate":"2024-08-27","isFullCredit":false},{"lineNumber":363,"author":{"gitId":"JYL27"},"content":"    public static void main(String[] args) {","lastModifiedDate":"2024-08-20","isFullCredit":false},{"lineNumber":364,"author":{"gitId":"JYL27"},"content":"        Colress.print(Colress.MESSAGE_GREETING);","lastModifiedDate":"2024-08-26","isFullCredit":false},{"lineNumber":365,"author":{"gitId":"JYL27"},"content":"        Colress.makeList();","lastModifiedDate":"2024-08-20","isFullCredit":false},{"lineNumber":366,"author":{"gitId":"JYL27"},"content":"        Colress.print(Colress.MESSAGE_FAREWELL);","lastModifiedDate":"2024-08-26","isFullCredit":false},{"lineNumber":367,"author":{"gitId":"JYL27"},"content":"    }","lastModifiedDate":"2024-08-20","isFullCredit":false},{"lineNumber":368,"author":{"gitId":"JYL27"},"content":"}","lastModifiedDate":"2024-08-20","isFullCredit":false}],"authorContributionMap":{"JYL27":368}},{"path":"src/main/java/Deadline.java","fileType":"java","lines":[{"lineNumber":1,"author":{"gitId":"JYL27"},"content":"import java.time.format.DateTimeFormatter;","lastModifiedDate":"2024-08-27","isFullCredit":false},{"lineNumber":2,"author":{"gitId":"JYL27"},"content":"import java.time.LocalDate;","lastModifiedDate":"2024-08-27","isFullCredit":false},{"lineNumber":3,"author":{"gitId":"JYL27"},"content":"public class Deadline extends Task {","lastModifiedDate":"2024-08-20","isFullCredit":false},{"lineNumber":4,"author":{"gitId":"JYL27"},"content":"    LocalDate deadline;","lastModifiedDate":"2024-08-27","isFullCredit":false},{"lineNumber":5,"author":{"gitId":"JYL27"},"content":"    public Deadline(String description, LocalDate deadline) {","lastModifiedDate":"2024-08-27","isFullCredit":false},{"lineNumber":6,"author":{"gitId":"JYL27"},"content":"        super(description);","lastModifiedDate":"2024-08-20","isFullCredit":false},{"lineNumber":7,"author":{"gitId":"JYL27"},"content":"        this.deadline \u003d deadline;","lastModifiedDate":"2024-08-20","isFullCredit":false},{"lineNumber":8,"author":{"gitId":"JYL27"},"content":"    }","lastModifiedDate":"2024-08-20","isFullCredit":false},{"lineNumber":9,"author":{"gitId":"JYL27"},"content":"","lastModifiedDate":"2024-08-20","isFullCredit":false},{"lineNumber":10,"author":{"gitId":"JYL27"},"content":"    public Deadline(String description, LocalDate deadline, boolean isDone) {","lastModifiedDate":"2024-08-27","isFullCredit":false},{"lineNumber":11,"author":{"gitId":"JYL27"},"content":"        super(description, isDone);","lastModifiedDate":"2024-08-20","isFullCredit":false},{"lineNumber":12,"author":{"gitId":"JYL27"},"content":"        this.deadline \u003d deadline;","lastModifiedDate":"2024-08-20","isFullCredit":false},{"lineNumber":13,"author":{"gitId":"JYL27"},"content":"    }","lastModifiedDate":"2024-08-20","isFullCredit":false},{"lineNumber":14,"author":{"gitId":"JYL27"},"content":"","lastModifiedDate":"2024-08-20","isFullCredit":false},{"lineNumber":15,"author":{"gitId":"JYL27"},"content":"    public Deadline() {","lastModifiedDate":"2024-08-20","isFullCredit":false},{"lineNumber":16,"author":{"gitId":"JYL27"},"content":"        super();","lastModifiedDate":"2024-08-20","isFullCredit":false},{"lineNumber":17,"author":{"gitId":"JYL27"},"content":"    }","lastModifiedDate":"2024-08-20","isFullCredit":false},{"lineNumber":18,"author":{"gitId":"JYL27"},"content":"","lastModifiedDate":"2024-08-20","isFullCredit":false},{"lineNumber":19,"author":{"gitId":"JYL27"},"content":"    @Override","lastModifiedDate":"2024-08-28","isFullCredit":false},{"lineNumber":20,"author":{"gitId":"JYL27"},"content":"    public boolean fallsOnDate(LocalDate date) {","lastModifiedDate":"2024-08-28","isFullCredit":false},{"lineNumber":21,"author":{"gitId":"JYL27"},"content":"        return this.deadline.isEqual(date);","lastModifiedDate":"2024-08-28","isFullCredit":false},{"lineNumber":22,"author":{"gitId":"JYL27"},"content":"    }","lastModifiedDate":"2024-08-28","isFullCredit":false},{"lineNumber":23,"author":{"gitId":"JYL27"},"content":"","lastModifiedDate":"2024-08-28","isFullCredit":false},{"lineNumber":24,"author":{"gitId":"JYL27"},"content":"    @Override","lastModifiedDate":"2024-08-20","isFullCredit":false},{"lineNumber":25,"author":{"gitId":"JYL27"},"content":"    public String toString() {","lastModifiedDate":"2024-08-20","isFullCredit":false},{"lineNumber":26,"author":{"gitId":"JYL27"},"content":"        if (getIsDone()) {","lastModifiedDate":"2024-08-27","isFullCredit":false},{"lineNumber":27,"author":{"gitId":"JYL27"},"content":"            return String.format(\"[X][D] %s (%s)\", getDescription(),","lastModifiedDate":"2024-08-27","isFullCredit":false},{"lineNumber":28,"author":{"gitId":"JYL27"},"content":"                    this.deadline.format(DateTimeFormatter.ofPattern(\"MMM dd yyyy\")));","lastModifiedDate":"2024-08-27","isFullCredit":false},{"lineNumber":29,"author":{"gitId":"JYL27"},"content":"        } else {","lastModifiedDate":"2024-08-27","isFullCredit":false},{"lineNumber":30,"author":{"gitId":"JYL27"},"content":"            return String.format(\"[ ][D] %s (%s)\", getDescription(),","lastModifiedDate":"2024-08-27","isFullCredit":false},{"lineNumber":31,"author":{"gitId":"JYL27"},"content":"                    this.deadline.format(DateTimeFormatter.ofPattern(\"MMM dd yyyy\")));","lastModifiedDate":"2024-08-27","isFullCredit":false},{"lineNumber":32,"author":{"gitId":"JYL27"},"content":"        }","lastModifiedDate":"2024-08-27","isFullCredit":false},{"lineNumber":33,"author":{"gitId":"JYL27"},"content":"    }","lastModifiedDate":"2024-08-27","isFullCredit":false},{"lineNumber":34,"author":{"gitId":"JYL27"},"content":"","lastModifiedDate":"2024-08-27","isFullCredit":false},{"lineNumber":35,"author":{"gitId":"JYL27"},"content":"    @Override","lastModifiedDate":"2024-08-27","isFullCredit":false},{"lineNumber":36,"author":{"gitId":"JYL27"},"content":"    public String toTextFile() {","lastModifiedDate":"2024-08-27","isFullCredit":false},{"lineNumber":37,"author":{"gitId":"JYL27"},"content":"        if (getIsDone()) {","lastModifiedDate":"2024-08-20","isFullCredit":false},{"lineNumber":38,"author":{"gitId":"JYL27"},"content":"            return String.format(\"[X] | Deadline | %s | %s\", getDescription(), this.deadline);","lastModifiedDate":"2024-08-27","isFullCredit":false},{"lineNumber":39,"author":{"gitId":"JYL27"},"content":"        } else {","lastModifiedDate":"2024-08-20","isFullCredit":false},{"lineNumber":40,"author":{"gitId":"JYL27"},"content":"            return String.format(\"[ ] | Deadline | %s | %s\", getDescription(), this.deadline);","lastModifiedDate":"2024-08-27","isFullCredit":false},{"lineNumber":41,"author":{"gitId":"JYL27"},"content":"        }","lastModifiedDate":"2024-08-20","isFullCredit":false},{"lineNumber":42,"author":{"gitId":"JYL27"},"content":"    }","lastModifiedDate":"2024-08-20","isFullCredit":false},{"lineNumber":43,"author":{"gitId":"JYL27"},"content":"}","lastModifiedDate":"2024-08-20","isFullCredit":false}],"authorContributionMap":{"JYL27":43}},{"path":"src/main/java/Event.java","fileType":"java","lines":[{"lineNumber":1,"author":{"gitId":"JYL27"},"content":"import java.time.format.DateTimeFormatter;","lastModifiedDate":"2024-08-27","isFullCredit":false},{"lineNumber":2,"author":{"gitId":"JYL27"},"content":"import java.time.LocalDate;","lastModifiedDate":"2024-08-27","isFullCredit":false},{"lineNumber":3,"author":{"gitId":"JYL27"},"content":"import java.time.LocalTime;","lastModifiedDate":"2024-08-27","isFullCredit":false},{"lineNumber":4,"author":{"gitId":"JYL27"},"content":"","lastModifiedDate":"2024-08-27","isFullCredit":false},{"lineNumber":5,"author":{"gitId":"JYL27"},"content":"public class Event extends Task {","lastModifiedDate":"2024-08-20","isFullCredit":false},{"lineNumber":6,"author":{"gitId":"JYL27"},"content":"    LocalDate date;","lastModifiedDate":"2024-08-27","isFullCredit":false},{"lineNumber":7,"author":{"gitId":"JYL27"},"content":"    LocalTime from;","lastModifiedDate":"2024-08-27","isFullCredit":false},{"lineNumber":8,"author":{"gitId":"JYL27"},"content":"    LocalTime to;","lastModifiedDate":"2024-08-27","isFullCredit":false},{"lineNumber":9,"author":{"gitId":"JYL27"},"content":"    public Event(String description, LocalDate date, LocalTime from, LocalTime to) {","lastModifiedDate":"2024-08-27","isFullCredit":false},{"lineNumber":10,"author":{"gitId":"JYL27"},"content":"        super(description);","lastModifiedDate":"2024-08-20","isFullCredit":false},{"lineNumber":11,"author":{"gitId":"JYL27"},"content":"        this.date \u003d date;","lastModifiedDate":"2024-08-20","isFullCredit":false},{"lineNumber":12,"author":{"gitId":"JYL27"},"content":"        this.from \u003d from;","lastModifiedDate":"2024-08-20","isFullCredit":false},{"lineNumber":13,"author":{"gitId":"JYL27"},"content":"        this.to \u003d to;","lastModifiedDate":"2024-08-20","isFullCredit":false},{"lineNumber":14,"author":{"gitId":"JYL27"},"content":"    }","lastModifiedDate":"2024-08-20","isFullCredit":false},{"lineNumber":15,"author":{"gitId":"JYL27"},"content":"","lastModifiedDate":"2024-08-20","isFullCredit":false},{"lineNumber":16,"author":{"gitId":"JYL27"},"content":"    public Event(String description, LocalDate date, LocalTime from, LocalTime to, boolean isDone) {","lastModifiedDate":"2024-08-27","isFullCredit":false},{"lineNumber":17,"author":{"gitId":"JYL27"},"content":"        super(description, isDone);","lastModifiedDate":"2024-08-20","isFullCredit":false},{"lineNumber":18,"author":{"gitId":"JYL27"},"content":"        this.date \u003d date;","lastModifiedDate":"2024-08-20","isFullCredit":false},{"lineNumber":19,"author":{"gitId":"JYL27"},"content":"        this.from \u003d from;","lastModifiedDate":"2024-08-20","isFullCredit":false},{"lineNumber":20,"author":{"gitId":"JYL27"},"content":"        this.to \u003d to;","lastModifiedDate":"2024-08-20","isFullCredit":false},{"lineNumber":21,"author":{"gitId":"JYL27"},"content":"    }","lastModifiedDate":"2024-08-20","isFullCredit":false},{"lineNumber":22,"author":{"gitId":"JYL27"},"content":"","lastModifiedDate":"2024-08-20","isFullCredit":false},{"lineNumber":23,"author":{"gitId":"JYL27"},"content":"    public Event() {","lastModifiedDate":"2024-08-20","isFullCredit":false},{"lineNumber":24,"author":{"gitId":"JYL27"},"content":"        super();","lastModifiedDate":"2024-08-20","isFullCredit":false},{"lineNumber":25,"author":{"gitId":"JYL27"},"content":"    }","lastModifiedDate":"2024-08-20","isFullCredit":false},{"lineNumber":26,"author":{"gitId":"JYL27"},"content":"","lastModifiedDate":"2024-08-20","isFullCredit":false},{"lineNumber":27,"author":{"gitId":"JYL27"},"content":"    @Override","lastModifiedDate":"2024-08-28","isFullCredit":false},{"lineNumber":28,"author":{"gitId":"JYL27"},"content":"    public boolean fallsOnDate(LocalDate date) {","lastModifiedDate":"2024-08-28","isFullCredit":false},{"lineNumber":29,"author":{"gitId":"JYL27"},"content":"        return this.date.isEqual(date);","lastModifiedDate":"2024-08-28","isFullCredit":false},{"lineNumber":30,"author":{"gitId":"JYL27"},"content":"    }","lastModifiedDate":"2024-08-28","isFullCredit":false},{"lineNumber":31,"author":{"gitId":"JYL27"},"content":"","lastModifiedDate":"2024-08-28","isFullCredit":false},{"lineNumber":32,"author":{"gitId":"JYL27"},"content":"    @Override","lastModifiedDate":"2024-08-20","isFullCredit":false},{"lineNumber":33,"author":{"gitId":"JYL27"},"content":"    public String toString() {","lastModifiedDate":"2024-08-20","isFullCredit":false},{"lineNumber":34,"author":{"gitId":"JYL27"},"content":"        if (getIsDone()) {","lastModifiedDate":"2024-08-27","isFullCredit":false},{"lineNumber":35,"author":{"gitId":"JYL27"},"content":"            return String.format(\"[X][E] %s (%s, %s to %s)\", getDescription(),","lastModifiedDate":"2024-08-27","isFullCredit":false},{"lineNumber":36,"author":{"gitId":"JYL27"},"content":"                    this.date.format(DateTimeFormatter.ofPattern(\"MMM dd yyyy\")),","lastModifiedDate":"2024-08-27","isFullCredit":false},{"lineNumber":37,"author":{"gitId":"JYL27"},"content":"                    this.from.format(DateTimeFormatter.ofPattern(\"HHmm\")),","lastModifiedDate":"2024-08-27","isFullCredit":false},{"lineNumber":38,"author":{"gitId":"JYL27"},"content":"                    this.to.format(DateTimeFormatter.ofPattern(\"HHmm\")));","lastModifiedDate":"2024-08-27","isFullCredit":false},{"lineNumber":39,"author":{"gitId":"JYL27"},"content":"        } else {","lastModifiedDate":"2024-08-27","isFullCredit":false},{"lineNumber":40,"author":{"gitId":"JYL27"},"content":"            return String.format(\"[ ][E] %s (%s, %s to %s)\", getDescription(),","lastModifiedDate":"2024-08-27","isFullCredit":false},{"lineNumber":41,"author":{"gitId":"JYL27"},"content":"                    this.date.format(DateTimeFormatter.ofPattern(\"MMM dd yyyy\")),","lastModifiedDate":"2024-08-27","isFullCredit":false},{"lineNumber":42,"author":{"gitId":"JYL27"},"content":"                    this.from.format(DateTimeFormatter.ofPattern(\"HHmm\")),","lastModifiedDate":"2024-08-27","isFullCredit":false},{"lineNumber":43,"author":{"gitId":"JYL27"},"content":"                    this.to.format(DateTimeFormatter.ofPattern(\"HHmm\")));","lastModifiedDate":"2024-08-27","isFullCredit":false},{"lineNumber":44,"author":{"gitId":"JYL27"},"content":"        }","lastModifiedDate":"2024-08-27","isFullCredit":false},{"lineNumber":45,"author":{"gitId":"JYL27"},"content":"    }","lastModifiedDate":"2024-08-27","isFullCredit":false},{"lineNumber":46,"author":{"gitId":"JYL27"},"content":"","lastModifiedDate":"2024-08-27","isFullCredit":false},{"lineNumber":47,"author":{"gitId":"JYL27"},"content":"    @Override","lastModifiedDate":"2024-08-27","isFullCredit":false},{"lineNumber":48,"author":{"gitId":"JYL27"},"content":"    public String toTextFile() {","lastModifiedDate":"2024-08-27","isFullCredit":false},{"lineNumber":49,"author":{"gitId":"JYL27"},"content":"        if (getIsDone()) {","lastModifiedDate":"2024-08-20","isFullCredit":false},{"lineNumber":50,"author":{"gitId":"JYL27"},"content":"            return String.format(\"[X] | Event | %s | %s | %s to %s\", getDescription(), this.date, this.from, this.to);","lastModifiedDate":"2024-08-27","isFullCredit":false},{"lineNumber":51,"author":{"gitId":"JYL27"},"content":"        } else {","lastModifiedDate":"2024-08-20","isFullCredit":false},{"lineNumber":52,"author":{"gitId":"JYL27"},"content":"            return String.format(\"[ ] | Event | %s | %s | %s to %s\", getDescription(), this.date, this.from, this.to);","lastModifiedDate":"2024-08-27","isFullCredit":false},{"lineNumber":53,"author":{"gitId":"JYL27"},"content":"        }","lastModifiedDate":"2024-08-20","isFullCredit":false},{"lineNumber":54,"author":{"gitId":"JYL27"},"content":"    }","lastModifiedDate":"2024-08-20","isFullCredit":false},{"lineNumber":55,"author":{"gitId":"JYL27"},"content":"}","lastModifiedDate":"2024-08-20","isFullCredit":false}],"authorContributionMap":{"JYL27":55}},{"path":"src/main/java/Task.java","fileType":"java","lines":[{"lineNumber":1,"author":{"gitId":"JYL27"},"content":"import java.time.LocalDate;","lastModifiedDate":"2024-08-28","isFullCredit":false},{"lineNumber":2,"author":{"gitId":"JYL27"},"content":"","lastModifiedDate":"2024-08-28","isFullCredit":false},{"lineNumber":3,"author":{"gitId":"JYL27"},"content":"public abstract class Task {","lastModifiedDate":"2024-08-20","isFullCredit":false},{"lineNumber":4,"author":{"gitId":"JYL27"},"content":"    private String description;","lastModifiedDate":"2024-08-20","isFullCredit":false},{"lineNumber":5,"author":{"gitId":"JYL27"},"content":"    private boolean isDone;","lastModifiedDate":"2024-08-20","isFullCredit":false},{"lineNumber":6,"author":{"gitId":"JYL27"},"content":"","lastModifiedDate":"2024-08-20","isFullCredit":false},{"lineNumber":7,"author":{"gitId":"JYL27"},"content":"    public Task(String description) {","lastModifiedDate":"2024-08-20","isFullCredit":false},{"lineNumber":8,"author":{"gitId":"JYL27"},"content":"        this.description \u003d description;","lastModifiedDate":"2024-08-20","isFullCredit":false},{"lineNumber":9,"author":{"gitId":"JYL27"},"content":"        this.isDone \u003d false;","lastModifiedDate":"2024-08-20","isFullCredit":false},{"lineNumber":10,"author":{"gitId":"JYL27"},"content":"    }","lastModifiedDate":"2024-08-20","isFullCredit":false},{"lineNumber":11,"author":{"gitId":"JYL27"},"content":"","lastModifiedDate":"2024-08-20","isFullCredit":false},{"lineNumber":12,"author":{"gitId":"JYL27"},"content":"    public Task(String description, boolean isDone) {","lastModifiedDate":"2024-08-20","isFullCredit":false},{"lineNumber":13,"author":{"gitId":"JYL27"},"content":"        this.description \u003d description;","lastModifiedDate":"2024-08-20","isFullCredit":false},{"lineNumber":14,"author":{"gitId":"JYL27"},"content":"        this.isDone \u003d isDone;","lastModifiedDate":"2024-08-20","isFullCredit":false},{"lineNumber":15,"author":{"gitId":"JYL27"},"content":"    }","lastModifiedDate":"2024-08-20","isFullCredit":false},{"lineNumber":16,"author":{"gitId":"JYL27"},"content":"","lastModifiedDate":"2024-08-20","isFullCredit":false},{"lineNumber":17,"author":{"gitId":"JYL27"},"content":"    public Task() {","lastModifiedDate":"2024-08-20","isFullCredit":false},{"lineNumber":18,"author":{"gitId":"JYL27"},"content":"        this.description \u003d \"\";","lastModifiedDate":"2024-08-20","isFullCredit":false},{"lineNumber":19,"author":{"gitId":"JYL27"},"content":"        this.isDone \u003d false;","lastModifiedDate":"2024-08-20","isFullCredit":false},{"lineNumber":20,"author":{"gitId":"JYL27"},"content":"    }","lastModifiedDate":"2024-08-20","isFullCredit":false},{"lineNumber":21,"author":{"gitId":"JYL27"},"content":"","lastModifiedDate":"2024-08-20","isFullCredit":false},{"lineNumber":22,"author":{"gitId":"JYL27"},"content":"    public boolean getIsDone() {","lastModifiedDate":"2024-08-20","isFullCredit":false},{"lineNumber":23,"author":{"gitId":"JYL27"},"content":"        return isDone;","lastModifiedDate":"2024-08-20","isFullCredit":false},{"lineNumber":24,"author":{"gitId":"JYL27"},"content":"    }","lastModifiedDate":"2024-08-20","isFullCredit":false},{"lineNumber":25,"author":{"gitId":"JYL27"},"content":"","lastModifiedDate":"2024-08-20","isFullCredit":false},{"lineNumber":26,"author":{"gitId":"JYL27"},"content":"    public String getDescription() {","lastModifiedDate":"2024-08-20","isFullCredit":false},{"lineNumber":27,"author":{"gitId":"JYL27"},"content":"        return description;","lastModifiedDate":"2024-08-20","isFullCredit":false},{"lineNumber":28,"author":{"gitId":"JYL27"},"content":"    }","lastModifiedDate":"2024-08-20","isFullCredit":false},{"lineNumber":29,"author":{"gitId":"JYL27"},"content":"","lastModifiedDate":"2024-08-20","isFullCredit":false},{"lineNumber":30,"author":{"gitId":"JYL27"},"content":"    public void check() {","lastModifiedDate":"2024-08-20","isFullCredit":false},{"lineNumber":31,"author":{"gitId":"JYL27"},"content":"        this.isDone \u003d true;","lastModifiedDate":"2024-08-20","isFullCredit":false},{"lineNumber":32,"author":{"gitId":"JYL27"},"content":"    }","lastModifiedDate":"2024-08-20","isFullCredit":false},{"lineNumber":33,"author":{"gitId":"JYL27"},"content":"","lastModifiedDate":"2024-08-20","isFullCredit":false},{"lineNumber":34,"author":{"gitId":"JYL27"},"content":"    public void uncheck() {","lastModifiedDate":"2024-08-20","isFullCredit":false},{"lineNumber":35,"author":{"gitId":"JYL27"},"content":"        this.isDone \u003d false;","lastModifiedDate":"2024-08-20","isFullCredit":false},{"lineNumber":36,"author":{"gitId":"JYL27"},"content":"    }","lastModifiedDate":"2024-08-20","isFullCredit":false},{"lineNumber":37,"author":{"gitId":"JYL27"},"content":"    public abstract boolean fallsOnDate(LocalDate date);","lastModifiedDate":"2024-08-28","isFullCredit":false},{"lineNumber":38,"author":{"gitId":"JYL27"},"content":"","lastModifiedDate":"2024-08-27","isFullCredit":false},{"lineNumber":39,"author":{"gitId":"JYL27"},"content":"    public abstract String toTextFile();","lastModifiedDate":"2024-08-27","isFullCredit":false},{"lineNumber":40,"author":{"gitId":"JYL27"},"content":"}","lastModifiedDate":"2024-08-20","isFullCredit":false}],"authorContributionMap":{"JYL27":40}},{"path":"src/main/java/ToDo.java","fileType":"java","lines":[{"lineNumber":1,"author":{"gitId":"JYL27"},"content":"import java.time.LocalDate;","lastModifiedDate":"2024-08-28","isFullCredit":false},{"lineNumber":2,"author":{"gitId":"JYL27"},"content":"","lastModifiedDate":"2024-08-28","isFullCredit":false},{"lineNumber":3,"author":{"gitId":"JYL27"},"content":"public class ToDo extends Task {","lastModifiedDate":"2024-08-20","isFullCredit":false},{"lineNumber":4,"author":{"gitId":"JYL27"},"content":"    public ToDo(String description) {","lastModifiedDate":"2024-08-20","isFullCredit":false},{"lineNumber":5,"author":{"gitId":"JYL27"},"content":"        super(description);","lastModifiedDate":"2024-08-20","isFullCredit":false},{"lineNumber":6,"author":{"gitId":"JYL27"},"content":"    }","lastModifiedDate":"2024-08-20","isFullCredit":false},{"lineNumber":7,"author":{"gitId":"JYL27"},"content":"","lastModifiedDate":"2024-08-20","isFullCredit":false},{"lineNumber":8,"author":{"gitId":"JYL27"},"content":"    public ToDo(String description, boolean isDone) {","lastModifiedDate":"2024-08-20","isFullCredit":false},{"lineNumber":9,"author":{"gitId":"JYL27"},"content":"        super(description, isDone);","lastModifiedDate":"2024-08-20","isFullCredit":false},{"lineNumber":10,"author":{"gitId":"JYL27"},"content":"    }","lastModifiedDate":"2024-08-20","isFullCredit":false},{"lineNumber":11,"author":{"gitId":"JYL27"},"content":"","lastModifiedDate":"2024-08-20","isFullCredit":false},{"lineNumber":12,"author":{"gitId":"JYL27"},"content":"    public ToDo() {","lastModifiedDate":"2024-08-20","isFullCredit":false},{"lineNumber":13,"author":{"gitId":"JYL27"},"content":"        super();","lastModifiedDate":"2024-08-20","isFullCredit":false},{"lineNumber":14,"author":{"gitId":"JYL27"},"content":"    }","lastModifiedDate":"2024-08-20","isFullCredit":false},{"lineNumber":15,"author":{"gitId":"JYL27"},"content":"","lastModifiedDate":"2024-08-20","isFullCredit":false},{"lineNumber":16,"author":{"gitId":"JYL27"},"content":"    @Override","lastModifiedDate":"2024-08-28","isFullCredit":false},{"lineNumber":17,"author":{"gitId":"JYL27"},"content":"    public boolean fallsOnDate(LocalDate date) {","lastModifiedDate":"2024-08-28","isFullCredit":false},{"lineNumber":18,"author":{"gitId":"JYL27"},"content":"        return false;","lastModifiedDate":"2024-08-28","isFullCredit":false},{"lineNumber":19,"author":{"gitId":"JYL27"},"content":"    }","lastModifiedDate":"2024-08-28","isFullCredit":false},{"lineNumber":20,"author":{"gitId":"JYL27"},"content":"","lastModifiedDate":"2024-08-28","isFullCredit":false},{"lineNumber":21,"author":{"gitId":"JYL27"},"content":"    @Override","lastModifiedDate":"2024-08-20","isFullCredit":false},{"lineNumber":22,"author":{"gitId":"JYL27"},"content":"    public String toString() {","lastModifiedDate":"2024-08-20","isFullCredit":false},{"lineNumber":23,"author":{"gitId":"JYL27"},"content":"        if (getIsDone()) {","lastModifiedDate":"2024-08-27","isFullCredit":false},{"lineNumber":24,"author":{"gitId":"JYL27"},"content":"            return String.format(\"[X][T] %s\", getDescription());","lastModifiedDate":"2024-08-27","isFullCredit":false},{"lineNumber":25,"author":{"gitId":"JYL27"},"content":"        } else {","lastModifiedDate":"2024-08-27","isFullCredit":false},{"lineNumber":26,"author":{"gitId":"JYL27"},"content":"            return String.format(\"[ ][T] %s\", getDescription());","lastModifiedDate":"2024-08-27","isFullCredit":false},{"lineNumber":27,"author":{"gitId":"JYL27"},"content":"        }","lastModifiedDate":"2024-08-27","isFullCredit":false},{"lineNumber":28,"author":{"gitId":"JYL27"},"content":"    }","lastModifiedDate":"2024-08-27","isFullCredit":false},{"lineNumber":29,"author":{"gitId":"JYL27"},"content":"","lastModifiedDate":"2024-08-27","isFullCredit":false},{"lineNumber":30,"author":{"gitId":"JYL27"},"content":"    @Override","lastModifiedDate":"2024-08-27","isFullCredit":false},{"lineNumber":31,"author":{"gitId":"JYL27"},"content":"    public String toTextFile() {","lastModifiedDate":"2024-08-27","isFullCredit":false},{"lineNumber":32,"author":{"gitId":"JYL27"},"content":"        if (getIsDone()) {","lastModifiedDate":"2024-08-20","isFullCredit":false},{"lineNumber":33,"author":{"gitId":"JYL27"},"content":"            return String.format(\"[X] | To-Do | %s\", getDescription());","lastModifiedDate":"2024-08-27","isFullCredit":false},{"lineNumber":34,"author":{"gitId":"JYL27"},"content":"        } else {","lastModifiedDate":"2024-08-20","isFullCredit":false},{"lineNumber":35,"author":{"gitId":"JYL27"},"content":"            return String.format(\"[ ] | To-Do | %s\", getDescription());","lastModifiedDate":"2024-08-27","isFullCredit":false},{"lineNumber":36,"author":{"gitId":"JYL27"},"content":"        }","lastModifiedDate":"2024-08-20","isFullCredit":false},{"lineNumber":37,"author":{"gitId":"JYL27"},"content":"    }","lastModifiedDate":"2024-08-20","isFullCredit":false},{"lineNumber":38,"author":{"gitId":"JYL27"},"content":"}","lastModifiedDate":"2024-08-20","isFullCredit":false}],"authorContributionMap":{"JYL27":38}},{"path":"src/main/java/UnknownCommandException.java","fileType":"java","lines":[{"lineNumber":1,"author":{"gitId":"JYL27"},"content":"public class UnknownCommandException extends Exception {","lastModifiedDate":"2024-08-21","isFullCredit":false},{"lineNumber":2,"author":{"gitId":"JYL27"},"content":"    public UnknownCommandException() {","lastModifiedDate":"2024-08-21","isFullCredit":false},{"lineNumber":3,"author":{"gitId":"JYL27"},"content":"        super(\"I do not recognise that command.\"","lastModifiedDate":"2024-08-21","isFullCredit":false},{"lineNumber":4,"author":{"gitId":"JYL27"},"content":"                + \"\\nHere are the commands I recognise:\"","lastModifiedDate":"2024-08-21","isFullCredit":false},{"lineNumber":5,"author":{"gitId":"JYL27"},"content":"                + \"\\nadd: add a new item to your list of tasks.\"","lastModifiedDate":"2024-08-28","isFullCredit":false},{"lineNumber":6,"author":{"gitId":"JYL27"},"content":"                + \"\\ncheck: check off an item to your list of tasks.\"","lastModifiedDate":"2024-08-28","isFullCredit":false},{"lineNumber":7,"author":{"gitId":"JYL27"},"content":"                + \"\\nuncheck: uncheck an item to your list of tasks.\"","lastModifiedDate":"2024-08-28","isFullCredit":false},{"lineNumber":8,"author":{"gitId":"JYL27"},"content":"                + \"\\ndelete: delete an item from your list of tasks\"","lastModifiedDate":"2024-08-28","isFullCredit":false},{"lineNumber":9,"author":{"gitId":"JYL27"},"content":"                + \"\\nlist: print out your list of tasks.\"","lastModifiedDate":"2024-08-28","isFullCredit":false},{"lineNumber":10,"author":{"gitId":"JYL27"},"content":"                + \"\\ndate: print out deadlines and events that occur on a specific date.\"","lastModifiedDate":"2024-08-28","isFullCredit":false},{"lineNumber":11,"author":{"gitId":"JYL27"},"content":"                + \"\\nbye: bid me farewell.\"","lastModifiedDate":"2024-08-21","isFullCredit":false},{"lineNumber":12,"author":{"gitId":"JYL27"},"content":"        );","lastModifiedDate":"2024-08-21","isFullCredit":false},{"lineNumber":13,"author":{"gitId":"JYL27"},"content":"    }","lastModifiedDate":"2024-08-21","isFullCredit":false},{"lineNumber":14,"author":{"gitId":"JYL27"},"content":"}","lastModifiedDate":"2024-08-21","isFullCredit":false}],"authorContributionMap":{"JYL27":14}},{"path":"src/main/java/UnknownTaskTypeException.java","fileType":"java","lines":[{"lineNumber":1,"author":{"gitId":"JYL27"},"content":"public class UnknownTaskTypeException extends Exception {","lastModifiedDate":"2024-08-21","isFullCredit":false},{"lineNumber":2,"author":{"gitId":"JYL27"},"content":"    public UnknownTaskTypeException() {","lastModifiedDate":"2024-08-21","isFullCredit":false},{"lineNumber":3,"author":{"gitId":"JYL27"},"content":"        super(\"I do not recognise that task type.\"","lastModifiedDate":"2024-08-21","isFullCredit":false},{"lineNumber":4,"author":{"gitId":"JYL27"},"content":"                + \"\\nHere are the task types I recognise:\"","lastModifiedDate":"2024-08-21","isFullCredit":false},{"lineNumber":5,"author":{"gitId":"JYL27"},"content":"                + \"\\ntodo: add a new task item to your list.\"","lastModifiedDate":"2024-08-21","isFullCredit":false},{"lineNumber":6,"author":{"gitId":"JYL27"},"content":"                + \"\\ndeadline: add a new task item with a deadline to your list.\"","lastModifiedDate":"2024-08-21","isFullCredit":false},{"lineNumber":7,"author":{"gitId":"JYL27"},"content":"                + \"\\nevent: add a new event to your list.\"","lastModifiedDate":"2024-08-21","isFullCredit":false},{"lineNumber":8,"author":{"gitId":"JYL27"},"content":"        );","lastModifiedDate":"2024-08-21","isFullCredit":false},{"lineNumber":9,"author":{"gitId":"JYL27"},"content":"    }","lastModifiedDate":"2024-08-21","isFullCredit":false},{"lineNumber":10,"author":{"gitId":"JYL27"},"content":"}","lastModifiedDate":"2024-08-21","isFullCredit":false}],"authorContributionMap":{"JYL27":10}},{"path":"text-ui-test/input.txt","fileType":"txt","lines":[{"lineNumber":1,"author":{"gitId":"JYL27"},"content":"hello","lastModifiedDate":"2024-08-20","isFullCredit":false},{"lineNumber":2,"author":{"gitId":"JYL27"},"content":"check","lastModifiedDate":"2024-08-20","isFullCredit":false},{"lineNumber":3,"author":{"gitId":"JYL27"},"content":"uncheck","lastModifiedDate":"2024-08-20","isFullCredit":false},{"lineNumber":4,"author":{"gitId":"JYL27"},"content":"list","lastModifiedDate":"2024-08-20","isFullCredit":false},{"lineNumber":5,"author":{"gitId":"JYL27"},"content":"add","lastModifiedDate":"2024-08-20","isFullCredit":false},{"lineNumber":6,"author":{"gitId":"JYL27"},"content":"todo","lastModifiedDate":"2024-08-20","isFullCredit":false},{"lineNumber":7,"author":{"gitId":"JYL27"},"content":"go jogging","lastModifiedDate":"2024-08-20","isFullCredit":false},{"lineNumber":8,"author":{"gitId":"JYL27"},"content":"add","lastModifiedDate":"2024-08-20","isFullCredit":false},{"lineNumber":9,"author":{"gitId":"JYL27"},"content":"event","lastModifiedDate":"2024-08-20","isFullCredit":false},{"lineNumber":10,"author":{"gitId":"JYL27"},"content":"lecture","lastModifiedDate":"2024-08-20","isFullCredit":false},{"lineNumber":11,"author":{"gitId":"JYL27"},"content":"aug 22","lastModifiedDate":"2024-08-20","isFullCredit":false},{"lineNumber":12,"author":{"gitId":"JYL27"},"content":"1400","lastModifiedDate":"2024-08-20","isFullCredit":false},{"lineNumber":13,"author":{"gitId":"JYL27"},"content":"1600","lastModifiedDate":"2024-08-20","isFullCredit":false},{"lineNumber":14,"author":{"gitId":"JYL27"},"content":"check","lastModifiedDate":"2024-08-20","isFullCredit":false},{"lineNumber":15,"author":{"gitId":"JYL27"},"content":"1","lastModifiedDate":"2024-08-20","isFullCredit":false},{"lineNumber":16,"author":{"gitId":"JYL27"},"content":"list","lastModifiedDate":"2024-08-20","isFullCredit":false},{"lineNumber":17,"author":{"gitId":"JYL27"},"content":"add","lastModifiedDate":"2024-08-20","isFullCredit":false},{"lineNumber":18,"author":{"gitId":"JYL27"},"content":"deadline","lastModifiedDate":"2024-08-20","isFullCredit":false},{"lineNumber":19,"author":{"gitId":"JYL27"},"content":"assignment","lastModifiedDate":"2024-08-20","isFullCredit":false},{"lineNumber":20,"author":{"gitId":"JYL27"},"content":"aug 23","lastModifiedDate":"2024-08-20","isFullCredit":false},{"lineNumber":21,"author":{"gitId":"JYL27"},"content":"check","lastModifiedDate":"2024-08-20","isFullCredit":false},{"lineNumber":22,"author":{"gitId":"JYL27"},"content":"4","lastModifiedDate":"2024-08-21","isFullCredit":false},{"lineNumber":23,"author":{"gitId":"JYL27"},"content":"3","lastModifiedDate":"2024-08-20","isFullCredit":false},{"lineNumber":24,"author":{"gitId":"JYL27"},"content":"uncheck","lastModifiedDate":"2024-08-20","isFullCredit":false},{"lineNumber":25,"author":{"gitId":"JYL27"},"content":"4","lastModifiedDate":"2024-08-21","isFullCredit":false},{"lineNumber":26,"author":{"gitId":"JYL27"},"content":"1","lastModifiedDate":"2024-08-20","isFullCredit":false},{"lineNumber":27,"author":{"gitId":"JYL27"},"content":"list","lastModifiedDate":"2024-08-20","isFullCredit":false},{"lineNumber":28,"author":{"gitId":"JYL27"},"content":"delete","lastModifiedDate":"2024-08-21","isFullCredit":false},{"lineNumber":29,"author":{"gitId":"JYL27"},"content":"5","lastModifiedDate":"2024-08-21","isFullCredit":false},{"lineNumber":30,"author":{"gitId":"JYL27"},"content":"2","lastModifiedDate":"2024-08-21","isFullCredit":false},{"lineNumber":31,"author":{"gitId":"JYL27"},"content":"delete","lastModifiedDate":"2024-08-21","isFullCredit":false},{"lineNumber":32,"author":{"gitId":"JYL27"},"content":"1","lastModifiedDate":"2024-08-21","isFullCredit":false},{"lineNumber":33,"author":{"gitId":"JYL27"},"content":"bye","lastModifiedDate":"2024-08-20","isFullCredit":false}],"authorContributionMap":{"JYL27":33}},{"path":"text-ui-test/runtest.bat","fileType":"bat","lines":[{"lineNumber":1,"author":{"gitId":"-"},"content":"@ECHO OFF","lastModifiedDate":"2020-05-25","isFullCredit":false},{"lineNumber":2,"author":{"gitId":"-"},"content":"","lastModifiedDate":"2020-05-25","isFullCredit":false},{"lineNumber":3,"author":{"gitId":"-"},"content":"REM create bin directory if it doesn\u0027t exist","lastModifiedDate":"2020-05-25","isFullCredit":false},{"lineNumber":4,"author":{"gitId":"-"},"content":"if not exist ..\\bin mkdir ..\\bin","lastModifiedDate":"2020-05-25","isFullCredit":false},{"lineNumber":5,"author":{"gitId":"-"},"content":"","lastModifiedDate":"2020-05-25","isFullCredit":false},{"lineNumber":6,"author":{"gitId":"-"},"content":"REM delete output from previous run","lastModifiedDate":"2020-05-25","isFullCredit":false},{"lineNumber":7,"author":{"gitId":"-"},"content":"if exist ACTUAL.TXT del ACTUAL.TXT","lastModifiedDate":"2020-08-25","isFullCredit":false},{"lineNumber":8,"author":{"gitId":"-"},"content":"","lastModifiedDate":"2020-05-25","isFullCredit":false},{"lineNumber":9,"author":{"gitId":"-"},"content":"REM compile the code into the bin folder","lastModifiedDate":"2020-05-25","isFullCredit":false},{"lineNumber":10,"author":{"gitId":"-"},"content":"javac  -cp ..\\src\\main\\java -Xlint:none -d ..\\bin ..\\src\\main\\java\\*.java","lastModifiedDate":"2020-08-25","isFullCredit":false},{"lineNumber":11,"author":{"gitId":"-"},"content":"IF ERRORLEVEL 1 (","lastModifiedDate":"2020-05-25","isFullCredit":false},{"lineNumber":12,"author":{"gitId":"-"},"content":"    echo ********** BUILD FAILURE **********","lastModifiedDate":"2020-05-25","isFullCredit":false},{"lineNumber":13,"author":{"gitId":"-"},"content":"    exit /b 1","lastModifiedDate":"2020-05-25","isFullCredit":false},{"lineNumber":14,"author":{"gitId":"-"},"content":")","lastModifiedDate":"2020-05-25","isFullCredit":false},{"lineNumber":15,"author":{"gitId":"-"},"content":"REM no error here, errorlevel \u003d\u003d 0","lastModifiedDate":"2020-05-25","isFullCredit":false},{"lineNumber":16,"author":{"gitId":"-"},"content":"","lastModifiedDate":"2020-05-25","isFullCredit":false},{"lineNumber":17,"author":{"gitId":"-"},"content":"REM run the program, feed commands from input.txt file and redirect the output to the ACTUAL.TXT","lastModifiedDate":"2020-05-25","isFullCredit":false},{"lineNumber":18,"author":{"gitId":"JYL27"},"content":"java -classpath ..\\bin Colress \u003c input.txt \u003e ACTUAL.TXT","lastModifiedDate":"2024-08-20","isFullCredit":false},{"lineNumber":19,"author":{"gitId":"-"},"content":"","lastModifiedDate":"2020-05-25","isFullCredit":false},{"lineNumber":20,"author":{"gitId":"-"},"content":"REM compare the output to the expected output","lastModifiedDate":"2020-05-25","isFullCredit":false},{"lineNumber":21,"author":{"gitId":"-"},"content":"FC ACTUAL.TXT EXPECTED.TXT","lastModifiedDate":"2020-05-25","isFullCredit":false}],"authorContributionMap":{"JYL27":1,"-":20}}]
