[{"path":"src/main/Bigdog.txt","fileType":"txt","lines":[{"lineNumber":1,"author":{"gitId":"weibinlim"},"content":"O | D | Please read a book! | 2024-09-02T00:00","lastModifiedDate":"2024-09-02","isFullCredit":false},{"lineNumber":2,"author":{"gitId":"weibinlim"},"content":"O | E | Attend meeting with Albson | 2024-09-02T18:00 | 2024-09-02T20:00","lastModifiedDate":"2024-09-02","isFullCredit":false},{"lineNumber":3,"author":{"gitId":"weibinlim"},"content":"O | T | buy groceries","lastModifiedDate":"2024-09-02","isFullCredit":false}],"authorContributionMap":{"weibinlim":3}},{"path":"src/main/java/Bigdog.java","fileType":"java","lines":[{"lineNumber":1,"author":{"gitId":"weibinlim"},"content":"import java.time.format.DateTimeParseException;","lastModifiedDate":"2024-09-02","isFullCredit":false},{"lineNumber":2,"author":{"gitId":"weibinlim"},"content":"import java.util.Scanner;","lastModifiedDate":"2024-08-22","isFullCredit":false},{"lineNumber":3,"author":{"gitId":"weibinlim"},"content":"import java.util.ArrayList;","lastModifiedDate":"2024-08-26","isFullCredit":false},{"lineNumber":4,"author":{"gitId":"weibinlim"},"content":"","lastModifiedDate":"2024-08-22","isFullCredit":false},{"lineNumber":5,"author":{"gitId":"weibinlim"},"content":"public class Bigdog {","lastModifiedDate":"2024-08-22","isFullCredit":false},{"lineNumber":6,"author":{"gitId":"weibinlim"},"content":"","lastModifiedDate":"2024-08-22","isFullCredit":false},{"lineNumber":7,"author":{"gitId":"weibinlim"},"content":"    // Array to store tasks","lastModifiedDate":"2024-08-22","isFullCredit":false},{"lineNumber":8,"author":{"gitId":"weibinlim"},"content":"    private Storage storage;","lastModifiedDate":"2024-09-02","isFullCredit":false},{"lineNumber":9,"author":{"gitId":"weibinlim"},"content":"    private TaskList tasks;","lastModifiedDate":"2024-09-02","isFullCredit":false},{"lineNumber":10,"author":{"gitId":"weibinlim"},"content":"    private Ui ui;","lastModifiedDate":"2024-09-02","isFullCredit":false},{"lineNumber":11,"author":{"gitId":"weibinlim"},"content":"","lastModifiedDate":"2024-08-29","isFullCredit":false},{"lineNumber":12,"author":{"gitId":"weibinlim"},"content":"    public Bigdog(String file) {","lastModifiedDate":"2024-09-02","isFullCredit":false},{"lineNumber":13,"author":{"gitId":"weibinlim"},"content":"        this.storage \u003d new Storage(file);","lastModifiedDate":"2024-09-02","isFullCredit":false},{"lineNumber":14,"author":{"gitId":"weibinlim"},"content":"        this.tasks \u003d new TaskList(this.storage.load());","lastModifiedDate":"2024-09-02","isFullCredit":false},{"lineNumber":15,"author":{"gitId":"weibinlim"},"content":"        this.ui \u003d new Ui();","lastModifiedDate":"2024-09-02","isFullCredit":false},{"lineNumber":16,"author":{"gitId":"weibinlim"},"content":"    }","lastModifiedDate":"2024-08-22","isFullCredit":false},{"lineNumber":17,"author":{"gitId":"weibinlim"},"content":"","lastModifiedDate":"2024-08-22","isFullCredit":false},{"lineNumber":18,"author":{"gitId":"weibinlim"},"content":"    public void run() {","lastModifiedDate":"2024-09-02","isFullCredit":false},{"lineNumber":19,"author":{"gitId":"weibinlim"},"content":"","lastModifiedDate":"2024-08-22","isFullCredit":false},{"lineNumber":20,"author":{"gitId":"weibinlim"},"content":"        ui.greet();","lastModifiedDate":"2024-09-02","isFullCredit":false},{"lineNumber":21,"author":{"gitId":"weibinlim"},"content":"        boolean toContinue \u003d true;","lastModifiedDate":"2024-09-02","isFullCredit":false},{"lineNumber":22,"author":{"gitId":"weibinlim"},"content":"","lastModifiedDate":"2024-08-22","isFullCredit":false},{"lineNumber":23,"author":{"gitId":"weibinlim"},"content":"","lastModifiedDate":"2024-08-22","isFullCredit":false},{"lineNumber":24,"author":{"gitId":"weibinlim"},"content":"        while (toContinue) {","lastModifiedDate":"2024-09-02","isFullCredit":false},{"lineNumber":25,"author":{"gitId":"weibinlim"},"content":"            try {","lastModifiedDate":"2024-09-02","isFullCredit":false},{"lineNumber":26,"author":{"gitId":"weibinlim"},"content":"","lastModifiedDate":"2024-08-22","isFullCredit":false},{"lineNumber":27,"author":{"gitId":"weibinlim"},"content":"                    String userInput \u003d ui.readInput();","lastModifiedDate":"2024-09-02","isFullCredit":false},{"lineNumber":28,"author":{"gitId":"weibinlim"},"content":"                    String[] commands \u003d Parser.parse(userInput);","lastModifiedDate":"2024-09-02","isFullCredit":false},{"lineNumber":29,"author":{"gitId":"weibinlim"},"content":"                    switch (commands[0]) {","lastModifiedDate":"2024-09-02","isFullCredit":false},{"lineNumber":30,"author":{"gitId":"weibinlim"},"content":"                        case \"bye\":","lastModifiedDate":"2024-09-02","isFullCredit":false},{"lineNumber":31,"author":{"gitId":"weibinlim"},"content":"                            toContinue \u003d false;","lastModifiedDate":"2024-09-02","isFullCredit":false},{"lineNumber":32,"author":{"gitId":"weibinlim"},"content":"                            ui.bye();","lastModifiedDate":"2024-09-02","isFullCredit":false},{"lineNumber":33,"author":{"gitId":"weibinlim"},"content":"                            break;","lastModifiedDate":"2024-09-02","isFullCredit":false},{"lineNumber":34,"author":{"gitId":"weibinlim"},"content":"                        case \"list\":","lastModifiedDate":"2024-09-02","isFullCredit":false},{"lineNumber":35,"author":{"gitId":"weibinlim"},"content":"                            this.tasks.show();","lastModifiedDate":"2024-09-02","isFullCredit":false},{"lineNumber":36,"author":{"gitId":"weibinlim"},"content":"                            break;","lastModifiedDate":"2024-09-02","isFullCredit":false},{"lineNumber":37,"author":{"gitId":"weibinlim"},"content":"                        case \"mark\":","lastModifiedDate":"2024-09-02","isFullCredit":false},{"lineNumber":38,"author":{"gitId":"weibinlim"},"content":"                            ui.print(this.tasks.mark(Integer.parseInt(commands[1])));","lastModifiedDate":"2024-09-02","isFullCredit":false},{"lineNumber":39,"author":{"gitId":"weibinlim"},"content":"                            break;","lastModifiedDate":"2024-09-02","isFullCredit":false},{"lineNumber":40,"author":{"gitId":"weibinlim"},"content":"                        case \"unmark\":","lastModifiedDate":"2024-09-02","isFullCredit":false},{"lineNumber":41,"author":{"gitId":"weibinlim"},"content":"                            ui.print(this.tasks.unmark(Integer.parseInt(commands[1])));","lastModifiedDate":"2024-09-02","isFullCredit":false},{"lineNumber":42,"author":{"gitId":"weibinlim"},"content":"                            break;","lastModifiedDate":"2024-09-02","isFullCredit":false},{"lineNumber":43,"author":{"gitId":"weibinlim"},"content":"                        case \"delete\":","lastModifiedDate":"2024-09-02","isFullCredit":false},{"lineNumber":44,"author":{"gitId":"weibinlim"},"content":"                            ui.print(this.tasks.delete(Integer.parseInt(commands[1])));","lastModifiedDate":"2024-09-02","isFullCredit":false},{"lineNumber":45,"author":{"gitId":"weibinlim"},"content":"                            break;","lastModifiedDate":"2024-09-02","isFullCredit":false},{"lineNumber":46,"author":{"gitId":"weibinlim"},"content":"                        case \"todo\":","lastModifiedDate":"2024-09-02","isFullCredit":false},{"lineNumber":47,"author":{"gitId":"weibinlim"},"content":"                            ui.print(this.tasks.add(Todo.of(commands[1])));","lastModifiedDate":"2024-09-02","isFullCredit":false},{"lineNumber":48,"author":{"gitId":"weibinlim"},"content":"                            break;","lastModifiedDate":"2024-09-02","isFullCredit":false},{"lineNumber":49,"author":{"gitId":"weibinlim"},"content":"                        case \"deadline\":","lastModifiedDate":"2024-09-02","isFullCredit":false},{"lineNumber":50,"author":{"gitId":"weibinlim"},"content":"                            ui.print(this.tasks.add(Deadline.of(commands[1])));","lastModifiedDate":"2024-09-02","isFullCredit":false},{"lineNumber":51,"author":{"gitId":"weibinlim"},"content":"                            break;","lastModifiedDate":"2024-09-02","isFullCredit":false},{"lineNumber":52,"author":{"gitId":"weibinlim"},"content":"                        case \"event\":","lastModifiedDate":"2024-09-02","isFullCredit":false},{"lineNumber":53,"author":{"gitId":"weibinlim"},"content":"                            ui.print(this.tasks.add(Event.of(commands[1])));","lastModifiedDate":"2024-09-02","isFullCredit":false},{"lineNumber":54,"author":{"gitId":"weibinlim"},"content":"                            break;","lastModifiedDate":"2024-08-22","isFullCredit":false},{"lineNumber":55,"author":{"gitId":"weibinlim"},"content":"","lastModifiedDate":"2024-08-22","isFullCredit":false},{"lineNumber":56,"author":{"gitId":"weibinlim"},"content":"                }","lastModifiedDate":"2024-08-22","isFullCredit":false},{"lineNumber":57,"author":{"gitId":"weibinlim"},"content":"            } catch (BigdogException |","lastModifiedDate":"2024-09-02","isFullCredit":false},{"lineNumber":58,"author":{"gitId":"weibinlim"},"content":"                     DateTimeParseException |","lastModifiedDate":"2024-09-02","isFullCredit":false},{"lineNumber":59,"author":{"gitId":"weibinlim"},"content":"                     NumberFormatException |","lastModifiedDate":"2024-09-02","isFullCredit":false},{"lineNumber":60,"author":{"gitId":"weibinlim"},"content":"                     IndexOutOfBoundsException e) {","lastModifiedDate":"2024-09-02","isFullCredit":false},{"lineNumber":61,"author":{"gitId":"weibinlim"},"content":"                ui.print(e.getMessage());","lastModifiedDate":"2024-09-02","isFullCredit":false},{"lineNumber":62,"author":{"gitId":"weibinlim"},"content":"            } finally {","lastModifiedDate":"2024-09-02","isFullCredit":false},{"lineNumber":63,"author":{"gitId":"weibinlim"},"content":"                storage.save(this.tasks.get());","lastModifiedDate":"2024-09-02","isFullCredit":false},{"lineNumber":64,"author":{"gitId":"weibinlim"},"content":"            }","lastModifiedDate":"2024-08-26","isFullCredit":false},{"lineNumber":65,"author":{"gitId":"weibinlim"},"content":"        }","lastModifiedDate":"2024-08-22","isFullCredit":false},{"lineNumber":66,"author":{"gitId":"weibinlim"},"content":"    }","lastModifiedDate":"2024-08-22","isFullCredit":false},{"lineNumber":67,"author":{"gitId":"weibinlim"},"content":"","lastModifiedDate":"2024-09-02","isFullCredit":false},{"lineNumber":68,"author":{"gitId":"weibinlim"},"content":"    public static void main(String[] args) {","lastModifiedDate":"2024-09-02","isFullCredit":false},{"lineNumber":69,"author":{"gitId":"weibinlim"},"content":"","lastModifiedDate":"2024-09-02","isFullCredit":false},{"lineNumber":70,"author":{"gitId":"weibinlim"},"content":"        new Bigdog(\"./src/main/Bigdog.txt\").run();","lastModifiedDate":"2024-09-02","isFullCredit":false},{"lineNumber":71,"author":{"gitId":"weibinlim"},"content":"","lastModifiedDate":"2024-09-02","isFullCredit":false},{"lineNumber":72,"author":{"gitId":"weibinlim"},"content":"    }","lastModifiedDate":"2024-08-22","isFullCredit":false},{"lineNumber":73,"author":{"gitId":"weibinlim"},"content":"","lastModifiedDate":"2024-09-02","isFullCredit":false},{"lineNumber":74,"author":{"gitId":"weibinlim"},"content":"}","lastModifiedDate":"2024-08-22","isFullCredit":false}],"authorContributionMap":{"weibinlim":74}},{"path":"src/main/java/BigdogException.java","fileType":"java","lines":[{"lineNumber":1,"author":{"gitId":"weibinlim"},"content":"public class BigdogException extends RuntimeException {","lastModifiedDate":"2024-08-26","isFullCredit":false},{"lineNumber":2,"author":{"gitId":"weibinlim"},"content":"","lastModifiedDate":"2024-08-26","isFullCredit":false},{"lineNumber":3,"author":{"gitId":"weibinlim"},"content":"    public BigdogException(String str) {","lastModifiedDate":"2024-08-26","isFullCredit":false},{"lineNumber":4,"author":{"gitId":"weibinlim"},"content":"        super(str);","lastModifiedDate":"2024-08-26","isFullCredit":false},{"lineNumber":5,"author":{"gitId":"weibinlim"},"content":"    }","lastModifiedDate":"2024-08-26","isFullCredit":false},{"lineNumber":6,"author":{"gitId":"weibinlim"},"content":"","lastModifiedDate":"2024-08-26","isFullCredit":false},{"lineNumber":7,"author":{"gitId":"weibinlim"},"content":"}","lastModifiedDate":"2024-08-26","isFullCredit":false}],"authorContributionMap":{"weibinlim":7}},{"path":"src/main/java/Deadline.java","fileType":"java","lines":[{"lineNumber":1,"author":{"gitId":"weibinlim"},"content":"import java.time.LocalDateTime;","lastModifiedDate":"2024-08-30","isFullCredit":false},{"lineNumber":2,"author":{"gitId":"weibinlim"},"content":"import java.time.format.DateTimeFormatter;","lastModifiedDate":"2024-08-30","isFullCredit":false},{"lineNumber":3,"author":{"gitId":"weibinlim"},"content":"import java.time.format.DateTimeParseException;","lastModifiedDate":"2024-08-30","isFullCredit":false},{"lineNumber":4,"author":{"gitId":"weibinlim"},"content":"","lastModifiedDate":"2024-08-30","isFullCredit":false},{"lineNumber":5,"author":{"gitId":"weibinlim"},"content":"public class Deadline extends Task {","lastModifiedDate":"2024-08-23","isFullCredit":false},{"lineNumber":6,"author":{"gitId":"weibinlim"},"content":"","lastModifiedDate":"2024-08-23","isFullCredit":false},{"lineNumber":7,"author":{"gitId":"weibinlim"},"content":"    private LocalDateTime end;","lastModifiedDate":"2024-08-30","isFullCredit":false},{"lineNumber":8,"author":{"gitId":"weibinlim"},"content":"    private static boolean withTime;","lastModifiedDate":"2024-08-30","isFullCredit":false},{"lineNumber":9,"author":{"gitId":"weibinlim"},"content":"","lastModifiedDate":"2024-08-23","isFullCredit":false},{"lineNumber":10,"author":{"gitId":"weibinlim"},"content":"    private Deadline(String str, LocalDateTime end, boolean marked) {","lastModifiedDate":"2024-08-30","isFullCredit":false},{"lineNumber":11,"author":{"gitId":"weibinlim"},"content":"        super(str, marked);","lastModifiedDate":"2024-08-29","isFullCredit":false},{"lineNumber":12,"author":{"gitId":"weibinlim"},"content":"        this.end \u003d end;","lastModifiedDate":"2024-08-29","isFullCredit":false},{"lineNumber":13,"author":{"gitId":"weibinlim"},"content":"    }","lastModifiedDate":"2024-08-23","isFullCredit":false},{"lineNumber":14,"author":{"gitId":"weibinlim"},"content":"","lastModifiedDate":"2024-08-23","isFullCredit":false},{"lineNumber":15,"author":{"gitId":"weibinlim"},"content":"    public static Deadline of(String s) throws BigdogException {","lastModifiedDate":"2024-08-26","isFullCredit":false},{"lineNumber":16,"author":{"gitId":"weibinlim"},"content":"        if (s.isEmpty()) {","lastModifiedDate":"2024-09-02","isFullCredit":false},{"lineNumber":17,"author":{"gitId":"weibinlim"},"content":"            throw new BigdogException(\"deadline can\u0027t be empty! Theres nothing to do!\");","lastModifiedDate":"2024-08-26","isFullCredit":false},{"lineNumber":18,"author":{"gitId":"weibinlim"},"content":"        }","lastModifiedDate":"2024-08-26","isFullCredit":false},{"lineNumber":19,"author":{"gitId":"weibinlim"},"content":"","lastModifiedDate":"2024-08-26","isFullCredit":false},{"lineNumber":20,"author":{"gitId":"weibinlim"},"content":"        for (int i \u003d 0; i \u003c s.length(); i++) {","lastModifiedDate":"2024-08-26","isFullCredit":false},{"lineNumber":21,"author":{"gitId":"weibinlim"},"content":"            if (s.charAt(i) \u003d\u003d \u0027/\u0027) {","lastModifiedDate":"2024-08-26","isFullCredit":false},{"lineNumber":22,"author":{"gitId":"weibinlim"},"content":"                return new Deadline(s.substring(0, i - 1), stringToDate(s.substring(i + 4)), false);","lastModifiedDate":"2024-09-02","isFullCredit":false},{"lineNumber":23,"author":{"gitId":"weibinlim"},"content":"            }","lastModifiedDate":"2024-08-26","isFullCredit":false},{"lineNumber":24,"author":{"gitId":"weibinlim"},"content":"        }","lastModifiedDate":"2024-08-26","isFullCredit":false},{"lineNumber":25,"author":{"gitId":"weibinlim"},"content":"        throw new BigdogException(\"Come on! Set a due by date and get to work!\");","lastModifiedDate":"2024-08-26","isFullCredit":false},{"lineNumber":26,"author":{"gitId":"weibinlim"},"content":"    }","lastModifiedDate":"2024-08-26","isFullCredit":false},{"lineNumber":27,"author":{"gitId":"weibinlim"},"content":"    public static Deadline of(String s, boolean marked) throws BigdogException {","lastModifiedDate":"2024-08-29","isFullCredit":false},{"lineNumber":28,"author":{"gitId":"weibinlim"},"content":"        if (s.length() \u003c\u003d 4) {","lastModifiedDate":"2024-08-29","isFullCredit":false},{"lineNumber":29,"author":{"gitId":"weibinlim"},"content":"            throw new BigdogException(\"data file corrupted! Cause: \" + s);","lastModifiedDate":"2024-08-30","isFullCredit":false},{"lineNumber":30,"author":{"gitId":"weibinlim"},"content":"        }","lastModifiedDate":"2024-08-29","isFullCredit":false},{"lineNumber":31,"author":{"gitId":"weibinlim"},"content":"","lastModifiedDate":"2024-08-29","isFullCredit":false},{"lineNumber":32,"author":{"gitId":"weibinlim"},"content":"        for (int i \u003d 5; i \u003c s.length(); i++) {","lastModifiedDate":"2024-08-29","isFullCredit":false},{"lineNumber":33,"author":{"gitId":"weibinlim"},"content":"            if (s.charAt(i) \u003d\u003d \u0027|\u0027) {","lastModifiedDate":"2024-08-29","isFullCredit":false},{"lineNumber":34,"author":{"gitId":"weibinlim"},"content":"                LocalDateTime end \u003d LocalDateTime.parse(s.substring(i + 2));","lastModifiedDate":"2024-08-30","isFullCredit":false},{"lineNumber":35,"author":{"gitId":"weibinlim"},"content":"                return new Deadline(s.substring(4, i - 1), end, marked);","lastModifiedDate":"2024-08-30","isFullCredit":false},{"lineNumber":36,"author":{"gitId":"weibinlim"},"content":"            }","lastModifiedDate":"2024-08-29","isFullCredit":false},{"lineNumber":37,"author":{"gitId":"weibinlim"},"content":"        }","lastModifiedDate":"2024-08-29","isFullCredit":false},{"lineNumber":38,"author":{"gitId":"weibinlim"},"content":"        throw new BigdogException(\"data file corrupted! Cause: \" + s);","lastModifiedDate":"2024-08-30","isFullCredit":false},{"lineNumber":39,"author":{"gitId":"weibinlim"},"content":"    }","lastModifiedDate":"2024-08-30","isFullCredit":false},{"lineNumber":40,"author":{"gitId":"weibinlim"},"content":"","lastModifiedDate":"2024-08-30","isFullCredit":false},{"lineNumber":41,"author":{"gitId":"weibinlim"},"content":"    private static LocalDateTime stringToDate(String str) throws BigdogException {","lastModifiedDate":"2024-08-30","isFullCredit":false},{"lineNumber":42,"author":{"gitId":"weibinlim"},"content":"        long dashes \u003d str.chars().filter(x -\u003e x \u003d\u003d \u0027/\u0027).count();","lastModifiedDate":"2024-08-30","isFullCredit":false},{"lineNumber":43,"author":{"gitId":"weibinlim"},"content":"        if (dashes !\u003d 2) {","lastModifiedDate":"2024-08-30","isFullCredit":false},{"lineNumber":44,"author":{"gitId":"weibinlim"},"content":"            throw new BigdogException(\"Invalid date format :\" + str);","lastModifiedDate":"2024-08-30","isFullCredit":false},{"lineNumber":45,"author":{"gitId":"weibinlim"},"content":"        } else {","lastModifiedDate":"2024-08-30","isFullCredit":false},{"lineNumber":46,"author":{"gitId":"weibinlim"},"content":"            String[] getTime \u003d str.split(\" \");","lastModifiedDate":"2024-08-30","isFullCredit":false},{"lineNumber":47,"author":{"gitId":"weibinlim"},"content":"            String[] getDate \u003d getTime[0].split(\"/\");","lastModifiedDate":"2024-08-30","isFullCredit":false},{"lineNumber":48,"author":{"gitId":"weibinlim"},"content":"            String year \u003d getDate[2];","lastModifiedDate":"2024-08-30","isFullCredit":false},{"lineNumber":49,"author":{"gitId":"weibinlim"},"content":"            String month \u003d getDate[1];","lastModifiedDate":"2024-08-30","isFullCredit":false},{"lineNumber":50,"author":{"gitId":"weibinlim"},"content":"            String day \u003d getDate[0];","lastModifiedDate":"2024-08-30","isFullCredit":false},{"lineNumber":51,"author":{"gitId":"weibinlim"},"content":"","lastModifiedDate":"2024-08-30","isFullCredit":false},{"lineNumber":52,"author":{"gitId":"weibinlim"},"content":"            try {","lastModifiedDate":"2024-08-30","isFullCredit":false},{"lineNumber":53,"author":{"gitId":"weibinlim"},"content":"                if (getTime.length \u003d\u003d 2) {","lastModifiedDate":"2024-08-30","isFullCredit":false},{"lineNumber":54,"author":{"gitId":"weibinlim"},"content":"                    withTime \u003d true;","lastModifiedDate":"2024-08-30","isFullCredit":false},{"lineNumber":55,"author":{"gitId":"weibinlim"},"content":"                    return LocalDateTime.parse(String.format(\"%s-%s-%sT%s\", year, month, day, getTime[1]));","lastModifiedDate":"2024-08-30","isFullCredit":false},{"lineNumber":56,"author":{"gitId":"weibinlim"},"content":"                } else if (getTime.length \u003d\u003d 1) {","lastModifiedDate":"2024-08-30","isFullCredit":false},{"lineNumber":57,"author":{"gitId":"weibinlim"},"content":"                    withTime \u003d false;","lastModifiedDate":"2024-08-30","isFullCredit":false},{"lineNumber":58,"author":{"gitId":"weibinlim"},"content":"                    return LocalDateTime.parse(String.format(\"%s-%s-%sT%s\", year, month, day, \"00:00\"));","lastModifiedDate":"2024-08-30","isFullCredit":false},{"lineNumber":59,"author":{"gitId":"weibinlim"},"content":"                } else {","lastModifiedDate":"2024-08-30","isFullCredit":false},{"lineNumber":60,"author":{"gitId":"weibinlim"},"content":"                    throw new BigdogException(\"Invalid date format: \" + str +","lastModifiedDate":"2024-08-30","isFullCredit":false},{"lineNumber":61,"author":{"gitId":"weibinlim"},"content":"                            \"\\nExample correct format: deadline return book /by 02/07/2019 18:00\");","lastModifiedDate":"2024-08-30","isFullCredit":false},{"lineNumber":62,"author":{"gitId":"weibinlim"},"content":"                }","lastModifiedDate":"2024-08-30","isFullCredit":false},{"lineNumber":63,"author":{"gitId":"weibinlim"},"content":"            } catch (DateTimeParseException e) {","lastModifiedDate":"2024-08-30","isFullCredit":false},{"lineNumber":64,"author":{"gitId":"weibinlim"},"content":"                throw new BigdogException(\"Invalid date format :\" + str +","lastModifiedDate":"2024-08-30","isFullCredit":false},{"lineNumber":65,"author":{"gitId":"weibinlim"},"content":"                        \"\\nExample correct format: deadline return book /by 02/07/2019 18:00\");","lastModifiedDate":"2024-08-30","isFullCredit":false},{"lineNumber":66,"author":{"gitId":"weibinlim"},"content":"            }","lastModifiedDate":"2024-08-30","isFullCredit":false},{"lineNumber":67,"author":{"gitId":"weibinlim"},"content":"","lastModifiedDate":"2024-08-30","isFullCredit":false},{"lineNumber":68,"author":{"gitId":"weibinlim"},"content":"        }","lastModifiedDate":"2024-08-30","isFullCredit":false},{"lineNumber":69,"author":{"gitId":"weibinlim"},"content":"    }","lastModifiedDate":"2024-08-29","isFullCredit":false},{"lineNumber":70,"author":{"gitId":"weibinlim"},"content":"","lastModifiedDate":"2024-08-29","isFullCredit":false},{"lineNumber":71,"author":{"gitId":"weibinlim"},"content":"    @Override","lastModifiedDate":"2024-08-29","isFullCredit":false},{"lineNumber":72,"author":{"gitId":"weibinlim"},"content":"    public String getDescription() {","lastModifiedDate":"2024-08-29","isFullCredit":false},{"lineNumber":73,"author":{"gitId":"weibinlim"},"content":"        return super.getDescription() + \" | \" + this.end;","lastModifiedDate":"2024-08-29","isFullCredit":false},{"lineNumber":74,"author":{"gitId":"weibinlim"},"content":"    }","lastModifiedDate":"2024-08-29","isFullCredit":false},{"lineNumber":75,"author":{"gitId":"weibinlim"},"content":"","lastModifiedDate":"2024-08-29","isFullCredit":false},{"lineNumber":76,"author":{"gitId":"weibinlim"},"content":"","lastModifiedDate":"2024-08-29","isFullCredit":false},{"lineNumber":77,"author":{"gitId":"weibinlim"},"content":"    @Override","lastModifiedDate":"2024-08-23","isFullCredit":false},{"lineNumber":78,"author":{"gitId":"weibinlim"},"content":"    public String toString() {","lastModifiedDate":"2024-08-23","isFullCredit":false},{"lineNumber":79,"author":{"gitId":"weibinlim"},"content":"        if (withTime) {","lastModifiedDate":"2024-08-30","isFullCredit":false},{"lineNumber":80,"author":{"gitId":"weibinlim"},"content":"            return \"[D]\" + super.toString() + \" (by: \" +","lastModifiedDate":"2024-08-30","isFullCredit":false},{"lineNumber":81,"author":{"gitId":"weibinlim"},"content":"                    this.end.format(DateTimeFormatter.ofPattern(\"dd MMM yyyy HH:mm\")) + \")\";","lastModifiedDate":"2024-08-30","isFullCredit":false},{"lineNumber":82,"author":{"gitId":"weibinlim"},"content":"        } else {","lastModifiedDate":"2024-08-30","isFullCredit":false},{"lineNumber":83,"author":{"gitId":"weibinlim"},"content":"            return \"[D]\" + super.toString() + \" (by: \" +","lastModifiedDate":"2024-08-30","isFullCredit":false},{"lineNumber":84,"author":{"gitId":"weibinlim"},"content":"                    this.end.format(DateTimeFormatter.ofPattern(\"dd MMM yyyy\")) + \")\";","lastModifiedDate":"2024-08-30","isFullCredit":false},{"lineNumber":85,"author":{"gitId":"weibinlim"},"content":"        }","lastModifiedDate":"2024-08-30","isFullCredit":false},{"lineNumber":86,"author":{"gitId":"weibinlim"},"content":"    }","lastModifiedDate":"2024-08-23","isFullCredit":false},{"lineNumber":87,"author":{"gitId":"weibinlim"},"content":"","lastModifiedDate":"2024-08-23","isFullCredit":false},{"lineNumber":88,"author":{"gitId":"weibinlim"},"content":"}","lastModifiedDate":"2024-08-23","isFullCredit":false}],"authorContributionMap":{"weibinlim":88}},{"path":"src/main/java/Event.java","fileType":"java","lines":[{"lineNumber":1,"author":{"gitId":"weibinlim"},"content":"import java.time.LocalDateTime;","lastModifiedDate":"2024-08-30","isFullCredit":false},{"lineNumber":2,"author":{"gitId":"weibinlim"},"content":"import java.time.format.DateTimeFormatter;","lastModifiedDate":"2024-08-30","isFullCredit":false},{"lineNumber":3,"author":{"gitId":"weibinlim"},"content":"import java.time.format.DateTimeParseException;","lastModifiedDate":"2024-08-30","isFullCredit":false},{"lineNumber":4,"author":{"gitId":"weibinlim"},"content":"","lastModifiedDate":"2024-08-23","isFullCredit":false},{"lineNumber":5,"author":{"gitId":"weibinlim"},"content":"public class Event extends Task{","lastModifiedDate":"2024-08-30","isFullCredit":false},{"lineNumber":6,"author":{"gitId":"weibinlim"},"content":"","lastModifiedDate":"2024-08-23","isFullCredit":false},{"lineNumber":7,"author":{"gitId":"weibinlim"},"content":"    private LocalDateTime start;","lastModifiedDate":"2024-08-30","isFullCredit":false},{"lineNumber":8,"author":{"gitId":"weibinlim"},"content":"    private LocalDateTime end;","lastModifiedDate":"2024-08-30","isFullCredit":false},{"lineNumber":9,"author":{"gitId":"weibinlim"},"content":"    private static boolean withTime;","lastModifiedDate":"2024-08-30","isFullCredit":false},{"lineNumber":10,"author":{"gitId":"weibinlim"},"content":"    private Event(String str, LocalDateTime start, LocalDateTime end, boolean marked) {","lastModifiedDate":"2024-08-30","isFullCredit":false},{"lineNumber":11,"author":{"gitId":"weibinlim"},"content":"        super(str, marked);","lastModifiedDate":"2024-08-29","isFullCredit":false},{"lineNumber":12,"author":{"gitId":"weibinlim"},"content":"        this.start \u003d start;","lastModifiedDate":"2024-08-29","isFullCredit":false},{"lineNumber":13,"author":{"gitId":"weibinlim"},"content":"        this.end \u003d end;","lastModifiedDate":"2024-08-29","isFullCredit":false},{"lineNumber":14,"author":{"gitId":"weibinlim"},"content":"    }","lastModifiedDate":"2024-08-23","isFullCredit":false},{"lineNumber":15,"author":{"gitId":"weibinlim"},"content":"","lastModifiedDate":"2024-08-23","isFullCredit":false},{"lineNumber":16,"author":{"gitId":"weibinlim"},"content":"    public static Event of(String s) throws BigdogException {","lastModifiedDate":"2024-08-26","isFullCredit":false},{"lineNumber":17,"author":{"gitId":"weibinlim"},"content":"        if (s.length() \u003c\u003d 6) {","lastModifiedDate":"2024-08-26","isFullCredit":false},{"lineNumber":18,"author":{"gitId":"weibinlim"},"content":"            throw new BigdogException(\"event can\u0027t be empty! If theres no event then go and sleep!\");","lastModifiedDate":"2024-08-26","isFullCredit":false},{"lineNumber":19,"author":{"gitId":"weibinlim"},"content":"        }","lastModifiedDate":"2024-08-26","isFullCredit":false},{"lineNumber":20,"author":{"gitId":"weibinlim"},"content":"","lastModifiedDate":"2024-08-26","isFullCredit":false},{"lineNumber":21,"author":{"gitId":"weibinlim"},"content":"        int dashCounter \u003d 0;","lastModifiedDate":"2024-08-30","isFullCredit":false},{"lineNumber":22,"author":{"gitId":"weibinlim"},"content":"        for (int j \u003d s.length() - 1; j \u003e 5; j--) {","lastModifiedDate":"2024-08-26","isFullCredit":false},{"lineNumber":23,"author":{"gitId":"weibinlim"},"content":"            if (s.charAt(j) \u003d\u003d \u0027/\u0027) {","lastModifiedDate":"2024-08-30","isFullCredit":false},{"lineNumber":24,"author":{"gitId":"weibinlim"},"content":"                dashCounter++;","lastModifiedDate":"2024-08-30","isFullCredit":false},{"lineNumber":25,"author":{"gitId":"weibinlim"},"content":"            }","lastModifiedDate":"2024-08-26","isFullCredit":false},{"lineNumber":26,"author":{"gitId":"weibinlim"},"content":"            if (s.charAt(j) \u003d\u003d \u0027/\u0027 \u0026\u0026 dashCounter \u003d\u003d 3) {","lastModifiedDate":"2024-08-30","isFullCredit":false},{"lineNumber":27,"author":{"gitId":"weibinlim"},"content":"                for (int i \u003d 0; i \u003c s.length(); i++) {","lastModifiedDate":"2024-08-26","isFullCredit":false},{"lineNumber":28,"author":{"gitId":"weibinlim"},"content":"                    if (s.charAt(i) \u003d\u003d \u0027/\u0027) {","lastModifiedDate":"2024-08-26","isFullCredit":false},{"lineNumber":29,"author":{"gitId":"weibinlim"},"content":"                        return new Event(s.substring(0, i - 1), stringToDate(s.substring(i + 6, j - 1)),","lastModifiedDate":"2024-09-02","isFullCredit":false},{"lineNumber":30,"author":{"gitId":"weibinlim"},"content":"                                stringToDate(s.substring(j + 4)), false);","lastModifiedDate":"2024-08-30","isFullCredit":false},{"lineNumber":31,"author":{"gitId":"weibinlim"},"content":"                    }","lastModifiedDate":"2024-08-30","isFullCredit":false},{"lineNumber":32,"author":{"gitId":"weibinlim"},"content":"                }","lastModifiedDate":"2024-08-26","isFullCredit":false},{"lineNumber":33,"author":{"gitId":"weibinlim"},"content":"            }","lastModifiedDate":"2024-08-26","isFullCredit":false},{"lineNumber":34,"author":{"gitId":"weibinlim"},"content":"        }","lastModifiedDate":"2024-08-26","isFullCredit":false},{"lineNumber":35,"author":{"gitId":"weibinlim"},"content":"        throw new BigdogException(\"Event has to have a start and end!\");","lastModifiedDate":"2024-08-26","isFullCredit":false},{"lineNumber":36,"author":{"gitId":"weibinlim"},"content":"    }","lastModifiedDate":"2024-08-26","isFullCredit":false},{"lineNumber":37,"author":{"gitId":"weibinlim"},"content":"","lastModifiedDate":"2024-08-26","isFullCredit":false},{"lineNumber":38,"author":{"gitId":"weibinlim"},"content":"    public static Event of(String s, boolean marked) throws BigdogException {","lastModifiedDate":"2024-08-29","isFullCredit":false},{"lineNumber":39,"author":{"gitId":"weibinlim"},"content":"","lastModifiedDate":"2024-08-30","isFullCredit":false},{"lineNumber":40,"author":{"gitId":"weibinlim"},"content":"","lastModifiedDate":"2024-08-30","isFullCredit":false},{"lineNumber":41,"author":{"gitId":"weibinlim"},"content":"        if (s.length() \u003c\u003d 4) {","lastModifiedDate":"2024-08-29","isFullCredit":false},{"lineNumber":42,"author":{"gitId":"weibinlim"},"content":"            throw new BigdogException(\"data file corrupted! Cause: \" + s);","lastModifiedDate":"2024-08-30","isFullCredit":false},{"lineNumber":43,"author":{"gitId":"weibinlim"},"content":"        }","lastModifiedDate":"2024-08-29","isFullCredit":false},{"lineNumber":44,"author":{"gitId":"weibinlim"},"content":"","lastModifiedDate":"2024-08-29","isFullCredit":false},{"lineNumber":45,"author":{"gitId":"weibinlim"},"content":"            for (int j \u003d s.length() - 1; j \u003e 3; j--) {","lastModifiedDate":"2024-08-29","isFullCredit":false},{"lineNumber":46,"author":{"gitId":"weibinlim"},"content":"                if (s.charAt(j) !\u003d \u0027|\u0027) {","lastModifiedDate":"2024-08-29","isFullCredit":false},{"lineNumber":47,"author":{"gitId":"weibinlim"},"content":"                    continue;","lastModifiedDate":"2024-08-29","isFullCredit":false},{"lineNumber":48,"author":{"gitId":"weibinlim"},"content":"                }","lastModifiedDate":"2024-08-29","isFullCredit":false},{"lineNumber":49,"author":{"gitId":"weibinlim"},"content":"                LocalDateTime end \u003d LocalDateTime.parse(s.substring(j + 2));","lastModifiedDate":"2024-08-30","isFullCredit":false},{"lineNumber":50,"author":{"gitId":"weibinlim"},"content":"                for (int i \u003d 5; i \u003c s.length(); i++) {","lastModifiedDate":"2024-08-29","isFullCredit":false},{"lineNumber":51,"author":{"gitId":"weibinlim"},"content":"                    if (s.charAt(i) \u003d\u003d \u0027|\u0027) {","lastModifiedDate":"2024-08-29","isFullCredit":false},{"lineNumber":52,"author":{"gitId":"weibinlim"},"content":"                        return new Event(s.substring(4, i - 1), LocalDateTime.parse(s.substring(i + 2, j - 1)),","lastModifiedDate":"2024-08-30","isFullCredit":false},{"lineNumber":53,"author":{"gitId":"weibinlim"},"content":"                                end, marked);","lastModifiedDate":"2024-08-30","isFullCredit":false},{"lineNumber":54,"author":{"gitId":"weibinlim"},"content":"                    }","lastModifiedDate":"2024-08-30","isFullCredit":false},{"lineNumber":55,"author":{"gitId":"weibinlim"},"content":"                }","lastModifiedDate":"2024-08-29","isFullCredit":false},{"lineNumber":56,"author":{"gitId":"weibinlim"},"content":"","lastModifiedDate":"2024-08-30","isFullCredit":false},{"lineNumber":57,"author":{"gitId":"weibinlim"},"content":"            }","lastModifiedDate":"2024-08-30","isFullCredit":false},{"lineNumber":58,"author":{"gitId":"weibinlim"},"content":"        throw new BigdogException(\"data file corrupted! Cause: \" + s);","lastModifiedDate":"2024-08-30","isFullCredit":false},{"lineNumber":59,"author":{"gitId":"weibinlim"},"content":"    }","lastModifiedDate":"2024-08-30","isFullCredit":false},{"lineNumber":60,"author":{"gitId":"weibinlim"},"content":"","lastModifiedDate":"2024-08-30","isFullCredit":false},{"lineNumber":61,"author":{"gitId":"weibinlim"},"content":"    private static LocalDateTime stringToDate(String str) throws BigdogException {","lastModifiedDate":"2024-08-30","isFullCredit":false},{"lineNumber":62,"author":{"gitId":"weibinlim"},"content":"        long dashes \u003d str.chars().filter(x -\u003e x \u003d\u003d \u0027/\u0027).count();","lastModifiedDate":"2024-08-30","isFullCredit":false},{"lineNumber":63,"author":{"gitId":"weibinlim"},"content":"        if (dashes !\u003d 2) {","lastModifiedDate":"2024-08-30","isFullCredit":false},{"lineNumber":64,"author":{"gitId":"weibinlim"},"content":"            throw new BigdogException(\"Invalid date format: \" + str);","lastModifiedDate":"2024-08-30","isFullCredit":false},{"lineNumber":65,"author":{"gitId":"weibinlim"},"content":"        } else {","lastModifiedDate":"2024-08-30","isFullCredit":false},{"lineNumber":66,"author":{"gitId":"weibinlim"},"content":"            String[] getTime \u003d str.split(\" \");","lastModifiedDate":"2024-08-30","isFullCredit":false},{"lineNumber":67,"author":{"gitId":"weibinlim"},"content":"            String[] getDate \u003d getTime[0].split(\"/\");","lastModifiedDate":"2024-08-30","isFullCredit":false},{"lineNumber":68,"author":{"gitId":"weibinlim"},"content":"            System.out.println(str);","lastModifiedDate":"2024-08-30","isFullCredit":false},{"lineNumber":69,"author":{"gitId":"weibinlim"},"content":"            String year \u003d getDate[2];","lastModifiedDate":"2024-08-30","isFullCredit":false},{"lineNumber":70,"author":{"gitId":"weibinlim"},"content":"            String month \u003d getDate[1];","lastModifiedDate":"2024-08-30","isFullCredit":false},{"lineNumber":71,"author":{"gitId":"weibinlim"},"content":"            String day \u003d getDate[0];","lastModifiedDate":"2024-08-30","isFullCredit":false},{"lineNumber":72,"author":{"gitId":"weibinlim"},"content":"","lastModifiedDate":"2024-08-30","isFullCredit":false},{"lineNumber":73,"author":{"gitId":"weibinlim"},"content":"            try {","lastModifiedDate":"2024-08-30","isFullCredit":false},{"lineNumber":74,"author":{"gitId":"weibinlim"},"content":"                if (getTime.length \u003d\u003d 2) {","lastModifiedDate":"2024-08-30","isFullCredit":false},{"lineNumber":75,"author":{"gitId":"weibinlim"},"content":"                    withTime \u003d true;","lastModifiedDate":"2024-08-30","isFullCredit":false},{"lineNumber":76,"author":{"gitId":"weibinlim"},"content":"                    return LocalDateTime.parse(String.format(\"%s-%s-%sT%s\", year, month, day, getTime[1]));","lastModifiedDate":"2024-08-30","isFullCredit":false},{"lineNumber":77,"author":{"gitId":"weibinlim"},"content":"                } else if (getTime.length \u003d\u003d 1) {","lastModifiedDate":"2024-08-30","isFullCredit":false},{"lineNumber":78,"author":{"gitId":"weibinlim"},"content":"                    withTime \u003d false;","lastModifiedDate":"2024-08-30","isFullCredit":false},{"lineNumber":79,"author":{"gitId":"weibinlim"},"content":"                    return LocalDateTime.parse(String.format(\"%s-%s-%sT%s\", year, month, day, \"23:59\"));","lastModifiedDate":"2024-09-02","isFullCredit":false},{"lineNumber":80,"author":{"gitId":"weibinlim"},"content":"                } else {","lastModifiedDate":"2024-08-30","isFullCredit":false},{"lineNumber":81,"author":{"gitId":"weibinlim"},"content":"                    throw new BigdogException(\"Invalid date format: \" + str +","lastModifiedDate":"2024-08-30","isFullCredit":false},{"lineNumber":82,"author":{"gitId":"weibinlim"},"content":"                            \"\\nExample correct format: event meeting with John \" +","lastModifiedDate":"2024-09-02","isFullCredit":false},{"lineNumber":83,"author":{"gitId":"weibinlim"},"content":"                            \"/from 02/07/2019 18:00 /to 02/07/2019 20:00\");","lastModifiedDate":"2024-09-02","isFullCredit":false},{"lineNumber":84,"author":{"gitId":"weibinlim"},"content":"                }","lastModifiedDate":"2024-08-30","isFullCredit":false},{"lineNumber":85,"author":{"gitId":"weibinlim"},"content":"            } catch (DateTimeParseException e) {","lastModifiedDate":"2024-08-30","isFullCredit":false},{"lineNumber":86,"author":{"gitId":"weibinlim"},"content":"            throw new BigdogException(\"Invalid date format: \" + str +","lastModifiedDate":"2024-08-30","isFullCredit":false},{"lineNumber":87,"author":{"gitId":"weibinlim"},"content":"                    \"\\nExample correct format: event meeting with John /from 02/07/2019 18:00 /to 02/07/2019 20:00\");","lastModifiedDate":"2024-09-02","isFullCredit":false},{"lineNumber":88,"author":{"gitId":"weibinlim"},"content":"            }","lastModifiedDate":"2024-08-29","isFullCredit":false},{"lineNumber":89,"author":{"gitId":"weibinlim"},"content":"        }","lastModifiedDate":"2024-08-29","isFullCredit":false},{"lineNumber":90,"author":{"gitId":"weibinlim"},"content":"    }","lastModifiedDate":"2024-08-29","isFullCredit":false},{"lineNumber":91,"author":{"gitId":"weibinlim"},"content":"","lastModifiedDate":"2024-08-29","isFullCredit":false},{"lineNumber":92,"author":{"gitId":"weibinlim"},"content":"    @Override","lastModifiedDate":"2024-08-29","isFullCredit":false},{"lineNumber":93,"author":{"gitId":"weibinlim"},"content":"    public String getDescription() {","lastModifiedDate":"2024-08-29","isFullCredit":false},{"lineNumber":94,"author":{"gitId":"weibinlim"},"content":"        return super.getDescription() + \" | \" + this.start + \" | \" + this.end;","lastModifiedDate":"2024-08-29","isFullCredit":false},{"lineNumber":95,"author":{"gitId":"weibinlim"},"content":"    }","lastModifiedDate":"2024-08-29","isFullCredit":false},{"lineNumber":96,"author":{"gitId":"weibinlim"},"content":"","lastModifiedDate":"2024-08-29","isFullCredit":false},{"lineNumber":97,"author":{"gitId":"weibinlim"},"content":"","lastModifiedDate":"2024-08-29","isFullCredit":false},{"lineNumber":98,"author":{"gitId":"weibinlim"},"content":"    @Override","lastModifiedDate":"2024-08-23","isFullCredit":false},{"lineNumber":99,"author":{"gitId":"weibinlim"},"content":"    public String toString() {","lastModifiedDate":"2024-08-23","isFullCredit":false},{"lineNumber":100,"author":{"gitId":"weibinlim"},"content":"        if (withTime) {","lastModifiedDate":"2024-08-30","isFullCredit":false},{"lineNumber":101,"author":{"gitId":"weibinlim"},"content":"            return \"[E]\" + super.toString() + \" (from: \"","lastModifiedDate":"2024-08-30","isFullCredit":false},{"lineNumber":102,"author":{"gitId":"weibinlim"},"content":"                    + this.start.format(DateTimeFormatter.ofPattern(\"dd MMM yyyy HH:mm\")) + \" to: \"","lastModifiedDate":"2024-08-30","isFullCredit":false},{"lineNumber":103,"author":{"gitId":"weibinlim"},"content":"                    + this.end.format(DateTimeFormatter.ofPattern(\"dd MMM yyyy HH:mm\")) + \")\";","lastModifiedDate":"2024-08-30","isFullCredit":false},{"lineNumber":104,"author":{"gitId":"weibinlim"},"content":"        } else {","lastModifiedDate":"2024-08-30","isFullCredit":false},{"lineNumber":105,"author":{"gitId":"weibinlim"},"content":"            return \"[E]\" + super.toString() + \" (from: \"","lastModifiedDate":"2024-08-30","isFullCredit":false},{"lineNumber":106,"author":{"gitId":"weibinlim"},"content":"                    + this.start.format(DateTimeFormatter.ofPattern(\"dd MMM yyyy\")) + \" to: \"","lastModifiedDate":"2024-08-30","isFullCredit":false},{"lineNumber":107,"author":{"gitId":"weibinlim"},"content":"                    + this.end.format(DateTimeFormatter.ofPattern(\"dd MMM yyyy\")) + \")\";","lastModifiedDate":"2024-08-30","isFullCredit":false},{"lineNumber":108,"author":{"gitId":"weibinlim"},"content":"        }","lastModifiedDate":"2024-08-30","isFullCredit":false},{"lineNumber":109,"author":{"gitId":"weibinlim"},"content":"    }","lastModifiedDate":"2024-08-23","isFullCredit":false},{"lineNumber":110,"author":{"gitId":"weibinlim"},"content":"","lastModifiedDate":"2024-08-23","isFullCredit":false},{"lineNumber":111,"author":{"gitId":"weibinlim"},"content":"}","lastModifiedDate":"2024-08-23","isFullCredit":false}],"authorContributionMap":{"weibinlim":111}},{"path":"src/main/java/Parser.java","fileType":"java","lines":[{"lineNumber":1,"author":{"gitId":"weibinlim"},"content":"public class Parser {","lastModifiedDate":"2024-09-02","isFullCredit":false},{"lineNumber":2,"author":{"gitId":"weibinlim"},"content":"","lastModifiedDate":"2024-09-02","isFullCredit":false},{"lineNumber":3,"author":{"gitId":"weibinlim"},"content":"    // [command, description, start date, end date]","lastModifiedDate":"2024-09-02","isFullCredit":false},{"lineNumber":4,"author":{"gitId":"weibinlim"},"content":"    private static final String[] commands \u003d {\"bye\", \"list\", \"mark\", \"unmark\", \"delete\", \"todo\", \"deadline\", \"event\"};","lastModifiedDate":"2024-09-02","isFullCredit":false},{"lineNumber":5,"author":{"gitId":"weibinlim"},"content":"","lastModifiedDate":"2024-09-02","isFullCredit":false},{"lineNumber":6,"author":{"gitId":"weibinlim"},"content":"    public Parser() {","lastModifiedDate":"2024-09-02","isFullCredit":false},{"lineNumber":7,"author":{"gitId":"weibinlim"},"content":"","lastModifiedDate":"2024-09-02","isFullCredit":false},{"lineNumber":8,"author":{"gitId":"weibinlim"},"content":"    }","lastModifiedDate":"2024-09-02","isFullCredit":false},{"lineNumber":9,"author":{"gitId":"weibinlim"},"content":"","lastModifiedDate":"2024-09-02","isFullCredit":false},{"lineNumber":10,"author":{"gitId":"weibinlim"},"content":"    public static String[] parse(String str) throws BigdogException {","lastModifiedDate":"2024-09-02","isFullCredit":false},{"lineNumber":11,"author":{"gitId":"weibinlim"},"content":"        String[] temp \u003d str.split(\" \",2);","lastModifiedDate":"2024-09-02","isFullCredit":false},{"lineNumber":12,"author":{"gitId":"weibinlim"},"content":"        String command \u003d temp[0].toLowerCase();","lastModifiedDate":"2024-09-02","isFullCredit":false},{"lineNumber":13,"author":{"gitId":"weibinlim"},"content":"        for (int i \u003d 0; i \u003c 8; i++) {","lastModifiedDate":"2024-09-02","isFullCredit":false},{"lineNumber":14,"author":{"gitId":"weibinlim"},"content":"            if (command.equals(commands[i])) {","lastModifiedDate":"2024-09-02","isFullCredit":false},{"lineNumber":15,"author":{"gitId":"weibinlim"},"content":"                break;","lastModifiedDate":"2024-09-02","isFullCredit":false},{"lineNumber":16,"author":{"gitId":"weibinlim"},"content":"            }","lastModifiedDate":"2024-09-02","isFullCredit":false},{"lineNumber":17,"author":{"gitId":"weibinlim"},"content":"            if (i \u003d\u003d 7) {","lastModifiedDate":"2024-09-02","isFullCredit":false},{"lineNumber":18,"author":{"gitId":"weibinlim"},"content":"                throw new BigdogException(\"Parse Error: Invalid Argument!\");","lastModifiedDate":"2024-09-02","isFullCredit":false},{"lineNumber":19,"author":{"gitId":"weibinlim"},"content":"            }","lastModifiedDate":"2024-09-02","isFullCredit":false},{"lineNumber":20,"author":{"gitId":"weibinlim"},"content":"        }","lastModifiedDate":"2024-09-02","isFullCredit":false},{"lineNumber":21,"author":{"gitId":"weibinlim"},"content":"        temp[0] \u003d command;","lastModifiedDate":"2024-09-02","isFullCredit":false},{"lineNumber":22,"author":{"gitId":"weibinlim"},"content":"        return temp;","lastModifiedDate":"2024-09-02","isFullCredit":false},{"lineNumber":23,"author":{"gitId":"weibinlim"},"content":"    }","lastModifiedDate":"2024-09-02","isFullCredit":false},{"lineNumber":24,"author":{"gitId":"weibinlim"},"content":"","lastModifiedDate":"2024-09-02","isFullCredit":false},{"lineNumber":25,"author":{"gitId":"weibinlim"},"content":"}","lastModifiedDate":"2024-09-02","isFullCredit":false}],"authorContributionMap":{"weibinlim":25}},{"path":"src/main/java/Storage.java","fileType":"java","lines":[{"lineNumber":1,"author":{"gitId":"weibinlim"},"content":"import java.util.ArrayList;","lastModifiedDate":"2024-09-02","isFullCredit":false},{"lineNumber":2,"author":{"gitId":"weibinlim"},"content":"import java.io.FileNotFoundException;","lastModifiedDate":"2024-09-02","isFullCredit":false},{"lineNumber":3,"author":{"gitId":"weibinlim"},"content":"import java.io.BufferedWriter;","lastModifiedDate":"2024-09-02","isFullCredit":false},{"lineNumber":4,"author":{"gitId":"weibinlim"},"content":"import java.io.FileWriter;","lastModifiedDate":"2024-09-02","isFullCredit":false},{"lineNumber":5,"author":{"gitId":"weibinlim"},"content":"import java.io.IOException;","lastModifiedDate":"2024-09-02","isFullCredit":false},{"lineNumber":6,"author":{"gitId":"weibinlim"},"content":"import java.io.FileReader;","lastModifiedDate":"2024-09-02","isFullCredit":false},{"lineNumber":7,"author":{"gitId":"weibinlim"},"content":"import java.io.BufferedReader;","lastModifiedDate":"2024-09-02","isFullCredit":false},{"lineNumber":8,"author":{"gitId":"weibinlim"},"content":"","lastModifiedDate":"2024-09-02","isFullCredit":false},{"lineNumber":9,"author":{"gitId":"weibinlim"},"content":"public class Storage {","lastModifiedDate":"2024-09-02","isFullCredit":false},{"lineNumber":10,"author":{"gitId":"weibinlim"},"content":"    private final String filePath;","lastModifiedDate":"2024-09-02","isFullCredit":false},{"lineNumber":11,"author":{"gitId":"weibinlim"},"content":"","lastModifiedDate":"2024-09-02","isFullCredit":false},{"lineNumber":12,"author":{"gitId":"weibinlim"},"content":"    public Storage(String filePath) {","lastModifiedDate":"2024-09-02","isFullCredit":false},{"lineNumber":13,"author":{"gitId":"weibinlim"},"content":"        this.filePath \u003d filePath;","lastModifiedDate":"2024-09-02","isFullCredit":false},{"lineNumber":14,"author":{"gitId":"weibinlim"},"content":"    }","lastModifiedDate":"2024-09-02","isFullCredit":false},{"lineNumber":15,"author":{"gitId":"weibinlim"},"content":"","lastModifiedDate":"2024-09-02","isFullCredit":false},{"lineNumber":16,"author":{"gitId":"weibinlim"},"content":"    public void save(ArrayList\u003cTask\u003e taskList) throws BigdogException {","lastModifiedDate":"2024-09-02","isFullCredit":false},{"lineNumber":17,"author":{"gitId":"weibinlim"},"content":"        try {","lastModifiedDate":"2024-09-02","isFullCredit":false},{"lineNumber":18,"author":{"gitId":"weibinlim"},"content":"            BufferedWriter writer \u003d new BufferedWriter(new FileWriter(this.filePath));","lastModifiedDate":"2024-09-02","isFullCredit":false},{"lineNumber":19,"author":{"gitId":"weibinlim"},"content":"            for (Task task: taskList) {","lastModifiedDate":"2024-09-02","isFullCredit":false},{"lineNumber":20,"author":{"gitId":"weibinlim"},"content":"                String line \u003d getString(task);","lastModifiedDate":"2024-09-02","isFullCredit":false},{"lineNumber":21,"author":{"gitId":"weibinlim"},"content":"                writer.write(line + \"\\n\");","lastModifiedDate":"2024-09-02","isFullCredit":false},{"lineNumber":22,"author":{"gitId":"weibinlim"},"content":"            }","lastModifiedDate":"2024-09-02","isFullCredit":false},{"lineNumber":23,"author":{"gitId":"weibinlim"},"content":"            writer.close();","lastModifiedDate":"2024-09-02","isFullCredit":false},{"lineNumber":24,"author":{"gitId":"weibinlim"},"content":"        } catch (FileNotFoundException e) {","lastModifiedDate":"2024-09-02","isFullCredit":false},{"lineNumber":25,"author":{"gitId":"weibinlim"},"content":"            System.out.println(\"Storage Error: You do not have a .txt file to store my memory! File Path: \" + this.filePath);","lastModifiedDate":"2024-09-02","isFullCredit":false},{"lineNumber":26,"author":{"gitId":"weibinlim"},"content":"        } catch (IOException e) {","lastModifiedDate":"2024-09-02","isFullCredit":false},{"lineNumber":27,"author":{"gitId":"weibinlim"},"content":"            System.out.println(\"Storage Error: IO Error \" + e);","lastModifiedDate":"2024-09-02","isFullCredit":false},{"lineNumber":28,"author":{"gitId":"weibinlim"},"content":"        }","lastModifiedDate":"2024-09-02","isFullCredit":false},{"lineNumber":29,"author":{"gitId":"weibinlim"},"content":"    }","lastModifiedDate":"2024-09-02","isFullCredit":false},{"lineNumber":30,"author":{"gitId":"weibinlim"},"content":"","lastModifiedDate":"2024-09-02","isFullCredit":false},{"lineNumber":31,"author":{"gitId":"weibinlim"},"content":"    private static String getString(Task task) throws BigdogException {","lastModifiedDate":"2024-09-02","isFullCredit":false},{"lineNumber":32,"author":{"gitId":"weibinlim"},"content":"        String line \u003d \"\";","lastModifiedDate":"2024-09-02","isFullCredit":false},{"lineNumber":33,"author":{"gitId":"weibinlim"},"content":"        if (task.isMarked()) {","lastModifiedDate":"2024-09-02","isFullCredit":false},{"lineNumber":34,"author":{"gitId":"weibinlim"},"content":"            line +\u003d \"X | \";","lastModifiedDate":"2024-09-02","isFullCredit":false},{"lineNumber":35,"author":{"gitId":"weibinlim"},"content":"        } else {","lastModifiedDate":"2024-09-02","isFullCredit":false},{"lineNumber":36,"author":{"gitId":"weibinlim"},"content":"            line +\u003d \"O | \";","lastModifiedDate":"2024-09-02","isFullCredit":false},{"lineNumber":37,"author":{"gitId":"weibinlim"},"content":"        }","lastModifiedDate":"2024-09-02","isFullCredit":false},{"lineNumber":38,"author":{"gitId":"weibinlim"},"content":"        if (task instanceof Todo) {","lastModifiedDate":"2024-09-02","isFullCredit":false},{"lineNumber":39,"author":{"gitId":"weibinlim"},"content":"            line +\u003d \"T | \";","lastModifiedDate":"2024-09-02","isFullCredit":false},{"lineNumber":40,"author":{"gitId":"weibinlim"},"content":"            line +\u003d task.getDescription();","lastModifiedDate":"2024-09-02","isFullCredit":false},{"lineNumber":41,"author":{"gitId":"weibinlim"},"content":"        } else if (task instanceof Deadline) {","lastModifiedDate":"2024-09-02","isFullCredit":false},{"lineNumber":42,"author":{"gitId":"weibinlim"},"content":"            line +\u003d \"D | \";","lastModifiedDate":"2024-09-02","isFullCredit":false},{"lineNumber":43,"author":{"gitId":"weibinlim"},"content":"            line +\u003d task.getDescription();","lastModifiedDate":"2024-09-02","isFullCredit":false},{"lineNumber":44,"author":{"gitId":"weibinlim"},"content":"        } else if (task instanceof Event){","lastModifiedDate":"2024-09-02","isFullCredit":false},{"lineNumber":45,"author":{"gitId":"weibinlim"},"content":"            line +\u003d \"E | \";","lastModifiedDate":"2024-09-02","isFullCredit":false},{"lineNumber":46,"author":{"gitId":"weibinlim"},"content":"            line +\u003d task.getDescription();","lastModifiedDate":"2024-09-02","isFullCredit":false},{"lineNumber":47,"author":{"gitId":"weibinlim"},"content":"        } else {","lastModifiedDate":"2024-09-02","isFullCredit":false},{"lineNumber":48,"author":{"gitId":"weibinlim"},"content":"            throw new BigdogException(\"Storage Error: Oops no task detected!\");","lastModifiedDate":"2024-09-02","isFullCredit":false},{"lineNumber":49,"author":{"gitId":"weibinlim"},"content":"        }","lastModifiedDate":"2024-09-02","isFullCredit":false},{"lineNumber":50,"author":{"gitId":"weibinlim"},"content":"        return line;","lastModifiedDate":"2024-09-02","isFullCredit":false},{"lineNumber":51,"author":{"gitId":"weibinlim"},"content":"    }","lastModifiedDate":"2024-09-02","isFullCredit":false},{"lineNumber":52,"author":{"gitId":"weibinlim"},"content":"","lastModifiedDate":"2024-09-02","isFullCredit":false},{"lineNumber":53,"author":{"gitId":"weibinlim"},"content":"    public ArrayList\u003cTask\u003e load() throws BigdogException {","lastModifiedDate":"2024-09-02","isFullCredit":false},{"lineNumber":54,"author":{"gitId":"weibinlim"},"content":"        ArrayList\u003cTask\u003e list \u003d new ArrayList\u003c\u003e();","lastModifiedDate":"2024-09-02","isFullCredit":false},{"lineNumber":55,"author":{"gitId":"weibinlim"},"content":"        try {","lastModifiedDate":"2024-09-02","isFullCredit":false},{"lineNumber":56,"author":{"gitId":"weibinlim"},"content":"            BufferedReader reader \u003d new BufferedReader(new FileReader(this.filePath));","lastModifiedDate":"2024-09-02","isFullCredit":false},{"lineNumber":57,"author":{"gitId":"weibinlim"},"content":"            String line;","lastModifiedDate":"2024-09-02","isFullCredit":false},{"lineNumber":58,"author":{"gitId":"weibinlim"},"content":"            while ((line \u003d reader.readLine()) !\u003d null) {","lastModifiedDate":"2024-09-02","isFullCredit":false},{"lineNumber":59,"author":{"gitId":"weibinlim"},"content":"                if (line.charAt(0) \u003d\u003d \u0027X\u0027) {","lastModifiedDate":"2024-09-02","isFullCredit":false},{"lineNumber":60,"author":{"gitId":"weibinlim"},"content":"                    list.add(Task.of(line.substring(4), true));","lastModifiedDate":"2024-09-02","isFullCredit":false},{"lineNumber":61,"author":{"gitId":"weibinlim"},"content":"                } else if (line.charAt(0) \u003d\u003d \u0027O\u0027) {","lastModifiedDate":"2024-09-02","isFullCredit":false},{"lineNumber":62,"author":{"gitId":"weibinlim"},"content":"                    list.add(Task.of(line.substring(4), false));","lastModifiedDate":"2024-09-02","isFullCredit":false},{"lineNumber":63,"author":{"gitId":"weibinlim"},"content":"                } else {","lastModifiedDate":"2024-09-02","isFullCredit":false},{"lineNumber":64,"author":{"gitId":"weibinlim"},"content":"                    throw new BigdogException(\"Storage Error: data file is corrupted!\");","lastModifiedDate":"2024-09-02","isFullCredit":false},{"lineNumber":65,"author":{"gitId":"weibinlim"},"content":"                }","lastModifiedDate":"2024-09-02","isFullCredit":false},{"lineNumber":66,"author":{"gitId":"weibinlim"},"content":"            }","lastModifiedDate":"2024-09-02","isFullCredit":false},{"lineNumber":67,"author":{"gitId":"weibinlim"},"content":"            reader.close();","lastModifiedDate":"2024-09-02","isFullCredit":false},{"lineNumber":68,"author":{"gitId":"weibinlim"},"content":"            return list;","lastModifiedDate":"2024-09-02","isFullCredit":false},{"lineNumber":69,"author":{"gitId":"weibinlim"},"content":"        } catch (FileNotFoundException e) {","lastModifiedDate":"2024-09-02","isFullCredit":false},{"lineNumber":70,"author":{"gitId":"weibinlim"},"content":"            throw new BigdogException(\"Storage Error: You do not have a .txt file to read! File Path: \" + this.filePath);","lastModifiedDate":"2024-09-02","isFullCredit":false},{"lineNumber":71,"author":{"gitId":"weibinlim"},"content":"        } catch (IOException e) {","lastModifiedDate":"2024-09-02","isFullCredit":false},{"lineNumber":72,"author":{"gitId":"weibinlim"},"content":"            throw new BigdogException(\"Storage Error: IO Error: \" + e.getMessage());","lastModifiedDate":"2024-09-02","isFullCredit":false},{"lineNumber":73,"author":{"gitId":"weibinlim"},"content":"        }","lastModifiedDate":"2024-09-02","isFullCredit":false},{"lineNumber":74,"author":{"gitId":"weibinlim"},"content":"    }","lastModifiedDate":"2024-09-02","isFullCredit":false},{"lineNumber":75,"author":{"gitId":"weibinlim"},"content":"    ","lastModifiedDate":"2024-09-02","isFullCredit":false},{"lineNumber":76,"author":{"gitId":"weibinlim"},"content":"}","lastModifiedDate":"2024-09-02","isFullCredit":false}],"authorContributionMap":{"weibinlim":76}},{"path":"src/main/java/Task.java","fileType":"java","lines":[{"lineNumber":1,"author":{"gitId":"weibinlim"},"content":"public abstract class Task {","lastModifiedDate":"2024-09-02","isFullCredit":false},{"lineNumber":2,"author":{"gitId":"weibinlim"},"content":"","lastModifiedDate":"2024-08-22","isFullCredit":false},{"lineNumber":3,"author":{"gitId":"weibinlim"},"content":"    private boolean marked;","lastModifiedDate":"2024-08-22","isFullCredit":false},{"lineNumber":4,"author":{"gitId":"weibinlim"},"content":"    private String taskRep;","lastModifiedDate":"2024-08-22","isFullCredit":false},{"lineNumber":5,"author":{"gitId":"weibinlim"},"content":"","lastModifiedDate":"2024-08-22","isFullCredit":false},{"lineNumber":6,"author":{"gitId":"weibinlim"},"content":"    public Task(String taskRep, boolean marked) {","lastModifiedDate":"2024-09-02","isFullCredit":false},{"lineNumber":7,"author":{"gitId":"weibinlim"},"content":"        this.marked \u003d marked;","lastModifiedDate":"2024-08-29","isFullCredit":false},{"lineNumber":8,"author":{"gitId":"weibinlim"},"content":"        this.taskRep \u003d taskRep;","lastModifiedDate":"2024-08-22","isFullCredit":false},{"lineNumber":9,"author":{"gitId":"weibinlim"},"content":"    }","lastModifiedDate":"2024-08-22","isFullCredit":false},{"lineNumber":10,"author":{"gitId":"weibinlim"},"content":"","lastModifiedDate":"2024-08-22","isFullCredit":false},{"lineNumber":11,"author":{"gitId":"weibinlim"},"content":"    public static Task of(String task) throws BigdogException {","lastModifiedDate":"2024-08-26","isFullCredit":false},{"lineNumber":12,"author":{"gitId":"weibinlim"},"content":"        if (task.startsWith(\"todo\")) {","lastModifiedDate":"2024-08-23","isFullCredit":false},{"lineNumber":13,"author":{"gitId":"weibinlim"},"content":"            return Todo.of(task);","lastModifiedDate":"2024-08-26","isFullCredit":false},{"lineNumber":14,"author":{"gitId":"weibinlim"},"content":"        } else if (task.startsWith(\"deadline\")) {","lastModifiedDate":"2024-08-23","isFullCredit":false},{"lineNumber":15,"author":{"gitId":"weibinlim"},"content":"            return Deadline.of(task);","lastModifiedDate":"2024-08-26","isFullCredit":false},{"lineNumber":16,"author":{"gitId":"weibinlim"},"content":"        } else if (task.startsWith(\"event\")) {","lastModifiedDate":"2024-08-23","isFullCredit":false},{"lineNumber":17,"author":{"gitId":"weibinlim"},"content":"            return Event.of(task);","lastModifiedDate":"2024-08-26","isFullCredit":false},{"lineNumber":18,"author":{"gitId":"weibinlim"},"content":"        } else {","lastModifiedDate":"2024-08-23","isFullCredit":false},{"lineNumber":19,"author":{"gitId":"weibinlim"},"content":"            throw new BigdogException(\"Sorry the only keywords I recognise are \\n1.todo\\n2.deadline\\n3.event\" +","lastModifiedDate":"2024-08-30","isFullCredit":false},{"lineNumber":20,"author":{"gitId":"weibinlim"},"content":"                    \"\\n4.mark\\n5.unmark\\n6.delete\\n7.list\\n8.bye \");","lastModifiedDate":"2024-08-30","isFullCredit":false},{"lineNumber":21,"author":{"gitId":"weibinlim"},"content":"        }","lastModifiedDate":"2024-08-23","isFullCredit":false},{"lineNumber":22,"author":{"gitId":"weibinlim"},"content":"    }","lastModifiedDate":"2024-08-23","isFullCredit":false},{"lineNumber":23,"author":{"gitId":"weibinlim"},"content":"","lastModifiedDate":"2024-08-29","isFullCredit":false},{"lineNumber":24,"author":{"gitId":"weibinlim"},"content":"","lastModifiedDate":"2024-08-29","isFullCredit":false},{"lineNumber":25,"author":{"gitId":"weibinlim"},"content":"    public static Task of(String task, boolean marked) throws BigdogException {","lastModifiedDate":"2024-08-29","isFullCredit":false},{"lineNumber":26,"author":{"gitId":"weibinlim"},"content":"        if (task.startsWith(\"T\")) {","lastModifiedDate":"2024-08-29","isFullCredit":false},{"lineNumber":27,"author":{"gitId":"weibinlim"},"content":"            return Todo.of(task, marked);","lastModifiedDate":"2024-08-29","isFullCredit":false},{"lineNumber":28,"author":{"gitId":"weibinlim"},"content":"        } else if (task.startsWith(\"D\")) {","lastModifiedDate":"2024-08-29","isFullCredit":false},{"lineNumber":29,"author":{"gitId":"weibinlim"},"content":"            return Deadline.of(task, marked);","lastModifiedDate":"2024-08-29","isFullCredit":false},{"lineNumber":30,"author":{"gitId":"weibinlim"},"content":"        } else if (task.startsWith(\"E\")) {","lastModifiedDate":"2024-08-29","isFullCredit":false},{"lineNumber":31,"author":{"gitId":"weibinlim"},"content":"            return Event.of(task, marked);","lastModifiedDate":"2024-08-29","isFullCredit":false},{"lineNumber":32,"author":{"gitId":"weibinlim"},"content":"        } else {","lastModifiedDate":"2024-08-29","isFullCredit":false},{"lineNumber":33,"author":{"gitId":"weibinlim"},"content":"            throw new BigdogException(\"Sorry the only keywords I recognise are \\n1.todo\\n2.deadline\\n3.event\" +","lastModifiedDate":"2024-08-30","isFullCredit":false},{"lineNumber":34,"author":{"gitId":"weibinlim"},"content":"                    \"\\n4.mark\\n5.unmark\\n6.delete\\n7.list\\n8.bye \");","lastModifiedDate":"2024-08-30","isFullCredit":false},{"lineNumber":35,"author":{"gitId":"weibinlim"},"content":"        }","lastModifiedDate":"2024-08-29","isFullCredit":false},{"lineNumber":36,"author":{"gitId":"weibinlim"},"content":"    }","lastModifiedDate":"2024-08-29","isFullCredit":false},{"lineNumber":37,"author":{"gitId":"weibinlim"},"content":"","lastModifiedDate":"2024-08-29","isFullCredit":false},{"lineNumber":38,"author":{"gitId":"weibinlim"},"content":"    public String getDescription() {","lastModifiedDate":"2024-08-29","isFullCredit":false},{"lineNumber":39,"author":{"gitId":"weibinlim"},"content":"        return this.taskRep;","lastModifiedDate":"2024-08-29","isFullCredit":false},{"lineNumber":40,"author":{"gitId":"weibinlim"},"content":"    }","lastModifiedDate":"2024-08-29","isFullCredit":false},{"lineNumber":41,"author":{"gitId":"weibinlim"},"content":"","lastModifiedDate":"2024-08-29","isFullCredit":false},{"lineNumber":42,"author":{"gitId":"weibinlim"},"content":"    public boolean isMarked() {","lastModifiedDate":"2024-08-29","isFullCredit":false},{"lineNumber":43,"author":{"gitId":"weibinlim"},"content":"        return this.marked;","lastModifiedDate":"2024-08-29","isFullCredit":false},{"lineNumber":44,"author":{"gitId":"weibinlim"},"content":"    }","lastModifiedDate":"2024-08-29","isFullCredit":false},{"lineNumber":45,"author":{"gitId":"weibinlim"},"content":"","lastModifiedDate":"2024-08-29","isFullCredit":false},{"lineNumber":46,"author":{"gitId":"weibinlim"},"content":"    public void mark() {","lastModifiedDate":"2024-08-22","isFullCredit":false},{"lineNumber":47,"author":{"gitId":"weibinlim"},"content":"        this.marked \u003d true;","lastModifiedDate":"2024-08-22","isFullCredit":false},{"lineNumber":48,"author":{"gitId":"weibinlim"},"content":"    }","lastModifiedDate":"2024-08-22","isFullCredit":false},{"lineNumber":49,"author":{"gitId":"weibinlim"},"content":"","lastModifiedDate":"2024-08-22","isFullCredit":false},{"lineNumber":50,"author":{"gitId":"weibinlim"},"content":"    public void unmark() {","lastModifiedDate":"2024-08-22","isFullCredit":false},{"lineNumber":51,"author":{"gitId":"weibinlim"},"content":"        this.marked \u003d false;","lastModifiedDate":"2024-08-22","isFullCredit":false},{"lineNumber":52,"author":{"gitId":"weibinlim"},"content":"    }","lastModifiedDate":"2024-08-22","isFullCredit":false},{"lineNumber":53,"author":{"gitId":"weibinlim"},"content":"","lastModifiedDate":"2024-08-22","isFullCredit":false},{"lineNumber":54,"author":{"gitId":"weibinlim"},"content":"    @Override","lastModifiedDate":"2024-08-22","isFullCredit":false},{"lineNumber":55,"author":{"gitId":"weibinlim"},"content":"    public String toString() {","lastModifiedDate":"2024-08-22","isFullCredit":false},{"lineNumber":56,"author":{"gitId":"weibinlim"},"content":"        if (marked) {","lastModifiedDate":"2024-08-22","isFullCredit":false},{"lineNumber":57,"author":{"gitId":"weibinlim"},"content":"            return \"[X] \" + taskRep;","lastModifiedDate":"2024-08-22","isFullCredit":false},{"lineNumber":58,"author":{"gitId":"weibinlim"},"content":"        } else {","lastModifiedDate":"2024-08-22","isFullCredit":false},{"lineNumber":59,"author":{"gitId":"weibinlim"},"content":"            return \"[ ] \" + taskRep;","lastModifiedDate":"2024-08-22","isFullCredit":false},{"lineNumber":60,"author":{"gitId":"weibinlim"},"content":"        }","lastModifiedDate":"2024-08-22","isFullCredit":false},{"lineNumber":61,"author":{"gitId":"weibinlim"},"content":"    }","lastModifiedDate":"2024-08-22","isFullCredit":false},{"lineNumber":62,"author":{"gitId":"weibinlim"},"content":"","lastModifiedDate":"2024-08-22","isFullCredit":false},{"lineNumber":63,"author":{"gitId":"weibinlim"},"content":"","lastModifiedDate":"2024-08-23","isFullCredit":false},{"lineNumber":64,"author":{"gitId":"weibinlim"},"content":"}","lastModifiedDate":"2024-08-22","isFullCredit":false}],"authorContributionMap":{"weibinlim":64}},{"path":"src/main/java/TaskList.java","fileType":"java","lines":[{"lineNumber":1,"author":{"gitId":"weibinlim"},"content":"import java.util.ArrayList;","lastModifiedDate":"2024-09-02","isFullCredit":false},{"lineNumber":2,"author":{"gitId":"weibinlim"},"content":"","lastModifiedDate":"2024-09-02","isFullCredit":false},{"lineNumber":3,"author":{"gitId":"weibinlim"},"content":"public class TaskList {","lastModifiedDate":"2024-09-02","isFullCredit":false},{"lineNumber":4,"author":{"gitId":"weibinlim"},"content":"","lastModifiedDate":"2024-09-02","isFullCredit":false},{"lineNumber":5,"author":{"gitId":"weibinlim"},"content":"    protected ArrayList\u003cTask\u003e list;","lastModifiedDate":"2024-09-02","isFullCredit":false},{"lineNumber":6,"author":{"gitId":"weibinlim"},"content":"","lastModifiedDate":"2024-09-02","isFullCredit":false},{"lineNumber":7,"author":{"gitId":"weibinlim"},"content":"    ","lastModifiedDate":"2024-09-02","isFullCredit":false},{"lineNumber":8,"author":{"gitId":"weibinlim"},"content":"    public TaskList(ArrayList\u003cTask\u003e list) {","lastModifiedDate":"2024-09-02","isFullCredit":false},{"lineNumber":9,"author":{"gitId":"weibinlim"},"content":"        this.list \u003d list;","lastModifiedDate":"2024-09-02","isFullCredit":false},{"lineNumber":10,"author":{"gitId":"weibinlim"},"content":"    }","lastModifiedDate":"2024-09-02","isFullCredit":false},{"lineNumber":11,"author":{"gitId":"weibinlim"},"content":"","lastModifiedDate":"2024-09-02","isFullCredit":false},{"lineNumber":12,"author":{"gitId":"weibinlim"},"content":"    public String add(Task task) {","lastModifiedDate":"2024-09-02","isFullCredit":false},{"lineNumber":13,"author":{"gitId":"weibinlim"},"content":"        this.list.add(task);","lastModifiedDate":"2024-09-02","isFullCredit":false},{"lineNumber":14,"author":{"gitId":"weibinlim"},"content":"        return String.format(\"Got it. I\u0027ve added this task:\\n%s\\nNow you have %s tasks in the list.\\n\",","lastModifiedDate":"2024-09-02","isFullCredit":false},{"lineNumber":15,"author":{"gitId":"weibinlim"},"content":"                task.toString(), this.list.size());","lastModifiedDate":"2024-09-02","isFullCredit":false},{"lineNumber":16,"author":{"gitId":"weibinlim"},"content":"    }","lastModifiedDate":"2024-09-02","isFullCredit":false},{"lineNumber":17,"author":{"gitId":"weibinlim"},"content":"","lastModifiedDate":"2024-09-02","isFullCredit":false},{"lineNumber":18,"author":{"gitId":"weibinlim"},"content":"    public String delete(int i) {","lastModifiedDate":"2024-09-02","isFullCredit":false},{"lineNumber":19,"author":{"gitId":"weibinlim"},"content":"        if (i \u003c\u003d 0 || i \u003e this.list.size()) {","lastModifiedDate":"2024-09-02","isFullCredit":false},{"lineNumber":20,"author":{"gitId":"weibinlim"},"content":"            throw new BigdogException(\"TaskList Error: That\u0027s out of your list!\");","lastModifiedDate":"2024-09-02","isFullCredit":false},{"lineNumber":21,"author":{"gitId":"weibinlim"},"content":"        }","lastModifiedDate":"2024-09-02","isFullCredit":false},{"lineNumber":22,"author":{"gitId":"weibinlim"},"content":"        Task temp \u003d this.list.get(i - 1);","lastModifiedDate":"2024-09-02","isFullCredit":false},{"lineNumber":23,"author":{"gitId":"weibinlim"},"content":"        this.list.remove(i - 1);","lastModifiedDate":"2024-09-02","isFullCredit":false},{"lineNumber":24,"author":{"gitId":"weibinlim"},"content":"        return String.format(\"Noted. I\u0027ve removed this task:\\n%s\\nNow you have %s tasks in the list.\\n\",","lastModifiedDate":"2024-09-02","isFullCredit":false},{"lineNumber":25,"author":{"gitId":"weibinlim"},"content":"                temp, this.list.size());","lastModifiedDate":"2024-09-02","isFullCredit":false},{"lineNumber":26,"author":{"gitId":"weibinlim"},"content":"    }","lastModifiedDate":"2024-09-02","isFullCredit":false},{"lineNumber":27,"author":{"gitId":"weibinlim"},"content":"","lastModifiedDate":"2024-09-02","isFullCredit":false},{"lineNumber":28,"author":{"gitId":"weibinlim"},"content":"    public ArrayList\u003cTask\u003e get() {","lastModifiedDate":"2024-09-02","isFullCredit":false},{"lineNumber":29,"author":{"gitId":"weibinlim"},"content":"        return this.list;","lastModifiedDate":"2024-09-02","isFullCredit":false},{"lineNumber":30,"author":{"gitId":"weibinlim"},"content":"    }","lastModifiedDate":"2024-09-02","isFullCredit":false},{"lineNumber":31,"author":{"gitId":"weibinlim"},"content":"","lastModifiedDate":"2024-09-02","isFullCredit":false},{"lineNumber":32,"author":{"gitId":"weibinlim"},"content":"    public String mark(int i) {","lastModifiedDate":"2024-09-02","isFullCredit":false},{"lineNumber":33,"author":{"gitId":"weibinlim"},"content":"        if (i \u003c\u003d 0 || i \u003e this.list.size()) {","lastModifiedDate":"2024-09-02","isFullCredit":false},{"lineNumber":34,"author":{"gitId":"weibinlim"},"content":"            throw new BigdogException(\"TaskList Error:That\u0027s out of your list!\");","lastModifiedDate":"2024-09-02","isFullCredit":false},{"lineNumber":35,"author":{"gitId":"weibinlim"},"content":"        }","lastModifiedDate":"2024-09-02","isFullCredit":false},{"lineNumber":36,"author":{"gitId":"weibinlim"},"content":"        this.list.get(i - 1).mark();","lastModifiedDate":"2024-09-02","isFullCredit":false},{"lineNumber":37,"author":{"gitId":"weibinlim"},"content":"        return String.format(\"Nice! I\u0027ve marked this task as done:\\n%s\", this.list.get(i - 1));","lastModifiedDate":"2024-09-02","isFullCredit":false},{"lineNumber":38,"author":{"gitId":"weibinlim"},"content":"    }","lastModifiedDate":"2024-09-02","isFullCredit":false},{"lineNumber":39,"author":{"gitId":"weibinlim"},"content":"","lastModifiedDate":"2024-09-02","isFullCredit":false},{"lineNumber":40,"author":{"gitId":"weibinlim"},"content":"    public String unmark(int i) {","lastModifiedDate":"2024-09-02","isFullCredit":false},{"lineNumber":41,"author":{"gitId":"weibinlim"},"content":"        if (i \u003c\u003d 0 || i \u003e this.list.size()) {","lastModifiedDate":"2024-09-02","isFullCredit":false},{"lineNumber":42,"author":{"gitId":"weibinlim"},"content":"            throw new BigdogException(\"TaskList Error:That\u0027s out of your list!\");","lastModifiedDate":"2024-09-02","isFullCredit":false},{"lineNumber":43,"author":{"gitId":"weibinlim"},"content":"        }","lastModifiedDate":"2024-09-02","isFullCredit":false},{"lineNumber":44,"author":{"gitId":"weibinlim"},"content":"        this.list.get(i - 1).unmark();","lastModifiedDate":"2024-09-02","isFullCredit":false},{"lineNumber":45,"author":{"gitId":"weibinlim"},"content":"        return String.format(\"OK, I\u0027ve marked this task as not done yet:\\n%s\", this.list.get(i - 1));","lastModifiedDate":"2024-09-02","isFullCredit":false},{"lineNumber":46,"author":{"gitId":"weibinlim"},"content":"    }","lastModifiedDate":"2024-09-02","isFullCredit":false},{"lineNumber":47,"author":{"gitId":"weibinlim"},"content":"","lastModifiedDate":"2024-09-02","isFullCredit":false},{"lineNumber":48,"author":{"gitId":"weibinlim"},"content":"    @Override","lastModifiedDate":"2024-09-02","isFullCredit":false},{"lineNumber":49,"author":{"gitId":"weibinlim"},"content":"    public String toString() {","lastModifiedDate":"2024-09-02","isFullCredit":false},{"lineNumber":50,"author":{"gitId":"weibinlim"},"content":"        String listString \u003d \"Here are the tasks in your list:\\n\";","lastModifiedDate":"2024-09-02","isFullCredit":false},{"lineNumber":51,"author":{"gitId":"weibinlim"},"content":"","lastModifiedDate":"2024-09-02","isFullCredit":false},{"lineNumber":52,"author":{"gitId":"weibinlim"},"content":"        for (int i \u003d 0; i \u003c this.list.size(); i++) {","lastModifiedDate":"2024-09-02","isFullCredit":false},{"lineNumber":53,"author":{"gitId":"weibinlim"},"content":"            listString +\u003d (i + 1) + \".\" + this.list.get(i) + \"\\n\";","lastModifiedDate":"2024-09-02","isFullCredit":false},{"lineNumber":54,"author":{"gitId":"weibinlim"},"content":"        }","lastModifiedDate":"2024-09-02","isFullCredit":false},{"lineNumber":55,"author":{"gitId":"weibinlim"},"content":"","lastModifiedDate":"2024-09-02","isFullCredit":false},{"lineNumber":56,"author":{"gitId":"weibinlim"},"content":"        return listString;","lastModifiedDate":"2024-09-02","isFullCredit":false},{"lineNumber":57,"author":{"gitId":"weibinlim"},"content":"    }","lastModifiedDate":"2024-09-02","isFullCredit":false},{"lineNumber":58,"author":{"gitId":"weibinlim"},"content":"","lastModifiedDate":"2024-09-02","isFullCredit":false},{"lineNumber":59,"author":{"gitId":"weibinlim"},"content":"    public void show() {","lastModifiedDate":"2024-09-02","isFullCredit":false},{"lineNumber":60,"author":{"gitId":"weibinlim"},"content":"        System.out.println(this);","lastModifiedDate":"2024-09-02","isFullCredit":false},{"lineNumber":61,"author":{"gitId":"weibinlim"},"content":"    }","lastModifiedDate":"2024-09-02","isFullCredit":false},{"lineNumber":62,"author":{"gitId":"weibinlim"},"content":"}","lastModifiedDate":"2024-09-02","isFullCredit":false}],"authorContributionMap":{"weibinlim":62}},{"path":"src/main/java/Todo.java","fileType":"java","lines":[{"lineNumber":1,"author":{"gitId":"weibinlim"},"content":"public class Todo extends Task{","lastModifiedDate":"2024-08-23","isFullCredit":false},{"lineNumber":2,"author":{"gitId":"weibinlim"},"content":"","lastModifiedDate":"2024-08-23","isFullCredit":false},{"lineNumber":3,"author":{"gitId":"weibinlim"},"content":"    private Todo(String str, boolean marked) {","lastModifiedDate":"2024-08-29","isFullCredit":false},{"lineNumber":4,"author":{"gitId":"weibinlim"},"content":"        super(str, marked);","lastModifiedDate":"2024-08-29","isFullCredit":false},{"lineNumber":5,"author":{"gitId":"weibinlim"},"content":"    }","lastModifiedDate":"2024-08-23","isFullCredit":false},{"lineNumber":6,"author":{"gitId":"weibinlim"},"content":"","lastModifiedDate":"2024-08-23","isFullCredit":false},{"lineNumber":7,"author":{"gitId":"weibinlim"},"content":"    public static Todo of(String s) throws BigdogException {","lastModifiedDate":"2024-08-26","isFullCredit":false},{"lineNumber":8,"author":{"gitId":"weibinlim"},"content":"        if (s.isEmpty()) {","lastModifiedDate":"2024-09-02","isFullCredit":false},{"lineNumber":9,"author":{"gitId":"weibinlim"},"content":"            throw new BigdogException(\"todo can\u0027t be empty! How can you do nothing!\");","lastModifiedDate":"2024-08-26","isFullCredit":false},{"lineNumber":10,"author":{"gitId":"weibinlim"},"content":"        }","lastModifiedDate":"2024-08-26","isFullCredit":false},{"lineNumber":11,"author":{"gitId":"weibinlim"},"content":"        return new Todo(s, false);","lastModifiedDate":"2024-09-02","isFullCredit":false},{"lineNumber":12,"author":{"gitId":"weibinlim"},"content":"    }","lastModifiedDate":"2024-08-29","isFullCredit":false},{"lineNumber":13,"author":{"gitId":"weibinlim"},"content":"","lastModifiedDate":"2024-08-29","isFullCredit":false},{"lineNumber":14,"author":{"gitId":"weibinlim"},"content":"    public static Todo of(String s, boolean marked) throws BigdogException {","lastModifiedDate":"2024-08-29","isFullCredit":false},{"lineNumber":15,"author":{"gitId":"weibinlim"},"content":"        if (s.length() \u003c\u003d 4) {","lastModifiedDate":"2024-08-29","isFullCredit":false},{"lineNumber":16,"author":{"gitId":"weibinlim"},"content":"            throw new BigdogException(\"todo can\u0027t be empty! How can you do nothing!\");","lastModifiedDate":"2024-08-29","isFullCredit":false},{"lineNumber":17,"author":{"gitId":"weibinlim"},"content":"        }","lastModifiedDate":"2024-08-29","isFullCredit":false},{"lineNumber":18,"author":{"gitId":"weibinlim"},"content":"        return new Todo(s.substring(4), marked);","lastModifiedDate":"2024-08-29","isFullCredit":false},{"lineNumber":19,"author":{"gitId":"weibinlim"},"content":"    }","lastModifiedDate":"2024-08-29","isFullCredit":false},{"lineNumber":20,"author":{"gitId":"weibinlim"},"content":"","lastModifiedDate":"2024-08-29","isFullCredit":false},{"lineNumber":21,"author":{"gitId":"weibinlim"},"content":"    @Override","lastModifiedDate":"2024-08-29","isFullCredit":false},{"lineNumber":22,"author":{"gitId":"weibinlim"},"content":"    public String getDescription() {","lastModifiedDate":"2024-08-29","isFullCredit":false},{"lineNumber":23,"author":{"gitId":"weibinlim"},"content":"        return super.getDescription();","lastModifiedDate":"2024-08-29","isFullCredit":false},{"lineNumber":24,"author":{"gitId":"weibinlim"},"content":"    }","lastModifiedDate":"2024-08-26","isFullCredit":false},{"lineNumber":25,"author":{"gitId":"weibinlim"},"content":"","lastModifiedDate":"2024-08-23","isFullCredit":false},{"lineNumber":26,"author":{"gitId":"weibinlim"},"content":"    @Override","lastModifiedDate":"2024-08-23","isFullCredit":false},{"lineNumber":27,"author":{"gitId":"weibinlim"},"content":"    public String toString() {","lastModifiedDate":"2024-08-23","isFullCredit":false},{"lineNumber":28,"author":{"gitId":"weibinlim"},"content":"        return \"[T]\" + super.toString();","lastModifiedDate":"2024-08-23","isFullCredit":false},{"lineNumber":29,"author":{"gitId":"weibinlim"},"content":"    }","lastModifiedDate":"2024-08-23","isFullCredit":false},{"lineNumber":30,"author":{"gitId":"weibinlim"},"content":"","lastModifiedDate":"2024-08-23","isFullCredit":false},{"lineNumber":31,"author":{"gitId":"weibinlim"},"content":"}","lastModifiedDate":"2024-08-23","isFullCredit":false},{"lineNumber":32,"author":{"gitId":"weibinlim"},"content":"","lastModifiedDate":"2024-08-29","isFullCredit":false}],"authorContributionMap":{"weibinlim":32}},{"path":"src/main/java/Ui.java","fileType":"java","lines":[{"lineNumber":1,"author":{"gitId":"weibinlim"},"content":"import java.util.Scanner;","lastModifiedDate":"2024-09-02","isFullCredit":false},{"lineNumber":2,"author":{"gitId":"weibinlim"},"content":"","lastModifiedDate":"2024-09-02","isFullCredit":false},{"lineNumber":3,"author":{"gitId":"weibinlim"},"content":"public class Ui {","lastModifiedDate":"2024-09-02","isFullCredit":false},{"lineNumber":4,"author":{"gitId":"weibinlim"},"content":"","lastModifiedDate":"2024-09-02","isFullCredit":false},{"lineNumber":5,"author":{"gitId":"weibinlim"},"content":"    protected Scanner scanner;","lastModifiedDate":"2024-09-02","isFullCredit":false},{"lineNumber":6,"author":{"gitId":"weibinlim"},"content":"    public Ui() {","lastModifiedDate":"2024-09-02","isFullCredit":false},{"lineNumber":7,"author":{"gitId":"weibinlim"},"content":"        this.scanner \u003d new Scanner(System.in);","lastModifiedDate":"2024-09-02","isFullCredit":false},{"lineNumber":8,"author":{"gitId":"weibinlim"},"content":"    }","lastModifiedDate":"2024-09-02","isFullCredit":false},{"lineNumber":9,"author":{"gitId":"weibinlim"},"content":"","lastModifiedDate":"2024-09-02","isFullCredit":false},{"lineNumber":10,"author":{"gitId":"weibinlim"},"content":"    public void greet() {","lastModifiedDate":"2024-09-02","isFullCredit":false},{"lineNumber":11,"author":{"gitId":"weibinlim"},"content":"        System.out.println(\"Hello! I\u0027m Bigdog!\");","lastModifiedDate":"2024-09-02","isFullCredit":false},{"lineNumber":12,"author":{"gitId":"weibinlim"},"content":"        System.out.println(\"What can I do for you?\\n\");","lastModifiedDate":"2024-09-02","isFullCredit":false},{"lineNumber":13,"author":{"gitId":"weibinlim"},"content":"    }","lastModifiedDate":"2024-09-02","isFullCredit":false},{"lineNumber":14,"author":{"gitId":"weibinlim"},"content":"","lastModifiedDate":"2024-09-02","isFullCredit":false},{"lineNumber":15,"author":{"gitId":"weibinlim"},"content":"    public void bye() {","lastModifiedDate":"2024-09-02","isFullCredit":false},{"lineNumber":16,"author":{"gitId":"weibinlim"},"content":"        this.scanner.close();","lastModifiedDate":"2024-09-02","isFullCredit":false},{"lineNumber":17,"author":{"gitId":"weibinlim"},"content":"        System.out.println(\"Bye. Hope to see you again soon!\");","lastModifiedDate":"2024-09-02","isFullCredit":false},{"lineNumber":18,"author":{"gitId":"weibinlim"},"content":"    }","lastModifiedDate":"2024-09-02","isFullCredit":false},{"lineNumber":19,"author":{"gitId":"weibinlim"},"content":"","lastModifiedDate":"2024-09-02","isFullCredit":false},{"lineNumber":20,"author":{"gitId":"weibinlim"},"content":"    public void print(String s) {","lastModifiedDate":"2024-09-02","isFullCredit":false},{"lineNumber":21,"author":{"gitId":"weibinlim"},"content":"        System.out.println(s);","lastModifiedDate":"2024-09-02","isFullCredit":false},{"lineNumber":22,"author":{"gitId":"weibinlim"},"content":"    }","lastModifiedDate":"2024-09-02","isFullCredit":false},{"lineNumber":23,"author":{"gitId":"weibinlim"},"content":"","lastModifiedDate":"2024-09-02","isFullCredit":false},{"lineNumber":24,"author":{"gitId":"weibinlim"},"content":"    public String readInput() {","lastModifiedDate":"2024-09-02","isFullCredit":false},{"lineNumber":25,"author":{"gitId":"weibinlim"},"content":"        return this.scanner.nextLine();","lastModifiedDate":"2024-09-02","isFullCredit":false},{"lineNumber":26,"author":{"gitId":"weibinlim"},"content":"    }","lastModifiedDate":"2024-09-02","isFullCredit":false},{"lineNumber":27,"author":{"gitId":"weibinlim"},"content":"","lastModifiedDate":"2024-09-02","isFullCredit":false},{"lineNumber":28,"author":{"gitId":"weibinlim"},"content":"}","lastModifiedDate":"2024-09-02","isFullCredit":false}],"authorContributionMap":{"weibinlim":28}},{"path":"text-ui-test/input.txt","fileType":"txt","lines":[{"lineNumber":1,"author":{"gitId":"weibinlim"},"content":"todo borrow book","lastModifiedDate":"2024-08-26","isFullCredit":false},{"lineNumber":2,"author":{"gitId":"weibinlim"},"content":"deadline return book /by Sunday","lastModifiedDate":"2024-08-26","isFullCredit":false},{"lineNumber":3,"author":{"gitId":"weibinlim"},"content":"event project meeting /from Mon 2pm /to 4pm","lastModifiedDate":"2024-08-26","isFullCredit":false},{"lineNumber":4,"author":{"gitId":"weibinlim"},"content":"list","lastModifiedDate":"2024-08-26","isFullCredit":false},{"lineNumber":5,"author":{"gitId":"weibinlim"},"content":"deadline do homework /by no idea :-p","lastModifiedDate":"2024-08-26","isFullCredit":false},{"lineNumber":6,"author":{"gitId":"weibinlim"},"content":"mark 3","lastModifiedDate":"2024-08-26","isFullCredit":false},{"lineNumber":7,"author":{"gitId":"weibinlim"},"content":"mark 4","lastModifiedDate":"2024-08-26","isFullCredit":false},{"lineNumber":8,"author":{"gitId":"weibinlim"},"content":"mark 1","lastModifiedDate":"2024-08-26","isFullCredit":false},{"lineNumber":9,"author":{"gitId":"weibinlim"},"content":"unmark 3","lastModifiedDate":"2024-08-26","isFullCredit":false},{"lineNumber":10,"author":{"gitId":"weibinlim"},"content":"list","lastModifiedDate":"2024-08-26","isFullCredit":false},{"lineNumber":11,"author":{"gitId":"weibinlim"},"content":"","lastModifiedDate":"2024-08-26","isFullCredit":false},{"lineNumber":12,"author":{"gitId":"weibinlim"},"content":"mark 0","lastModifiedDate":"2024-08-26","isFullCredit":false},{"lineNumber":13,"author":{"gitId":"weibinlim"},"content":"mark 101","lastModifiedDate":"2024-08-26","isFullCredit":false},{"lineNumber":14,"author":{"gitId":"weibinlim"},"content":"mark 50","lastModifiedDate":"2024-08-26","isFullCredit":false},{"lineNumber":15,"author":{"gitId":"weibinlim"},"content":"todo","lastModifiedDate":"2024-08-26","isFullCredit":false},{"lineNumber":16,"author":{"gitId":"weibinlim"},"content":"event Meeting with Johnny","lastModifiedDate":"2024-08-26","isFullCredit":false},{"lineNumber":17,"author":{"gitId":"weibinlim"},"content":"deadline Finish Quiz 20","lastModifiedDate":"2024-08-26","isFullCredit":false}],"authorContributionMap":{"weibinlim":17}},{"path":"text-ui-test/runtest.sh","fileType":"sh","lines":[{"lineNumber":1,"author":{"gitId":"-"},"content":"#!/usr/bin/env bash","lastModifiedDate":"2020-05-25","isFullCredit":false},{"lineNumber":2,"author":{"gitId":"-"},"content":"","lastModifiedDate":"2020-05-25","isFullCredit":false},{"lineNumber":3,"author":{"gitId":"-"},"content":"# create bin directory if it doesn\u0027t exist","lastModifiedDate":"2020-05-25","isFullCredit":false},{"lineNumber":4,"author":{"gitId":"-"},"content":"if [ ! -d \"../bin\" ]","lastModifiedDate":"2020-05-25","isFullCredit":false},{"lineNumber":5,"author":{"gitId":"-"},"content":"then","lastModifiedDate":"2020-05-25","isFullCredit":false},{"lineNumber":6,"author":{"gitId":"-"},"content":"    mkdir ../bin","lastModifiedDate":"2020-05-25","isFullCredit":false},{"lineNumber":7,"author":{"gitId":"-"},"content":"fi","lastModifiedDate":"2020-05-25","isFullCredit":false},{"lineNumber":8,"author":{"gitId":"-"},"content":"","lastModifiedDate":"2020-05-25","isFullCredit":false},{"lineNumber":9,"author":{"gitId":"-"},"content":"# delete output from previous run","lastModifiedDate":"2020-05-25","isFullCredit":false},{"lineNumber":10,"author":{"gitId":"-"},"content":"if [ -e \"./ACTUAL.TXT\" ]","lastModifiedDate":"2020-05-25","isFullCredit":false},{"lineNumber":11,"author":{"gitId":"-"},"content":"then","lastModifiedDate":"2020-05-25","isFullCredit":false},{"lineNumber":12,"author":{"gitId":"-"},"content":"    rm ACTUAL.TXT","lastModifiedDate":"2020-05-25","isFullCredit":false},{"lineNumber":13,"author":{"gitId":"-"},"content":"fi","lastModifiedDate":"2020-05-25","isFullCredit":false},{"lineNumber":14,"author":{"gitId":"-"},"content":"","lastModifiedDate":"2020-05-25","isFullCredit":false},{"lineNumber":15,"author":{"gitId":"-"},"content":"# compile the code into the bin folder, terminates if error occurred","lastModifiedDate":"2020-05-25","isFullCredit":false},{"lineNumber":16,"author":{"gitId":"-"},"content":"if ! javac -cp ../src/main/java -Xlint:none -d ../bin ../src/main/java/*.java","lastModifiedDate":"2020-08-25","isFullCredit":false},{"lineNumber":17,"author":{"gitId":"-"},"content":"then","lastModifiedDate":"2020-05-25","isFullCredit":false},{"lineNumber":18,"author":{"gitId":"-"},"content":"    echo \"********** BUILD FAILURE **********\"","lastModifiedDate":"2020-05-25","isFullCredit":false},{"lineNumber":19,"author":{"gitId":"-"},"content":"    exit 1","lastModifiedDate":"2020-05-25","isFullCredit":false},{"lineNumber":20,"author":{"gitId":"-"},"content":"fi","lastModifiedDate":"2020-05-25","isFullCredit":false},{"lineNumber":21,"author":{"gitId":"-"},"content":"","lastModifiedDate":"2020-05-25","isFullCredit":false},{"lineNumber":22,"author":{"gitId":"-"},"content":"# run the program, feed commands from input.txt file and redirect the output to the ACTUAL.TXT","lastModifiedDate":"2020-05-25","isFullCredit":false},{"lineNumber":23,"author":{"gitId":"weibinlim"},"content":"java -classpath ../bin Bigdog \u003c input.txt \u003e ACTUAL.TXT","lastModifiedDate":"2024-08-26","isFullCredit":false},{"lineNumber":24,"author":{"gitId":"-"},"content":"","lastModifiedDate":"2020-05-25","isFullCredit":false},{"lineNumber":25,"author":{"gitId":"-"},"content":"# convert to UNIX format","lastModifiedDate":"2020-05-25","isFullCredit":false},{"lineNumber":26,"author":{"gitId":"-"},"content":"cp EXPECTED.TXT EXPECTED-UNIX.TXT","lastModifiedDate":"2020-05-25","isFullCredit":false},{"lineNumber":27,"author":{"gitId":"-"},"content":"dos2unix ACTUAL.TXT EXPECTED-UNIX.TXT","lastModifiedDate":"2020-05-25","isFullCredit":false},{"lineNumber":28,"author":{"gitId":"-"},"content":"","lastModifiedDate":"2020-05-25","isFullCredit":false},{"lineNumber":29,"author":{"gitId":"-"},"content":"# compare the output to the expected output","lastModifiedDate":"2020-05-25","isFullCredit":false},{"lineNumber":30,"author":{"gitId":"-"},"content":"diff ACTUAL.TXT EXPECTED-UNIX.TXT","lastModifiedDate":"2020-05-25","isFullCredit":false},{"lineNumber":31,"author":{"gitId":"-"},"content":"if [ $? -eq 0 ]","lastModifiedDate":"2020-05-25","isFullCredit":false},{"lineNumber":32,"author":{"gitId":"-"},"content":"then","lastModifiedDate":"2020-05-25","isFullCredit":false},{"lineNumber":33,"author":{"gitId":"-"},"content":"    echo \"Test result: PASSED\"","lastModifiedDate":"2020-05-25","isFullCredit":false},{"lineNumber":34,"author":{"gitId":"-"},"content":"    exit 0","lastModifiedDate":"2020-05-25","isFullCredit":false},{"lineNumber":35,"author":{"gitId":"-"},"content":"else","lastModifiedDate":"2020-05-25","isFullCredit":false},{"lineNumber":36,"author":{"gitId":"-"},"content":"    echo \"Test result: FAILED\"","lastModifiedDate":"2020-05-25","isFullCredit":false},{"lineNumber":37,"author":{"gitId":"-"},"content":"    exit 1","lastModifiedDate":"2020-05-25","isFullCredit":false},{"lineNumber":38,"author":{"gitId":"-"},"content":"fi","lastModifiedDate":"2020-05-25","isFullCredit":false}],"authorContributionMap":{"-":37,"weibinlim":1}}]
