{"authorDailyContributionsMap":{"weibinlim":[{"date":"2024-08-22","commitResults":[{"hash":"2a283b0b4eb0765e4c9e642305270c1a6f6c7476","isMergeCommit":false,"messageTitle":"Level 0. Rename, Greet, Exit","messageBody":"","tags":["Level-0"],"fileTypesAndContributionMap":{"java":{"insertions":11,"deletions":10}}},{"hash":"962370c29c71b8c64ce9ff92ea92c074dd855adc","isMergeCommit":false,"messageTitle":"Level 1: Echo","messageBody":"","tags":["Level-1"],"fileTypesAndContributionMap":{"java":{"insertions":25,"deletions":7}}},{"hash":"fa9eb4bbca489a71f261b8769aece572afee3f5e","isMergeCommit":false,"messageTitle":"Level 2: Add, List","messageBody":"","tags":["Level-2"],"fileTypesAndContributionMap":{"java":{"insertions":19,"deletions":2}}},{"hash":"906e1354e8905eb0b895c0bc1aeb5e354d2de0e0","isMergeCommit":false,"messageTitle":"Level 3: Mark as Done","messageBody":"","tags":["Level-3"],"fileTypesAndContributionMap":{"java":{"insertions":49,"deletions":9}}}]},{"date":"2024-08-23","commitResults":[{"hash":"edb897c6a71197e64a41bfc82529dede3d97a629","isMergeCommit":false,"messageTitle":"Level 4: Todos, Events, Deadlines","messageBody":"","tags":["Level-4"],"fileTypesAndContributionMap":{"java":{"insertions":92,"deletions":3}}}]},{"date":"2024-08-26","commitResults":[{"hash":"54cbb5a2919ecd3f9aaeeac9f8afb39d4069ff68","isMergeCommit":false,"messageTitle":"A-TextUiTesting: Automated Text UI Testing","messageBody":"","tags":["A-TextUiTesting"],"fileTypesAndContributionMap":{"txt":{"insertions":10,"deletions":0},"java":{"insertions":7,"deletions":7},"sh":{"insertions":1,"deletions":1}}},{"hash":"212c49341a4e34412d9eea84077131f632f90b00","isMergeCommit":false,"messageTitle":"Level 5: Handle Errors","messageBody":"","tags":["Level-5"],"fileTypesAndContributionMap":{"txt":{"insertions":7,"deletions":0},"java":{"insertions":74,"deletions":44}}},{"hash":"c22070f84fc6edafcd008a3a4b89859f55acdb0d","isMergeCommit":false,"messageTitle":"Level 6: Delete","messageBody":"","tags":["Level-6"],"fileTypesAndContributionMap":{"txt":{"insertions":2,"deletions":0},"java":{"insertions":26,"deletions":20}}}]},{"date":"2024-08-29","commitResults":[{"hash":"558c3f6a084d6330350d7445cae6065d7f7bff1e","isMergeCommit":false,"messageTitle":"feat: Add FileSaver.java","messageBody":"Class that handles the writing and reading from the external file on the hard drive.\nFeatures:\n- IO read and format string from external file\n- IO write and format string to external file\n\nfeat: Add Bigdog.txt\n\nBigdog.txt is the file in which the list will be saved to in the hard drive.\n\nAdd variations of factory method of()\n\nIn the classes Task, Deadline, Todo, Event add new factory methods to take in a boolean to indicate if task is marked or not, on top of the task description.\n\nTask.java: Change constructor to take in additional boolean parameter\n\nTodo.java: Change constructor to take in additional boolean parameter\n\nDeadline.java: Change constructor to take in additional boolean parameter\n\nEvent.java: Change constructor to take in additional boolean parameter\n\nDeadline.java: Reformat variables end and toString() method\n\nEvent.java: Reformat variables start and end and toString() method\n\nBigdog.java: Change toDoList to private\n\nBigdog.java: Remove comment\n","fileTypesAndContributionMap":{"txt":{"insertions":3,"deletions":0},"java":{"insertions":171,"deletions":19}}},{"hash":"17a2c39e2d2a7321139b1d57f1f4f27723bf7d28","isMergeCommit":false,"messageTitle":"Revert \"Level 6: Delete\"","messageBody":"This reverts commit c22070f84fc6edafcd008a3a4b89859f55acdb0d.\n","fileTypesAndContributionMap":{"txt":{"insertions":0,"deletions":2},"java":{"insertions":20,"deletions":26}}},{"hash":"a24a41959d084f0f1743dc47a8c41f029391b196","isMergeCommit":false,"messageTitle":"feat: Add FileSaver.java","messageBody":"Class that handles the writing and reading from the external file on the hard drive.\nFeatures:\n- IO read and format string from external file\n- IO write and format string to external file\n- Error handling for IOException and FIleNotFoundException\n\nfeat: Add Bigdog.txt\n\nBigdog.txt is the file in which the list will be saved to in the hard drive.\n","fileTypesAndContributionMap":{"txt":{"insertions":3,"deletions":2},"java":{"insertions":1,"deletions":1}}},{"hash":"1f71480381881779b028df0f73efe0f2b08acf4b","isMergeCommit":false,"messageTitle":"Add variations of factory method of()","messageBody":"In the classes Task, Deadline, Todo, Event add new factory methods to take in a boolean to indicate if task is marked or not, on top of the task description.\n\nTask.java: Change constructor to take in additional boolean parameter\n\nTodo.java: Change constructor to take in additional boolean parameter\n\nDeadline.java: Change constructor to take in additional boolean parameter\n\nEvent.java: Change constructor to take in additional boolean parameter\n\nDeadline.java: Reformat variables end and toString() method\n\nEvent.java: Reformat variables start and end and toString() method\n","fileTypesAndContributionMap":{"java":{"insertions":16,"deletions":14}}},{"hash":"8758e20110748d5d2d9477093e7b1251877ede62","isMergeCommit":false,"messageTitle":"Bigdog.java: Change toDoList to private","messageBody":"Bigdog.java: Remove comment\n\nBigdog.java: Used new method in FileSaver class\n","fileTypesAndContributionMap":{"java":{"insertions":1,"deletions":2}}},{"hash":"57b4f03bcf51d5410609a454be53bc0f8ea687cf","isMergeCommit":true,"messageTitle":"input.txt: Changed test input EXPECTED.txt: Changed expected output","messageBody":"","tags":["Level-7"],"fileTypesAndContributionMap":{}}]},{"date":"2024-08-30","commitResults":[{"hash":"409b6adc47162c9fdb5afeaf79e72da940329fa9","isMergeCommit":false,"messageTitle":"Update error message","messageBody":"","fileTypesAndContributionMap":{"java":{"insertions":4,"deletions":2}}},{"hash":"247bcb387bf33da9599988a8e058225f8516dd49","isMergeCommit":false,"messageTitle":"Deadline.java: Change end variable from type String to type LocalDateTime","messageBody":"Deadline.java: Add new method to convert String input to LocalDateTime object\n\nDeadline.java: Edit toString() method to return appropriate representation\n\nDeadline.java: Update exception message\n\nDeadline.java: Edit constructor to take in LocalDateTime object instead of String\n\nEvent.java: Change start and end variables from type String to type LocalDateTime\n\nEvent.java: Add new method stringToDate(...) to convert String input to LocalDateTime object\n\nEvent.java: Edit toString() method to return appropriate representation\n\nEvent.java: Update exception message\n\nEvent.java: Edit constructor to take in LocalDateTime object instead of String\n","tags":["Level-8"],"fileTypesAndContributionMap":{"java":{"insertions":113,"deletions":23}}}]},{"date":"2024-09-02","commitResults":[{"hash":"99ca223e1c27f95ffbab1c02d1e7ac9efe331a4d","isMergeCommit":false,"messageTitle":"Add Parser.java","messageBody":"Add Storage.java\n\nAdd TaskList.java\n\nAdd Ui.java\n\nBigdog.java: Not following OOP\n\nTo separate the different components of the chatbot\n\nAdd 4 new files, TaskList.java, Ui.java, Storage.java, Parser.java\n\nTo separate the 4 components interactions with the user, loading and saving tasks from file, making sense of IO command, operations regarding task list\n\nDelete FileSaver.java\n\nSame functionality as Storage.java\n\nTodo.java: Edit index of substrings\n\nTo accommodate for the change of input format\n\nDeadline.java: Edit index of substrings\n\nTo accommodate for the change of input format\n\nEvent.java: Edit index of substrings\n\nTo accommodate for the change of input format\n\nTask.java: Change Task class to be abstract\n\nTo ensure that it cannot be initialised to follow OOP\n","fileTypesAndContributionMap":{"txt":{"insertions":3,"deletions":4},"java":{"insertions":261,"deletions":150}}},{"hash":"782d9dad25ccf475969caf4350a0568697071920","isMergeCommit":false,"messageTitle":"Bigdog.txt: Clear the storage file","messageBody":"","fileTypesAndContributionMap":{"txt":{"insertions":1,"deletions":4}}},{"hash":"56c5f092018de464cb39f0f5f60262484f940915","isMergeCommit":true,"messageTitle":"Merge branch \u0027A-MoreOOP\u0027","messageBody":"- - no-ff\n","tags":["A-MoreOOP"],"fileTypesAndContributionMap":{}}]},{"date":"2024-09-03","commitResults":[{"hash":"25d43dcd2d875c774879adbb0892cefd9f8bda0b","isMergeCommit":false,"messageTitle":"Move Biddog.java to package bigdog","messageBody":"Move BigdogException.java to package bigdog\n\nMove Deadline.java to package bigdog\n\nMove Event.java to package bigdog\n\nMove Parser.java to package bigdog\n\nMove Storage.java to package bigdog\n\nMove Task.java to package bigdog\n\nMove TaskList.java to package bigdog\n\nMove Todo.java to package bigdog\n\nMove Ui.java to package bidog\n","fileTypesAndContributionMap":{"java":{"insertions":0,"deletions":0}}},{"hash":"9c57da7bd84584f3d449114150df409e0003a8f9","isMergeCommit":false,"messageTitle":"Bigdog.txt: Clear the storage file","messageBody":"","fileTypesAndContributionMap":{"txt":{"insertions":1,"deletions":3}}},{"hash":"1e38a928c64be500f93e6588aaf28ea647cd7d96","isMergeCommit":true,"messageTitle":"Merge branch \u0027A-Packages\u0027","messageBody":"- - no-ff\n","tags":["A-Packages"],"fileTypesAndContributionMap":{}},{"hash":"58cd21c6d6cd1348f318096569ee6eacda2b674e","isMergeCommit":true,"messageTitle":"Merge branch \u0027A-Gradle\u0027  - - no-ff","messageBody":"","fileTypesAndContributionMap":{}},{"hash":"376b2ea39aab86a067d31963efc4c681ff863ccd","isMergeCommit":false,"messageTitle":"BigdogException.java: Add to package bigdog by adding the line \"package bigdog;\"","messageBody":"Deadline.java: Add to package bigdog by adding the line \"package bigdog;\"\n\nEvent.java: Add to package bigdog by adding the line \"package bigdog;\"\n\nParser.java: Add to package bigdog by adding the line \"package bigdog;\"\n\nStorage.java: Add to package bigdog by adding the line \"package bigdog;\"\n\nTask.java: Add to package bigdog by adding the line \"package bigdog;\"\n\nTaskList.java: Add to package bigdog by adding the line \"package bigdog;\"\n\nTodo.java: Add to package bigdog by adding the line \"package bigdog;\"\n\nUi.java: Add to package bigdog by adding the line \"package bigdog;\"\n\nBigdog.java: Add to package bigdog by adding the line \"package bigdog;\"\n\nIt was a mistake that I forgot to add in the A-Package branch\n","fileTypesAndContributionMap":{"java":{"insertions":19,"deletions":0}}},{"hash":"a035d6309405a20b3a21a89eeacdd6a63d1e0346","isMergeCommit":false,"messageTitle":"Setup Gradle to build and run Bigdog project","messageBody":"","tags":["A-Gradle"],"fileTypesAndContributionMap":{"gradle":{"insertions":2,"deletions":2},"txt":{"insertions":0,"deletions":1}}}]},{"date":"2024-09-04","commitResults":[{"hash":"9a9274b717aabdd1f4d586c2531ecf7ee1e94d73","isMergeCommit":false,"messageTitle":"Bigdog.txt: Add 2 events to storage file","messageBody":"Deadline.java: Edit output for BigdogException throwing\n\nEvent.java: Delete line used for testing\n\nTaskList.java: Edit output for BigdogException throwing\n\nTaskList.java: Edit output for method mark(...)\n","fileTypesAndContributionMap":{"txt":{"insertions":2,"deletions":0},"java":{"insertions":13,"deletions":15}}},{"hash":"b71e5feb1a33fe226d083ff8f99a8748833b578e","isMergeCommit":false,"messageTitle":"Add BigdogTest.java for JUnit test","messageBody":"Add StorageTest.java for JUnit test\n\nAdd StorageTest.txt for JUnit test\n\nAdd TastListTest.java for JUnit test\n","fileTypesAndContributionMap":{"txt":{"insertions":3,"deletions":0},"java":{"insertions":210,"deletions":0}}},{"hash":"34c4ed72e3764a135a9bfec3a8ccddedf25df60a","isMergeCommit":false,"messageTitle":"BigdogException: Edit call to superclass constructor","messageBody":"To change error output to move to nextline\n","fileTypesAndContributionMap":{"java":{"insertions":1,"deletions":1}}},{"hash":"c9f2f81b5dec1afb6e957d492070fb6e3819b14a","isMergeCommit":true,"messageTitle":"Merge branch \u0027A-JUnit\u0027","messageBody":"- - no-ff\n","tags":["A-JUnit"],"fileTypesAndContributionMap":{}},{"hash":"32bb702ac23f15d337e466665d846e3dc675af7c","isMergeCommit":false,"messageTitle":"Edit build.gradle file to add parameters for creation of .jar file","messageBody":"","tags":["A-Jar"],"fileTypesAndContributionMap":{"gradle":{"insertions":3,"deletions":1}}},{"hash":"fc2bd8a12b488c7011cd2d341fb92255a151dc20","isMergeCommit":false,"messageTitle":"Add JavaDocs for all files","messageBody":"","tags":["A-JavaDoc"],"fileTypesAndContributionMap":{"java":{"insertions":379,"deletions":3}}},{"hash":"3677ffbc225566e9a537b1ea67e290f5e103271f","isMergeCommit":false,"messageTitle":"Edit all files to follow SE-EDU Java coding standard","messageBody":"Bigdog.java: Delete unused imports\n","tags":["A-CodingStandard"],"fileTypesAndContributionMap":{"java":{"insertions":59,"deletions":66}}},{"hash":"543e1b17a2ac1246f30ce8709080e1eee2761b5d","isMergeCommit":false,"messageTitle":"Bigdog.java: Edit run() method to consider case user command is \"find\"","messageBody":"Bigdog.java: Delete unused imports\n\nParser.java: Add \"find\" to VALID_COMMANDS constant\n\nTaskList.java: Add find(...) method\n\nTaskListTest.java: Added JUnit tests for new find(...) method\n","tags":["Level-9"],"fileTypesAndContributionMap":{"java":{"insertions":69,"deletions":17}}},{"hash":"656873133c80beec447bdd095b07606f6bb32a7d","isMergeCommit":true,"messageTitle":"Merge branch \u0027branch-A-CodingStandard\u0027","messageBody":"# Conflicts:\n#\tsrc/main/java/bigdog/Event.java\n#\tsrc/main/java/bigdog/Task.java\n#\tsrc/test/java/bigdog/StorageTest.java\n\n- - no-ff\n","fileTypesAndContributionMap":{}},{"hash":"e1c1921c39db3b4e91ae6eb143b154dd4b79e7ce","isMergeCommit":true,"messageTitle":"Merge branch \u0027branch-level-9\u0027","messageBody":"- - no-ff\n","fileTypesAndContributionMap":{}},{"hash":"3c0c9c8635bd9707f60590fc6438a6876eba850c","isMergeCommit":false,"messageTitle":"Parser.java: Merge conflict handling manual","messageBody":"TaskList.java: Merge conflict handling manual\n","fileTypesAndContributionMap":{"java":{"insertions":6,"deletions":29}}}]},{"date":"2024-09-10","commitResults":[{"hash":"1400e8355566530bd11cf5a27cf79c531c96e97d","isMergeCommit":false,"messageTitle":"Add checkstyle","messageBody":"","fileTypesAndContributionMap":{"gradle":{"insertions":5,"deletions":0}}},{"hash":"af81a813ac038ac8f7e45a820a5803ce2782a00c","isMergeCommit":false,"messageTitle":"Fix coding style violations","messageBody":"","fileTypesAndContributionMap":{"txt":{"insertions":0,"deletions":2},"java":{"insertions":203,"deletions":113}}},{"hash":"9782e2b9c1eabb9f96ed350ff7935da2133f9ea7","isMergeCommit":false,"messageTitle":"Clear the storage file","messageBody":"","fileTypesAndContributionMap":{"txt":{"insertions":0,"deletions":2}}},{"hash":"8852556fddfd96a62df93de05a31204bfe062f75","isMergeCommit":true,"messageTitle":"Merge branch \u0027branch-A-CheckStyle\u0027","messageBody":"- - no-ff\n","fileTypesAndContributionMap":{}}]}]},"authorFileTypeContributionMap":{"weibinlim":{"java":1234,"md":0,"fxml":0,"sh":1,"bat":0,"gradle":9,"txt":20}},"authorContributionVariance":{"weibinlim":37648.95},"authorDisplayNameMap":{"weibinlim":"CS2103T-F09-3 LIM .. BIN"}}
