{"authorDailyContributionsMap":{"weibinlim":[{"date":"2024-08-22","commitResults":[{"hash":"2a283b0b4eb0765e4c9e642305270c1a6f6c7476","isMergeCommit":false,"messageTitle":"Level 0. Rename, Greet, Exit","messageBody":"","fileTypesAndContributionMap":{"java":{"insertions":11,"deletions":10}}},{"hash":"962370c29c71b8c64ce9ff92ea92c074dd855adc","isMergeCommit":false,"messageTitle":"Level 1: Echo","messageBody":"","fileTypesAndContributionMap":{"java":{"insertions":25,"deletions":7}}},{"hash":"fa9eb4bbca489a71f261b8769aece572afee3f5e","isMergeCommit":false,"messageTitle":"Level 2: Add, List","messageBody":"","fileTypesAndContributionMap":{"java":{"insertions":19,"deletions":2}}},{"hash":"906e1354e8905eb0b895c0bc1aeb5e354d2de0e0","isMergeCommit":false,"messageTitle":"Level 3: Mark as Done","messageBody":"","fileTypesAndContributionMap":{"java":{"insertions":49,"deletions":9}}}]},{"date":"2024-08-23","commitResults":[{"hash":"edb897c6a71197e64a41bfc82529dede3d97a629","isMergeCommit":false,"messageTitle":"Level 4: Todos, Events, Deadlines","messageBody":"","fileTypesAndContributionMap":{"java":{"insertions":92,"deletions":3}}}]}]},"authorFileTypeContributionMap":{"weibinlim":{"java":175,"md":0,"fxml":0,"sh":0,"bat":0,"gradle":0,"txt":0}},"authorContributionVariance":{"weibinlim":2500.9844},"authorDisplayNameMap":{"weibinlim":"LIM .. BIN"}}
