[{"path":"src/main/java/DeadlineTask.java","fileType":"java","lines":[{"lineNumber":1,"author":{"gitId":"zaidansani"},"content":"import java.time.LocalDateTime;","lastModifiedDate":"2024-08-23","isFullCredit":false},{"lineNumber":2,"author":{"gitId":"zaidansani"},"content":"import java.time.format.DateTimeFormatter;","lastModifiedDate":"2024-08-23","isFullCredit":false},{"lineNumber":3,"author":{"gitId":"zaidansani"},"content":"","lastModifiedDate":"2024-08-23","isFullCredit":false},{"lineNumber":4,"author":{"gitId":"zaidansani"},"content":"public class DeadlineTask extends Task {","lastModifiedDate":"2024-08-16","isFullCredit":false},{"lineNumber":5,"author":{"gitId":"zaidansani"},"content":"","lastModifiedDate":"2024-08-16","isFullCredit":false},{"lineNumber":6,"author":{"gitId":"zaidansani"},"content":"    private LocalDateTime deadline;","lastModifiedDate":"2024-08-23","isFullCredit":false},{"lineNumber":7,"author":{"gitId":"zaidansani"},"content":"","lastModifiedDate":"2024-08-16","isFullCredit":false},{"lineNumber":8,"author":{"gitId":"zaidansani"},"content":"    public DeadlineTask(String name, LocalDateTime deadline) {","lastModifiedDate":"2024-08-23","isFullCredit":false},{"lineNumber":9,"author":{"gitId":"zaidansani"},"content":"        super(name);","lastModifiedDate":"2024-08-16","isFullCredit":false},{"lineNumber":10,"author":{"gitId":"zaidansani"},"content":"        this.deadline \u003d deadline;","lastModifiedDate":"2024-08-16","isFullCredit":false},{"lineNumber":11,"author":{"gitId":"zaidansani"},"content":"    }","lastModifiedDate":"2024-08-16","isFullCredit":false},{"lineNumber":12,"author":{"gitId":"zaidansani"},"content":"","lastModifiedDate":"2024-08-16","isFullCredit":false},{"lineNumber":13,"author":{"gitId":"zaidansani"},"content":"    @Override","lastModifiedDate":"2024-08-23","isFullCredit":false},{"lineNumber":14,"author":{"gitId":"zaidansani"},"content":"    public String toSaveString() {","lastModifiedDate":"2024-08-23","isFullCredit":false},{"lineNumber":15,"author":{"gitId":"zaidansani"},"content":"        return String.format(\"D | %s | %s\",","lastModifiedDate":"2024-08-23","isFullCredit":false},{"lineNumber":16,"author":{"gitId":"zaidansani"},"content":"                super.toSaveString(), this.deadline);","lastModifiedDate":"2024-08-23","isFullCredit":false},{"lineNumber":17,"author":{"gitId":"zaidansani"},"content":"    }","lastModifiedDate":"2024-08-23","isFullCredit":false},{"lineNumber":18,"author":{"gitId":"zaidansani"},"content":"","lastModifiedDate":"2024-08-16","isFullCredit":false},{"lineNumber":19,"author":{"gitId":"zaidansani"},"content":"    @Override","lastModifiedDate":"2024-08-16","isFullCredit":false},{"lineNumber":20,"author":{"gitId":"zaidansani"},"content":"    public String toString() {","lastModifiedDate":"2024-08-16","isFullCredit":false},{"lineNumber":21,"author":{"gitId":"zaidansani"},"content":"        DateTimeFormatter formatter \u003d getFormatter();","lastModifiedDate":"2024-08-23","isFullCredit":false},{"lineNumber":22,"author":{"gitId":"zaidansani"},"content":"        return String.format(\"[D]%s (by: %s)\", super.toString(), deadline.format(formatter));","lastModifiedDate":"2024-08-23","isFullCredit":false},{"lineNumber":23,"author":{"gitId":"zaidansani"},"content":"    }","lastModifiedDate":"2024-08-16","isFullCredit":false},{"lineNumber":24,"author":{"gitId":"zaidansani"},"content":"}","lastModifiedDate":"2024-08-16","isFullCredit":false}],"authorContributionMap":{"zaidansani":24}},{"path":"src/main/java/EventTask.java","fileType":"java","lines":[{"lineNumber":1,"author":{"gitId":"zaidansani"},"content":"import java.time.LocalDateTime;","lastModifiedDate":"2024-08-23","isFullCredit":false},{"lineNumber":2,"author":{"gitId":"zaidansani"},"content":"import java.time.format.DateTimeFormatter;","lastModifiedDate":"2024-08-23","isFullCredit":false},{"lineNumber":3,"author":{"gitId":"zaidansani"},"content":"","lastModifiedDate":"2024-08-23","isFullCredit":false},{"lineNumber":4,"author":{"gitId":"zaidansani"},"content":"public class EventTask extends Task {","lastModifiedDate":"2024-08-16","isFullCredit":false},{"lineNumber":5,"author":{"gitId":"zaidansani"},"content":"    private LocalDateTime start;","lastModifiedDate":"2024-08-23","isFullCredit":false},{"lineNumber":6,"author":{"gitId":"zaidansani"},"content":"    private LocalDateTime end;","lastModifiedDate":"2024-08-23","isFullCredit":false},{"lineNumber":7,"author":{"gitId":"zaidansani"},"content":"","lastModifiedDate":"2024-08-16","isFullCredit":false},{"lineNumber":8,"author":{"gitId":"zaidansani"},"content":"    public EventTask(String name, LocalDateTime start, LocalDateTime end) {","lastModifiedDate":"2024-08-23","isFullCredit":false},{"lineNumber":9,"author":{"gitId":"zaidansani"},"content":"        super(name);","lastModifiedDate":"2024-08-16","isFullCredit":false},{"lineNumber":10,"author":{"gitId":"zaidansani"},"content":"        this.start \u003d start;","lastModifiedDate":"2024-08-16","isFullCredit":false},{"lineNumber":11,"author":{"gitId":"zaidansani"},"content":"        this.end \u003d end;","lastModifiedDate":"2024-08-16","isFullCredit":false},{"lineNumber":12,"author":{"gitId":"zaidansani"},"content":"    }","lastModifiedDate":"2024-08-16","isFullCredit":false},{"lineNumber":13,"author":{"gitId":"zaidansani"},"content":"","lastModifiedDate":"2024-08-16","isFullCredit":false},{"lineNumber":14,"author":{"gitId":"zaidansani"},"content":"    @Override","lastModifiedDate":"2024-08-23","isFullCredit":false},{"lineNumber":15,"author":{"gitId":"zaidansani"},"content":"    public String toSaveString() {","lastModifiedDate":"2024-08-23","isFullCredit":false},{"lineNumber":16,"author":{"gitId":"zaidansani"},"content":"        return String.format(\"E | %s | %s | %s\",","lastModifiedDate":"2024-08-23","isFullCredit":false},{"lineNumber":17,"author":{"gitId":"zaidansani"},"content":"                super.toSaveString(), start, end);","lastModifiedDate":"2024-08-23","isFullCredit":false},{"lineNumber":18,"author":{"gitId":"zaidansani"},"content":"    }","lastModifiedDate":"2024-08-23","isFullCredit":false},{"lineNumber":19,"author":{"gitId":"zaidansani"},"content":"","lastModifiedDate":"2024-08-23","isFullCredit":false},{"lineNumber":20,"author":{"gitId":"zaidansani"},"content":"    @Override","lastModifiedDate":"2024-08-16","isFullCredit":false},{"lineNumber":21,"author":{"gitId":"zaidansani"},"content":"    public String toString() {","lastModifiedDate":"2024-08-16","isFullCredit":false},{"lineNumber":22,"author":{"gitId":"zaidansani"},"content":"        DateTimeFormatter formatter \u003d getFormatter();","lastModifiedDate":"2024-08-23","isFullCredit":false},{"lineNumber":23,"author":{"gitId":"zaidansani"},"content":"        return String.format(\"[E]%s (from: %s to: %s)\",","lastModifiedDate":"2024-08-16","isFullCredit":false},{"lineNumber":24,"author":{"gitId":"zaidansani"},"content":"                super.toString(), start.format(formatter), end.format(formatter));","lastModifiedDate":"2024-08-23","isFullCredit":false},{"lineNumber":25,"author":{"gitId":"zaidansani"},"content":"    }","lastModifiedDate":"2024-08-16","isFullCredit":false},{"lineNumber":26,"author":{"gitId":"zaidansani"},"content":"}","lastModifiedDate":"2024-08-16","isFullCredit":false}],"authorContributionMap":{"zaidansani":26}},{"path":"src/main/java/Storage.java","fileType":"java","lines":[{"lineNumber":1,"author":{"gitId":"zaidansani"},"content":"import java.io.*;","lastModifiedDate":"2024-08-23","isFullCredit":false},{"lineNumber":2,"author":{"gitId":"zaidansani"},"content":"import java.nio.file.Files;","lastModifiedDate":"2024-08-23","isFullCredit":false},{"lineNumber":3,"author":{"gitId":"zaidansani"},"content":"import java.nio.file.Path;","lastModifiedDate":"2024-08-23","isFullCredit":false},{"lineNumber":4,"author":{"gitId":"zaidansani"},"content":"import java.nio.file.Paths;","lastModifiedDate":"2024-08-23","isFullCredit":false},{"lineNumber":5,"author":{"gitId":"zaidansani"},"content":"import java.time.LocalDateTime;","lastModifiedDate":"2024-08-23","isFullCredit":false},{"lineNumber":6,"author":{"gitId":"zaidansani"},"content":"import java.util.ArrayList;","lastModifiedDate":"2024-08-23","isFullCredit":false},{"lineNumber":7,"author":{"gitId":"zaidansani"},"content":"","lastModifiedDate":"2024-08-23","isFullCredit":false},{"lineNumber":8,"author":{"gitId":"zaidansani"},"content":"public class Storage {","lastModifiedDate":"2024-08-23","isFullCredit":false},{"lineNumber":9,"author":{"gitId":"zaidansani"},"content":"","lastModifiedDate":"2024-08-23","isFullCredit":false},{"lineNumber":10,"author":{"gitId":"zaidansani"},"content":"    private enum Status {","lastModifiedDate":"2024-08-23","isFullCredit":false},{"lineNumber":11,"author":{"gitId":"zaidansani"},"content":"        INCOMPLETE(false),","lastModifiedDate":"2024-08-23","isFullCredit":false},{"lineNumber":12,"author":{"gitId":"zaidansani"},"content":"        COMPLETE(true);","lastModifiedDate":"2024-08-23","isFullCredit":false},{"lineNumber":13,"author":{"gitId":"zaidansani"},"content":"","lastModifiedDate":"2024-08-23","isFullCredit":false},{"lineNumber":14,"author":{"gitId":"zaidansani"},"content":"        private final boolean status;","lastModifiedDate":"2024-08-23","isFullCredit":false},{"lineNumber":15,"author":{"gitId":"zaidansani"},"content":"","lastModifiedDate":"2024-08-23","isFullCredit":false},{"lineNumber":16,"author":{"gitId":"zaidansani"},"content":"        Status(boolean status) {","lastModifiedDate":"2024-08-23","isFullCredit":false},{"lineNumber":17,"author":{"gitId":"zaidansani"},"content":"            this.status \u003d status;","lastModifiedDate":"2024-08-23","isFullCredit":false},{"lineNumber":18,"author":{"gitId":"zaidansani"},"content":"        }","lastModifiedDate":"2024-08-23","isFullCredit":false},{"lineNumber":19,"author":{"gitId":"zaidansani"},"content":"","lastModifiedDate":"2024-08-23","isFullCredit":false},{"lineNumber":20,"author":{"gitId":"zaidansani"},"content":"        public boolean getStatus() {","lastModifiedDate":"2024-08-23","isFullCredit":false},{"lineNumber":21,"author":{"gitId":"zaidansani"},"content":"            return status;","lastModifiedDate":"2024-08-23","isFullCredit":false},{"lineNumber":22,"author":{"gitId":"zaidansani"},"content":"        }","lastModifiedDate":"2024-08-23","isFullCredit":false},{"lineNumber":23,"author":{"gitId":"zaidansani"},"content":"    }","lastModifiedDate":"2024-08-23","isFullCredit":false},{"lineNumber":24,"author":{"gitId":"zaidansani"},"content":"","lastModifiedDate":"2024-08-23","isFullCredit":false},{"lineNumber":25,"author":{"gitId":"zaidansani"},"content":"    private static final ArrayList\u003cTask\u003e tasks \u003d new ArrayList\u003c\u003e();","lastModifiedDate":"2024-08-23","isFullCredit":false},{"lineNumber":26,"author":{"gitId":"zaidansani"},"content":"    private String link;","lastModifiedDate":"2024-08-23","isFullCredit":false},{"lineNumber":27,"author":{"gitId":"zaidansani"},"content":"","lastModifiedDate":"2024-08-23","isFullCredit":false},{"lineNumber":28,"author":{"gitId":"zaidansani"},"content":"    public Storage() {","lastModifiedDate":"2024-08-23","isFullCredit":false},{"lineNumber":29,"author":{"gitId":"zaidansani"},"content":"        try {","lastModifiedDate":"2024-08-23","isFullCredit":false},{"lineNumber":30,"author":{"gitId":"zaidansani"},"content":"            Files.createDirectories(Paths.get(\"../data\"));","lastModifiedDate":"2024-08-23","isFullCredit":false},{"lineNumber":31,"author":{"gitId":"zaidansani"},"content":"        }","lastModifiedDate":"2024-08-23","isFullCredit":false},{"lineNumber":32,"author":{"gitId":"zaidansani"},"content":"        catch (IOException e) {","lastModifiedDate":"2024-08-23","isFullCredit":false},{"lineNumber":33,"author":{"gitId":"zaidansani"},"content":"            e.printStackTrace();","lastModifiedDate":"2024-08-23","isFullCredit":false},{"lineNumber":34,"author":{"gitId":"zaidansani"},"content":"        }","lastModifiedDate":"2024-08-23","isFullCredit":false},{"lineNumber":35,"author":{"gitId":"zaidansani"},"content":"        this.link \u003d \"../data/tasks.txt\";","lastModifiedDate":"2024-08-23","isFullCredit":false},{"lineNumber":36,"author":{"gitId":"zaidansani"},"content":"        readFromFile();","lastModifiedDate":"2024-08-23","isFullCredit":false},{"lineNumber":37,"author":{"gitId":"zaidansani"},"content":"    }","lastModifiedDate":"2024-08-23","isFullCredit":false},{"lineNumber":38,"author":{"gitId":"zaidansani"},"content":"","lastModifiedDate":"2024-08-23","isFullCredit":false},{"lineNumber":39,"author":{"gitId":"zaidansani"},"content":"    public ArrayList\u003cTask\u003e retrieveTasks() {","lastModifiedDate":"2024-08-23","isFullCredit":false},{"lineNumber":40,"author":{"gitId":"zaidansani"},"content":"        return tasks;","lastModifiedDate":"2024-08-23","isFullCredit":false},{"lineNumber":41,"author":{"gitId":"zaidansani"},"content":"    }","lastModifiedDate":"2024-08-23","isFullCredit":false},{"lineNumber":42,"author":{"gitId":"zaidansani"},"content":"","lastModifiedDate":"2024-08-23","isFullCredit":false},{"lineNumber":43,"author":{"gitId":"zaidansani"},"content":"    public static void addTask(Task task) {","lastModifiedDate":"2024-08-23","isFullCredit":false},{"lineNumber":44,"author":{"gitId":"zaidansani"},"content":"        tasks.add(task);","lastModifiedDate":"2024-08-23","isFullCredit":false},{"lineNumber":45,"author":{"gitId":"zaidansani"},"content":"    }","lastModifiedDate":"2024-08-23","isFullCredit":false},{"lineNumber":46,"author":{"gitId":"zaidansani"},"content":"","lastModifiedDate":"2024-08-23","isFullCredit":false},{"lineNumber":47,"author":{"gitId":"zaidansani"},"content":"    public static int getNumberOfTasks() {","lastModifiedDate":"2024-08-23","isFullCredit":false},{"lineNumber":48,"author":{"gitId":"zaidansani"},"content":"        return tasks.size();","lastModifiedDate":"2024-08-23","isFullCredit":false},{"lineNumber":49,"author":{"gitId":"zaidansani"},"content":"    }","lastModifiedDate":"2024-08-23","isFullCredit":false},{"lineNumber":50,"author":{"gitId":"zaidansani"},"content":"","lastModifiedDate":"2024-08-23","isFullCredit":false},{"lineNumber":51,"author":{"gitId":"zaidansani"},"content":"    public static Task getTask(int number) {","lastModifiedDate":"2024-08-23","isFullCredit":false},{"lineNumber":52,"author":{"gitId":"zaidansani"},"content":"        return tasks.get(number - 1);","lastModifiedDate":"2024-08-23","isFullCredit":false},{"lineNumber":53,"author":{"gitId":"zaidansani"},"content":"    }","lastModifiedDate":"2024-08-23","isFullCredit":false},{"lineNumber":54,"author":{"gitId":"zaidansani"},"content":"","lastModifiedDate":"2024-08-23","isFullCredit":false},{"lineNumber":55,"author":{"gitId":"zaidansani"},"content":"    public static Task removeTask(int number) {","lastModifiedDate":"2024-08-23","isFullCredit":false},{"lineNumber":56,"author":{"gitId":"zaidansani"},"content":"        return tasks.remove(number - 1);","lastModifiedDate":"2024-08-23","isFullCredit":false},{"lineNumber":57,"author":{"gitId":"zaidansani"},"content":"    }","lastModifiedDate":"2024-08-23","isFullCredit":false},{"lineNumber":58,"author":{"gitId":"zaidansani"},"content":"","lastModifiedDate":"2024-08-23","isFullCredit":false},{"lineNumber":59,"author":{"gitId":"zaidansani"},"content":"    public void saveToFile() {","lastModifiedDate":"2024-08-23","isFullCredit":false},{"lineNumber":60,"author":{"gitId":"zaidansani"},"content":"        File file \u003d new File(link);","lastModifiedDate":"2024-08-23","isFullCredit":false},{"lineNumber":61,"author":{"gitId":"zaidansani"},"content":"        BufferedWriter writer;","lastModifiedDate":"2024-08-23","isFullCredit":false},{"lineNumber":62,"author":{"gitId":"zaidansani"},"content":"","lastModifiedDate":"2024-08-23","isFullCredit":false},{"lineNumber":63,"author":{"gitId":"zaidansani"},"content":"        try {","lastModifiedDate":"2024-08-23","isFullCredit":false},{"lineNumber":64,"author":{"gitId":"zaidansani"},"content":"            file.createNewFile();","lastModifiedDate":"2024-08-23","isFullCredit":false},{"lineNumber":65,"author":{"gitId":"zaidansani"},"content":"            writer \u003d new BufferedWriter(new FileWriter(file));","lastModifiedDate":"2024-08-23","isFullCredit":false},{"lineNumber":66,"author":{"gitId":"zaidansani"},"content":"            boolean first \u003d true;","lastModifiedDate":"2024-08-23","isFullCredit":false},{"lineNumber":67,"author":{"gitId":"zaidansani"},"content":"            for (Task task : tasks) {","lastModifiedDate":"2024-08-23","isFullCredit":false},{"lineNumber":68,"author":{"gitId":"zaidansani"},"content":"                if (!first) {","lastModifiedDate":"2024-08-23","isFullCredit":false},{"lineNumber":69,"author":{"gitId":"zaidansani"},"content":"                    writer.newLine();","lastModifiedDate":"2024-08-23","isFullCredit":false},{"lineNumber":70,"author":{"gitId":"zaidansani"},"content":"                }","lastModifiedDate":"2024-08-23","isFullCredit":false},{"lineNumber":71,"author":{"gitId":"zaidansani"},"content":"                writer.write(convertTaskToString(task));","lastModifiedDate":"2024-08-23","isFullCredit":false},{"lineNumber":72,"author":{"gitId":"zaidansani"},"content":"                first \u003d false;","lastModifiedDate":"2024-08-23","isFullCredit":false},{"lineNumber":73,"author":{"gitId":"zaidansani"},"content":"            }","lastModifiedDate":"2024-08-23","isFullCredit":false},{"lineNumber":74,"author":{"gitId":"zaidansani"},"content":"            writer.close();","lastModifiedDate":"2024-08-23","isFullCredit":false},{"lineNumber":75,"author":{"gitId":"zaidansani"},"content":"        }","lastModifiedDate":"2024-08-23","isFullCredit":false},{"lineNumber":76,"author":{"gitId":"zaidansani"},"content":"        catch (IOException e) {","lastModifiedDate":"2024-08-23","isFullCredit":false},{"lineNumber":77,"author":{"gitId":"zaidansani"},"content":"            System.out.println(e.getMessage());","lastModifiedDate":"2024-08-23","isFullCredit":false},{"lineNumber":78,"author":{"gitId":"zaidansani"},"content":"        }","lastModifiedDate":"2024-08-23","isFullCredit":false},{"lineNumber":79,"author":{"gitId":"zaidansani"},"content":"    }","lastModifiedDate":"2024-08-23","isFullCredit":false},{"lineNumber":80,"author":{"gitId":"zaidansani"},"content":"","lastModifiedDate":"2024-08-23","isFullCredit":false},{"lineNumber":81,"author":{"gitId":"zaidansani"},"content":"    public void readFromFile() {","lastModifiedDate":"2024-08-23","isFullCredit":false},{"lineNumber":82,"author":{"gitId":"zaidansani"},"content":"        File file \u003d new File(this.link);","lastModifiedDate":"2024-08-23","isFullCredit":false},{"lineNumber":83,"author":{"gitId":"zaidansani"},"content":"        BufferedReader reader;","lastModifiedDate":"2024-08-23","isFullCredit":false},{"lineNumber":84,"author":{"gitId":"zaidansani"},"content":"","lastModifiedDate":"2024-08-23","isFullCredit":false},{"lineNumber":85,"author":{"gitId":"zaidansani"},"content":"        try {","lastModifiedDate":"2024-08-23","isFullCredit":false},{"lineNumber":86,"author":{"gitId":"zaidansani"},"content":"            file.createNewFile();","lastModifiedDate":"2024-08-23","isFullCredit":false},{"lineNumber":87,"author":{"gitId":"zaidansani"},"content":"            reader \u003d new BufferedReader(new FileReader(file));","lastModifiedDate":"2024-08-23","isFullCredit":false},{"lineNumber":88,"author":{"gitId":"zaidansani"},"content":"            String line \u003d reader.readLine();","lastModifiedDate":"2024-08-23","isFullCredit":false},{"lineNumber":89,"author":{"gitId":"zaidansani"},"content":"            while (line !\u003d null) {","lastModifiedDate":"2024-08-23","isFullCredit":false},{"lineNumber":90,"author":{"gitId":"zaidansani"},"content":"                tasks.add(parseInput(line));","lastModifiedDate":"2024-08-23","isFullCredit":false},{"lineNumber":91,"author":{"gitId":"zaidansani"},"content":"                // read next line","lastModifiedDate":"2024-08-23","isFullCredit":false},{"lineNumber":92,"author":{"gitId":"zaidansani"},"content":"                line \u003d reader.readLine();","lastModifiedDate":"2024-08-23","isFullCredit":false},{"lineNumber":93,"author":{"gitId":"zaidansani"},"content":"            }","lastModifiedDate":"2024-08-23","isFullCredit":false},{"lineNumber":94,"author":{"gitId":"zaidansani"},"content":"            reader.close();","lastModifiedDate":"2024-08-23","isFullCredit":false},{"lineNumber":95,"author":{"gitId":"zaidansani"},"content":"        }","lastModifiedDate":"2024-08-23","isFullCredit":false},{"lineNumber":96,"author":{"gitId":"zaidansani"},"content":"        catch (IOException | ZaibotException e) {","lastModifiedDate":"2024-08-23","isFullCredit":false},{"lineNumber":97,"author":{"gitId":"zaidansani"},"content":"            System.out.println(e.getMessage());","lastModifiedDate":"2024-08-23","isFullCredit":false},{"lineNumber":98,"author":{"gitId":"zaidansani"},"content":"        }","lastModifiedDate":"2024-08-23","isFullCredit":false},{"lineNumber":99,"author":{"gitId":"zaidansani"},"content":"    }","lastModifiedDate":"2024-08-23","isFullCredit":false},{"lineNumber":100,"author":{"gitId":"zaidansani"},"content":"","lastModifiedDate":"2024-08-23","isFullCredit":false},{"lineNumber":101,"author":{"gitId":"zaidansani"},"content":"    public Task parseInput(String input) throws ZaibotException {","lastModifiedDate":"2024-08-23","isFullCredit":false},{"lineNumber":102,"author":{"gitId":"zaidansani"},"content":"        String[] tokens \u003d input.split(\" \\\\| \");","lastModifiedDate":"2024-08-23","isFullCredit":false},{"lineNumber":103,"author":{"gitId":"zaidansani"},"content":"","lastModifiedDate":"2024-08-23","isFullCredit":false},{"lineNumber":104,"author":{"gitId":"zaidansani"},"content":"        Task task;","lastModifiedDate":"2024-08-23","isFullCredit":false},{"lineNumber":105,"author":{"gitId":"zaidansani"},"content":"","lastModifiedDate":"2024-08-23","isFullCredit":false},{"lineNumber":106,"author":{"gitId":"zaidansani"},"content":"        Status status \u003d Status.valueOf(tokens[1].toUpperCase());","lastModifiedDate":"2024-08-23","isFullCredit":false},{"lineNumber":107,"author":{"gitId":"zaidansani"},"content":"        String name \u003d tokens[2];","lastModifiedDate":"2024-08-23","isFullCredit":false},{"lineNumber":108,"author":{"gitId":"zaidansani"},"content":"","lastModifiedDate":"2024-08-23","isFullCredit":false},{"lineNumber":109,"author":{"gitId":"zaidansani"},"content":"         task \u003d switch (tokens[0].trim()) {","lastModifiedDate":"2024-08-23","isFullCredit":false},{"lineNumber":110,"author":{"gitId":"zaidansani"},"content":"            case \"T\" -\u003e new ToDoTask(name);","lastModifiedDate":"2024-08-23","isFullCredit":false},{"lineNumber":111,"author":{"gitId":"zaidansani"},"content":"            case \"D\" -\u003e new DeadlineTask(name, LocalDateTime.parse(tokens[3]));","lastModifiedDate":"2024-08-23","isFullCredit":false},{"lineNumber":112,"author":{"gitId":"zaidansani"},"content":"            case \"E\" -\u003e new EventTask(name, LocalDateTime.parse(tokens[3]), LocalDateTime.parse(tokens[4]));","lastModifiedDate":"2024-08-23","isFullCredit":false},{"lineNumber":113,"author":{"gitId":"zaidansani"},"content":"            default -\u003e throw new ZaibotException(\"Saved file data not in expected format.\");","lastModifiedDate":"2024-08-23","isFullCredit":false},{"lineNumber":114,"author":{"gitId":"zaidansani"},"content":"        };","lastModifiedDate":"2024-08-23","isFullCredit":false},{"lineNumber":115,"author":{"gitId":"zaidansani"},"content":"","lastModifiedDate":"2024-08-23","isFullCredit":false},{"lineNumber":116,"author":{"gitId":"zaidansani"},"content":"        task.setCompletionStatus(status.getStatus());","lastModifiedDate":"2024-08-23","isFullCredit":false},{"lineNumber":117,"author":{"gitId":"zaidansani"},"content":"","lastModifiedDate":"2024-08-23","isFullCredit":false},{"lineNumber":118,"author":{"gitId":"zaidansani"},"content":"        return task;","lastModifiedDate":"2024-08-23","isFullCredit":false},{"lineNumber":119,"author":{"gitId":"zaidansani"},"content":"    }","lastModifiedDate":"2024-08-23","isFullCredit":false},{"lineNumber":120,"author":{"gitId":"zaidansani"},"content":"","lastModifiedDate":"2024-08-23","isFullCredit":false},{"lineNumber":121,"author":{"gitId":"zaidansani"},"content":"    public String convertTaskToString(Task task) {","lastModifiedDate":"2024-08-23","isFullCredit":false},{"lineNumber":122,"author":{"gitId":"zaidansani"},"content":"        return task.toSaveString();","lastModifiedDate":"2024-08-23","isFullCredit":false},{"lineNumber":123,"author":{"gitId":"zaidansani"},"content":"    }","lastModifiedDate":"2024-08-23","isFullCredit":false},{"lineNumber":124,"author":{"gitId":"zaidansani"},"content":"}","lastModifiedDate":"2024-08-23","isFullCredit":false}],"authorContributionMap":{"zaidansani":124}},{"path":"src/main/java/Task.java","fileType":"java","lines":[{"lineNumber":1,"author":{"gitId":"zaidansani"},"content":"import java.time.format.DateTimeFormatter;","lastModifiedDate":"2024-08-23","isFullCredit":false},{"lineNumber":2,"author":{"gitId":"zaidansani"},"content":"","lastModifiedDate":"2024-08-23","isFullCredit":false},{"lineNumber":3,"author":{"gitId":"zaidansani"},"content":"public class Task {","lastModifiedDate":"2024-08-16","isFullCredit":false},{"lineNumber":4,"author":{"gitId":"zaidansani"},"content":"    private String name;","lastModifiedDate":"2024-08-16","isFullCredit":false},{"lineNumber":5,"author":{"gitId":"zaidansani"},"content":"    private boolean isDone;","lastModifiedDate":"2024-08-16","isFullCredit":false},{"lineNumber":6,"author":{"gitId":"zaidansani"},"content":"    private static final DateTimeFormatter formatter \u003d DateTimeFormatter.ofPattern(\"MMM dd yyyy HHSS\");","lastModifiedDate":"2024-08-23","isFullCredit":false},{"lineNumber":7,"author":{"gitId":"zaidansani"},"content":"","lastModifiedDate":"2024-08-16","isFullCredit":false},{"lineNumber":8,"author":{"gitId":"zaidansani"},"content":"    public Task(String name) {","lastModifiedDate":"2024-08-16","isFullCredit":false},{"lineNumber":9,"author":{"gitId":"zaidansani"},"content":"        this.name \u003d name;","lastModifiedDate":"2024-08-16","isFullCredit":false},{"lineNumber":10,"author":{"gitId":"zaidansani"},"content":"        this.isDone \u003d false;","lastModifiedDate":"2024-08-16","isFullCredit":false},{"lineNumber":11,"author":{"gitId":"zaidansani"},"content":"    }","lastModifiedDate":"2024-08-16","isFullCredit":false},{"lineNumber":12,"author":{"gitId":"zaidansani"},"content":"","lastModifiedDate":"2024-08-16","isFullCredit":false},{"lineNumber":13,"author":{"gitId":"zaidansani"},"content":"    /**","lastModifiedDate":"2024-08-16","isFullCredit":false},{"lineNumber":14,"author":{"gitId":"zaidansani"},"content":"     * Sets the completion status of the task.","lastModifiedDate":"2024-08-16","isFullCredit":false},{"lineNumber":15,"author":{"gitId":"zaidansani"},"content":"     * @param status The status to change to","lastModifiedDate":"2024-08-16","isFullCredit":false},{"lineNumber":16,"author":{"gitId":"zaidansani"},"content":"     */","lastModifiedDate":"2024-08-16","isFullCredit":false},{"lineNumber":17,"author":{"gitId":"zaidansani"},"content":"    public void setCompletionStatus(boolean status) {","lastModifiedDate":"2024-08-16","isFullCredit":false},{"lineNumber":18,"author":{"gitId":"zaidansani"},"content":"        this.isDone \u003d status;","lastModifiedDate":"2024-08-16","isFullCredit":false},{"lineNumber":19,"author":{"gitId":"zaidansani"},"content":"    }","lastModifiedDate":"2024-08-16","isFullCredit":false},{"lineNumber":20,"author":{"gitId":"zaidansani"},"content":"","lastModifiedDate":"2024-08-16","isFullCredit":false},{"lineNumber":21,"author":{"gitId":"zaidansani"},"content":"    public static DateTimeFormatter getFormatter() {","lastModifiedDate":"2024-08-23","isFullCredit":false},{"lineNumber":22,"author":{"gitId":"zaidansani"},"content":"        return formatter;","lastModifiedDate":"2024-08-23","isFullCredit":false},{"lineNumber":23,"author":{"gitId":"zaidansani"},"content":"    }","lastModifiedDate":"2024-08-23","isFullCredit":false},{"lineNumber":24,"author":{"gitId":"zaidansani"},"content":"","lastModifiedDate":"2024-08-23","isFullCredit":false},{"lineNumber":25,"author":{"gitId":"zaidansani"},"content":"    /**","lastModifiedDate":"2024-08-23","isFullCredit":false},{"lineNumber":26,"author":{"gitId":"zaidansani"},"content":"     * Returns the string representation of the task when saved.","lastModifiedDate":"2024-08-23","isFullCredit":false},{"lineNumber":27,"author":{"gitId":"zaidansani"},"content":"     * @return a string in the format TYPE | COMPLETION \\ NAME | ....","lastModifiedDate":"2024-08-23","isFullCredit":false},{"lineNumber":28,"author":{"gitId":"zaidansani"},"content":"     */","lastModifiedDate":"2024-08-23","isFullCredit":false},{"lineNumber":29,"author":{"gitId":"zaidansani"},"content":"    public String toSaveString() {","lastModifiedDate":"2024-08-23","isFullCredit":false},{"lineNumber":30,"author":{"gitId":"zaidansani"},"content":"        return String.format(\"%s | %s\",","lastModifiedDate":"2024-08-23","isFullCredit":false},{"lineNumber":31,"author":{"gitId":"zaidansani"},"content":"                this.isDone ? \"COMPLETE\" : \"INCOMPLETE\",","lastModifiedDate":"2024-08-23","isFullCredit":false},{"lineNumber":32,"author":{"gitId":"zaidansani"},"content":"                this.name);","lastModifiedDate":"2024-08-23","isFullCredit":false},{"lineNumber":33,"author":{"gitId":"zaidansani"},"content":"    }","lastModifiedDate":"2024-08-23","isFullCredit":false},{"lineNumber":34,"author":{"gitId":"zaidansani"},"content":"","lastModifiedDate":"2024-08-23","isFullCredit":false},{"lineNumber":35,"author":{"gitId":"zaidansani"},"content":"    @Override","lastModifiedDate":"2024-08-16","isFullCredit":false},{"lineNumber":36,"author":{"gitId":"zaidansani"},"content":"    public String toString() {","lastModifiedDate":"2024-08-16","isFullCredit":false},{"lineNumber":37,"author":{"gitId":"zaidansani"},"content":"        return String.format(\"[%s] %s\",","lastModifiedDate":"2024-08-16","isFullCredit":false},{"lineNumber":38,"author":{"gitId":"zaidansani"},"content":"                isDone ? \"X\" : \" \",","lastModifiedDate":"2024-08-16","isFullCredit":false},{"lineNumber":39,"author":{"gitId":"zaidansani"},"content":"                name);","lastModifiedDate":"2024-08-16","isFullCredit":false},{"lineNumber":40,"author":{"gitId":"zaidansani"},"content":"    }","lastModifiedDate":"2024-08-16","isFullCredit":false},{"lineNumber":41,"author":{"gitId":"zaidansani"},"content":"","lastModifiedDate":"2024-08-16","isFullCredit":false},{"lineNumber":42,"author":{"gitId":"zaidansani"},"content":"}","lastModifiedDate":"2024-08-16","isFullCredit":false}],"authorContributionMap":{"zaidansani":42}},{"path":"src/main/java/ToDoTask.java","fileType":"java","lines":[{"lineNumber":1,"author":{"gitId":"zaidansani"},"content":"public class ToDoTask extends Task {","lastModifiedDate":"2024-08-16","isFullCredit":false},{"lineNumber":2,"author":{"gitId":"zaidansani"},"content":"    public ToDoTask(String name) {","lastModifiedDate":"2024-08-16","isFullCredit":false},{"lineNumber":3,"author":{"gitId":"zaidansani"},"content":"        super(name);","lastModifiedDate":"2024-08-16","isFullCredit":false},{"lineNumber":4,"author":{"gitId":"zaidansani"},"content":"    }","lastModifiedDate":"2024-08-16","isFullCredit":false},{"lineNumber":5,"author":{"gitId":"zaidansani"},"content":"","lastModifiedDate":"2024-08-16","isFullCredit":false},{"lineNumber":6,"author":{"gitId":"zaidansani"},"content":"    @Override","lastModifiedDate":"2024-08-23","isFullCredit":false},{"lineNumber":7,"author":{"gitId":"zaidansani"},"content":"    public String toSaveString() {","lastModifiedDate":"2024-08-23","isFullCredit":false},{"lineNumber":8,"author":{"gitId":"zaidansani"},"content":"        return String.format(\"T | %s\",","lastModifiedDate":"2024-08-23","isFullCredit":false},{"lineNumber":9,"author":{"gitId":"zaidansani"},"content":"                    super.toSaveString());","lastModifiedDate":"2024-08-23","isFullCredit":false},{"lineNumber":10,"author":{"gitId":"zaidansani"},"content":"    }","lastModifiedDate":"2024-08-23","isFullCredit":false},{"lineNumber":11,"author":{"gitId":"zaidansani"},"content":"","lastModifiedDate":"2024-08-23","isFullCredit":false},{"lineNumber":12,"author":{"gitId":"zaidansani"},"content":"    @Override","lastModifiedDate":"2024-08-16","isFullCredit":false},{"lineNumber":13,"author":{"gitId":"zaidansani"},"content":"    public String toString() {","lastModifiedDate":"2024-08-16","isFullCredit":false},{"lineNumber":14,"author":{"gitId":"zaidansani"},"content":"        return \"[T]\" + super.toString();","lastModifiedDate":"2024-08-16","isFullCredit":false},{"lineNumber":15,"author":{"gitId":"zaidansani"},"content":"    }","lastModifiedDate":"2024-08-16","isFullCredit":false},{"lineNumber":16,"author":{"gitId":"zaidansani"},"content":"}","lastModifiedDate":"2024-08-16","isFullCredit":false}],"authorContributionMap":{"zaidansani":16}},{"path":"src/main/java/Zaibot.java","fileType":"java","lines":[{"lineNumber":1,"author":{"gitId":"zaidansani"},"content":"import java.time.LocalDateTime;","lastModifiedDate":"2024-08-23","isFullCredit":false},{"lineNumber":2,"author":{"gitId":"zaidansani"},"content":"import java.time.format.DateTimeFormatter;","lastModifiedDate":"2024-08-23","isFullCredit":false},{"lineNumber":3,"author":{"gitId":"zaidansani"},"content":"import java.util.HashMap;","lastModifiedDate":"2024-08-18","isFullCredit":false},{"lineNumber":4,"author":{"gitId":"-"},"content":"import java.util.Scanner;","lastModifiedDate":"2024-08-15","isFullCredit":false},{"lineNumber":5,"author":{"gitId":"zaidansani"},"content":"import java.util.ArrayList;","lastModifiedDate":"2024-08-16","isFullCredit":false},{"lineNumber":6,"author":{"gitId":"-"},"content":"","lastModifiedDate":"2024-08-15","isFullCredit":false},{"lineNumber":7,"author":{"gitId":"-"},"content":"public class Zaibot {","lastModifiedDate":"2024-08-15","isFullCredit":false},{"lineNumber":8,"author":{"gitId":"-"},"content":"","lastModifiedDate":"2024-08-15","isFullCredit":false},{"lineNumber":9,"author":{"gitId":"zaidansani"},"content":"    private static final Storage storage \u003d new Storage();","lastModifiedDate":"2024-08-23","isFullCredit":false},{"lineNumber":10,"author":{"gitId":"zaidansani"},"content":"","lastModifiedDate":"2024-08-16","isFullCredit":false},{"lineNumber":11,"author":{"gitId":"zaidansani"},"content":"    /**","lastModifiedDate":"2024-08-16","isFullCredit":false},{"lineNumber":12,"author":{"gitId":"zaidansani"},"content":"     * Prints a message, with the horizontal line above and below it","lastModifiedDate":"2024-08-16","isFullCredit":false},{"lineNumber":13,"author":{"gitId":"zaidansani"},"content":"     * @param message   The message to be printed","lastModifiedDate":"2024-08-16","isFullCredit":false},{"lineNumber":14,"author":{"gitId":"zaidansani"},"content":"     */","lastModifiedDate":"2024-08-16","isFullCredit":false},{"lineNumber":15,"author":{"gitId":"-"},"content":"    public static void printMessage(String message) {","lastModifiedDate":"2024-08-15","isFullCredit":false},{"lineNumber":16,"author":{"gitId":"zaidansani"},"content":"        String line \u003d \"-----------------------------------------------------------\\n\";","lastModifiedDate":"2024-08-16","isFullCredit":false},{"lineNumber":17,"author":{"gitId":"-"},"content":"        System.out.println(line + message + line);","lastModifiedDate":"2024-08-15","isFullCredit":false},{"lineNumber":18,"author":{"gitId":"-"},"content":"    }","lastModifiedDate":"2024-08-15","isFullCredit":false},{"lineNumber":19,"author":{"gitId":"-"},"content":"","lastModifiedDate":"2024-08-15","isFullCredit":false},{"lineNumber":20,"author":{"gitId":"zaidansani"},"content":"    /**","lastModifiedDate":"2024-08-16","isFullCredit":false},{"lineNumber":21,"author":{"gitId":"zaidansani"},"content":"     * This takes a command split by spaces, and processes them into separate commands","lastModifiedDate":"2024-08-16","isFullCredit":false},{"lineNumber":22,"author":{"gitId":"zaidansani"},"content":"     * The Hashmap returned contains key-value pairs of {parameter name: argument value}","lastModifiedDate":"2024-08-23","isFullCredit":false},{"lineNumber":23,"author":{"gitId":"zaidansani"},"content":"     *","lastModifiedDate":"2024-08-16","isFullCredit":false},{"lineNumber":24,"author":{"gitId":"zaidansani"},"content":"     * @param command A command","lastModifiedDate":"2024-08-18","isFullCredit":false},{"lineNumber":25,"author":{"gitId":"zaidansani"},"content":"     * @return A Hashmap\u003cString, String\u003e where the key is the parameter name, and the value is the argument.","lastModifiedDate":"2024-08-23","isFullCredit":false},{"lineNumber":26,"author":{"gitId":"zaidansani"},"content":"     */","lastModifiedDate":"2024-08-16","isFullCredit":false},{"lineNumber":27,"author":{"gitId":"zaidansani"},"content":"    public static HashMap\u003cString, String\u003e processAddOptions(String command) throws ZaibotException {","lastModifiedDate":"2024-08-18","isFullCredit":false},{"lineNumber":28,"author":{"gitId":"zaidansani"},"content":"        HashMap\u003cString, String\u003e arguments \u003d new HashMap\u003c\u003e();","lastModifiedDate":"2024-08-18","isFullCredit":false},{"lineNumber":29,"author":{"gitId":"zaidansani"},"content":"","lastModifiedDate":"2024-08-16","isFullCredit":false},{"lineNumber":30,"author":{"gitId":"zaidansani"},"content":"        if (command.indexOf(\u0027 \u0027) \u003d\u003d -1) {","lastModifiedDate":"2024-08-18","isFullCredit":false},{"lineNumber":31,"author":{"gitId":"zaidansani"},"content":"            throw new ZaibotException(\"Name cannot be empty.\");","lastModifiedDate":"2024-08-18","isFullCredit":false},{"lineNumber":32,"author":{"gitId":"zaidansani"},"content":"        }","lastModifiedDate":"2024-08-16","isFullCredit":false},{"lineNumber":33,"author":{"gitId":"zaidansani"},"content":"","lastModifiedDate":"2024-08-16","isFullCredit":false},{"lineNumber":34,"author":{"gitId":"zaidansani"},"content":"        String optionString \u003d command.substring(command.indexOf(\u0027 \u0027));","lastModifiedDate":"2024-08-18","isFullCredit":false},{"lineNumber":35,"author":{"gitId":"zaidansani"},"content":"        String[] options \u003d optionString.split(\" /\");","lastModifiedDate":"2024-08-18","isFullCredit":false},{"lineNumber":36,"author":{"gitId":"zaidansani"},"content":"","lastModifiedDate":"2024-08-18","isFullCredit":false},{"lineNumber":37,"author":{"gitId":"zaidansani"},"content":"        if (optionString.isEmpty() || options[0].isEmpty()) {","lastModifiedDate":"2024-08-18","isFullCredit":false},{"lineNumber":38,"author":{"gitId":"zaidansani"},"content":"            throw new ZaibotException(\"Name cannot be empty.\");","lastModifiedDate":"2024-08-18","isFullCredit":false},{"lineNumber":39,"author":{"gitId":"zaidansani"},"content":"        }","lastModifiedDate":"2024-08-16","isFullCredit":false},{"lineNumber":40,"author":{"gitId":"zaidansani"},"content":"        arguments.put(\"name\", options[0].trim());","lastModifiedDate":"2024-08-18","isFullCredit":false},{"lineNumber":41,"author":{"gitId":"zaidansani"},"content":"","lastModifiedDate":"2024-08-18","isFullCredit":false},{"lineNumber":42,"author":{"gitId":"zaidansani"},"content":"        for (int i \u003d 1; i \u003c options.length; i++) {","lastModifiedDate":"2024-08-18","isFullCredit":false},{"lineNumber":43,"author":{"gitId":"zaidansani"},"content":"            String option \u003d options[i];","lastModifiedDate":"2024-08-18","isFullCredit":false},{"lineNumber":44,"author":{"gitId":"zaidansani"},"content":"            String optionName \u003d option.substring(0, option.indexOf(\u0027 \u0027)).trim();","lastModifiedDate":"2024-08-18","isFullCredit":false},{"lineNumber":45,"author":{"gitId":"zaidansani"},"content":"            String optionValue \u003d option.substring(option.indexOf(\u0027 \u0027)).trim();","lastModifiedDate":"2024-08-18","isFullCredit":false},{"lineNumber":46,"author":{"gitId":"zaidansani"},"content":"            if (optionValue.isEmpty()) {","lastModifiedDate":"2024-08-18","isFullCredit":false},{"lineNumber":47,"author":{"gitId":"zaidansani"},"content":"                throw new ZaibotException(String.format(\"Option %s cannot be empty.\", optionName));","lastModifiedDate":"2024-08-18","isFullCredit":false},{"lineNumber":48,"author":{"gitId":"zaidansani"},"content":"            }","lastModifiedDate":"2024-08-18","isFullCredit":false},{"lineNumber":49,"author":{"gitId":"zaidansani"},"content":"            arguments.put(optionName, optionValue);","lastModifiedDate":"2024-08-18","isFullCredit":false},{"lineNumber":50,"author":{"gitId":"zaidansani"},"content":"        }","lastModifiedDate":"2024-08-16","isFullCredit":false},{"lineNumber":51,"author":{"gitId":"zaidansani"},"content":"","lastModifiedDate":"2024-08-16","isFullCredit":false},{"lineNumber":52,"author":{"gitId":"zaidansani"},"content":"        return arguments;","lastModifiedDate":"2024-08-18","isFullCredit":false},{"lineNumber":53,"author":{"gitId":"zaidansani"},"content":"    }","lastModifiedDate":"2024-08-16","isFullCredit":false},{"lineNumber":54,"author":{"gitId":"zaidansani"},"content":"","lastModifiedDate":"2024-08-16","isFullCredit":false},{"lineNumber":55,"author":{"gitId":"zaidansani"},"content":"    /**","lastModifiedDate":"2024-08-23","isFullCredit":false},{"lineNumber":56,"author":{"gitId":"zaidansani"},"content":"     * Processes a task addition given the command and the task name.","lastModifiedDate":"2024-08-23","isFullCredit":false},{"lineNumber":57,"author":{"gitId":"zaidansani"},"content":"     * @param command The full length command","lastModifiedDate":"2024-08-23","isFullCredit":false},{"lineNumber":58,"author":{"gitId":"zaidansani"},"content":"     * @param taskName The name of the task","lastModifiedDate":"2024-08-23","isFullCredit":false},{"lineNumber":59,"author":{"gitId":"zaidansani"},"content":"     * @throws ZaibotException throws errors if command is not following the syntax","lastModifiedDate":"2024-08-23","isFullCredit":false},{"lineNumber":60,"author":{"gitId":"zaidansani"},"content":"     */","lastModifiedDate":"2024-08-23","isFullCredit":false},{"lineNumber":61,"author":{"gitId":"zaidansani"},"content":"    public static void addTask(String command, String taskName) throws ZaibotException{","lastModifiedDate":"2024-08-18","isFullCredit":false},{"lineNumber":62,"author":{"gitId":"zaidansani"},"content":"        String taskAddMessage \u003d \"Got it. I\u0027ve added this task\\n\";","lastModifiedDate":"2024-08-16","isFullCredit":false},{"lineNumber":63,"author":{"gitId":"zaidansani"},"content":"        String taskTotalMessage \u003d \"Now you have %d tasks in the list.\\n\";","lastModifiedDate":"2024-08-16","isFullCredit":false},{"lineNumber":64,"author":{"gitId":"zaidansani"},"content":"","lastModifiedDate":"2024-08-18","isFullCredit":false},{"lineNumber":65,"author":{"gitId":"zaidansani"},"content":"        HashMap\u003cString, String\u003e allOptions \u003d processAddOptions(command);","lastModifiedDate":"2024-08-18","isFullCredit":false},{"lineNumber":66,"author":{"gitId":"zaidansani"},"content":"        Task task;","lastModifiedDate":"2024-08-18","isFullCredit":false},{"lineNumber":67,"author":{"gitId":"zaidansani"},"content":"","lastModifiedDate":"2024-08-18","isFullCredit":false},{"lineNumber":68,"author":{"gitId":"zaidansani"},"content":"        String name \u003d allOptions.get(\"name\");","lastModifiedDate":"2024-08-18","isFullCredit":false},{"lineNumber":69,"author":{"gitId":"zaidansani"},"content":"","lastModifiedDate":"2024-08-18","isFullCredit":false},{"lineNumber":70,"author":{"gitId":"zaidansani"},"content":"        DateTimeFormatter formatter \u003d DateTimeFormatter.ofPattern(\"yyyy-MM-dd HH:mm\");","lastModifiedDate":"2024-08-23","isFullCredit":false},{"lineNumber":71,"author":{"gitId":"zaidansani"},"content":"","lastModifiedDate":"2024-08-23","isFullCredit":false},{"lineNumber":72,"author":{"gitId":"zaidansani"},"content":"        switch (taskName) {","lastModifiedDate":"2024-08-18","isFullCredit":false},{"lineNumber":73,"author":{"gitId":"zaidansani"},"content":"            case \"todo\":","lastModifiedDate":"2024-08-18","isFullCredit":false},{"lineNumber":74,"author":{"gitId":"zaidansani"},"content":"                task \u003d new ToDoTask(name);","lastModifiedDate":"2024-08-18","isFullCredit":false},{"lineNumber":75,"author":{"gitId":"zaidansani"},"content":"                break;","lastModifiedDate":"2024-08-18","isFullCredit":false},{"lineNumber":76,"author":{"gitId":"zaidansani"},"content":"            case \"deadline\":","lastModifiedDate":"2024-08-18","isFullCredit":false},{"lineNumber":77,"author":{"gitId":"zaidansani"},"content":"                if (!allOptions.containsKey(\"by\")) {","lastModifiedDate":"2024-08-18","isFullCredit":false},{"lineNumber":78,"author":{"gitId":"zaidansani"},"content":"                    throw new ZaibotException(\"Deadline must have option /by.\");","lastModifiedDate":"2024-08-18","isFullCredit":false},{"lineNumber":79,"author":{"gitId":"zaidansani"},"content":"                }","lastModifiedDate":"2024-08-18","isFullCredit":false},{"lineNumber":80,"author":{"gitId":"zaidansani"},"content":"                String by \u003d allOptions.get(\"by\");","lastModifiedDate":"2024-08-18","isFullCredit":false},{"lineNumber":81,"author":{"gitId":"zaidansani"},"content":"                task \u003d new DeadlineTask(name, LocalDateTime.parse(by, formatter));","lastModifiedDate":"2024-08-23","isFullCredit":false},{"lineNumber":82,"author":{"gitId":"zaidansani"},"content":"                break;","lastModifiedDate":"2024-08-18","isFullCredit":false},{"lineNumber":83,"author":{"gitId":"zaidansani"},"content":"            case \"event\":","lastModifiedDate":"2024-08-18","isFullCredit":false},{"lineNumber":84,"author":{"gitId":"zaidansani"},"content":"                if (!allOptions.containsKey(\"from\") || !allOptions.containsKey(\"to\")) {","lastModifiedDate":"2024-08-18","isFullCredit":false},{"lineNumber":85,"author":{"gitId":"zaidansani"},"content":"                    throw new ZaibotException(\"Event must have option /from and /to.\");","lastModifiedDate":"2024-08-18","isFullCredit":false},{"lineNumber":86,"author":{"gitId":"zaidansani"},"content":"                }","lastModifiedDate":"2024-08-18","isFullCredit":false},{"lineNumber":87,"author":{"gitId":"zaidansani"},"content":"                String from \u003d allOptions.get(\"from\");","lastModifiedDate":"2024-08-18","isFullCredit":false},{"lineNumber":88,"author":{"gitId":"zaidansani"},"content":"                String to \u003d allOptions.get(\"to\");","lastModifiedDate":"2024-08-18","isFullCredit":false},{"lineNumber":89,"author":{"gitId":"zaidansani"},"content":"                task \u003d new EventTask(name,","lastModifiedDate":"2024-08-23","isFullCredit":false},{"lineNumber":90,"author":{"gitId":"zaidansani"},"content":"                        LocalDateTime.parse(from, formatter),","lastModifiedDate":"2024-08-23","isFullCredit":false},{"lineNumber":91,"author":{"gitId":"zaidansani"},"content":"                        LocalDateTime.parse(to, formatter));","lastModifiedDate":"2024-08-23","isFullCredit":false},{"lineNumber":92,"author":{"gitId":"zaidansani"},"content":"                break;","lastModifiedDate":"2024-08-18","isFullCredit":false},{"lineNumber":93,"author":{"gitId":"zaidansani"},"content":"            default:","lastModifiedDate":"2024-08-18","isFullCredit":false},{"lineNumber":94,"author":{"gitId":"zaidansani"},"content":"                throw new ZaibotException(\"Invalid task\");","lastModifiedDate":"2024-08-18","isFullCredit":false},{"lineNumber":95,"author":{"gitId":"zaidansani"},"content":"        }","lastModifiedDate":"2024-08-18","isFullCredit":false},{"lineNumber":96,"author":{"gitId":"zaidansani"},"content":"        Storage.addTask(task);","lastModifiedDate":"2024-08-23","isFullCredit":false},{"lineNumber":97,"author":{"gitId":"zaidansani"},"content":"        printMessage(taskAddMessage + task.toString() + \"\\n\" +","lastModifiedDate":"2024-08-16","isFullCredit":false},{"lineNumber":98,"author":{"gitId":"zaidansani"},"content":"                String.format(taskTotalMessage, Storage.getNumberOfTasks()));","lastModifiedDate":"2024-08-23","isFullCredit":false},{"lineNumber":99,"author":{"gitId":"zaidansani"},"content":"    }","lastModifiedDate":"2024-08-16","isFullCredit":false},{"lineNumber":100,"author":{"gitId":"zaidansani"},"content":"","lastModifiedDate":"2024-08-16","isFullCredit":false},{"lineNumber":101,"author":{"gitId":"zaidansani"},"content":"    /**","lastModifiedDate":"2024-08-16","isFullCredit":false},{"lineNumber":102,"author":{"gitId":"zaidansani"},"content":"     * Processes a command, based on the input.","lastModifiedDate":"2024-08-16","isFullCredit":false},{"lineNumber":103,"author":{"gitId":"zaidansani"},"content":"     * @param command The command input","lastModifiedDate":"2024-08-16","isFullCredit":false},{"lineNumber":104,"author":{"gitId":"zaidansani"},"content":"     */","lastModifiedDate":"2024-08-16","isFullCredit":false},{"lineNumber":105,"author":{"gitId":"zaidansani"},"content":"    public static void processCommand(String command) throws ZaibotException {","lastModifiedDate":"2024-08-18","isFullCredit":false},{"lineNumber":106,"author":{"gitId":"-"},"content":"        String goodbyeMessage \u003d \"Bye. Hope to see you again soon!\\n\";","lastModifiedDate":"2024-08-15","isFullCredit":false},{"lineNumber":107,"author":{"gitId":"zaidansani"},"content":"        String markTaskMessage \u003d \"Nice! I\u0027ve marked this task as done:\\n\";","lastModifiedDate":"2024-08-16","isFullCredit":false},{"lineNumber":108,"author":{"gitId":"zaidansani"},"content":"        String unmarkTaskMessage \u003d \"OK, I\u0027ve marked this task as not done yet:\\n\";","lastModifiedDate":"2024-08-16","isFullCredit":false},{"lineNumber":109,"author":{"gitId":"zaidansani"},"content":"        String taskListMessage \u003d \"Here are the tasks in your list:\\n\";","lastModifiedDate":"2024-08-16","isFullCredit":false},{"lineNumber":110,"author":{"gitId":"zaidansani"},"content":"        String deleteTaskMessage \u003d \"Noted. I\u0027ve removed this task.\\n\";","lastModifiedDate":"2024-08-18","isFullCredit":false},{"lineNumber":111,"author":{"gitId":"zaidansani"},"content":"","lastModifiedDate":"2024-08-16","isFullCredit":false},{"lineNumber":112,"author":{"gitId":"zaidansani"},"content":"        String[] options \u003d command.split(\"\\\\s+\");","lastModifiedDate":"2024-08-16","isFullCredit":false},{"lineNumber":113,"author":{"gitId":"zaidansani"},"content":"","lastModifiedDate":"2024-08-16","isFullCredit":false},{"lineNumber":114,"author":{"gitId":"zaidansani"},"content":"        Task current;","lastModifiedDate":"2024-08-16","isFullCredit":false},{"lineNumber":115,"author":{"gitId":"zaidansani"},"content":"","lastModifiedDate":"2024-08-16","isFullCredit":false},{"lineNumber":116,"author":{"gitId":"zaidansani"},"content":"        switch (options[0]) {","lastModifiedDate":"2024-08-16","isFullCredit":false},{"lineNumber":117,"author":{"gitId":"-"},"content":"            case \"bye\":","lastModifiedDate":"2024-08-15","isFullCredit":false},{"lineNumber":118,"author":{"gitId":"-"},"content":"                printMessage(goodbyeMessage);","lastModifiedDate":"2024-08-15","isFullCredit":false},{"lineNumber":119,"author":{"gitId":"-"},"content":"                break;","lastModifiedDate":"2024-08-15","isFullCredit":false},{"lineNumber":120,"author":{"gitId":"zaidansani"},"content":"            case \"list\":","lastModifiedDate":"2024-08-16","isFullCredit":false},{"lineNumber":121,"author":{"gitId":"zaidansani"},"content":"                printMessage(taskListMessage + tasksListToString());","lastModifiedDate":"2024-08-16","isFullCredit":false},{"lineNumber":122,"author":{"gitId":"zaidansani"},"content":"                break;","lastModifiedDate":"2024-08-16","isFullCredit":false},{"lineNumber":123,"author":{"gitId":"zaidansani"},"content":"            case \"mark\":","lastModifiedDate":"2024-08-16","isFullCredit":false},{"lineNumber":124,"author":{"gitId":"zaidansani"},"content":"                current \u003d Storage.getTask(Integer.parseInt(options[1]));","lastModifiedDate":"2024-08-23","isFullCredit":false},{"lineNumber":125,"author":{"gitId":"zaidansani"},"content":"                current.setCompletionStatus(true);","lastModifiedDate":"2024-08-16","isFullCredit":false},{"lineNumber":126,"author":{"gitId":"zaidansani"},"content":"                printMessage(markTaskMessage + current.toString() + \"\\n\");","lastModifiedDate":"2024-08-16","isFullCredit":false},{"lineNumber":127,"author":{"gitId":"zaidansani"},"content":"                break;","lastModifiedDate":"2024-08-16","isFullCredit":false},{"lineNumber":128,"author":{"gitId":"zaidansani"},"content":"            case \"unmark\":","lastModifiedDate":"2024-08-16","isFullCredit":false},{"lineNumber":129,"author":{"gitId":"zaidansani"},"content":"                current \u003d Storage.getTask(Integer.parseInt(options[1]));","lastModifiedDate":"2024-08-23","isFullCredit":false},{"lineNumber":130,"author":{"gitId":"zaidansani"},"content":"                current.setCompletionStatus(false);","lastModifiedDate":"2024-08-16","isFullCredit":false},{"lineNumber":131,"author":{"gitId":"zaidansani"},"content":"                printMessage(unmarkTaskMessage + current.toString() + \"\\n\");","lastModifiedDate":"2024-08-16","isFullCredit":false},{"lineNumber":132,"author":{"gitId":"zaidansani"},"content":"                break;","lastModifiedDate":"2024-08-16","isFullCredit":false},{"lineNumber":133,"author":{"gitId":"zaidansani"},"content":"            case \"delete\":","lastModifiedDate":"2024-08-18","isFullCredit":false},{"lineNumber":134,"author":{"gitId":"zaidansani"},"content":"                current \u003d Storage.removeTask(Integer.parseInt(options[1]));","lastModifiedDate":"2024-08-23","isFullCredit":false},{"lineNumber":135,"author":{"gitId":"zaidansani"},"content":"                printMessage(String.format(\"%s %s\\nNow you have %d tasks in the list.\\n\",","lastModifiedDate":"2024-08-18","isFullCredit":false},{"lineNumber":136,"author":{"gitId":"zaidansani"},"content":"                        deleteTaskMessage, current.toString(), Storage.getNumberOfTasks())","lastModifiedDate":"2024-08-23","isFullCredit":false},{"lineNumber":137,"author":{"gitId":"zaidansani"},"content":"                );","lastModifiedDate":"2024-08-18","isFullCredit":false},{"lineNumber":138,"author":{"gitId":"zaidansani"},"content":"                break;","lastModifiedDate":"2024-08-18","isFullCredit":false},{"lineNumber":139,"author":{"gitId":"zaidansani"},"content":"            case \"todo\":","lastModifiedDate":"2024-08-16","isFullCredit":false},{"lineNumber":140,"author":{"gitId":"zaidansani"},"content":"            case \"deadline\":","lastModifiedDate":"2024-08-16","isFullCredit":false},{"lineNumber":141,"author":{"gitId":"zaidansani"},"content":"            case \"event\":","lastModifiedDate":"2024-08-16","isFullCredit":false},{"lineNumber":142,"author":{"gitId":"zaidansani"},"content":"                addTask(command, options[0]);","lastModifiedDate":"2024-08-18","isFullCredit":false},{"lineNumber":143,"author":{"gitId":"zaidansani"},"content":"                break;","lastModifiedDate":"2024-08-16","isFullCredit":false},{"lineNumber":144,"author":{"gitId":"-"},"content":"            default:","lastModifiedDate":"2024-08-15","isFullCredit":false},{"lineNumber":145,"author":{"gitId":"zaidansani"},"content":"                throw new ZaibotException(\"Invalid command.\\n\");","lastModifiedDate":"2024-08-18","isFullCredit":false},{"lineNumber":146,"author":{"gitId":"zaidansani"},"content":"        }","lastModifiedDate":"2024-08-16","isFullCredit":false},{"lineNumber":147,"author":{"gitId":"zaidansani"},"content":"    }","lastModifiedDate":"2024-08-16","isFullCredit":false},{"lineNumber":148,"author":{"gitId":"zaidansani"},"content":"","lastModifiedDate":"2024-08-16","isFullCredit":false},{"lineNumber":149,"author":{"gitId":"zaidansani"},"content":"    /**","lastModifiedDate":"2024-08-16","isFullCredit":false},{"lineNumber":150,"author":{"gitId":"zaidansani"},"content":"     * Takes in the list of tasks, and converts it into a string.","lastModifiedDate":"2024-08-16","isFullCredit":false},{"lineNumber":151,"author":{"gitId":"zaidansani"},"content":"     * @return A string of all the tasks, enumerated.","lastModifiedDate":"2024-08-16","isFullCredit":false},{"lineNumber":152,"author":{"gitId":"zaidansani"},"content":"     */","lastModifiedDate":"2024-08-16","isFullCredit":false},{"lineNumber":153,"author":{"gitId":"zaidansani"},"content":"    public static String tasksListToString() {","lastModifiedDate":"2024-08-16","isFullCredit":false},{"lineNumber":154,"author":{"gitId":"zaidansani"},"content":"        StringBuilder result \u003d new StringBuilder();","lastModifiedDate":"2024-08-16","isFullCredit":false},{"lineNumber":155,"author":{"gitId":"zaidansani"},"content":"        for (int i \u003d 1; i \u003c\u003d Storage.getNumberOfTasks(); i++) {","lastModifiedDate":"2024-08-23","isFullCredit":false},{"lineNumber":156,"author":{"gitId":"zaidansani"},"content":"            Task task \u003d Storage.getTask(i);","lastModifiedDate":"2024-08-23","isFullCredit":false},{"lineNumber":157,"author":{"gitId":"zaidansani"},"content":"            result.append(i).append(\". \").append(task.toString()).append(\"\\n\");","lastModifiedDate":"2024-08-23","isFullCredit":false},{"lineNumber":158,"author":{"gitId":"-"},"content":"        }","lastModifiedDate":"2024-08-15","isFullCredit":false},{"lineNumber":159,"author":{"gitId":"zaidansani"},"content":"        return result.toString();","lastModifiedDate":"2024-08-16","isFullCredit":false},{"lineNumber":160,"author":{"gitId":"-"},"content":"    }","lastModifiedDate":"2024-08-15","isFullCredit":false},{"lineNumber":161,"author":{"gitId":"-"},"content":"","lastModifiedDate":"2024-08-15","isFullCredit":false},{"lineNumber":162,"author":{"gitId":"-"},"content":"    public static void main(String[] args) {","lastModifiedDate":"2024-08-15","isFullCredit":false},{"lineNumber":163,"author":{"gitId":"-"},"content":"        String greetingMessage \u003d \"Hello! I\u0027m zAIbot.\\nWhat can I do for you?\\n\";","lastModifiedDate":"2024-08-15","isFullCredit":false},{"lineNumber":164,"author":{"gitId":"-"},"content":"        printMessage(greetingMessage);","lastModifiedDate":"2024-08-15","isFullCredit":false},{"lineNumber":165,"author":{"gitId":"-"},"content":"","lastModifiedDate":"2024-08-15","isFullCredit":false},{"lineNumber":166,"author":{"gitId":"-"},"content":"        String currentCommand \u003d \"\";","lastModifiedDate":"2024-08-15","isFullCredit":false},{"lineNumber":167,"author":{"gitId":"-"},"content":"        Scanner input \u003d new Scanner(System.in);","lastModifiedDate":"2024-08-15","isFullCredit":false},{"lineNumber":168,"author":{"gitId":"-"},"content":"","lastModifiedDate":"2024-08-16","isFullCredit":false},{"lineNumber":169,"author":{"gitId":"zaidansani"},"content":"        while (!currentCommand.equals(\"bye\") \u0026\u0026 input.hasNextLine()) {","lastModifiedDate":"2024-08-16","isFullCredit":false},{"lineNumber":170,"author":{"gitId":"-"},"content":"            currentCommand \u003d input.nextLine();","lastModifiedDate":"2024-08-15","isFullCredit":false},{"lineNumber":171,"author":{"gitId":"zaidansani"},"content":"            try {","lastModifiedDate":"2024-08-18","isFullCredit":false},{"lineNumber":172,"author":{"gitId":"zaidansani"},"content":"                processCommand(currentCommand);","lastModifiedDate":"2024-08-16","isFullCredit":false},{"lineNumber":173,"author":{"gitId":"zaidansani"},"content":"                storage.saveToFile();","lastModifiedDate":"2024-08-23","isFullCredit":false},{"lineNumber":174,"author":{"gitId":"-"},"content":"            }","lastModifiedDate":"2024-08-15","isFullCredit":false},{"lineNumber":175,"author":{"gitId":"zaidansani"},"content":"            catch (ZaibotException exception) {","lastModifiedDate":"2024-08-18","isFullCredit":false},{"lineNumber":176,"author":{"gitId":"zaidansani"},"content":"                printMessage(exception.getMessage());","lastModifiedDate":"2024-08-18","isFullCredit":false},{"lineNumber":177,"author":{"gitId":"zaidansani"},"content":"            }","lastModifiedDate":"2024-08-18","isFullCredit":false},{"lineNumber":178,"author":{"gitId":"-"},"content":"        }","lastModifiedDate":"2024-08-18","isFullCredit":false},{"lineNumber":179,"author":{"gitId":"-"},"content":"","lastModifiedDate":"2024-08-15","isFullCredit":false},{"lineNumber":180,"author":{"gitId":"-"},"content":"    }","lastModifiedDate":"2024-08-15","isFullCredit":false},{"lineNumber":181,"author":{"gitId":"-"},"content":"}","lastModifiedDate":"2024-08-15","isFullCredit":false}],"authorContributionMap":{"zaidansani":152,"-":29}},{"path":"src/main/java/ZaibotException.java","fileType":"java","lines":[{"lineNumber":1,"author":{"gitId":"zaidansani"},"content":"public class ZaibotException extends Exception {","lastModifiedDate":"2024-08-18","isFullCredit":false},{"lineNumber":2,"author":{"gitId":"zaidansani"},"content":"    public ZaibotException(String message) {","lastModifiedDate":"2024-08-18","isFullCredit":false},{"lineNumber":3,"author":{"gitId":"zaidansani"},"content":"        super(message + \"\\n\");","lastModifiedDate":"2024-08-18","isFullCredit":false},{"lineNumber":4,"author":{"gitId":"zaidansani"},"content":"    }","lastModifiedDate":"2024-08-18","isFullCredit":false},{"lineNumber":5,"author":{"gitId":"zaidansani"},"content":"}","lastModifiedDate":"2024-08-18","isFullCredit":false}],"authorContributionMap":{"zaidansani":5}},{"path":"text-ui-test/EXPECTED.txt","fileType":"txt","lines":[{"lineNumber":1,"author":{"gitId":"zaidansani"},"content":"-----------------------------------------------------------","lastModifiedDate":"2024-08-23","isFullCredit":false},{"lineNumber":2,"author":{"gitId":"zaidansani"},"content":"Hello! I\u0027m zAIbot.","lastModifiedDate":"2024-08-23","isFullCredit":false},{"lineNumber":3,"author":{"gitId":"zaidansani"},"content":"What can I do for you?","lastModifiedDate":"2024-08-23","isFullCredit":false},{"lineNumber":4,"author":{"gitId":"zaidansani"},"content":"-----------------------------------------------------------","lastModifiedDate":"2024-08-23","isFullCredit":false},{"lineNumber":5,"author":{"gitId":"zaidansani"},"content":"","lastModifiedDate":"2024-08-23","isFullCredit":false},{"lineNumber":6,"author":{"gitId":"zaidansani"},"content":"-----------------------------------------------------------","lastModifiedDate":"2024-08-23","isFullCredit":false},{"lineNumber":7,"author":{"gitId":"zaidansani"},"content":"Here are the tasks in your list:","lastModifiedDate":"2024-08-23","isFullCredit":false},{"lineNumber":8,"author":{"gitId":"zaidansani"},"content":"-----------------------------------------------------------","lastModifiedDate":"2024-08-23","isFullCredit":false},{"lineNumber":9,"author":{"gitId":"zaidansani"},"content":"","lastModifiedDate":"2024-08-23","isFullCredit":false},{"lineNumber":10,"author":{"gitId":"zaidansani"},"content":"-----------------------------------------------------------","lastModifiedDate":"2024-08-23","isFullCredit":false},{"lineNumber":11,"author":{"gitId":"zaidansani"},"content":"Got it. I\u0027ve added this task","lastModifiedDate":"2024-08-23","isFullCredit":false},{"lineNumber":12,"author":{"gitId":"zaidansani"},"content":"[T][ ] one","lastModifiedDate":"2024-08-23","isFullCredit":false},{"lineNumber":13,"author":{"gitId":"zaidansani"},"content":"Now you have 1 tasks in the list.","lastModifiedDate":"2024-08-23","isFullCredit":false},{"lineNumber":14,"author":{"gitId":"zaidansani"},"content":"-----------------------------------------------------------","lastModifiedDate":"2024-08-23","isFullCredit":false},{"lineNumber":15,"author":{"gitId":"zaidansani"},"content":"","lastModifiedDate":"2024-08-23","isFullCredit":false},{"lineNumber":16,"author":{"gitId":"zaidansani"},"content":"-----------------------------------------------------------","lastModifiedDate":"2024-08-23","isFullCredit":false},{"lineNumber":17,"author":{"gitId":"zaidansani"},"content":"Got it. I\u0027ve added this task","lastModifiedDate":"2024-08-23","isFullCredit":false},{"lineNumber":18,"author":{"gitId":"zaidansani"},"content":"[D][ ] two (by: Jan 01 2024 1200)","lastModifiedDate":"2024-08-23","isFullCredit":false},{"lineNumber":19,"author":{"gitId":"zaidansani"},"content":"Now you have 2 tasks in the list.","lastModifiedDate":"2024-08-23","isFullCredit":false},{"lineNumber":20,"author":{"gitId":"zaidansani"},"content":"-----------------------------------------------------------","lastModifiedDate":"2024-08-23","isFullCredit":false},{"lineNumber":21,"author":{"gitId":"zaidansani"},"content":"","lastModifiedDate":"2024-08-23","isFullCredit":false},{"lineNumber":22,"author":{"gitId":"zaidansani"},"content":"-----------------------------------------------------------","lastModifiedDate":"2024-08-23","isFullCredit":false},{"lineNumber":23,"author":{"gitId":"zaidansani"},"content":"Here are the tasks in your list:","lastModifiedDate":"2024-08-23","isFullCredit":false},{"lineNumber":24,"author":{"gitId":"zaidansani"},"content":"1. [T][ ] one","lastModifiedDate":"2024-08-23","isFullCredit":false},{"lineNumber":25,"author":{"gitId":"zaidansani"},"content":"2. [D][ ] two (by: Jan 01 2024 1200)","lastModifiedDate":"2024-08-23","isFullCredit":false},{"lineNumber":26,"author":{"gitId":"zaidansani"},"content":"-----------------------------------------------------------","lastModifiedDate":"2024-08-23","isFullCredit":false},{"lineNumber":27,"author":{"gitId":"zaidansani"},"content":"","lastModifiedDate":"2024-08-23","isFullCredit":false},{"lineNumber":28,"author":{"gitId":"zaidansani"},"content":"-----------------------------------------------------------","lastModifiedDate":"2024-08-23","isFullCredit":false},{"lineNumber":29,"author":{"gitId":"zaidansani"},"content":"Got it. I\u0027ve added this task","lastModifiedDate":"2024-08-23","isFullCredit":false},{"lineNumber":30,"author":{"gitId":"zaidansani"},"content":"[E][ ] three (from: Apr 01 2024 1000 to: Jun 01 2024 1800)","lastModifiedDate":"2024-08-23","isFullCredit":false},{"lineNumber":31,"author":{"gitId":"zaidansani"},"content":"Now you have 3 tasks in the list.","lastModifiedDate":"2024-08-23","isFullCredit":false},{"lineNumber":32,"author":{"gitId":"zaidansani"},"content":"-----------------------------------------------------------","lastModifiedDate":"2024-08-23","isFullCredit":false},{"lineNumber":33,"author":{"gitId":"zaidansani"},"content":"","lastModifiedDate":"2024-08-23","isFullCredit":false},{"lineNumber":34,"author":{"gitId":"zaidansani"},"content":"-----------------------------------------------------------","lastModifiedDate":"2024-08-23","isFullCredit":false},{"lineNumber":35,"author":{"gitId":"zaidansani"},"content":"Nice! I\u0027ve marked this task as done:","lastModifiedDate":"2024-08-23","isFullCredit":false},{"lineNumber":36,"author":{"gitId":"zaidansani"},"content":"[T][X] one","lastModifiedDate":"2024-08-23","isFullCredit":false},{"lineNumber":37,"author":{"gitId":"zaidansani"},"content":"-----------------------------------------------------------","lastModifiedDate":"2024-08-23","isFullCredit":false},{"lineNumber":38,"author":{"gitId":"zaidansani"},"content":"","lastModifiedDate":"2024-08-23","isFullCredit":false},{"lineNumber":39,"author":{"gitId":"zaidansani"},"content":"-----------------------------------------------------------","lastModifiedDate":"2024-08-23","isFullCredit":false},{"lineNumber":40,"author":{"gitId":"zaidansani"},"content":"Nice! I\u0027ve marked this task as done:","lastModifiedDate":"2024-08-23","isFullCredit":false},{"lineNumber":41,"author":{"gitId":"zaidansani"},"content":"[D][X] two (by: Jan 01 2024 1200)","lastModifiedDate":"2024-08-23","isFullCredit":false},{"lineNumber":42,"author":{"gitId":"zaidansani"},"content":"-----------------------------------------------------------","lastModifiedDate":"2024-08-23","isFullCredit":false},{"lineNumber":43,"author":{"gitId":"zaidansani"},"content":"","lastModifiedDate":"2024-08-23","isFullCredit":false},{"lineNumber":44,"author":{"gitId":"zaidansani"},"content":"-----------------------------------------------------------","lastModifiedDate":"2024-08-23","isFullCredit":false},{"lineNumber":45,"author":{"gitId":"zaidansani"},"content":"Here are the tasks in your list:","lastModifiedDate":"2024-08-23","isFullCredit":false},{"lineNumber":46,"author":{"gitId":"zaidansani"},"content":"1. [T][X] one","lastModifiedDate":"2024-08-23","isFullCredit":false},{"lineNumber":47,"author":{"gitId":"zaidansani"},"content":"2. [D][X] two (by: Jan 01 2024 1200)","lastModifiedDate":"2024-08-23","isFullCredit":false},{"lineNumber":48,"author":{"gitId":"zaidansani"},"content":"3. [E][ ] three (from: Apr 01 2024 1000 to: Jun 01 2024 1800)","lastModifiedDate":"2024-08-23","isFullCredit":false},{"lineNumber":49,"author":{"gitId":"zaidansani"},"content":"-----------------------------------------------------------","lastModifiedDate":"2024-08-23","isFullCredit":false},{"lineNumber":50,"author":{"gitId":"zaidansani"},"content":"","lastModifiedDate":"2024-08-23","isFullCredit":false},{"lineNumber":51,"author":{"gitId":"zaidansani"},"content":"-----------------------------------------------------------","lastModifiedDate":"2024-08-23","isFullCredit":false},{"lineNumber":52,"author":{"gitId":"zaidansani"},"content":"OK, I\u0027ve marked this task as not done yet:","lastModifiedDate":"2024-08-23","isFullCredit":false},{"lineNumber":53,"author":{"gitId":"zaidansani"},"content":"[T][ ] one","lastModifiedDate":"2024-08-23","isFullCredit":false},{"lineNumber":54,"author":{"gitId":"zaidansani"},"content":"-----------------------------------------------------------","lastModifiedDate":"2024-08-23","isFullCredit":false},{"lineNumber":55,"author":{"gitId":"zaidansani"},"content":"","lastModifiedDate":"2024-08-23","isFullCredit":false},{"lineNumber":56,"author":{"gitId":"zaidansani"},"content":"-----------------------------------------------------------","lastModifiedDate":"2024-08-23","isFullCredit":false},{"lineNumber":57,"author":{"gitId":"zaidansani"},"content":"Here are the tasks in your list:","lastModifiedDate":"2024-08-23","isFullCredit":false},{"lineNumber":58,"author":{"gitId":"zaidansani"},"content":"1. [T][ ] one","lastModifiedDate":"2024-08-23","isFullCredit":false},{"lineNumber":59,"author":{"gitId":"zaidansani"},"content":"2. [D][X] two (by: Jan 01 2024 1200)","lastModifiedDate":"2024-08-23","isFullCredit":false},{"lineNumber":60,"author":{"gitId":"zaidansani"},"content":"3. [E][ ] three (from: Apr 01 2024 1000 to: Jun 01 2024 1800)","lastModifiedDate":"2024-08-23","isFullCredit":false},{"lineNumber":61,"author":{"gitId":"zaidansani"},"content":"-----------------------------------------------------------","lastModifiedDate":"2024-08-23","isFullCredit":false},{"lineNumber":62,"author":{"gitId":"zaidansani"},"content":"","lastModifiedDate":"2024-08-23","isFullCredit":false},{"lineNumber":63,"author":{"gitId":"zaidansani"},"content":"-----------------------------------------------------------","lastModifiedDate":"2024-08-23","isFullCredit":false},{"lineNumber":64,"author":{"gitId":"zaidansani"},"content":"Bye. Hope to see you again soon!","lastModifiedDate":"2024-08-23","isFullCredit":false},{"lineNumber":65,"author":{"gitId":"zaidansani"},"content":"-----------------------------------------------------------","lastModifiedDate":"2024-08-23","isFullCredit":false},{"lineNumber":66,"author":{"gitId":"zaidansani"},"content":"","lastModifiedDate":"2024-08-23","isFullCredit":false}],"authorContributionMap":{"zaidansani":66}},{"path":"text-ui-test/input.txt","fileType":"txt","lines":[{"lineNumber":1,"author":{"gitId":"zaidansani"},"content":"list","lastModifiedDate":"2024-08-16","isFullCredit":false},{"lineNumber":2,"author":{"gitId":"zaidansani"},"content":"todo one","lastModifiedDate":"2024-08-16","isFullCredit":false},{"lineNumber":3,"author":{"gitId":"zaidansani"},"content":"deadline two /by 2024-01-01 12:00","lastModifiedDate":"2024-08-23","isFullCredit":false},{"lineNumber":4,"author":{"gitId":"zaidansani"},"content":"list","lastModifiedDate":"2024-08-16","isFullCredit":false},{"lineNumber":5,"author":{"gitId":"zaidansani"},"content":"event three /from 2024-04-01 10:00 /to 2024-06-01 18:00","lastModifiedDate":"2024-08-23","isFullCredit":false},{"lineNumber":6,"author":{"gitId":"zaidansani"},"content":"mark 1","lastModifiedDate":"2024-08-16","isFullCredit":false},{"lineNumber":7,"author":{"gitId":"zaidansani"},"content":"mark 2","lastModifiedDate":"2024-08-16","isFullCredit":false},{"lineNumber":8,"author":{"gitId":"zaidansani"},"content":"list","lastModifiedDate":"2024-08-16","isFullCredit":false},{"lineNumber":9,"author":{"gitId":"zaidansani"},"content":"unmark 1","lastModifiedDate":"2024-08-16","isFullCredit":false},{"lineNumber":10,"author":{"gitId":"zaidansani"},"content":"list","lastModifiedDate":"2024-08-16","isFullCredit":false},{"lineNumber":11,"author":{"gitId":"zaidansani"},"content":"bye","lastModifiedDate":"2024-08-16","isFullCredit":false}],"authorContributionMap":{"zaidansani":11}},{"path":"text-ui-test/runtest.sh","fileType":"sh","lines":[{"lineNumber":1,"author":{"gitId":"-"},"content":"#!/usr/bin/env bash","lastModifiedDate":"2020-05-25","isFullCredit":false},{"lineNumber":2,"author":{"gitId":"-"},"content":"","lastModifiedDate":"2020-05-25","isFullCredit":false},{"lineNumber":3,"author":{"gitId":"-"},"content":"# create bin directory if it doesn\u0027t exist","lastModifiedDate":"2020-05-25","isFullCredit":false},{"lineNumber":4,"author":{"gitId":"-"},"content":"if [ ! -d \"../bin\" ]","lastModifiedDate":"2020-05-25","isFullCredit":false},{"lineNumber":5,"author":{"gitId":"-"},"content":"then","lastModifiedDate":"2020-05-25","isFullCredit":false},{"lineNumber":6,"author":{"gitId":"-"},"content":"    mkdir ../bin","lastModifiedDate":"2020-05-25","isFullCredit":false},{"lineNumber":7,"author":{"gitId":"-"},"content":"fi","lastModifiedDate":"2020-05-25","isFullCredit":false},{"lineNumber":8,"author":{"gitId":"-"},"content":"","lastModifiedDate":"2020-05-25","isFullCredit":false},{"lineNumber":9,"author":{"gitId":"-"},"content":"# delete output from previous run","lastModifiedDate":"2020-05-25","isFullCredit":false},{"lineNumber":10,"author":{"gitId":"-"},"content":"if [ -e \"./ACTUAL.TXT\" ]","lastModifiedDate":"2020-05-25","isFullCredit":false},{"lineNumber":11,"author":{"gitId":"-"},"content":"then","lastModifiedDate":"2020-05-25","isFullCredit":false},{"lineNumber":12,"author":{"gitId":"-"},"content":"    rm ACTUAL.TXT","lastModifiedDate":"2020-05-25","isFullCredit":false},{"lineNumber":13,"author":{"gitId":"-"},"content":"fi","lastModifiedDate":"2020-05-25","isFullCredit":false},{"lineNumber":14,"author":{"gitId":"-"},"content":"","lastModifiedDate":"2020-05-25","isFullCredit":false},{"lineNumber":15,"author":{"gitId":"-"},"content":"# compile the code into the bin folder, terminates if error occurred","lastModifiedDate":"2020-05-25","isFullCredit":false},{"lineNumber":16,"author":{"gitId":"-"},"content":"if ! javac -cp ../src/main/java -Xlint:none -d ../bin ../src/main/java/*.java","lastModifiedDate":"2020-08-25","isFullCredit":false},{"lineNumber":17,"author":{"gitId":"-"},"content":"then","lastModifiedDate":"2020-05-25","isFullCredit":false},{"lineNumber":18,"author":{"gitId":"-"},"content":"    echo \"********** BUILD FAILURE **********\"","lastModifiedDate":"2020-05-25","isFullCredit":false},{"lineNumber":19,"author":{"gitId":"-"},"content":"    exit 1","lastModifiedDate":"2020-05-25","isFullCredit":false},{"lineNumber":20,"author":{"gitId":"-"},"content":"fi","lastModifiedDate":"2020-05-25","isFullCredit":false},{"lineNumber":21,"author":{"gitId":"-"},"content":"","lastModifiedDate":"2020-05-25","isFullCredit":false},{"lineNumber":22,"author":{"gitId":"zaidansani"},"content":"rm -f ../data/tasks.txt","lastModifiedDate":"2024-08-23","isFullCredit":false},{"lineNumber":23,"author":{"gitId":"-"},"content":"# run the program, feed commands from input.txt file and redirect the output to the ACTUAL.TXT","lastModifiedDate":"2020-05-25","isFullCredit":false},{"lineNumber":24,"author":{"gitId":"zaidansani"},"content":"java -classpath ../bin Zaibot \u003c input.txt \u003e ACTUAL.TXT","lastModifiedDate":"2024-08-16","isFullCredit":false},{"lineNumber":25,"author":{"gitId":"-"},"content":"","lastModifiedDate":"2020-05-25","isFullCredit":false},{"lineNumber":26,"author":{"gitId":"-"},"content":"# convert to UNIX format","lastModifiedDate":"2020-05-25","isFullCredit":false},{"lineNumber":27,"author":{"gitId":"-"},"content":"cp EXPECTED.TXT EXPECTED-UNIX.TXT","lastModifiedDate":"2020-05-25","isFullCredit":false},{"lineNumber":28,"author":{"gitId":"-"},"content":"dos2unix ACTUAL.TXT EXPECTED-UNIX.TXT","lastModifiedDate":"2020-05-25","isFullCredit":false},{"lineNumber":29,"author":{"gitId":"-"},"content":"","lastModifiedDate":"2020-05-25","isFullCredit":false},{"lineNumber":30,"author":{"gitId":"-"},"content":"# compare the output to the expected output","lastModifiedDate":"2020-05-25","isFullCredit":false},{"lineNumber":31,"author":{"gitId":"-"},"content":"diff ACTUAL.TXT EXPECTED-UNIX.TXT","lastModifiedDate":"2020-05-25","isFullCredit":false},{"lineNumber":32,"author":{"gitId":"-"},"content":"if [ $? -eq 0 ]","lastModifiedDate":"2020-05-25","isFullCredit":false},{"lineNumber":33,"author":{"gitId":"-"},"content":"then","lastModifiedDate":"2020-05-25","isFullCredit":false},{"lineNumber":34,"author":{"gitId":"-"},"content":"    echo \"Test result: PASSED\"","lastModifiedDate":"2020-05-25","isFullCredit":false},{"lineNumber":35,"author":{"gitId":"-"},"content":"    exit 0","lastModifiedDate":"2020-05-25","isFullCredit":false},{"lineNumber":36,"author":{"gitId":"-"},"content":"else","lastModifiedDate":"2020-05-25","isFullCredit":false},{"lineNumber":37,"author":{"gitId":"-"},"content":"    echo \"Test result: FAILED\"","lastModifiedDate":"2020-05-25","isFullCredit":false},{"lineNumber":38,"author":{"gitId":"-"},"content":"    exit 1","lastModifiedDate":"2020-05-25","isFullCredit":false},{"lineNumber":39,"author":{"gitId":"-"},"content":"fi","lastModifiedDate":"2020-05-25","isFullCredit":false}],"authorContributionMap":{"zaidansani":2,"-":37}}]
