[{"path":"src/main/java/Deadline.java","fileType":"java","lines":[{"lineNumber":1,"author":{"gitId":"FionaQY"},"content":"/**","lastModifiedDate":"2024-08-22","isFullCredit":false},{"lineNumber":2,"author":{"gitId":"FionaQY"},"content":" * The Deadline class represents a task with a specific deadline.","lastModifiedDate":"2024-08-22","isFullCredit":false},{"lineNumber":3,"author":{"gitId":"FionaQY"},"content":" */","lastModifiedDate":"2024-08-22","isFullCredit":false},{"lineNumber":4,"author":{"gitId":"FionaQY"},"content":"public class Deadline extends Task {","lastModifiedDate":"2024-08-22","isFullCredit":false},{"lineNumber":5,"author":{"gitId":"FionaQY"},"content":"    protected String deadline;","lastModifiedDate":"2024-08-22","isFullCredit":false},{"lineNumber":6,"author":{"gitId":"FionaQY"},"content":"","lastModifiedDate":"2024-08-22","isFullCredit":false},{"lineNumber":7,"author":{"gitId":"FionaQY"},"content":"    /**","lastModifiedDate":"2024-08-22","isFullCredit":false},{"lineNumber":8,"author":{"gitId":"FionaQY"},"content":"     * Constructs a new Deadline task with the specified description and deadline.","lastModifiedDate":"2024-08-22","isFullCredit":false},{"lineNumber":9,"author":{"gitId":"FionaQY"},"content":"     *","lastModifiedDate":"2024-08-22","isFullCredit":false},{"lineNumber":10,"author":{"gitId":"FionaQY"},"content":"     * @param description The description of the task.","lastModifiedDate":"2024-08-22","isFullCredit":false},{"lineNumber":11,"author":{"gitId":"FionaQY"},"content":"     * @param deadline The deadline by which the task needs to be completed.","lastModifiedDate":"2024-08-22","isFullCredit":false},{"lineNumber":12,"author":{"gitId":"FionaQY"},"content":"     */","lastModifiedDate":"2024-08-22","isFullCredit":false},{"lineNumber":13,"author":{"gitId":"FionaQY"},"content":"    public Deadline(String description, String deadline) {","lastModifiedDate":"2024-08-22","isFullCredit":false},{"lineNumber":14,"author":{"gitId":"FionaQY"},"content":"        super(description);","lastModifiedDate":"2024-08-22","isFullCredit":false},{"lineNumber":15,"author":{"gitId":"FionaQY"},"content":"        this.deadline \u003d deadline;","lastModifiedDate":"2024-08-22","isFullCredit":false},{"lineNumber":16,"author":{"gitId":"FionaQY"},"content":"    }","lastModifiedDate":"2024-08-22","isFullCredit":false},{"lineNumber":17,"author":{"gitId":"FionaQY"},"content":"","lastModifiedDate":"2024-08-22","isFullCredit":false},{"lineNumber":18,"author":{"gitId":"FionaQY"},"content":"    @Override","lastModifiedDate":"2024-08-22","isFullCredit":false},{"lineNumber":19,"author":{"gitId":"FionaQY"},"content":"    String getType() {","lastModifiedDate":"2024-08-22","isFullCredit":false},{"lineNumber":20,"author":{"gitId":"FionaQY"},"content":"        return \"[D]\";","lastModifiedDate":"2024-08-22","isFullCredit":false},{"lineNumber":21,"author":{"gitId":"FionaQY"},"content":"    }","lastModifiedDate":"2024-08-22","isFullCredit":false},{"lineNumber":22,"author":{"gitId":"FionaQY"},"content":"","lastModifiedDate":"2024-08-22","isFullCredit":false},{"lineNumber":23,"author":{"gitId":"FionaQY"},"content":"    /**","lastModifiedDate":"2024-08-22","isFullCredit":false},{"lineNumber":24,"author":{"gitId":"FionaQY"},"content":"     * Returns the string representation of the Deadline task","lastModifiedDate":"2024-08-22","isFullCredit":false},{"lineNumber":25,"author":{"gitId":"FionaQY"},"content":"     *","lastModifiedDate":"2024-08-22","isFullCredit":false},{"lineNumber":26,"author":{"gitId":"FionaQY"},"content":"     * @return A string representing the Deadline task","lastModifiedDate":"2024-08-22","isFullCredit":false},{"lineNumber":27,"author":{"gitId":"FionaQY"},"content":"     */","lastModifiedDate":"2024-08-22","isFullCredit":false},{"lineNumber":28,"author":{"gitId":"FionaQY"},"content":"    @Override","lastModifiedDate":"2024-08-22","isFullCredit":false},{"lineNumber":29,"author":{"gitId":"FionaQY"},"content":"    public String toString() {","lastModifiedDate":"2024-08-22","isFullCredit":false},{"lineNumber":30,"author":{"gitId":"FionaQY"},"content":"        return this.getType() + super.toString() + \" (by: \" + this.deadline + \")\";","lastModifiedDate":"2024-08-22","isFullCredit":false},{"lineNumber":31,"author":{"gitId":"FionaQY"},"content":"    }","lastModifiedDate":"2024-08-22","isFullCredit":false},{"lineNumber":32,"author":{"gitId":"FionaQY"},"content":"}","lastModifiedDate":"2024-08-22","isFullCredit":false}],"authorContributionMap":{"FionaQY":32}},{"path":"src/main/java/Event.java","fileType":"java","lines":[{"lineNumber":1,"author":{"gitId":"FionaQY"},"content":"/**","lastModifiedDate":"2024-08-22","isFullCredit":false},{"lineNumber":2,"author":{"gitId":"FionaQY"},"content":" * The Event class represents a task that occurs within a specific time range.","lastModifiedDate":"2024-08-22","isFullCredit":false},{"lineNumber":3,"author":{"gitId":"FionaQY"},"content":" */","lastModifiedDate":"2024-08-22","isFullCredit":false},{"lineNumber":4,"author":{"gitId":"FionaQY"},"content":"public class Event extends Task {","lastModifiedDate":"2024-08-22","isFullCredit":false},{"lineNumber":5,"author":{"gitId":"FionaQY"},"content":"","lastModifiedDate":"2024-08-22","isFullCredit":false},{"lineNumber":6,"author":{"gitId":"FionaQY"},"content":"    protected String startDate;","lastModifiedDate":"2024-08-22","isFullCredit":false},{"lineNumber":7,"author":{"gitId":"FionaQY"},"content":"    protected String endDate;","lastModifiedDate":"2024-08-22","isFullCredit":false},{"lineNumber":8,"author":{"gitId":"FionaQY"},"content":"","lastModifiedDate":"2024-08-22","isFullCredit":false},{"lineNumber":9,"author":{"gitId":"FionaQY"},"content":"    /**","lastModifiedDate":"2024-08-22","isFullCredit":false},{"lineNumber":10,"author":{"gitId":"FionaQY"},"content":"     * Constructs a new Event task with the specified description, start date, and end date.","lastModifiedDate":"2024-08-22","isFullCredit":false},{"lineNumber":11,"author":{"gitId":"FionaQY"},"content":"     *","lastModifiedDate":"2024-08-22","isFullCredit":false},{"lineNumber":12,"author":{"gitId":"FionaQY"},"content":"     * @param description The description of the event.","lastModifiedDate":"2024-08-22","isFullCredit":false},{"lineNumber":13,"author":{"gitId":"FionaQY"},"content":"     * @param start The start date and time of the event.","lastModifiedDate":"2024-08-22","isFullCredit":false},{"lineNumber":14,"author":{"gitId":"FionaQY"},"content":"     * @param end The end date and time of the event.","lastModifiedDate":"2024-08-22","isFullCredit":false},{"lineNumber":15,"author":{"gitId":"FionaQY"},"content":"     */","lastModifiedDate":"2024-08-22","isFullCredit":false},{"lineNumber":16,"author":{"gitId":"FionaQY"},"content":"    public Event(String description, String start, String end) {","lastModifiedDate":"2024-08-22","isFullCredit":false},{"lineNumber":17,"author":{"gitId":"FionaQY"},"content":"        super(description);","lastModifiedDate":"2024-08-22","isFullCredit":false},{"lineNumber":18,"author":{"gitId":"FionaQY"},"content":"        this.startDate \u003d start;","lastModifiedDate":"2024-08-22","isFullCredit":false},{"lineNumber":19,"author":{"gitId":"FionaQY"},"content":"        this.endDate \u003d end;","lastModifiedDate":"2024-08-22","isFullCredit":false},{"lineNumber":20,"author":{"gitId":"FionaQY"},"content":"    }","lastModifiedDate":"2024-08-22","isFullCredit":false},{"lineNumber":21,"author":{"gitId":"FionaQY"},"content":"","lastModifiedDate":"2024-08-22","isFullCredit":false},{"lineNumber":22,"author":{"gitId":"FionaQY"},"content":"    @Override","lastModifiedDate":"2024-08-22","isFullCredit":false},{"lineNumber":23,"author":{"gitId":"FionaQY"},"content":"    String getType() {","lastModifiedDate":"2024-08-22","isFullCredit":false},{"lineNumber":24,"author":{"gitId":"FionaQY"},"content":"        return \"[E]\";","lastModifiedDate":"2024-08-22","isFullCredit":false},{"lineNumber":25,"author":{"gitId":"FionaQY"},"content":"    }","lastModifiedDate":"2024-08-22","isFullCredit":false},{"lineNumber":26,"author":{"gitId":"FionaQY"},"content":"","lastModifiedDate":"2024-08-22","isFullCredit":false},{"lineNumber":27,"author":{"gitId":"FionaQY"},"content":"    /**","lastModifiedDate":"2024-08-22","isFullCredit":false},{"lineNumber":28,"author":{"gitId":"FionaQY"},"content":"     * Returns the string representation of the Event task","lastModifiedDate":"2024-08-22","isFullCredit":false},{"lineNumber":29,"author":{"gitId":"FionaQY"},"content":"     *","lastModifiedDate":"2024-08-22","isFullCredit":false},{"lineNumber":30,"author":{"gitId":"FionaQY"},"content":"     * @return A string representing the Event task","lastModifiedDate":"2024-08-22","isFullCredit":false},{"lineNumber":31,"author":{"gitId":"FionaQY"},"content":"     */","lastModifiedDate":"2024-08-22","isFullCredit":false},{"lineNumber":32,"author":{"gitId":"FionaQY"},"content":"    @Override","lastModifiedDate":"2024-08-22","isFullCredit":false},{"lineNumber":33,"author":{"gitId":"FionaQY"},"content":"    public String toString() {","lastModifiedDate":"2024-08-22","isFullCredit":false},{"lineNumber":34,"author":{"gitId":"FionaQY"},"content":"        return this.getType() + super.toString() + \" (from: \" + this.startDate + \" to: \" + this.endDate + \")\";","lastModifiedDate":"2024-08-22","isFullCredit":false},{"lineNumber":35,"author":{"gitId":"FionaQY"},"content":"    }","lastModifiedDate":"2024-08-22","isFullCredit":false},{"lineNumber":36,"author":{"gitId":"FionaQY"},"content":"}","lastModifiedDate":"2024-08-22","isFullCredit":false}],"authorContributionMap":{"FionaQY":36}},{"path":"src/main/java/Strand.java","fileType":"java","lines":[{"lineNumber":1,"author":{"gitId":"FionaQY"},"content":"import java.util.ArrayList;","lastModifiedDate":"2024-08-22","isFullCredit":false},{"lineNumber":2,"author":{"gitId":"FionaQY"},"content":"import java.util.Objects;","lastModifiedDate":"2024-08-22","isFullCredit":false},{"lineNumber":3,"author":{"gitId":"FionaQY"},"content":"import java.util.Scanner;","lastModifiedDate":"2024-08-22","isFullCredit":false},{"lineNumber":4,"author":{"gitId":"FionaQY"},"content":"","lastModifiedDate":"2024-08-22","isFullCredit":false},{"lineNumber":5,"author":{"gitId":"FionaQY"},"content":"public class Strand {","lastModifiedDate":"2024-08-22","isFullCredit":false},{"lineNumber":6,"author":{"gitId":"FionaQY"},"content":"","lastModifiedDate":"2024-08-22","isFullCredit":false},{"lineNumber":7,"author":{"gitId":"FionaQY"},"content":"    private static boolean running \u003d false;","lastModifiedDate":"2024-08-22","isFullCredit":false},{"lineNumber":8,"author":{"gitId":"FionaQY"},"content":"","lastModifiedDate":"2024-08-22","isFullCredit":false},{"lineNumber":9,"author":{"gitId":"FionaQY"},"content":"    private static final String horizontalLine \u003d \"----------------------------------------\u003e\u003c\u003e\";","lastModifiedDate":"2024-08-22","isFullCredit":false},{"lineNumber":10,"author":{"gitId":"FionaQY"},"content":"","lastModifiedDate":"2024-08-22","isFullCredit":false},{"lineNumber":11,"author":{"gitId":"FionaQY"},"content":"    private static final ArrayList\u003cTask\u003e strandList \u003d new ArrayList\u003c\u003e();","lastModifiedDate":"2024-08-22","isFullCredit":false},{"lineNumber":12,"author":{"gitId":"FionaQY"},"content":"","lastModifiedDate":"2024-08-22","isFullCredit":false},{"lineNumber":13,"author":{"gitId":"FionaQY"},"content":"    /**","lastModifiedDate":"2024-08-22","isFullCredit":false},{"lineNumber":14,"author":{"gitId":"FionaQY"},"content":"     * Prints a string with an indentation of 4 spaces.","lastModifiedDate":"2024-08-22","isFullCredit":false},{"lineNumber":15,"author":{"gitId":"FionaQY"},"content":"     *","lastModifiedDate":"2024-08-22","isFullCredit":false},{"lineNumber":16,"author":{"gitId":"FionaQY"},"content":"     * @param s The string to be printed.","lastModifiedDate":"2024-08-22","isFullCredit":false},{"lineNumber":17,"author":{"gitId":"FionaQY"},"content":"     */","lastModifiedDate":"2024-08-22","isFullCredit":false},{"lineNumber":18,"author":{"gitId":"FionaQY"},"content":"    private static void print(String s) {","lastModifiedDate":"2024-08-22","isFullCredit":false},{"lineNumber":19,"author":{"gitId":"FionaQY"},"content":"        System.out.println(s.indent(4));","lastModifiedDate":"2024-08-22","isFullCredit":false},{"lineNumber":20,"author":{"gitId":"FionaQY"},"content":"    }","lastModifiedDate":"2024-08-22","isFullCredit":false},{"lineNumber":21,"author":{"gitId":"FionaQY"},"content":"","lastModifiedDate":"2024-08-22","isFullCredit":false},{"lineNumber":22,"author":{"gitId":"FionaQY"},"content":"    /**","lastModifiedDate":"2024-08-22","isFullCredit":false},{"lineNumber":23,"author":{"gitId":"FionaQY"},"content":"     * Prints a string surrounded by horizontal lines for output formatting.","lastModifiedDate":"2024-08-22","isFullCredit":false},{"lineNumber":24,"author":{"gitId":"FionaQY"},"content":"     *","lastModifiedDate":"2024-08-22","isFullCredit":false},{"lineNumber":25,"author":{"gitId":"FionaQY"},"content":"     * @param s The string to be printed between the horizontal lines.","lastModifiedDate":"2024-08-22","isFullCredit":false},{"lineNumber":26,"author":{"gitId":"FionaQY"},"content":"     */","lastModifiedDate":"2024-08-22","isFullCredit":false},{"lineNumber":27,"author":{"gitId":"FionaQY"},"content":"    private static void output(String s) {","lastModifiedDate":"2024-08-22","isFullCredit":false},{"lineNumber":28,"author":{"gitId":"FionaQY"},"content":"        System.out.println(horizontalLine.indent(4));","lastModifiedDate":"2024-08-22","isFullCredit":false},{"lineNumber":29,"author":{"gitId":"FionaQY"},"content":"        print(s);","lastModifiedDate":"2024-08-22","isFullCredit":false},{"lineNumber":30,"author":{"gitId":"FionaQY"},"content":"        System.out.println(horizontalLine.indent(4));","lastModifiedDate":"2024-08-22","isFullCredit":false},{"lineNumber":31,"author":{"gitId":"FionaQY"},"content":"    }","lastModifiedDate":"2024-08-22","isFullCredit":false},{"lineNumber":32,"author":{"gitId":"FionaQY"},"content":"","lastModifiedDate":"2024-08-22","isFullCredit":false},{"lineNumber":33,"author":{"gitId":"FionaQY"},"content":"    /**","lastModifiedDate":"2024-08-22","isFullCredit":false},{"lineNumber":34,"author":{"gitId":"FionaQY"},"content":"     * Initializes the chat by setting the running flag to true and printing a welcome message.","lastModifiedDate":"2024-08-22","isFullCredit":false},{"lineNumber":35,"author":{"gitId":"FionaQY"},"content":"     */","lastModifiedDate":"2024-08-22","isFullCredit":false},{"lineNumber":36,"author":{"gitId":"FionaQY"},"content":"    private static void chatStart() {","lastModifiedDate":"2024-08-22","isFullCredit":false},{"lineNumber":37,"author":{"gitId":"FionaQY"},"content":"        running \u003d true;","lastModifiedDate":"2024-08-22","isFullCredit":false},{"lineNumber":38,"author":{"gitId":"FionaQY"},"content":"        output(\"ヾ(⌐■_■)ノ♪ Welcome! I\u0027m Strand\\nWhat can I do for you?\");","lastModifiedDate":"2024-08-22","isFullCredit":false},{"lineNumber":39,"author":{"gitId":"FionaQY"},"content":"    }","lastModifiedDate":"2024-08-22","isFullCredit":false},{"lineNumber":40,"author":{"gitId":"FionaQY"},"content":"","lastModifiedDate":"2024-08-22","isFullCredit":false},{"lineNumber":41,"author":{"gitId":"FionaQY"},"content":"    /**","lastModifiedDate":"2024-08-22","isFullCredit":false},{"lineNumber":42,"author":{"gitId":"FionaQY"},"content":"     * Generates a string representation of all tasks in the strandList.","lastModifiedDate":"2024-08-22","isFullCredit":false},{"lineNumber":43,"author":{"gitId":"FionaQY"},"content":"     *","lastModifiedDate":"2024-08-22","isFullCredit":false},{"lineNumber":44,"author":{"gitId":"FionaQY"},"content":"     * @return A string listing all tasks, each with its index and status icon.","lastModifiedDate":"2024-08-22","isFullCredit":false},{"lineNumber":45,"author":{"gitId":"FionaQY"},"content":"     */","lastModifiedDate":"2024-08-22","isFullCredit":false},{"lineNumber":46,"author":{"gitId":"FionaQY"},"content":"    private static String listAll() {","lastModifiedDate":"2024-08-22","isFullCredit":false},{"lineNumber":47,"author":{"gitId":"FionaQY"},"content":"        return(","lastModifiedDate":"2024-08-22","isFullCredit":false},{"lineNumber":48,"author":{"gitId":"FionaQY"},"content":"                strandList.stream()","lastModifiedDate":"2024-08-22","isFullCredit":false},{"lineNumber":49,"author":{"gitId":"FionaQY"},"content":"                        .map((x) -\u003e (strandList.indexOf(x) + 1) + \".\" + x.toString() + \"\\n\")","lastModifiedDate":"2024-08-22","isFullCredit":false},{"lineNumber":50,"author":{"gitId":"FionaQY"},"content":"                        .reduce((a, b) -\u003e a + b).orElse(\"\")","lastModifiedDate":"2024-08-22","isFullCredit":false},{"lineNumber":51,"author":{"gitId":"FionaQY"},"content":"        );","lastModifiedDate":"2024-08-22","isFullCredit":false},{"lineNumber":52,"author":{"gitId":"FionaQY"},"content":"    }","lastModifiedDate":"2024-08-22","isFullCredit":false},{"lineNumber":53,"author":{"gitId":"FionaQY"},"content":"","lastModifiedDate":"2024-08-22","isFullCredit":false},{"lineNumber":54,"author":{"gitId":"FionaQY"},"content":"    /**","lastModifiedDate":"2024-08-22","isFullCredit":false},{"lineNumber":55,"author":{"gitId":"FionaQY"},"content":"     * Marks a task as done or undone","lastModifiedDate":"2024-08-22","isFullCredit":false},{"lineNumber":56,"author":{"gitId":"FionaQY"},"content":"     *","lastModifiedDate":"2024-08-22","isFullCredit":false},{"lineNumber":57,"author":{"gitId":"FionaQY"},"content":"     * @param input The user command to mark or unmark a task.","lastModifiedDate":"2024-08-22","isFullCredit":false},{"lineNumber":58,"author":{"gitId":"FionaQY"},"content":"     * @throws StrandException If the input is invalid or the task index is out of bounds.","lastModifiedDate":"2024-08-22","isFullCredit":false},{"lineNumber":59,"author":{"gitId":"FionaQY"},"content":"     */","lastModifiedDate":"2024-08-22","isFullCredit":false},{"lineNumber":60,"author":{"gitId":"FionaQY"},"content":"    private static void mark(String input) throws StrandException {","lastModifiedDate":"2024-08-22","isFullCredit":false},{"lineNumber":61,"author":{"gitId":"FionaQY"},"content":"        String[] split \u003d input.split(\"\\\\s+\");","lastModifiedDate":"2024-08-22","isFullCredit":false},{"lineNumber":62,"author":{"gitId":"FionaQY"},"content":"        if (split.length \u003c 2) {","lastModifiedDate":"2024-08-22","isFullCredit":false},{"lineNumber":63,"author":{"gitId":"FionaQY"},"content":"            throw new StrandNumberNotFoundException(split[0]);","lastModifiedDate":"2024-08-22","isFullCredit":false},{"lineNumber":64,"author":{"gitId":"FionaQY"},"content":"        } else {","lastModifiedDate":"2024-08-22","isFullCredit":false},{"lineNumber":65,"author":{"gitId":"FionaQY"},"content":"            try {","lastModifiedDate":"2024-08-22","isFullCredit":false},{"lineNumber":66,"author":{"gitId":"FionaQY"},"content":"                int index \u003d Integer.parseInt(split[1]);","lastModifiedDate":"2024-08-22","isFullCredit":false},{"lineNumber":67,"author":{"gitId":"FionaQY"},"content":"                if (index \u003e strandList.size() || index \u003c 1) {","lastModifiedDate":"2024-08-22","isFullCredit":false},{"lineNumber":68,"author":{"gitId":"FionaQY"},"content":"                    throw new StrandWrongIndexException(strandList.size());","lastModifiedDate":"2024-08-22","isFullCredit":false},{"lineNumber":69,"author":{"gitId":"FionaQY"},"content":"                }","lastModifiedDate":"2024-08-22","isFullCredit":false},{"lineNumber":70,"author":{"gitId":"FionaQY"},"content":"                Task t \u003d strandList.get(index - 1);","lastModifiedDate":"2024-08-22","isFullCredit":false},{"lineNumber":71,"author":{"gitId":"FionaQY"},"content":"                String str;","lastModifiedDate":"2024-08-22","isFullCredit":false},{"lineNumber":72,"author":{"gitId":"FionaQY"},"content":"                if (Objects.equals(split[0], \"mark\")) {","lastModifiedDate":"2024-08-22","isFullCredit":false},{"lineNumber":73,"author":{"gitId":"FionaQY"},"content":"                    t.markAsDone();","lastModifiedDate":"2024-08-22","isFullCredit":false},{"lineNumber":74,"author":{"gitId":"FionaQY"},"content":"                    str \u003d \"( ﾟヮﾟ) You finished a task?! Congrats! I\u0027ve marked this task as done:\\n\";","lastModifiedDate":"2024-08-22","isFullCredit":false},{"lineNumber":75,"author":{"gitId":"FionaQY"},"content":"                } else {","lastModifiedDate":"2024-08-22","isFullCredit":false},{"lineNumber":76,"author":{"gitId":"FionaQY"},"content":"                    t.markAsNotDone();","lastModifiedDate":"2024-08-22","isFullCredit":false},{"lineNumber":77,"author":{"gitId":"FionaQY"},"content":"                    str \u003d \"ಠ_ಠ ...OK, I\u0027ve marked this task as not done yet:\\n\";","lastModifiedDate":"2024-08-22","isFullCredit":false},{"lineNumber":78,"author":{"gitId":"FionaQY"},"content":"                }","lastModifiedDate":"2024-08-22","isFullCredit":false},{"lineNumber":79,"author":{"gitId":"FionaQY"},"content":"                output(str + t);","lastModifiedDate":"2024-08-22","isFullCredit":false},{"lineNumber":80,"author":{"gitId":"FionaQY"},"content":"","lastModifiedDate":"2024-08-22","isFullCredit":false},{"lineNumber":81,"author":{"gitId":"FionaQY"},"content":"            } catch (NumberFormatException e) {","lastModifiedDate":"2024-08-22","isFullCredit":false},{"lineNumber":82,"author":{"gitId":"FionaQY"},"content":"                throw new StrandNumberNotFoundException(split[0]);","lastModifiedDate":"2024-08-22","isFullCredit":false},{"lineNumber":83,"author":{"gitId":"FionaQY"},"content":"            }","lastModifiedDate":"2024-08-22","isFullCredit":false},{"lineNumber":84,"author":{"gitId":"FionaQY"},"content":"        }","lastModifiedDate":"2024-08-22","isFullCredit":false},{"lineNumber":85,"author":{"gitId":"FionaQY"},"content":"    }","lastModifiedDate":"2024-08-22","isFullCredit":false},{"lineNumber":86,"author":{"gitId":"FionaQY"},"content":"","lastModifiedDate":"2024-08-22","isFullCredit":false},{"lineNumber":87,"author":{"gitId":"FionaQY"},"content":"    /**","lastModifiedDate":"2024-08-22","isFullCredit":false},{"lineNumber":88,"author":{"gitId":"FionaQY"},"content":"     * Adds a new task to the strandList based on the input command.","lastModifiedDate":"2024-08-22","isFullCredit":false},{"lineNumber":89,"author":{"gitId":"FionaQY"},"content":"     *","lastModifiedDate":"2024-08-22","isFullCredit":false},{"lineNumber":90,"author":{"gitId":"FionaQY"},"content":"     * @param input The user command to add a task.","lastModifiedDate":"2024-08-22","isFullCredit":false},{"lineNumber":91,"author":{"gitId":"FionaQY"},"content":"     * @throws StrandException If the task description or necessary parameters are missing or incorrect.","lastModifiedDate":"2024-08-22","isFullCredit":false},{"lineNumber":92,"author":{"gitId":"FionaQY"},"content":"     */","lastModifiedDate":"2024-08-22","isFullCredit":false},{"lineNumber":93,"author":{"gitId":"FionaQY"},"content":"    private static void addTask(String input) throws StrandException {","lastModifiedDate":"2024-08-22","isFullCredit":false},{"lineNumber":94,"author":{"gitId":"FionaQY"},"content":"        String[] split \u003d input.split(\" \", 2);","lastModifiedDate":"2024-08-22","isFullCredit":false},{"lineNumber":95,"author":{"gitId":"FionaQY"},"content":"        String type \u003d split[0];","lastModifiedDate":"2024-08-22","isFullCredit":false},{"lineNumber":96,"author":{"gitId":"FionaQY"},"content":"        if (split.length \u003c 2) {","lastModifiedDate":"2024-08-22","isFullCredit":false},{"lineNumber":97,"author":{"gitId":"FionaQY"},"content":"            throw new StrandDescNotFoundException(\"Description\", type);","lastModifiedDate":"2024-08-22","isFullCredit":false},{"lineNumber":98,"author":{"gitId":"FionaQY"},"content":"        }","lastModifiedDate":"2024-08-22","isFullCredit":false},{"lineNumber":99,"author":{"gitId":"FionaQY"},"content":"        String desc \u003d split[1].trim();","lastModifiedDate":"2024-08-22","isFullCredit":false},{"lineNumber":100,"author":{"gitId":"FionaQY"},"content":"        if (desc.isEmpty()) {","lastModifiedDate":"2024-08-22","isFullCredit":false},{"lineNumber":101,"author":{"gitId":"FionaQY"},"content":"            throw new StrandDescNotFoundException(\"Description\", type);","lastModifiedDate":"2024-08-22","isFullCredit":false},{"lineNumber":102,"author":{"gitId":"FionaQY"},"content":"        }","lastModifiedDate":"2024-08-22","isFullCredit":false},{"lineNumber":103,"author":{"gitId":"FionaQY"},"content":"        switch (type.toLowerCase()) {","lastModifiedDate":"2024-08-22","isFullCredit":false},{"lineNumber":104,"author":{"gitId":"FionaQY"},"content":"            case \"todo\": {","lastModifiedDate":"2024-08-22","isFullCredit":false},{"lineNumber":105,"author":{"gitId":"FionaQY"},"content":"                strandList.add(new Todo(desc));","lastModifiedDate":"2024-08-22","isFullCredit":false},{"lineNumber":106,"author":{"gitId":"FionaQY"},"content":"                break;","lastModifiedDate":"2024-08-22","isFullCredit":false},{"lineNumber":107,"author":{"gitId":"FionaQY"},"content":"            }","lastModifiedDate":"2024-08-22","isFullCredit":false},{"lineNumber":108,"author":{"gitId":"FionaQY"},"content":"            case \"deadline\": {","lastModifiedDate":"2024-08-22","isFullCredit":false},{"lineNumber":109,"author":{"gitId":"FionaQY"},"content":"                if (!desc.contains(\" /by \")) {","lastModifiedDate":"2024-08-22","isFullCredit":false},{"lineNumber":110,"author":{"gitId":"FionaQY"},"content":"                    throw new StrandDescNotFoundException(\"Deadline\", type);","lastModifiedDate":"2024-08-22","isFullCredit":false},{"lineNumber":111,"author":{"gitId":"FionaQY"},"content":"                }","lastModifiedDate":"2024-08-22","isFullCredit":false},{"lineNumber":112,"author":{"gitId":"FionaQY"},"content":"                String description \u003d desc.substring(0, desc.indexOf(\" /by \")).trim();","lastModifiedDate":"2024-08-22","isFullCredit":false},{"lineNumber":113,"author":{"gitId":"FionaQY"},"content":"                String deadline \u003d desc.substring(desc.indexOf(\" /by \") + 5).trim();","lastModifiedDate":"2024-08-22","isFullCredit":false},{"lineNumber":114,"author":{"gitId":"FionaQY"},"content":"                strandList.add(new Deadline(description, deadline));","lastModifiedDate":"2024-08-22","isFullCredit":false},{"lineNumber":115,"author":{"gitId":"FionaQY"},"content":"                break;","lastModifiedDate":"2024-08-22","isFullCredit":false},{"lineNumber":116,"author":{"gitId":"FionaQY"},"content":"            }","lastModifiedDate":"2024-08-22","isFullCredit":false},{"lineNumber":117,"author":{"gitId":"FionaQY"},"content":"            case \"event\": {","lastModifiedDate":"2024-08-22","isFullCredit":false},{"lineNumber":118,"author":{"gitId":"FionaQY"},"content":"                if (!desc.contains(\" /from \")) {","lastModifiedDate":"2024-08-22","isFullCredit":false},{"lineNumber":119,"author":{"gitId":"FionaQY"},"content":"                    throw new StrandDescNotFoundException(\"Start time\", type);","lastModifiedDate":"2024-08-22","isFullCredit":false},{"lineNumber":120,"author":{"gitId":"FionaQY"},"content":"                }","lastModifiedDate":"2024-08-22","isFullCredit":false},{"lineNumber":121,"author":{"gitId":"FionaQY"},"content":"                if (!desc.contains(\" /to \")) {","lastModifiedDate":"2024-08-22","isFullCredit":false},{"lineNumber":122,"author":{"gitId":"FionaQY"},"content":"                    throw new StrandDescNotFoundException(\"End time\", type);","lastModifiedDate":"2024-08-22","isFullCredit":false},{"lineNumber":123,"author":{"gitId":"FionaQY"},"content":"                }","lastModifiedDate":"2024-08-22","isFullCredit":false},{"lineNumber":124,"author":{"gitId":"FionaQY"},"content":"                String description \u003d desc.substring(0, desc.indexOf(\" /from \")).trim();","lastModifiedDate":"2024-08-22","isFullCredit":false},{"lineNumber":125,"author":{"gitId":"FionaQY"},"content":"                String start \u003d desc.substring(desc.indexOf(\" /from \") + 7, desc.indexOf(\" /to \") + 1).trim();","lastModifiedDate":"2024-08-22","isFullCredit":false},{"lineNumber":126,"author":{"gitId":"FionaQY"},"content":"                String end \u003d desc.substring(desc.indexOf(\" /to \") + 5).trim();","lastModifiedDate":"2024-08-22","isFullCredit":false},{"lineNumber":127,"author":{"gitId":"FionaQY"},"content":"                strandList.add(new Event(description, start, end));","lastModifiedDate":"2024-08-22","isFullCredit":false},{"lineNumber":128,"author":{"gitId":"FionaQY"},"content":"                break;","lastModifiedDate":"2024-08-22","isFullCredit":false},{"lineNumber":129,"author":{"gitId":"FionaQY"},"content":"            }","lastModifiedDate":"2024-08-22","isFullCredit":false},{"lineNumber":130,"author":{"gitId":"FionaQY"},"content":"        }","lastModifiedDate":"2024-08-22","isFullCredit":false},{"lineNumber":131,"author":{"gitId":"FionaQY"},"content":"        output(\"(ﾉ◕ヮ◕)ﾉ*:･ﾟ✧ ✧ﾟ･: Task added:\\n  \"","lastModifiedDate":"2024-08-22","isFullCredit":false},{"lineNumber":132,"author":{"gitId":"FionaQY"},"content":"                + strandList.get(strandList.size() - 1).toString()","lastModifiedDate":"2024-08-22","isFullCredit":false},{"lineNumber":133,"author":{"gitId":"FionaQY"},"content":"                + \"\\nNow you have \" + strandList.size() + \" tasks in the list.\");","lastModifiedDate":"2024-08-22","isFullCredit":false},{"lineNumber":134,"author":{"gitId":"FionaQY"},"content":"    }","lastModifiedDate":"2024-08-22","isFullCredit":false},{"lineNumber":135,"author":{"gitId":"FionaQY"},"content":"","lastModifiedDate":"2024-08-22","isFullCredit":false},{"lineNumber":136,"author":{"gitId":"FionaQY"},"content":"    /**","lastModifiedDate":"2024-08-22","isFullCredit":false},{"lineNumber":137,"author":{"gitId":"FionaQY"},"content":"     * Delete task from the strandList","lastModifiedDate":"2024-08-22","isFullCredit":false},{"lineNumber":138,"author":{"gitId":"FionaQY"},"content":"     *","lastModifiedDate":"2024-08-22","isFullCredit":false},{"lineNumber":139,"author":{"gitId":"FionaQY"},"content":"     * @param input The user command to add a task.","lastModifiedDate":"2024-08-22","isFullCredit":false},{"lineNumber":140,"author":{"gitId":"FionaQY"},"content":"     * @throws StrandException If the task description or necessary parameters are missing or incorrect.","lastModifiedDate":"2024-08-22","isFullCredit":false},{"lineNumber":141,"author":{"gitId":"FionaQY"},"content":"     */","lastModifiedDate":"2024-08-22","isFullCredit":false},{"lineNumber":142,"author":{"gitId":"FionaQY"},"content":"    private static void deleteTask(String input) throws StrandException {","lastModifiedDate":"2024-08-22","isFullCredit":false},{"lineNumber":143,"author":{"gitId":"FionaQY"},"content":"        String[] split \u003d input.split(\"\\\\s+\");","lastModifiedDate":"2024-08-22","isFullCredit":false},{"lineNumber":144,"author":{"gitId":"FionaQY"},"content":"        if (split.length \u003c 2) {","lastModifiedDate":"2024-08-22","isFullCredit":false},{"lineNumber":145,"author":{"gitId":"FionaQY"},"content":"            throw new StrandNumberNotFoundException(split[0]);","lastModifiedDate":"2024-08-22","isFullCredit":false},{"lineNumber":146,"author":{"gitId":"FionaQY"},"content":"        } else {","lastModifiedDate":"2024-08-22","isFullCredit":false},{"lineNumber":147,"author":{"gitId":"FionaQY"},"content":"            try {","lastModifiedDate":"2024-08-22","isFullCredit":false},{"lineNumber":148,"author":{"gitId":"FionaQY"},"content":"                int index \u003d Integer.parseInt(split[1]);","lastModifiedDate":"2024-08-22","isFullCredit":false},{"lineNumber":149,"author":{"gitId":"FionaQY"},"content":"                if (index \u003e strandList.size() || index \u003c 1) {","lastModifiedDate":"2024-08-22","isFullCredit":false},{"lineNumber":150,"author":{"gitId":"FionaQY"},"content":"                    throw new StrandWrongIndexException(strandList.size());","lastModifiedDate":"2024-08-22","isFullCredit":false},{"lineNumber":151,"author":{"gitId":"FionaQY"},"content":"                }","lastModifiedDate":"2024-08-22","isFullCredit":false},{"lineNumber":152,"author":{"gitId":"FionaQY"},"content":"                Task t \u003d strandList.get(index - 1);","lastModifiedDate":"2024-08-22","isFullCredit":false},{"lineNumber":153,"author":{"gitId":"FionaQY"},"content":"                String taskString \u003d t.toString();","lastModifiedDate":"2024-08-22","isFullCredit":false},{"lineNumber":154,"author":{"gitId":"FionaQY"},"content":"                strandList.remove(index - 1);","lastModifiedDate":"2024-08-22","isFullCredit":false},{"lineNumber":155,"author":{"gitId":"FionaQY"},"content":"                output(\"(☞ﾟ∀ﾟ)☞ Task removed:\\n\" + taskString","lastModifiedDate":"2024-08-22","isFullCredit":false},{"lineNumber":156,"author":{"gitId":"FionaQY"},"content":"                        + \"\\nNow you have \" + strandList.size() + \" tasks in the list.\");","lastModifiedDate":"2024-08-22","isFullCredit":false},{"lineNumber":157,"author":{"gitId":"FionaQY"},"content":"","lastModifiedDate":"2024-08-22","isFullCredit":false},{"lineNumber":158,"author":{"gitId":"FionaQY"},"content":"            } catch (NumberFormatException e) {","lastModifiedDate":"2024-08-22","isFullCredit":false},{"lineNumber":159,"author":{"gitId":"FionaQY"},"content":"                throw new StrandNumberNotFoundException(split[0]);","lastModifiedDate":"2024-08-22","isFullCredit":false},{"lineNumber":160,"author":{"gitId":"FionaQY"},"content":"            }","lastModifiedDate":"2024-08-22","isFullCredit":false},{"lineNumber":161,"author":{"gitId":"FionaQY"},"content":"        }","lastModifiedDate":"2024-08-22","isFullCredit":false},{"lineNumber":162,"author":{"gitId":"FionaQY"},"content":"    }","lastModifiedDate":"2024-08-22","isFullCredit":false},{"lineNumber":163,"author":{"gitId":"FionaQY"},"content":"","lastModifiedDate":"2024-08-22","isFullCredit":false},{"lineNumber":164,"author":{"gitId":"FionaQY"},"content":"","lastModifiedDate":"2024-08-22","isFullCredit":false},{"lineNumber":165,"author":{"gitId":"FionaQY"},"content":"    /**","lastModifiedDate":"2024-08-22","isFullCredit":false},{"lineNumber":166,"author":{"gitId":"FionaQY"},"content":"     * Processes the user input and executes the corresponding command.","lastModifiedDate":"2024-08-22","isFullCredit":false},{"lineNumber":167,"author":{"gitId":"FionaQY"},"content":"     *","lastModifiedDate":"2024-08-22","isFullCredit":false},{"lineNumber":168,"author":{"gitId":"FionaQY"},"content":"     * @param input The user command.","lastModifiedDate":"2024-08-22","isFullCredit":false},{"lineNumber":169,"author":{"gitId":"FionaQY"},"content":"     * @throws StrandException If the command is invalid or an error occurs during processing.","lastModifiedDate":"2024-08-22","isFullCredit":false},{"lineNumber":170,"author":{"gitId":"FionaQY"},"content":"     */","lastModifiedDate":"2024-08-22","isFullCredit":false},{"lineNumber":171,"author":{"gitId":"FionaQY"},"content":"    private static void inputs(String input) throws StrandException {","lastModifiedDate":"2024-08-22","isFullCredit":false},{"lineNumber":172,"author":{"gitId":"FionaQY"},"content":"        String[] split \u003d input.toLowerCase().split(\"\\\\s+\");","lastModifiedDate":"2024-08-22","isFullCredit":false},{"lineNumber":173,"author":{"gitId":"FionaQY"},"content":"        if(split.length \u003d\u003d 0) {","lastModifiedDate":"2024-08-22","isFullCredit":false},{"lineNumber":174,"author":{"gitId":"FionaQY"},"content":"            throw new StrandWrongCommandException();","lastModifiedDate":"2024-08-22","isFullCredit":false},{"lineNumber":175,"author":{"gitId":"FionaQY"},"content":"        }","lastModifiedDate":"2024-08-22","isFullCredit":false},{"lineNumber":176,"author":{"gitId":"FionaQY"},"content":"        String lowercaseInput \u003d split[0];","lastModifiedDate":"2024-08-22","isFullCredit":false},{"lineNumber":177,"author":{"gitId":"FionaQY"},"content":"","lastModifiedDate":"2024-08-22","isFullCredit":false},{"lineNumber":178,"author":{"gitId":"FionaQY"},"content":"        switch (lowercaseInput) {","lastModifiedDate":"2024-08-22","isFullCredit":false},{"lineNumber":179,"author":{"gitId":"FionaQY"},"content":"            case \"todo\", \"deadline\", \"event\": {","lastModifiedDate":"2024-08-22","isFullCredit":false},{"lineNumber":180,"author":{"gitId":"FionaQY"},"content":"                addTask(input);","lastModifiedDate":"2024-08-22","isFullCredit":false},{"lineNumber":181,"author":{"gitId":"FionaQY"},"content":"                break;","lastModifiedDate":"2024-08-22","isFullCredit":false},{"lineNumber":182,"author":{"gitId":"FionaQY"},"content":"            }","lastModifiedDate":"2024-08-22","isFullCredit":false},{"lineNumber":183,"author":{"gitId":"FionaQY"},"content":"            case \"delete\": {","lastModifiedDate":"2024-08-22","isFullCredit":false},{"lineNumber":184,"author":{"gitId":"FionaQY"},"content":"                deleteTask(input);","lastModifiedDate":"2024-08-22","isFullCredit":false},{"lineNumber":185,"author":{"gitId":"FionaQY"},"content":"                break;","lastModifiedDate":"2024-08-22","isFullCredit":false},{"lineNumber":186,"author":{"gitId":"FionaQY"},"content":"            }","lastModifiedDate":"2024-08-22","isFullCredit":false},{"lineNumber":187,"author":{"gitId":"FionaQY"},"content":"            case \"mark\", \"unmark\" : {","lastModifiedDate":"2024-08-22","isFullCredit":false},{"lineNumber":188,"author":{"gitId":"FionaQY"},"content":"                mark(input);","lastModifiedDate":"2024-08-22","isFullCredit":false},{"lineNumber":189,"author":{"gitId":"FionaQY"},"content":"                break;","lastModifiedDate":"2024-08-22","isFullCredit":false},{"lineNumber":190,"author":{"gitId":"FionaQY"},"content":"            }","lastModifiedDate":"2024-08-22","isFullCredit":false},{"lineNumber":191,"author":{"gitId":"FionaQY"},"content":"            case \"bye\" : {","lastModifiedDate":"2024-08-22","isFullCredit":false},{"lineNumber":192,"author":{"gitId":"FionaQY"},"content":"                output(\"Adios. Hope to see you again soon! ヾ(＾ ∇ ＾)\");","lastModifiedDate":"2024-08-22","isFullCredit":false},{"lineNumber":193,"author":{"gitId":"FionaQY"},"content":"                running \u003d false;","lastModifiedDate":"2024-08-22","isFullCredit":false},{"lineNumber":194,"author":{"gitId":"FionaQY"},"content":"                break;","lastModifiedDate":"2024-08-22","isFullCredit":false},{"lineNumber":195,"author":{"gitId":"FionaQY"},"content":"            }","lastModifiedDate":"2024-08-22","isFullCredit":false},{"lineNumber":196,"author":{"gitId":"FionaQY"},"content":"            case \"list\" : {","lastModifiedDate":"2024-08-22","isFullCredit":false},{"lineNumber":197,"author":{"gitId":"FionaQY"},"content":"                output(listAll());","lastModifiedDate":"2024-08-22","isFullCredit":false},{"lineNumber":198,"author":{"gitId":"FionaQY"},"content":"                break;","lastModifiedDate":"2024-08-22","isFullCredit":false},{"lineNumber":199,"author":{"gitId":"FionaQY"},"content":"            }","lastModifiedDate":"2024-08-22","isFullCredit":false},{"lineNumber":200,"author":{"gitId":"FionaQY"},"content":"            default: {","lastModifiedDate":"2024-08-22","isFullCredit":false},{"lineNumber":201,"author":{"gitId":"FionaQY"},"content":"                throw new StrandWrongCommandException();","lastModifiedDate":"2024-08-22","isFullCredit":false},{"lineNumber":202,"author":{"gitId":"FionaQY"},"content":"            }","lastModifiedDate":"2024-08-22","isFullCredit":false},{"lineNumber":203,"author":{"gitId":"FionaQY"},"content":"        }","lastModifiedDate":"2024-08-22","isFullCredit":false},{"lineNumber":204,"author":{"gitId":"FionaQY"},"content":"    }","lastModifiedDate":"2024-08-22","isFullCredit":false},{"lineNumber":205,"author":{"gitId":"FionaQY"},"content":"","lastModifiedDate":"2024-08-22","isFullCredit":false},{"lineNumber":206,"author":{"gitId":"FionaQY"},"content":"    public static void main(String[] args) {","lastModifiedDate":"2024-08-22","isFullCredit":false},{"lineNumber":207,"author":{"gitId":"FionaQY"},"content":"        chatStart();","lastModifiedDate":"2024-08-22","isFullCredit":false},{"lineNumber":208,"author":{"gitId":"FionaQY"},"content":"        Scanner scan \u003d new Scanner(System.in);","lastModifiedDate":"2024-08-22","isFullCredit":false},{"lineNumber":209,"author":{"gitId":"FionaQY"},"content":"        while (running \u0026\u0026 scan.hasNextLine()) {","lastModifiedDate":"2024-08-22","isFullCredit":false},{"lineNumber":210,"author":{"gitId":"FionaQY"},"content":"            String userInput \u003d scan.nextLine();","lastModifiedDate":"2024-08-22","isFullCredit":false},{"lineNumber":211,"author":{"gitId":"FionaQY"},"content":"            try {","lastModifiedDate":"2024-08-22","isFullCredit":false},{"lineNumber":212,"author":{"gitId":"FionaQY"},"content":"                inputs(userInput);","lastModifiedDate":"2024-08-22","isFullCredit":false},{"lineNumber":213,"author":{"gitId":"FionaQY"},"content":"            } catch (StrandException e) {","lastModifiedDate":"2024-08-22","isFullCredit":false},{"lineNumber":214,"author":{"gitId":"FionaQY"},"content":"                output(e.toString());","lastModifiedDate":"2024-08-22","isFullCredit":false},{"lineNumber":215,"author":{"gitId":"FionaQY"},"content":"            }","lastModifiedDate":"2024-08-22","isFullCredit":false},{"lineNumber":216,"author":{"gitId":"FionaQY"},"content":"        }","lastModifiedDate":"2024-08-22","isFullCredit":false},{"lineNumber":217,"author":{"gitId":"FionaQY"},"content":"    }","lastModifiedDate":"2024-08-22","isFullCredit":false},{"lineNumber":218,"author":{"gitId":"FionaQY"},"content":"}","lastModifiedDate":"2024-08-22","isFullCredit":false}],"authorContributionMap":{"FionaQY":218}},{"path":"src/main/java/StrandDescNotFoundException.java","fileType":"java","lines":[{"lineNumber":1,"author":{"gitId":"FionaQY"},"content":"public class StrandDescNotFoundException extends StrandException{","lastModifiedDate":"2024-08-22","isFullCredit":false},{"lineNumber":2,"author":{"gitId":"FionaQY"},"content":"    protected String part;","lastModifiedDate":"2024-08-22","isFullCredit":false},{"lineNumber":3,"author":{"gitId":"FionaQY"},"content":"    protected String task;","lastModifiedDate":"2024-08-22","isFullCredit":false},{"lineNumber":4,"author":{"gitId":"FionaQY"},"content":"    public StrandDescNotFoundException(String s, String task) {","lastModifiedDate":"2024-08-22","isFullCredit":false},{"lineNumber":5,"author":{"gitId":"FionaQY"},"content":"        this.part \u003d s;","lastModifiedDate":"2024-08-22","isFullCredit":false},{"lineNumber":6,"author":{"gitId":"FionaQY"},"content":"        this.task \u003d task;","lastModifiedDate":"2024-08-22","isFullCredit":false},{"lineNumber":7,"author":{"gitId":"FionaQY"},"content":"    }","lastModifiedDate":"2024-08-22","isFullCredit":false},{"lineNumber":8,"author":{"gitId":"FionaQY"},"content":"    @Override","lastModifiedDate":"2024-08-22","isFullCredit":false},{"lineNumber":9,"author":{"gitId":"FionaQY"},"content":"    public String toString() {","lastModifiedDate":"2024-08-22","isFullCredit":false},{"lineNumber":10,"author":{"gitId":"FionaQY"},"content":"        return this.part + \" not found \" + super.toString()","lastModifiedDate":"2024-08-22","isFullCredit":false},{"lineNumber":11,"author":{"gitId":"FionaQY"},"content":"                + \"\\nPlease include a \" + this.part +\" for this \" + this.task + \" task \";","lastModifiedDate":"2024-08-22","isFullCredit":false},{"lineNumber":12,"author":{"gitId":"FionaQY"},"content":"    }","lastModifiedDate":"2024-08-22","isFullCredit":false},{"lineNumber":13,"author":{"gitId":"FionaQY"},"content":"}","lastModifiedDate":"2024-08-22","isFullCredit":false}],"authorContributionMap":{"FionaQY":13}},{"path":"src/main/java/StrandException.java","fileType":"java","lines":[{"lineNumber":1,"author":{"gitId":"FionaQY"},"content":"public abstract class StrandException extends Exception{","lastModifiedDate":"2024-08-22","isFullCredit":false},{"lineNumber":2,"author":{"gitId":"FionaQY"},"content":"    @Override","lastModifiedDate":"2024-08-22","isFullCredit":false},{"lineNumber":3,"author":{"gitId":"FionaQY"},"content":"    public String toString() {","lastModifiedDate":"2024-08-22","isFullCredit":false},{"lineNumber":4,"author":{"gitId":"FionaQY"},"content":"        return \"(×_×;）\";","lastModifiedDate":"2024-08-22","isFullCredit":false},{"lineNumber":5,"author":{"gitId":"FionaQY"},"content":"    }","lastModifiedDate":"2024-08-22","isFullCredit":false},{"lineNumber":6,"author":{"gitId":"FionaQY"},"content":"}","lastModifiedDate":"2024-08-22","isFullCredit":false}],"authorContributionMap":{"FionaQY":6}},{"path":"src/main/java/StrandNumberNotFoundException.java","fileType":"java","lines":[{"lineNumber":1,"author":{"gitId":"FionaQY"},"content":"public class StrandNumberNotFoundException extends StrandException{","lastModifiedDate":"2024-08-22","isFullCredit":false},{"lineNumber":2,"author":{"gitId":"FionaQY"},"content":"    protected String command;","lastModifiedDate":"2024-08-22","isFullCredit":false},{"lineNumber":3,"author":{"gitId":"FionaQY"},"content":"    public StrandNumberNotFoundException(String command) {","lastModifiedDate":"2024-08-22","isFullCredit":false},{"lineNumber":4,"author":{"gitId":"FionaQY"},"content":"        this.command \u003d command;","lastModifiedDate":"2024-08-22","isFullCredit":false},{"lineNumber":5,"author":{"gitId":"FionaQY"},"content":"    }","lastModifiedDate":"2024-08-22","isFullCredit":false},{"lineNumber":6,"author":{"gitId":"FionaQY"},"content":"    @Override","lastModifiedDate":"2024-08-22","isFullCredit":false},{"lineNumber":7,"author":{"gitId":"FionaQY"},"content":"    public String toString() {","lastModifiedDate":"2024-08-22","isFullCredit":false},{"lineNumber":8,"author":{"gitId":"FionaQY"},"content":"        return \"Index for task not found \" + super.toString()","lastModifiedDate":"2024-08-22","isFullCredit":false},{"lineNumber":9,"author":{"gitId":"FionaQY"},"content":"                + \"Please input a number after \" + this.command","lastModifiedDate":"2024-08-22","isFullCredit":false},{"lineNumber":10,"author":{"gitId":"FionaQY"},"content":"                + \". (e.g. \"  + this.command + \" 1)\";","lastModifiedDate":"2024-08-22","isFullCredit":false},{"lineNumber":11,"author":{"gitId":"FionaQY"},"content":"    }","lastModifiedDate":"2024-08-22","isFullCredit":false},{"lineNumber":12,"author":{"gitId":"FionaQY"},"content":"}","lastModifiedDate":"2024-08-22","isFullCredit":false}],"authorContributionMap":{"FionaQY":12}},{"path":"src/main/java/StrandWrongCommandException.java","fileType":"java","lines":[{"lineNumber":1,"author":{"gitId":"FionaQY"},"content":"public class StrandWrongCommandException extends StrandException{","lastModifiedDate":"2024-08-22","isFullCredit":false},{"lineNumber":2,"author":{"gitId":"FionaQY"},"content":"    @Override","lastModifiedDate":"2024-08-22","isFullCredit":false},{"lineNumber":3,"author":{"gitId":"FionaQY"},"content":"    public String toString() {","lastModifiedDate":"2024-08-22","isFullCredit":false},{"lineNumber":4,"author":{"gitId":"FionaQY"},"content":"        return \"Command not found \" + super.toString();","lastModifiedDate":"2024-08-22","isFullCredit":false},{"lineNumber":5,"author":{"gitId":"FionaQY"},"content":"    }","lastModifiedDate":"2024-08-22","isFullCredit":false},{"lineNumber":6,"author":{"gitId":"FionaQY"},"content":"}","lastModifiedDate":"2024-08-22","isFullCredit":false}],"authorContributionMap":{"FionaQY":6}},{"path":"src/main/java/StrandWrongIndexException.java","fileType":"java","lines":[{"lineNumber":1,"author":{"gitId":"FionaQY"},"content":"public class StrandWrongIndexException extends StrandException{","lastModifiedDate":"2024-08-22","isFullCredit":false},{"lineNumber":2,"author":{"gitId":"FionaQY"},"content":"    protected int size;","lastModifiedDate":"2024-08-22","isFullCredit":false},{"lineNumber":3,"author":{"gitId":"FionaQY"},"content":"    public StrandWrongIndexException(int size) {","lastModifiedDate":"2024-08-22","isFullCredit":false},{"lineNumber":4,"author":{"gitId":"FionaQY"},"content":"        this.size \u003d size;","lastModifiedDate":"2024-08-22","isFullCredit":false},{"lineNumber":5,"author":{"gitId":"FionaQY"},"content":"    }","lastModifiedDate":"2024-08-22","isFullCredit":false},{"lineNumber":6,"author":{"gitId":"FionaQY"},"content":"    @Override","lastModifiedDate":"2024-08-22","isFullCredit":false},{"lineNumber":7,"author":{"gitId":"FionaQY"},"content":"    public String toString() {","lastModifiedDate":"2024-08-22","isFullCredit":false},{"lineNumber":8,"author":{"gitId":"FionaQY"},"content":"        return \"Index out of range \" + super.toString()","lastModifiedDate":"2024-08-22","isFullCredit":false},{"lineNumber":9,"author":{"gitId":"FionaQY"},"content":"                + \"Please input a number within range (minimum 1, maximum \" + this.size + \")\";","lastModifiedDate":"2024-08-22","isFullCredit":false},{"lineNumber":10,"author":{"gitId":"FionaQY"},"content":"    }","lastModifiedDate":"2024-08-22","isFullCredit":false},{"lineNumber":11,"author":{"gitId":"FionaQY"},"content":"}","lastModifiedDate":"2024-08-22","isFullCredit":false}],"authorContributionMap":{"FionaQY":11}},{"path":"src/main/java/Task.java","fileType":"java","lines":[{"lineNumber":1,"author":{"gitId":"FionaQY"},"content":"/**","lastModifiedDate":"2024-08-22","isFullCredit":false},{"lineNumber":2,"author":{"gitId":"FionaQY"},"content":" * The Task class is an abstract representation of a task","lastModifiedDate":"2024-08-22","isFullCredit":false},{"lineNumber":3,"author":{"gitId":"FionaQY"},"content":" */","lastModifiedDate":"2024-08-22","isFullCredit":false},{"lineNumber":4,"author":{"gitId":"FionaQY"},"content":"public abstract class Task {","lastModifiedDate":"2024-08-22","isFullCredit":false},{"lineNumber":5,"author":{"gitId":"FionaQY"},"content":"    protected String description;","lastModifiedDate":"2024-08-22","isFullCredit":false},{"lineNumber":6,"author":{"gitId":"FionaQY"},"content":"    protected boolean isDone;","lastModifiedDate":"2024-08-22","isFullCredit":false},{"lineNumber":7,"author":{"gitId":"FionaQY"},"content":"","lastModifiedDate":"2024-08-22","isFullCredit":false},{"lineNumber":8,"author":{"gitId":"FionaQY"},"content":"    /**","lastModifiedDate":"2024-08-22","isFullCredit":false},{"lineNumber":9,"author":{"gitId":"FionaQY"},"content":"     * Constructs a new Task with the specified description.","lastModifiedDate":"2024-08-22","isFullCredit":false},{"lineNumber":10,"author":{"gitId":"FionaQY"},"content":"     * By default, the task is not marked as done.","lastModifiedDate":"2024-08-22","isFullCredit":false},{"lineNumber":11,"author":{"gitId":"FionaQY"},"content":"     *","lastModifiedDate":"2024-08-22","isFullCredit":false},{"lineNumber":12,"author":{"gitId":"FionaQY"},"content":"     * @param description The description of the task.","lastModifiedDate":"2024-08-22","isFullCredit":false},{"lineNumber":13,"author":{"gitId":"FionaQY"},"content":"     */","lastModifiedDate":"2024-08-22","isFullCredit":false},{"lineNumber":14,"author":{"gitId":"FionaQY"},"content":"    public Task(String description) {","lastModifiedDate":"2024-08-22","isFullCredit":false},{"lineNumber":15,"author":{"gitId":"FionaQY"},"content":"        this.description \u003d description;","lastModifiedDate":"2024-08-22","isFullCredit":false},{"lineNumber":16,"author":{"gitId":"FionaQY"},"content":"        this.isDone \u003d false;","lastModifiedDate":"2024-08-22","isFullCredit":false},{"lineNumber":17,"author":{"gitId":"FionaQY"},"content":"    }","lastModifiedDate":"2024-08-22","isFullCredit":false},{"lineNumber":18,"author":{"gitId":"FionaQY"},"content":"","lastModifiedDate":"2024-08-22","isFullCredit":false},{"lineNumber":19,"author":{"gitId":"FionaQY"},"content":"    private String getStatus() {","lastModifiedDate":"2024-08-22","isFullCredit":false},{"lineNumber":20,"author":{"gitId":"FionaQY"},"content":"        return \"[\" + (isDone ? \"X\" : \" \") + \"] \";","lastModifiedDate":"2024-08-22","isFullCredit":false},{"lineNumber":21,"author":{"gitId":"FionaQY"},"content":"    }","lastModifiedDate":"2024-08-22","isFullCredit":false},{"lineNumber":22,"author":{"gitId":"FionaQY"},"content":"","lastModifiedDate":"2024-08-22","isFullCredit":false},{"lineNumber":23,"author":{"gitId":"FionaQY"},"content":"    abstract String getType();","lastModifiedDate":"2024-08-22","isFullCredit":false},{"lineNumber":24,"author":{"gitId":"FionaQY"},"content":"","lastModifiedDate":"2024-08-22","isFullCredit":false},{"lineNumber":25,"author":{"gitId":"FionaQY"},"content":"    /**","lastModifiedDate":"2024-08-22","isFullCredit":false},{"lineNumber":26,"author":{"gitId":"FionaQY"},"content":"     * Returns the string representation of the task","lastModifiedDate":"2024-08-22","isFullCredit":false},{"lineNumber":27,"author":{"gitId":"FionaQY"},"content":"     *","lastModifiedDate":"2024-08-22","isFullCredit":false},{"lineNumber":28,"author":{"gitId":"FionaQY"},"content":"     * @return A string representing the task","lastModifiedDate":"2024-08-22","isFullCredit":false},{"lineNumber":29,"author":{"gitId":"FionaQY"},"content":"     */","lastModifiedDate":"2024-08-22","isFullCredit":false},{"lineNumber":30,"author":{"gitId":"FionaQY"},"content":"    @Override","lastModifiedDate":"2024-08-22","isFullCredit":false},{"lineNumber":31,"author":{"gitId":"FionaQY"},"content":"    public String toString() {","lastModifiedDate":"2024-08-22","isFullCredit":false},{"lineNumber":32,"author":{"gitId":"FionaQY"},"content":"        return this.getStatus() + this.description; // mark done task with X","lastModifiedDate":"2024-08-22","isFullCredit":false},{"lineNumber":33,"author":{"gitId":"FionaQY"},"content":"    }","lastModifiedDate":"2024-08-22","isFullCredit":false},{"lineNumber":34,"author":{"gitId":"FionaQY"},"content":"","lastModifiedDate":"2024-08-22","isFullCredit":false},{"lineNumber":35,"author":{"gitId":"FionaQY"},"content":"    /**","lastModifiedDate":"2024-08-22","isFullCredit":false},{"lineNumber":36,"author":{"gitId":"FionaQY"},"content":"     * Marks the task as done","lastModifiedDate":"2024-08-22","isFullCredit":false},{"lineNumber":37,"author":{"gitId":"FionaQY"},"content":"     */","lastModifiedDate":"2024-08-22","isFullCredit":false},{"lineNumber":38,"author":{"gitId":"FionaQY"},"content":"    public void markAsDone() {","lastModifiedDate":"2024-08-22","isFullCredit":false},{"lineNumber":39,"author":{"gitId":"FionaQY"},"content":"        this.isDone \u003d true;","lastModifiedDate":"2024-08-22","isFullCredit":false},{"lineNumber":40,"author":{"gitId":"FionaQY"},"content":"    }","lastModifiedDate":"2024-08-22","isFullCredit":false},{"lineNumber":41,"author":{"gitId":"FionaQY"},"content":"","lastModifiedDate":"2024-08-22","isFullCredit":false},{"lineNumber":42,"author":{"gitId":"FionaQY"},"content":"    /**","lastModifiedDate":"2024-08-22","isFullCredit":false},{"lineNumber":43,"author":{"gitId":"FionaQY"},"content":"     * Marks the task as not done","lastModifiedDate":"2024-08-22","isFullCredit":false},{"lineNumber":44,"author":{"gitId":"FionaQY"},"content":"     */","lastModifiedDate":"2024-08-22","isFullCredit":false},{"lineNumber":45,"author":{"gitId":"FionaQY"},"content":"    public void markAsNotDone() {","lastModifiedDate":"2024-08-22","isFullCredit":false},{"lineNumber":46,"author":{"gitId":"FionaQY"},"content":"        this.isDone \u003d false;","lastModifiedDate":"2024-08-22","isFullCredit":false},{"lineNumber":47,"author":{"gitId":"FionaQY"},"content":"    }","lastModifiedDate":"2024-08-22","isFullCredit":false},{"lineNumber":48,"author":{"gitId":"FionaQY"},"content":"}","lastModifiedDate":"2024-08-22","isFullCredit":false}],"authorContributionMap":{"FionaQY":48}},{"path":"src/main/java/Todo.java","fileType":"java","lines":[{"lineNumber":1,"author":{"gitId":"FionaQY"},"content":"/**","lastModifiedDate":"2024-08-22","isFullCredit":false},{"lineNumber":2,"author":{"gitId":"FionaQY"},"content":" * The Todo class represents a simple task without any specific time constraints.","lastModifiedDate":"2024-08-22","isFullCredit":false},{"lineNumber":3,"author":{"gitId":"FionaQY"},"content":" */","lastModifiedDate":"2024-08-22","isFullCredit":false},{"lineNumber":4,"author":{"gitId":"FionaQY"},"content":"public class Todo extends Task {","lastModifiedDate":"2024-08-22","isFullCredit":false},{"lineNumber":5,"author":{"gitId":"FionaQY"},"content":"","lastModifiedDate":"2024-08-22","isFullCredit":false},{"lineNumber":6,"author":{"gitId":"FionaQY"},"content":"    /**","lastModifiedDate":"2024-08-22","isFullCredit":false},{"lineNumber":7,"author":{"gitId":"FionaQY"},"content":"     * Constructs a new Todo task with the specified description.","lastModifiedDate":"2024-08-22","isFullCredit":false},{"lineNumber":8,"author":{"gitId":"FionaQY"},"content":"     *","lastModifiedDate":"2024-08-22","isFullCredit":false},{"lineNumber":9,"author":{"gitId":"FionaQY"},"content":"     * @param description The description of the task.","lastModifiedDate":"2024-08-22","isFullCredit":false},{"lineNumber":10,"author":{"gitId":"FionaQY"},"content":"     */","lastModifiedDate":"2024-08-22","isFullCredit":false},{"lineNumber":11,"author":{"gitId":"FionaQY"},"content":"    public Todo(String description) {","lastModifiedDate":"2024-08-22","isFullCredit":false},{"lineNumber":12,"author":{"gitId":"FionaQY"},"content":"        super(description);","lastModifiedDate":"2024-08-22","isFullCredit":false},{"lineNumber":13,"author":{"gitId":"FionaQY"},"content":"    }","lastModifiedDate":"2024-08-22","isFullCredit":false},{"lineNumber":14,"author":{"gitId":"FionaQY"},"content":"","lastModifiedDate":"2024-08-22","isFullCredit":false},{"lineNumber":15,"author":{"gitId":"FionaQY"},"content":"    @Override","lastModifiedDate":"2024-08-22","isFullCredit":false},{"lineNumber":16,"author":{"gitId":"FionaQY"},"content":"    String getType() {","lastModifiedDate":"2024-08-22","isFullCredit":false},{"lineNumber":17,"author":{"gitId":"FionaQY"},"content":"        return \"[T]\";","lastModifiedDate":"2024-08-22","isFullCredit":false},{"lineNumber":18,"author":{"gitId":"FionaQY"},"content":"    }","lastModifiedDate":"2024-08-22","isFullCredit":false},{"lineNumber":19,"author":{"gitId":"FionaQY"},"content":"","lastModifiedDate":"2024-08-22","isFullCredit":false},{"lineNumber":20,"author":{"gitId":"FionaQY"},"content":"    /**","lastModifiedDate":"2024-08-22","isFullCredit":false},{"lineNumber":21,"author":{"gitId":"FionaQY"},"content":"     * Returns the string representation of the Todo task","lastModifiedDate":"2024-08-22","isFullCredit":false},{"lineNumber":22,"author":{"gitId":"FionaQY"},"content":"     *","lastModifiedDate":"2024-08-22","isFullCredit":false},{"lineNumber":23,"author":{"gitId":"FionaQY"},"content":"     * @return A string representing the Todo task","lastModifiedDate":"2024-08-22","isFullCredit":false},{"lineNumber":24,"author":{"gitId":"FionaQY"},"content":"     */","lastModifiedDate":"2024-08-22","isFullCredit":false},{"lineNumber":25,"author":{"gitId":"FionaQY"},"content":"    @Override","lastModifiedDate":"2024-08-22","isFullCredit":false},{"lineNumber":26,"author":{"gitId":"FionaQY"},"content":"    public String toString() {","lastModifiedDate":"2024-08-22","isFullCredit":false},{"lineNumber":27,"author":{"gitId":"FionaQY"},"content":"        return this.getType() + super.toString();","lastModifiedDate":"2024-08-22","isFullCredit":false},{"lineNumber":28,"author":{"gitId":"FionaQY"},"content":"    }","lastModifiedDate":"2024-08-22","isFullCredit":false},{"lineNumber":29,"author":{"gitId":"FionaQY"},"content":"}","lastModifiedDate":"2024-08-22","isFullCredit":false}],"authorContributionMap":{"FionaQY":29}},{"path":"text-ui-test/input.txt","fileType":"txt","lines":[{"lineNumber":1,"author":{"gitId":"FionaQY"},"content":"todo borrow book","lastModifiedDate":"2024-08-22","isFullCredit":false},{"lineNumber":2,"author":{"gitId":"FionaQY"},"content":"list","lastModifiedDate":"2024-08-22","isFullCredit":false},{"lineNumber":3,"author":{"gitId":"FionaQY"},"content":"deadline return book /by Sunday","lastModifiedDate":"2024-08-22","isFullCredit":false},{"lineNumber":4,"author":{"gitId":"FionaQY"},"content":"event project meeting /from Mon 2pm /to 4pm","lastModifiedDate":"2024-08-22","isFullCredit":false},{"lineNumber":5,"author":{"gitId":"FionaQY"},"content":"bye","lastModifiedDate":"2024-08-22","isFullCredit":false}],"authorContributionMap":{"FionaQY":5}},{"path":"text-ui-test/runtest.bat","fileType":"bat","lines":[{"lineNumber":1,"author":{"gitId":"-"},"content":"@ECHO OFF","lastModifiedDate":"2020-05-25","isFullCredit":false},{"lineNumber":2,"author":{"gitId":"-"},"content":"","lastModifiedDate":"2020-05-25","isFullCredit":false},{"lineNumber":3,"author":{"gitId":"-"},"content":"REM create bin directory if it doesn\u0027t exist","lastModifiedDate":"2020-05-25","isFullCredit":false},{"lineNumber":4,"author":{"gitId":"-"},"content":"if not exist ..\\bin mkdir ..\\bin","lastModifiedDate":"2020-05-25","isFullCredit":false},{"lineNumber":5,"author":{"gitId":"-"},"content":"","lastModifiedDate":"2020-05-25","isFullCredit":false},{"lineNumber":6,"author":{"gitId":"-"},"content":"REM delete output from previous run","lastModifiedDate":"2020-05-25","isFullCredit":false},{"lineNumber":7,"author":{"gitId":"-"},"content":"if exist ACTUAL.TXT del ACTUAL.TXT","lastModifiedDate":"2020-08-25","isFullCredit":false},{"lineNumber":8,"author":{"gitId":"-"},"content":"","lastModifiedDate":"2020-05-25","isFullCredit":false},{"lineNumber":9,"author":{"gitId":"-"},"content":"REM compile the code into the bin folder","lastModifiedDate":"2020-05-25","isFullCredit":false},{"lineNumber":10,"author":{"gitId":"-"},"content":"javac  -cp ..\\src\\main\\java -Xlint:none -d ..\\bin ..\\src\\main\\java\\*.java","lastModifiedDate":"2020-08-25","isFullCredit":false},{"lineNumber":11,"author":{"gitId":"-"},"content":"IF ERRORLEVEL 1 (","lastModifiedDate":"2020-05-25","isFullCredit":false},{"lineNumber":12,"author":{"gitId":"-"},"content":"    echo ********** BUILD FAILURE **********","lastModifiedDate":"2020-05-25","isFullCredit":false},{"lineNumber":13,"author":{"gitId":"-"},"content":"    exit /b 1","lastModifiedDate":"2020-05-25","isFullCredit":false},{"lineNumber":14,"author":{"gitId":"-"},"content":")","lastModifiedDate":"2020-05-25","isFullCredit":false},{"lineNumber":15,"author":{"gitId":"-"},"content":"REM no error here, errorlevel \u003d\u003d 0","lastModifiedDate":"2020-05-25","isFullCredit":false},{"lineNumber":16,"author":{"gitId":"-"},"content":"","lastModifiedDate":"2020-05-25","isFullCredit":false},{"lineNumber":17,"author":{"gitId":"-"},"content":"REM run the program, feed commands from input.txt file and redirect the output to the ACTUAL.TXT","lastModifiedDate":"2020-05-25","isFullCredit":false},{"lineNumber":18,"author":{"gitId":"FionaQY"},"content":"java -classpath ..\\bin Strand \u003c input.txt \u003e ACTUAL.TXT","lastModifiedDate":"2024-08-22","isFullCredit":false},{"lineNumber":19,"author":{"gitId":"-"},"content":"","lastModifiedDate":"2020-05-25","isFullCredit":false},{"lineNumber":20,"author":{"gitId":"-"},"content":"REM compare the output to the expected output","lastModifiedDate":"2020-05-25","isFullCredit":false},{"lineNumber":21,"author":{"gitId":"-"},"content":"FC ACTUAL.TXT EXPECTED.TXT","lastModifiedDate":"2020-05-25","isFullCredit":false}],"authorContributionMap":{"-":20,"FionaQY":1}},{"path":"text-ui-test/runtest.sh","fileType":"sh","lines":[{"lineNumber":1,"author":{"gitId":"-"},"content":"#!/usr/bin/env bash","lastModifiedDate":"2020-05-25","isFullCredit":false},{"lineNumber":2,"author":{"gitId":"-"},"content":"","lastModifiedDate":"2020-05-25","isFullCredit":false},{"lineNumber":3,"author":{"gitId":"-"},"content":"# create bin directory if it doesn\u0027t exist","lastModifiedDate":"2020-05-25","isFullCredit":false},{"lineNumber":4,"author":{"gitId":"-"},"content":"if [ ! -d \"../bin\" ]","lastModifiedDate":"2020-05-25","isFullCredit":false},{"lineNumber":5,"author":{"gitId":"-"},"content":"then","lastModifiedDate":"2020-05-25","isFullCredit":false},{"lineNumber":6,"author":{"gitId":"-"},"content":"    mkdir ../bin","lastModifiedDate":"2020-05-25","isFullCredit":false},{"lineNumber":7,"author":{"gitId":"-"},"content":"fi","lastModifiedDate":"2020-05-25","isFullCredit":false},{"lineNumber":8,"author":{"gitId":"-"},"content":"","lastModifiedDate":"2020-05-25","isFullCredit":false},{"lineNumber":9,"author":{"gitId":"-"},"content":"# delete output from previous run","lastModifiedDate":"2020-05-25","isFullCredit":false},{"lineNumber":10,"author":{"gitId":"-"},"content":"if [ -e \"./ACTUAL.TXT\" ]","lastModifiedDate":"2020-05-25","isFullCredit":false},{"lineNumber":11,"author":{"gitId":"-"},"content":"then","lastModifiedDate":"2020-05-25","isFullCredit":false},{"lineNumber":12,"author":{"gitId":"-"},"content":"    rm ACTUAL.TXT","lastModifiedDate":"2020-05-25","isFullCredit":false},{"lineNumber":13,"author":{"gitId":"-"},"content":"fi","lastModifiedDate":"2020-05-25","isFullCredit":false},{"lineNumber":14,"author":{"gitId":"-"},"content":"","lastModifiedDate":"2020-05-25","isFullCredit":false},{"lineNumber":15,"author":{"gitId":"-"},"content":"# compile the code into the bin folder, terminates if error occurred","lastModifiedDate":"2020-05-25","isFullCredit":false},{"lineNumber":16,"author":{"gitId":"-"},"content":"if ! javac -cp ../src/main/java -Xlint:none -d ../bin ../src/main/java/*.java","lastModifiedDate":"2020-08-25","isFullCredit":false},{"lineNumber":17,"author":{"gitId":"-"},"content":"then","lastModifiedDate":"2020-05-25","isFullCredit":false},{"lineNumber":18,"author":{"gitId":"-"},"content":"    echo \"********** BUILD FAILURE **********\"","lastModifiedDate":"2020-05-25","isFullCredit":false},{"lineNumber":19,"author":{"gitId":"-"},"content":"    exit 1","lastModifiedDate":"2020-05-25","isFullCredit":false},{"lineNumber":20,"author":{"gitId":"-"},"content":"fi","lastModifiedDate":"2020-05-25","isFullCredit":false},{"lineNumber":21,"author":{"gitId":"-"},"content":"","lastModifiedDate":"2020-05-25","isFullCredit":false},{"lineNumber":22,"author":{"gitId":"-"},"content":"# run the program, feed commands from input.txt file and redirect the output to the ACTUAL.TXT","lastModifiedDate":"2020-05-25","isFullCredit":false},{"lineNumber":23,"author":{"gitId":"FionaQY"},"content":"java -classpath ../bin Strand \u003c input.txt \u003e ACTUAL.TXT","lastModifiedDate":"2024-08-22","isFullCredit":false},{"lineNumber":24,"author":{"gitId":"-"},"content":"","lastModifiedDate":"2020-05-25","isFullCredit":false},{"lineNumber":25,"author":{"gitId":"-"},"content":"# convert to UNIX format","lastModifiedDate":"2020-05-25","isFullCredit":false},{"lineNumber":26,"author":{"gitId":"-"},"content":"cp EXPECTED.TXT EXPECTED-UNIX.TXT","lastModifiedDate":"2020-05-25","isFullCredit":false},{"lineNumber":27,"author":{"gitId":"-"},"content":"dos2unix ACTUAL.TXT EXPECTED-UNIX.TXT","lastModifiedDate":"2020-05-25","isFullCredit":false},{"lineNumber":28,"author":{"gitId":"-"},"content":"","lastModifiedDate":"2020-05-25","isFullCredit":false},{"lineNumber":29,"author":{"gitId":"-"},"content":"# compare the output to the expected output","lastModifiedDate":"2020-05-25","isFullCredit":false},{"lineNumber":30,"author":{"gitId":"-"},"content":"diff ACTUAL.TXT EXPECTED-UNIX.TXT","lastModifiedDate":"2020-05-25","isFullCredit":false},{"lineNumber":31,"author":{"gitId":"-"},"content":"if [ $? -eq 0 ]","lastModifiedDate":"2020-05-25","isFullCredit":false},{"lineNumber":32,"author":{"gitId":"-"},"content":"then","lastModifiedDate":"2020-05-25","isFullCredit":false},{"lineNumber":33,"author":{"gitId":"-"},"content":"    echo \"Test result: PASSED\"","lastModifiedDate":"2020-05-25","isFullCredit":false},{"lineNumber":34,"author":{"gitId":"-"},"content":"    exit 0","lastModifiedDate":"2020-05-25","isFullCredit":false},{"lineNumber":35,"author":{"gitId":"-"},"content":"else","lastModifiedDate":"2020-05-25","isFullCredit":false},{"lineNumber":36,"author":{"gitId":"-"},"content":"    echo \"Test result: FAILED\"","lastModifiedDate":"2020-05-25","isFullCredit":false},{"lineNumber":37,"author":{"gitId":"-"},"content":"    exit 1","lastModifiedDate":"2020-05-25","isFullCredit":false},{"lineNumber":38,"author":{"gitId":"-"},"content":"fi","lastModifiedDate":"2020-05-25","isFullCredit":false}],"authorContributionMap":{"-":37,"FionaQY":1}}]
