{"authorDailyContributionsMap":{"triishaa":[{"date":"2024-08-21","commitResults":[{"hash":"6d21cb6063edd72ddef5d58028f11a396cccdd2d","isMergeCommit":false,"messageTitle":"Renamed Duke.java to ChatterBox.java and added initial functionality","messageBody":"","tags":["Level-0"],"fileTypesAndContributionMap":{"java":{"insertions":10,"deletions":10}}},{"hash":"6932900732e71c6b27345e0b956814ab023d4927","isMergeCommit":false,"messageTitle":"Level 1 Echo: Implemented echo functionality and exit command","messageBody":"","tags":["Level-1"],"fileTypesAndContributionMap":{"java":{"insertions":22,"deletions":6}}},{"hash":"ee56e74f37b48355ac406dcb55bf67990587a4c3","isMergeCommit":false,"messageTitle":"Added supoort for list and personalised the chatbot","messageBody":"","fileTypesAndContributionMap":{"java":{"insertions":14,"deletions":3}}},{"hash":"2ea8a456ee67423715390de003e8e54b1d5ace63","isMergeCommit":false,"messageTitle":"Level 2 Add, List: Implemented the functionality to add tasks to list and also view them.","messageBody":"","tags":["Level-2"],"fileTypesAndContributionMap":{"java":{"insertions":3,"deletions":3}}},{"hash":"88c58a58e2f954b156696d597c162984958423cd","isMergeCommit":false,"messageTitle":"Added Level 3: Mark and Unmark tasks functionality","messageBody":"","fileTypesAndContributionMap":{"java":{"insertions":67,"deletions":11}}},{"hash":"201c9b2b9aa9a9f9f307b2dc54c58a71173f2736","isMergeCommit":false,"messageTitle":"Level-3 updated","messageBody":"","fileTypesAndContributionMap":{"java":{"insertions":12,"deletions":9}}},{"hash":"3554a9d9a6816319991fffdeb3d049f4c80158c1","isMergeCommit":false,"messageTitle":"Level-3 Final, Used Task Array instead of an Array List for mark and unmark task functionality","messageBody":"","fileTypesAndContributionMap":{"java":{"insertions":67,"deletions":9}}},{"hash":"06fafb7281f54db7817cc251253a12ce1e14cc78","isMergeCommit":true,"messageTitle":"Resolved merge conflicts","messageBody":"","tags":["Level-3"],"fileTypesAndContributionMap":{}},{"hash":"c636a6c654421a53d5873899622a801ee41409f4","isMergeCommit":false,"messageTitle":"Added Level 4: ToDos, Events, Deadlines Functionality by creating three subclasses of class Task","messageBody":"","tags":["Level-4"],"fileTypesAndContributionMap":{"java":{"insertions":78,"deletions":4}}},{"hash":"872b9e1d426259b4bb6b9f271401ca77fac6ee0b","isMergeCommit":false,"messageTitle":"A-TextUiTesting Done","messageBody":"","tags":["A-TextUiTesting"],"fileTypesAndContributionMap":{"txt":{"insertions":11,"deletions":0},"java":{"insertions":1,"deletions":1},"sh":{"insertions":1,"deletions":1}}},{"hash":"2f634ef16fe7e1b137d246ea93ae90af0250331d","isMergeCommit":false,"messageTitle":"Add Level-5: Handle Errors which checks for incorrect commands, blank description, incorrect format of entering tasks,invalid task numbers to be marked done/undone","messageBody":"","tags":["Level-5"],"fileTypesAndContributionMap":{"java":{"insertions":77,"deletions":33}}},{"hash":"807d45fee5b82ec42710bb3f7c4ea0609c5631c2","isMergeCommit":false,"messageTitle":"Add Level 6: Deleting tasks functionality added","messageBody":"","tags":["Level-6"],"fileTypesAndContributionMap":{"java":{"insertions":44,"deletions":27}}}]},{"date":"2024-08-26","commitResults":[{"hash":"3d1999a74bf8462a11d23a6fddc91d180c587466","isMergeCommit":false,"messageTitle":"Add Level 7: Add taks to file","messageBody":"","tags":["Level-7"],"fileTypesAndContributionMap":{"txt":{"insertions":1,"deletions":0},"java":{"insertions":99,"deletions":3}}},{"hash":"3e598ced3e2f8d4f16009dbb0a62cd1d47a22fca","isMergeCommit":true,"messageTitle":"Merge branch \u0027branch-Level-7\u0027","messageBody":"Merge branch \u0027branch-Level-7\u0027 into master\n\nImplemented Level 7:\n- Enhanced ChatterBox to keep track of previous entries using a text file.\n","fileTypesAndContributionMap":{}},{"hash":"721c9f35aac56f3cf9d121cfd9b2bb541e4d44d9","isMergeCommit":false,"messageTitle":"Add Level 8: ChatBot now recognises date and time","messageBody":"","fileTypesAndContributionMap":{"txt":{"insertions":2,"deletions":1},"java":{"insertions":57,"deletions":23}}},{"hash":"e6d821e886b7c56b2b2a9b21b894d9abbec35a8a","isMergeCommit":true,"messageTitle":"Merge branch-Leel-8 into master","messageBody":"","tags":["Level-8"],"fileTypesAndContributionMap":{}}]},{"date":"2024-08-27","commitResults":[{"hash":"f6bea5cef59af88e15d66249860d0d793ea2d606","isMergeCommit":false,"messageTitle":"Add A-MoreOO P: Divided the main ChatterBox class into sub-classes which handle similar functions","messageBody":"","fileTypesAndContributionMap":{"txt":{"insertions":21,"deletions":2},"java":{"insertions":669,"deletions":230}}},{"hash":"fab8951f15ccfcd45e032dd3df99409f80962871","isMergeCommit":false,"messageTitle":"A-MoreOOP : ChatterBox is now divided into subclasses where each subclass performs a specific task.","messageBody":"","tags":["A-MoreOOP"],"fileTypesAndContributionMap":{"java":{"insertions":0,"deletions":242}}},{"hash":"9b4bdba0e449bd3b6f8730c2c9369d61a984c8f6","isMergeCommit":false,"messageTitle":"Add A-Packages: Classes are now grouped into packages which perform similar task","messageBody":"","tags":["A-Packages"],"fileTypesAndContributionMap":{"txt":{"insertions":1,"deletions":21},"java":{"insertions":46,"deletions":16}}}]},{"date":"2024-08-28","commitResults":[{"hash":"1338e4f8567cc8c32e8870d3087db646ff723b94","isMergeCommit":true,"messageTitle":"Merge remote-tracking branch \u0027origin/add-gradle-support\u0027","messageBody":"","fileTypesAndContributionMap":{}},{"hash":"f2bdb3c1f84ffc9d50abe444621618eddae54806","isMergeCommit":false,"messageTitle":"Merged origin/add-graddle-support into master","messageBody":"","fileTypesAndContributionMap":{"txt":{"insertions":1,"deletions":1}}},{"hash":"c7d1b3c81499463a79c7268e43e9d571d366a329","isMergeCommit":false,"messageTitle":"Add A-Gradle: Set up gradle in IntelliJ","messageBody":"","tags":["A-Gradle"],"fileTypesAndContributionMap":{"gradle":{"insertions":1,"deletions":1},"txt":{"insertions":2,"deletions":1}}},{"hash":"8f7b04b44563c1af15223382f8cc23203939006b","isMergeCommit":false,"messageTitle":"Add JUnit to test Parser, Ui and Storage Classes","messageBody":"","tags":["A-Jar","A-JUnit"],"fileTypesAndContributionMap":{"txt":{"insertions":1,"deletions":2},"java":{"insertions":197,"deletions":1}}},{"hash":"61b9bb23c6dbc4562ee1a650ad4662be53548425","isMergeCommit":false,"messageTitle":"Add Javadoc to the project","messageBody":"","tags":["A-JavaDoc"],"fileTypesAndContributionMap":{"gradle":{"insertions":2,"deletions":1},"txt":{"insertions":2,"deletions":1},"java":{"insertions":386,"deletions":7},"md":{"insertions":121,"deletions":0}}}]}]},"authorFileTypeContributionMap":{"triishaa":{"java":1161,"md":121,"fxml":0,"sh":1,"bat":0,"gradle":3,"txt":13}},"authorContributionVariance":{"triishaa":141668.56},"authorDisplayNameMap":{"triishaa":"CS2103T-F10-3 PATO..ISHA"}}
