{"authorDailyContributionsMap":{"jinhanjinhan":[{"date":"2024-08-22","commitResults":[{"hash":"8388dfeea4c6889aaa8ba2495d079ee2ede48c24","isMergeCommit":false,"messageTitle":"Renamed chatbot to Juno and added greet and exit functionality","messageBody":"","tags":["Level-0"],"fileTypesAndContributionMap":{"java":{"insertions":27,"deletions":10}}},{"hash":"67aca75b34bc96957610ac3767a10bb513e73313","isMergeCommit":false,"messageTitle":"Modified chatbot class, and added chatbot echo functionality","messageBody":"","tags":["Level-1"],"fileTypesAndContributionMap":{"java":{"insertions":44,"deletions":7}}},{"hash":"489ddb7ead73e728c469664628047d7aa6d30a38","isMergeCommit":false,"messageTitle":"Added functionality for chatbot to store text and display when user requests","messageBody":"","tags":["Level-2"],"fileTypesAndContributionMap":{"java":{"insertions":54,"deletions":7}}}]},{"date":"2024-08-23","commitResults":[{"hash":"5c9206b2cb98ccdca4aa951cb015177012eece68","isMergeCommit":false,"messageTitle":"Added feature to mark tasks as done","messageBody":"","tags":["Level-3"],"fileTypesAndContributionMap":{"java":{"insertions":115,"deletions":21}}},{"hash":"826deaf492414f24194a271fd30cb2e5a7d54934","isMergeCommit":false,"messageTitle":"Added TaskManager for all task-related operations and added tracking for 3 types of tasks","messageBody":"","tags":["Level-4"],"fileTypesAndContributionMap":{"java":{"insertions":183,"deletions":91}}},{"hash":"fec8db18a1acdf6017f71de24e52fc29129729ad","isMergeCommit":false,"messageTitle":"Added testing using the I/O redirection technique","messageBody":"","tags":["A-TextUiTesting"],"fileTypesAndContributionMap":{"txt":{"insertions":34,"deletions":0},"java":{"insertions":27,"deletions":9},"sh":{"insertions":1,"deletions":1}}},{"hash":"8345f70c28e11190743f07bc41bd7627fa405a4e","isMergeCommit":false,"messageTitle":"Added TaskManagerException class to handle exceptions","messageBody":"","tags":["Level-5"],"fileTypesAndContributionMap":{"java":{"insertions":65,"deletions":41}}},{"hash":"f86624f826de8d3e91e52defb31be95e84f5641c","isMergeCommit":false,"messageTitle":"Added delete feature","messageBody":"","tags":["Level-6","A-Enums"],"fileTypesAndContributionMap":{"txt":{"insertions":7,"deletions":0},"java":{"insertions":36,"deletions":23}}}]},{"date":"2024-08-25","commitResults":[{"hash":"17dd5ef03014d73cfc2c7d7a4b8a1e70ffe1a5e8","isMergeCommit":false,"messageTitle":"Task related classes: add taskType and getter","messageBody":"","fileTypesAndContributionMap":{"java":{"insertions":24,"deletions":10}}},{"hash":"13d5f5d35052f9bf8e10a791199cb14498d3b7d7","isMergeCommit":false,"messageTitle":"Juno and TaskManager class: modify to incorporate new fileManager","messageBody":"","fileTypesAndContributionMap":{"java":{"insertions":48,"deletions":12}}},{"hash":"abbdfdd4ddcf29486b1e4783d8059991926b14ca","isMergeCommit":false,"messageTitle":"TaskAdapter class: Customise read and write methods","messageBody":"","fileTypesAndContributionMap":{"java":{"insertions":79,"deletions":0}}},{"hash":"17b3f9cf1b1761f4f88cb95b0915345c8d2d5400","isMergeCommit":false,"messageTitle":"FileManager class: add to control all file-related operations","messageBody":"","fileTypesAndContributionMap":{"java":{"insertions":77,"deletions":0}}},{"hash":"17f23688dbdfef3b4e1ca5b9938dd1ed34d37d3c","isMergeCommit":true,"messageTitle":"Merge branch \u0027branch-Level-7\u0027","messageBody":"","tags":["Level-7"],"fileTypesAndContributionMap":{}},{"hash":"0217363538ca9fa733a550c868707a0b408124c0","isMergeCommit":false,"messageTitle":"Date feature: use DateTime class to store time instead of string","messageBody":"","fileTypesAndContributionMap":{"java":{"insertions":89,"deletions":28}}},{"hash":"9565dc2258f609d04a0de5a438d2e56f5986ea8f","isMergeCommit":false,"messageTitle":"TextUiTexting changes: Modify input command and expected output","messageBody":"","fileTypesAndContributionMap":{"txt":{"insertions":4,"deletions":4},"sh":{"insertions":6,"deletions":2}}},{"hash":"e3e3eaab1a282a62d571fa53efc62ea0036b9987","isMergeCommit":true,"messageTitle":"Merge branch \u0027branch-Level-8\u0027","messageBody":"","tags":["Level-8"],"fileTypesAndContributionMap":{}}]},{"date":"2024-08-27","commitResults":[{"hash":"7c085eef867e2f14677279ab85eb16f7785917a9","isMergeCommit":false,"messageTitle":"TaskManagerException changes: add new Exception types","messageBody":"","fileTypesAndContributionMap":{"java":{"insertions":3,"deletions":1}}},{"hash":"461e84163d15ff1c23d1bda79bde86efe417614f","isMergeCommit":false,"messageTitle":"TaskManager class: remove command specific methods","messageBody":"","fileTypesAndContributionMap":{"java":{"insertions":6,"deletions":135}}},{"hash":"e9e284ba35482d4fd6997502c71189a8b05635f9","isMergeCommit":false,"messageTitle":"Juno* classes: add JunoUi for user interface related methods","messageBody":"","fileTypesAndContributionMap":{"java":{"insertions":71,"deletions":88}}},{"hash":"c224037c550cc43af36ed3698aac0b0823a0b5ff","isMergeCommit":false,"messageTitle":"Event class: modify Exception message for inputting invalid date","messageBody":"","fileTypesAndContributionMap":{"java":{"insertions":1,"deletions":1}}},{"hash":"dc48039b6087709476c4ee43d693c4458bf12ce0","isMergeCommit":false,"messageTitle":"CommandParser class: add to interpret command input by users","messageBody":"","fileTypesAndContributionMap":{"java":{"insertions":42,"deletions":0}}},{"hash":"0b780964e873e87c62d488b6d1fc21ac8b218e18","isMergeCommit":false,"messageTitle":"Command-related classes: add to handle each type of command","messageBody":"","tags":["A-MoreOOP"],"fileTypesAndContributionMap":{"java":{"insertions":288,"deletions":0}}},{"hash":"ecd9291a8e5614e21ccab383fb8742e3b683c787","isMergeCommit":false,"messageTitle":"Package: Organise classes into different packages","messageBody":"","tags":["A-Packages"],"fileTypesAndContributionMap":{"java":{"insertions":100,"deletions":5}}},{"hash":"8d0588e7ecbb05d16277485714960a62ede5c2f3","isMergeCommit":true,"messageTitle":"Merge branch \u0027add-gradle-support\u0027","messageBody":"","fileTypesAndContributionMap":{}},{"hash":"8cfb0dbbb13451af968c7f2bbafeeed86d044d57","isMergeCommit":false,"messageTitle":"Gradle file: add in gson dependency","messageBody":"","tags":["A-Gradle"],"fileTypesAndContributionMap":{"gradle":{"insertions":2,"deletions":1}}},{"hash":"3eb396abb8d98a92945c09aa5e61c720bb9490c0","isMergeCommit":false,"messageTitle":"Exception related change: Add new TaskManagerException type to enum","messageBody":"","fileTypesAndContributionMap":{"java":{"insertions":7,"deletions":6}}},{"hash":"d9c65a395e43724b8f097d9ba5eb4ef1a03ce905","isMergeCommit":false,"messageTitle":"Build: Add mockito dependency to build.gradle to mock dependencies","messageBody":"","fileTypesAndContributionMap":{"gradle":{"insertions":2,"deletions":1}}},{"hash":"26a5e75275a96a8c098fee65c9b09dc0db28e0b2","isMergeCommit":false,"messageTitle":"Test files: Add JUnit test for non-trivial methods","messageBody":"","tags":["v0.1","A-JUnit"],"fileTypesAndContributionMap":{"java":{"insertions":597,"deletions":0}}}]},{"date":"2024-08-28","commitResults":[{"hash":"2f2ed8908828c61c8e1aa55efd35f2c858ce2da5","isMergeCommit":false,"messageTitle":"Build: Add properties to shadowJar","messageBody":"","tags":["A-Jar"],"fileTypesAndContributionMap":{"gradle":{"insertions":2,"deletions":0}}},{"hash":"05bdfda402b470f03947c4102bcaca8b2ee9bd7b","isMergeCommit":false,"messageTitle":"Javadoc comments: add Javadoc comments detailing usage of each class","messageBody":"","fileTypesAndContributionMap":{"java":{"insertions":429,"deletions":14}}},{"hash":"7e6b090ba25a64cd316f2042ece760923d73d8db","isMergeCommit":false,"messageTitle":"Javadoc comments: modify to comply with Javadoc coding standards","messageBody":"","fileTypesAndContributionMap":{"java":{"insertions":28,"deletions":28}}},{"hash":"d7f6739f018be7562d5351e83ff2dfde0d9a726e","isMergeCommit":false,"messageTitle":"Juno class: Add to the juno package","messageBody":"","fileTypesAndContributionMap":{"java":{"insertions":2,"deletions":0},"sh":{"insertions":1,"deletions":1}}},{"hash":"5b838a59f0a01b32197c60018bc6c1efc2beca36","isMergeCommit":false,"messageTitle":"Coding standard fix: Fix to comply with Java Coding Standard","messageBody":"","fileTypesAndContributionMap":{"java":{"insertions":69,"deletions":74}}},{"hash":"302a9ee028dece4e8ee4ab345568dd6d3c40988f","isMergeCommit":false,"messageTitle":"Javadoc: Add Javadoc comments to Juno and JunoUi class","messageBody":"","fileTypesAndContributionMap":{"java":{"insertions":45,"deletions":1}}},{"hash":"c4725b8ae0bde65ead0d43804510b22b42e2b7d6","isMergeCommit":true,"messageTitle":"Merge branch \u0027branch-A-Javadoc\u0027","messageBody":"","tags":["A-JavaDoc"],"fileTypesAndContributionMap":{}},{"hash":"6039b4cd8d3969785122ca6476f2265870d9f05c","isMergeCommit":true,"messageTitle":"Coding standard fix: Fix to comply with Java coding standard","messageBody":"","tags":["A-CodingStandard"],"fileTypesAndContributionMap":{}},{"hash":"ab1bb0fb89ad8728bfb872db1ba13a18683efb03","isMergeCommit":false,"messageTitle":"Find feature: Add find command which allows users to search from list","messageBody":"","fileTypesAndContributionMap":{"java":{"insertions":71,"deletions":1}}},{"hash":"a6779f0ed236114c23c910ee2d6ca0cf9a4ac618","isMergeCommit":true,"messageTitle":"Find feature: Add find command which allows users to search from list","messageBody":"","tags":["Level-9"],"fileTypesAndContributionMap":{}}]},{"date":"2024-09-02","commitResults":[{"hash":"f72679c23ba5ea16da068a06013b8f53b5884aa2","isMergeCommit":false,"messageTitle":"Checkstyle plugin: add checkstyle plugin","messageBody":"","fileTypesAndContributionMap":{"gradle":{"insertions":5,"deletions":0}}},{"hash":"5af87dabf244249d088a7a3aac29e799e31b1379","isMergeCommit":false,"messageTitle":"Checkstyle: modify classes according to style guide","messageBody":"","tags":["A-CheckStyle"],"fileTypesAndContributionMap":{"java":{"insertions":288,"deletions":264}}}]},{"date":"2024-09-04","commitResults":[{"hash":"1c1ba25693826f1b87fb0b2ba814f8e1c73aad06","isMergeCommit":false,"messageTitle":"GUI addition: Modify current CLI to GUI using JavaFX","messageBody":"","fileTypesAndContributionMap":{"fxml":{"insertions":38,"deletions":0},"java":{"insertions":254,"deletions":106}}},{"hash":"e5d3454b637b8ba3e8c0f1e5a4bbef51ec6c44af","isMergeCommit":true,"messageTitle":"Merge branch \u0027branch-Level-10\u0027","messageBody":"","tags":["v0.2","Level-10"],"fileTypesAndContributionMap":{}}]},{"date":"2024-09-11","commitResults":[{"hash":"95afb784e1f33ff6e5e185c351e36ea318c4383b","isMergeCommit":false,"messageTitle":"ListCommandTest class: Modify to fit the GUI implementation","messageBody":"The runCommand_nonEmptyList_success() test case in ListCommandTest class\nfails.\n\nThe failure is caused by its implementation, which involves reading\noutput to the terminal. But since the current implementation is GUI,\nthere are no more outputs to the terminal.\n\nLet\u0027s modify the method to read the returning string from the\nrunCommand() method for testing.\n\nDoing this is preferrable as the string returned from runCommand() is\nbeing passed and subsequently displayed on the GUI, so it is the same\none as the one seen from the GUI, ensuring that it is a valid test case.\n","tags":["A-FullCommitMessage"],"fileTypesAndContributionMap":{"java":{"insertions":3,"deletions":10}}},{"hash":"6c7b223170b74a54dd28dbafb88e9b9ffcf858dc","isMergeCommit":false,"messageTitle":"Gradle file update: Add JavaFX dependencies for build","messageBody":"","fileTypesAndContributionMap":{"gradle":{"insertions":16,"deletions":2}}},{"hash":"b625bbc0c86cf8ae0c9b7c9dee20a95bab705df3","isMergeCommit":false,"messageTitle":"Java assert addition: Add assert statements to ensure correctness","messageBody":"The current implementation does not have assert statements.\n\nThis results in potential crashes in the code if certain assumptions are\nnot met.\n\nLet\u0027s add some assert statements into the codebase to document\nimportant assumptions that should hold at various points in the code.\n\nThis will ensure correctness of the code.\n","fileTypesAndContributionMap":{"java":{"insertions":18,"deletions":19}}},{"hash":"be8d1cd651b2fb0411d41dd3c738a168f854c5ef","isMergeCommit":false,"messageTitle":"Revert \"Java assert addition: Add assert statements to ensure correctness\"","messageBody":"This reverts commit b625bbc0c86cf8ae0c9b7c9dee20a95bab705df3.\n","fileTypesAndContributionMap":{"java":{"insertions":19,"deletions":18}}},{"hash":"1fe24df639ffd5a72a752ea3f9f76bbbf8ce1fc9","isMergeCommit":false,"messageTitle":"Java assert addition: Add assert statements to ensure correctness","messageBody":"The current implementation does not have assert statements.\n\nThis results in potential crashes in the code if certain assumptions are\nnot met.\n\nLet\u0027s add some assert statements into the codebase to document\nimportant assumptions that should hold at various points in the code.\n\nThis will ensure correctness of the code.\n","fileTypesAndContributionMap":{"java":{"insertions":18,"deletions":19}}},{"hash":"1151c4ad828b4cecbe5d88995f75020390a8c4b9","isMergeCommit":true,"messageTitle":"Merge pull request #1 from jinhanjinhan/branch-A-Assertions","messageBody":"Merge branch-A-Assertions into master","tags":["A-Assertions"],"fileTypesAndContributionMap":{}},{"hash":"b6507c3ea11abe4277a28c332f49435846c36c3b","isMergeCommit":true,"messageTitle":"Merge branch \u0027master\u0027 into branch-A-Streams","messageBody":"","fileTypesAndContributionMap":{}},{"hash":"66e54a5b934f3225f79e3184b2b3d30ea844753d","isMergeCommit":false,"messageTitle":"Code quality check: Improve code quality from current files","messageBody":"","fileTypesAndContributionMap":{"java":{"insertions":178,"deletions":120}}}]},{"date":"2024-09-12","commitResults":[{"hash":"c61ad1dd91bac52b9ecabc2e86e30ddad824286c","isMergeCommit":true,"messageTitle":"Merge master into branch-A-CodeQuality","messageBody":"","fileTypesAndContributionMap":{}},{"hash":"e57ba93e428080052775bbc6a56e84ce1844f902","isMergeCommit":true,"messageTitle":"Merge pull request #3 from jinhanjinhan/branch-A-CodeQuality","messageBody":"Code quality check: Improve code quality from current files","tags":["A-CodeQuality"],"fileTypesAndContributionMap":{}},{"hash":"672985fdf2f5e65e27421e56206e3f0425402a07","isMergeCommit":true,"messageTitle":"Merge branch \u0027master\u0027 into branch-A-Streams","messageBody":"","fileTypesAndContributionMap":{}},{"hash":"a1f595570a0d3a79271fb8ee6df327f95d387c14","isMergeCommit":false,"messageTitle":"Streams addition: Add Java streams to applicable methods","messageBody":"","fileTypesAndContributionMap":{"java":{"insertions":20,"deletions":24}}},{"hash":"8b11e20215dae104a4dcd6941cc4f8b0681af73a","isMergeCommit":true,"messageTitle":"Merge pull request #2 from jinhanjinhan/branch-A-Streams","messageBody":"Branch a streams","tags":["A-Streams"],"fileTypesAndContributionMap":{}},{"hash":"08cc00706014611f075e3c35069710996c38f535","isMergeCommit":false,"messageTitle":"Javadoc addition: Add Javadoc comments to FindCommand class","messageBody":"","fileTypesAndContributionMap":{"java":{"insertions":19,"deletions":0}}},{"hash":"2fbf3f544da09af9d857a9c1ffcb241826a99cc0","isMergeCommit":false,"messageTitle":"Task-related addition: Add getter methods to retrieve end time","messageBody":"","fileTypesAndContributionMap":{"java":{"insertions":17,"deletions":0}}},{"hash":"3318cb8d56f29eb96408cd4103bf9ea8454f4fde","isMergeCommit":false,"messageTitle":"Add* commands changes: Change TASK_TYPE to static field","messageBody":"","fileTypesAndContributionMap":{"java":{"insertions":3,"deletions":3}}},{"hash":"805b08c5151684af9a06be14e58468c06c69fc67","isMergeCommit":false,"messageTitle":"Remind feature: Add a way for users to get reminders on scheduled tasks","messageBody":"","fileTypesAndContributionMap":{"java":{"insertions":100,"deletions":0}}},{"hash":"5226a445bfa963e9cca08666af3c415c4dda350a","isMergeCommit":true,"messageTitle":"Merge branch \u0027branch-BCD-extension\u0027","messageBody":"","tags":["BCD-Extension"],"fileTypesAndContributionMap":{}}]},{"date":"2024-09-19","commitResults":[{"hash":"ea77cd0c68f40cdee7ff3b6a67c5d08771f2a59a","isMergeCommit":false,"messageTitle":"GUI improvements: Change visual format for user\u0027s input","messageBody":"","tags":["A-BetterGui"],"fileTypesAndContributionMap":{"java":{"insertions":3,"deletions":1}}},{"hash":"a86cfd84ffc94002c9fc741208921f927cfe6e7c","isMergeCommit":false,"messageTitle":"GUI title: Add title to Juno GUI","messageBody":"","fileTypesAndContributionMap":{"java":{"insertions":1,"deletions":0}}},{"hash":"bb9e8f0c3a5b75349c091dcc774f92362cbaabeb","isMergeCommit":false,"messageTitle":"Docs changes: Modify README.md and add images for project","messageBody":"","tags":["A-UserGuide"],"fileTypesAndContributionMap":{"md":{"insertions":174,"deletions":16}}},{"hash":"96826cff6b8447c9467696b6544a52ff9adf60c8","isMergeCommit":false,"messageTitle":"Docs folder changes: remove images in docs folder","messageBody":"","fileTypesAndContributionMap":{"md":{"insertions":9,"deletions":9}}},{"hash":"d03bf96bc92e7beee6bb0f9d42bc1489928d91a9","isMergeCommit":false,"messageTitle":"Build file changes: Modify build.gradle to pass CI","messageBody":"","fileTypesAndContributionMap":{"gradle":{"insertions":4,"deletions":0}}},{"hash":"80e7df999b3d46c2f96fc08de1ab0204ad860859","isMergeCommit":false,"messageTitle":"MarkCommandTest class: Add a test method and remove dead code","messageBody":"","fileTypesAndContributionMap":{"java":{"insertions":19,"deletions":37}}},{"hash":"cab6f8d858d95ce9dd317e7bd6f88a617a561842","isMergeCommit":false,"messageTitle":"Method length issues: Shorten methods to suit Java coding standard","messageBody":"","fileTypesAndContributionMap":{"java":{"insertions":64,"deletions":80}}}]},{"date":"2024-09-20","commitResults":[{"hash":"00e2d371a3e84ff4f465809eefa0565ee677b176","isMergeCommit":false,"messageTitle":"Java Coding Standard check: Modify to adhere to coding standards","messageBody":"","fileTypesAndContributionMap":{"java":{"insertions":108,"deletions":81}}},{"hash":"69f6caf751c64bacb7dc731b8d61aa5f0a8122b0","isMergeCommit":false,"messageTitle":"Docs modification: Modify size of images and add unmark documentation","messageBody":"","fileTypesAndContributionMap":{"md":{"insertions":36,"deletions":14}}},{"hash":"e18546db68e6efde0a970de913d4949e4c49d66c","isMergeCommit":false,"messageTitle":"Docs modification: Modify size of main GUI image","messageBody":"","fileTypesAndContributionMap":{"md":{"insertions":1,"deletions":1}}},{"hash":"6c017033b19a89d2ef98d2eb0f689e8ec290eb39","isMergeCommit":false,"messageTitle":"Docs modification: Modify notes section of feature","messageBody":"","fileTypesAndContributionMap":{"md":{"insertions":1,"deletions":1}}},{"hash":"b20403b02e3a51f3b7ca8c766269fc17f1498623","isMergeCommit":false,"messageTitle":"CommandParser class: Shorten method length for parse() method","messageBody":"","fileTypesAndContributionMap":{"gradle":{"insertions":1,"deletions":1},"java":{"insertions":22,"deletions":26}}},{"hash":"2a5c64deeea618a07411ec4ebb8a2345efc80bbb","isMergeCommit":false,"messageTitle":"MainWindow class: Add Javadoc comments to a method","messageBody":"","tags":["A-Release"],"fileTypesAndContributionMap":{"java":{"insertions":1,"deletions":0}}},{"hash":"a37e07fdbe1cad4f1b478883a60a5f5790c7e49e","isMergeCommit":false,"messageTitle":"Readme docs edit: Correct spelling and grammar errors","messageBody":"","fileTypesAndContributionMap":{"md":{"insertions":3,"deletions":3}}},{"hash":"52942ff148f77bf5ea664c90b14545338d8c1522","isMergeCommit":false,"messageTitle":"Exception handling: Edit error messages for clarity","messageBody":"","fileTypesAndContributionMap":{"java":{"insertions":7,"deletions":7}}},{"hash":"ffe1103acd0b614e7f30247e8d78fcff55486c45","isMergeCommit":false,"messageTitle":"Test classes: Update test classes","messageBody":"","fileTypesAndContributionMap":{"java":{"insertions":3,"deletions":3}}},{"hash":"25d9aa2a428e8beaabc4b9a0c9f56704909a8926","isMergeCommit":false,"messageTitle":"Docs edit: Correct grammar errors","messageBody":"","fileTypesAndContributionMap":{"md":{"insertions":4,"deletions":4}}},{"hash":"f834d81239c1534cae8eb82cbdcd49844a5e26ba","isMergeCommit":false,"messageTitle":"Date formatter fix: Fix locale issues with DateTimeFormatter","messageBody":"","fileTypesAndContributionMap":{"java":{"insertions":7,"deletions":7}}},{"hash":"0065f0f2c2002f188cd88ddd3052b192bfa12419","isMergeCommit":false,"messageTitle":"Task classes: Add trim() to remove trailing whitespaces","messageBody":"","fileTypesAndContributionMap":{"java":{"insertions":3,"deletions":3}}},{"hash":"f94d50350591ed7dacb383ac3b7581549c6573da","isMergeCommit":false,"messageTitle":"Test methods fix: Correct expected outputs","messageBody":"","fileTypesAndContributionMap":{"java":{"insertions":2,"deletions":2}}},{"hash":"7f6e47b0362045fa92f27d985fb5208fe998c39a","isMergeCommit":false,"messageTitle":"Add*Command classes: Add trim() to remove whitespaces","messageBody":"","fileTypesAndContributionMap":{"java":{"insertions":3,"deletions":3}}}]}]},"authorFileTypeContributionMap":{"jinhanjinhan":{"java":2378,"md":196,"fxml":38,"sh":6,"bat":0,"gradle":27,"txt":41}},"authorContributionVariance":{"jinhanjinhan":87007.28},"authorDisplayNameMap":{"jinhanjinhan":"CS2103T-W08-2 ZHAN..NHAN"}}
