{"authorDailyContributionsMap":{"jinhanjinhan":[{"date":"2024-08-22","commitResults":[{"hash":"8388dfeea4c6889aaa8ba2495d079ee2ede48c24","isMergeCommit":false,"messageTitle":"Renamed chatbot to Juno and added greet and exit functionality","messageBody":"","tags":["Level-0"],"fileTypesAndContributionMap":{"java":{"insertions":27,"deletions":10}}},{"hash":"67aca75b34bc96957610ac3767a10bb513e73313","isMergeCommit":false,"messageTitle":"Modified chatbot class, and added chatbot echo functionality","messageBody":"","tags":["Level-1"],"fileTypesAndContributionMap":{"java":{"insertions":44,"deletions":7}}},{"hash":"489ddb7ead73e728c469664628047d7aa6d30a38","isMergeCommit":false,"messageTitle":"Added functionality for chatbot to store text and display when user requests","messageBody":"","tags":["Level-2"],"fileTypesAndContributionMap":{"java":{"insertions":54,"deletions":7}}}]},{"date":"2024-08-23","commitResults":[{"hash":"5c9206b2cb98ccdca4aa951cb015177012eece68","isMergeCommit":false,"messageTitle":"Added feature to mark tasks as done","messageBody":"","tags":["Level-3"],"fileTypesAndContributionMap":{"java":{"insertions":115,"deletions":21}}},{"hash":"826deaf492414f24194a271fd30cb2e5a7d54934","isMergeCommit":false,"messageTitle":"Added TaskManager for all task-related operations and added tracking for 3 types of tasks","messageBody":"","tags":["Level-4"],"fileTypesAndContributionMap":{"java":{"insertions":183,"deletions":91}}},{"hash":"fec8db18a1acdf6017f71de24e52fc29129729ad","isMergeCommit":false,"messageTitle":"Added testing using the I/O redirection technique","messageBody":"","tags":["A-TextUiTesting"],"fileTypesAndContributionMap":{"txt":{"insertions":34,"deletions":0},"java":{"insertions":27,"deletions":9},"sh":{"insertions":1,"deletions":1}}},{"hash":"8345f70c28e11190743f07bc41bd7627fa405a4e","isMergeCommit":false,"messageTitle":"Added TaskManagerException class to handle exceptions","messageBody":"","tags":["Level-5"],"fileTypesAndContributionMap":{"java":{"insertions":65,"deletions":41}}},{"hash":"f86624f826de8d3e91e52defb31be95e84f5641c","isMergeCommit":false,"messageTitle":"Added delete feature","messageBody":"","tags":["Level-6","A-Enums"],"fileTypesAndContributionMap":{"txt":{"insertions":7,"deletions":0},"java":{"insertions":36,"deletions":23}}}]},{"date":"2024-08-25","commitResults":[{"hash":"17dd5ef03014d73cfc2c7d7a4b8a1e70ffe1a5e8","isMergeCommit":false,"messageTitle":"Task related classes: add taskType and getter","messageBody":"","fileTypesAndContributionMap":{"java":{"insertions":24,"deletions":10}}},{"hash":"13d5f5d35052f9bf8e10a791199cb14498d3b7d7","isMergeCommit":false,"messageTitle":"Juno and TaskManager class: modify to incorporate new fileManager","messageBody":"","fileTypesAndContributionMap":{"java":{"insertions":48,"deletions":12}}},{"hash":"abbdfdd4ddcf29486b1e4783d8059991926b14ca","isMergeCommit":false,"messageTitle":"TaskAdapter class: Customise read and write methods","messageBody":"","fileTypesAndContributionMap":{"java":{"insertions":79,"deletions":0}}},{"hash":"17b3f9cf1b1761f4f88cb95b0915345c8d2d5400","isMergeCommit":false,"messageTitle":"FileManager class: add to control all file-related operations","messageBody":"","fileTypesAndContributionMap":{"java":{"insertions":77,"deletions":0}}},{"hash":"17f23688dbdfef3b4e1ca5b9938dd1ed34d37d3c","isMergeCommit":true,"messageTitle":"Merge branch \u0027branch-Level-7\u0027","messageBody":"","tags":["Level-7"],"fileTypesAndContributionMap":{}},{"hash":"0217363538ca9fa733a550c868707a0b408124c0","isMergeCommit":false,"messageTitle":"Date feature: use DateTime class to store time instead of string","messageBody":"","fileTypesAndContributionMap":{"java":{"insertions":89,"deletions":28}}},{"hash":"9565dc2258f609d04a0de5a438d2e56f5986ea8f","isMergeCommit":false,"messageTitle":"TextUiTexting changes: Modify input command and expected output","messageBody":"","fileTypesAndContributionMap":{"txt":{"insertions":4,"deletions":4},"sh":{"insertions":6,"deletions":2}}},{"hash":"e3e3eaab1a282a62d571fa53efc62ea0036b9987","isMergeCommit":true,"messageTitle":"Merge branch \u0027branch-Level-8\u0027","messageBody":"","tags":["Level-8"],"fileTypesAndContributionMap":{}}]},{"date":"2024-08-27","commitResults":[{"hash":"7c085eef867e2f14677279ab85eb16f7785917a9","isMergeCommit":false,"messageTitle":"TaskManagerException changes: add new Exception types","messageBody":"","fileTypesAndContributionMap":{"java":{"insertions":3,"deletions":1}}},{"hash":"461e84163d15ff1c23d1bda79bde86efe417614f","isMergeCommit":false,"messageTitle":"TaskManager class: remove command specific methods","messageBody":"","fileTypesAndContributionMap":{"java":{"insertions":6,"deletions":135}}},{"hash":"e9e284ba35482d4fd6997502c71189a8b05635f9","isMergeCommit":false,"messageTitle":"Juno* classes: add JunoUi for user interface related methods","messageBody":"","fileTypesAndContributionMap":{"java":{"insertions":71,"deletions":88}}},{"hash":"c224037c550cc43af36ed3698aac0b0823a0b5ff","isMergeCommit":false,"messageTitle":"Event class: modify Exception message for inputting invalid date","messageBody":"","fileTypesAndContributionMap":{"java":{"insertions":1,"deletions":1}}},{"hash":"dc48039b6087709476c4ee43d693c4458bf12ce0","isMergeCommit":false,"messageTitle":"CommandParser class: add to interpret command input by users","messageBody":"","fileTypesAndContributionMap":{"java":{"insertions":42,"deletions":0}}},{"hash":"0b780964e873e87c62d488b6d1fc21ac8b218e18","isMergeCommit":false,"messageTitle":"Command-related classes: add to handle each type of command","messageBody":"","tags":["A-MoreOOP"],"fileTypesAndContributionMap":{"java":{"insertions":288,"deletions":0}}},{"hash":"ecd9291a8e5614e21ccab383fb8742e3b683c787","isMergeCommit":false,"messageTitle":"Package: Organise classes into different packages","messageBody":"","tags":["A-Packages"],"fileTypesAndContributionMap":{"java":{"insertions":100,"deletions":5}}},{"hash":"8d0588e7ecbb05d16277485714960a62ede5c2f3","isMergeCommit":true,"messageTitle":"Merge branch \u0027add-gradle-support\u0027","messageBody":"","fileTypesAndContributionMap":{}},{"hash":"8cfb0dbbb13451af968c7f2bbafeeed86d044d57","isMergeCommit":false,"messageTitle":"Gradle file: add in gson dependency","messageBody":"","tags":["A-Gradle"],"fileTypesAndContributionMap":{"gradle":{"insertions":2,"deletions":1}}},{"hash":"3eb396abb8d98a92945c09aa5e61c720bb9490c0","isMergeCommit":false,"messageTitle":"Exception related change: Add new TaskManagerException type to enum","messageBody":"","fileTypesAndContributionMap":{"java":{"insertions":7,"deletions":6}}},{"hash":"d9c65a395e43724b8f097d9ba5eb4ef1a03ce905","isMergeCommit":false,"messageTitle":"Build: Add mockito dependency to build.gradle to mock dependencies","messageBody":"","fileTypesAndContributionMap":{"gradle":{"insertions":2,"deletions":1}}},{"hash":"26a5e75275a96a8c098fee65c9b09dc0db28e0b2","isMergeCommit":false,"messageTitle":"Test files: Add JUnit test for non-trivial methods","messageBody":"","tags":["v0.1","A-JUnit"],"fileTypesAndContributionMap":{"java":{"insertions":597,"deletions":0}}}]},{"date":"2024-08-28","commitResults":[{"hash":"2f2ed8908828c61c8e1aa55efd35f2c858ce2da5","isMergeCommit":false,"messageTitle":"Build: Add properties to shadowJar","messageBody":"","tags":["A-Jar"],"fileTypesAndContributionMap":{"gradle":{"insertions":2,"deletions":0}}}]}]},"authorFileTypeContributionMap":{"jinhanjinhan":{"java":1498,"md":0,"fxml":0,"sh":6,"bat":0,"gradle":6,"txt":41}},"authorContributionVariance":{"jinhanjinhan":149217.39},"authorDisplayNameMap":{"jinhanjinhan":"CS2103T-W08-2 ZHAN..NHAN"}}
