[{"path":"src/main/java/Deadline.java","fileType":"java","lines":[{"lineNumber":1,"author":{"gitId":"hyxnnii"},"content":"public class Deadline extends Task {","lastModifiedDate":"2024-08-24","isFullCredit":false},{"lineNumber":2,"author":{"gitId":"hyxnnii"},"content":"","lastModifiedDate":"2024-08-24","isFullCredit":false},{"lineNumber":3,"author":{"gitId":"hyxnnii"},"content":"    private String deadline;","lastModifiedDate":"2024-08-24","isFullCredit":false},{"lineNumber":4,"author":{"gitId":"hyxnnii"},"content":"    public Deadline(String input, String deadline) {","lastModifiedDate":"2024-08-24","isFullCredit":false},{"lineNumber":5,"author":{"gitId":"hyxnnii"},"content":"        super(input);","lastModifiedDate":"2024-08-24","isFullCredit":false},{"lineNumber":6,"author":{"gitId":"hyxnnii"},"content":"        this.deadline \u003d deadline;","lastModifiedDate":"2024-08-24","isFullCredit":false},{"lineNumber":7,"author":{"gitId":"hyxnnii"},"content":"    }","lastModifiedDate":"2024-08-24","isFullCredit":false},{"lineNumber":8,"author":{"gitId":"hyxnnii"},"content":"","lastModifiedDate":"2024-08-24","isFullCredit":false},{"lineNumber":9,"author":{"gitId":"hyxnnii"},"content":"    @Override","lastModifiedDate":"2024-08-24","isFullCredit":false},{"lineNumber":10,"author":{"gitId":"hyxnnii"},"content":"    public String displayTask() {","lastModifiedDate":"2024-08-24","isFullCredit":false},{"lineNumber":11,"author":{"gitId":"hyxnnii"},"content":"        String cross \u003d\"\";","lastModifiedDate":"2024-08-24","isFullCredit":false},{"lineNumber":12,"author":{"gitId":"hyxnnii"},"content":"        if (super.getDone()) {","lastModifiedDate":"2024-08-24","isFullCredit":false},{"lineNumber":13,"author":{"gitId":"hyxnnii"},"content":"            cross \u003d \"[X]\";","lastModifiedDate":"2024-08-24","isFullCredit":false},{"lineNumber":14,"author":{"gitId":"hyxnnii"},"content":"        } else {","lastModifiedDate":"2024-08-24","isFullCredit":false},{"lineNumber":15,"author":{"gitId":"hyxnnii"},"content":"            cross \u003d \"[ ]\";","lastModifiedDate":"2024-08-24","isFullCredit":false},{"lineNumber":16,"author":{"gitId":"hyxnnii"},"content":"        }","lastModifiedDate":"2024-08-24","isFullCredit":false},{"lineNumber":17,"author":{"gitId":"hyxnnii"},"content":"        return \"[D]\" + cross + \" \" + super.getInput() + \"(by:\" + this.deadline + \")\\n\";","lastModifiedDate":"2024-08-24","isFullCredit":false},{"lineNumber":18,"author":{"gitId":"hyxnnii"},"content":"    }","lastModifiedDate":"2024-08-24","isFullCredit":false},{"lineNumber":19,"author":{"gitId":"hyxnnii"},"content":"","lastModifiedDate":"2024-08-24","isFullCredit":false},{"lineNumber":20,"author":{"gitId":"hyxnnii"},"content":"}","lastModifiedDate":"2024-08-24","isFullCredit":false}],"authorContributionMap":{"hyxnnii":20}},{"path":"src/main/java/EmptyException.java","fileType":"java","lines":[{"lineNumber":1,"author":{"gitId":"hyxnnii"},"content":"public class EmptyException extends Throwable {","lastModifiedDate":"2024-08-24","isFullCredit":false},{"lineNumber":2,"author":{"gitId":"hyxnnii"},"content":"    public EmptyException(String command) {","lastModifiedDate":"2024-08-24","isFullCredit":false},{"lineNumber":3,"author":{"gitId":"hyxnnii"},"content":"        super(\"____________________________________________________________\\n\"","lastModifiedDate":"2024-08-24","isFullCredit":false},{"lineNumber":4,"author":{"gitId":"hyxnnii"},"content":"                + \"OOPS!!! The description of a \" + command + \" cannot be empty.\\n\"","lastModifiedDate":"2024-08-24","isFullCredit":false},{"lineNumber":5,"author":{"gitId":"hyxnnii"},"content":"                + \"____________________________________________________________\\n\");","lastModifiedDate":"2024-08-24","isFullCredit":false},{"lineNumber":6,"author":{"gitId":"hyxnnii"},"content":"    }","lastModifiedDate":"2024-08-24","isFullCredit":false},{"lineNumber":7,"author":{"gitId":"hyxnnii"},"content":"}","lastModifiedDate":"2024-08-24","isFullCredit":false}],"authorContributionMap":{"hyxnnii":7}},{"path":"src/main/java/Event.java","fileType":"java","lines":[{"lineNumber":1,"author":{"gitId":"hyxnnii"},"content":"public class Event extends Task {","lastModifiedDate":"2024-08-24","isFullCredit":false},{"lineNumber":2,"author":{"gitId":"hyxnnii"},"content":"","lastModifiedDate":"2024-08-24","isFullCredit":false},{"lineNumber":3,"author":{"gitId":"hyxnnii"},"content":"    private String start;","lastModifiedDate":"2024-08-24","isFullCredit":false},{"lineNumber":4,"author":{"gitId":"hyxnnii"},"content":"    private String end;","lastModifiedDate":"2024-08-24","isFullCredit":false},{"lineNumber":5,"author":{"gitId":"hyxnnii"},"content":"","lastModifiedDate":"2024-08-24","isFullCredit":false},{"lineNumber":6,"author":{"gitId":"hyxnnii"},"content":"    public Event(String input, String start, String end) {","lastModifiedDate":"2024-08-24","isFullCredit":false},{"lineNumber":7,"author":{"gitId":"hyxnnii"},"content":"        super(input);","lastModifiedDate":"2024-08-24","isFullCredit":false},{"lineNumber":8,"author":{"gitId":"hyxnnii"},"content":"        this.start \u003d start;","lastModifiedDate":"2024-08-24","isFullCredit":false},{"lineNumber":9,"author":{"gitId":"hyxnnii"},"content":"        this.end \u003d end;","lastModifiedDate":"2024-08-24","isFullCredit":false},{"lineNumber":10,"author":{"gitId":"hyxnnii"},"content":"    }","lastModifiedDate":"2024-08-24","isFullCredit":false},{"lineNumber":11,"author":{"gitId":"hyxnnii"},"content":"","lastModifiedDate":"2024-08-24","isFullCredit":false},{"lineNumber":12,"author":{"gitId":"hyxnnii"},"content":"    @Override","lastModifiedDate":"2024-08-24","isFullCredit":false},{"lineNumber":13,"author":{"gitId":"hyxnnii"},"content":"    public String displayTask() {","lastModifiedDate":"2024-08-24","isFullCredit":false},{"lineNumber":14,"author":{"gitId":"hyxnnii"},"content":"        String cross \u003d\"\";","lastModifiedDate":"2024-08-24","isFullCredit":false},{"lineNumber":15,"author":{"gitId":"hyxnnii"},"content":"        if (super.getDone()) {","lastModifiedDate":"2024-08-24","isFullCredit":false},{"lineNumber":16,"author":{"gitId":"hyxnnii"},"content":"            cross \u003d \"[X]\";","lastModifiedDate":"2024-08-24","isFullCredit":false},{"lineNumber":17,"author":{"gitId":"hyxnnii"},"content":"        } else {","lastModifiedDate":"2024-08-24","isFullCredit":false},{"lineNumber":18,"author":{"gitId":"hyxnnii"},"content":"            cross \u003d \"[ ]\";","lastModifiedDate":"2024-08-24","isFullCredit":false},{"lineNumber":19,"author":{"gitId":"hyxnnii"},"content":"        }","lastModifiedDate":"2024-08-24","isFullCredit":false},{"lineNumber":20,"author":{"gitId":"hyxnnii"},"content":"        return \"[E]\" + cross + \" \" + super.getInput() + \"(from:\" + this.start + \"to:\" + this.end + \")\\n\";","lastModifiedDate":"2024-08-24","isFullCredit":false},{"lineNumber":21,"author":{"gitId":"hyxnnii"},"content":"    }","lastModifiedDate":"2024-08-24","isFullCredit":false},{"lineNumber":22,"author":{"gitId":"hyxnnii"},"content":"}","lastModifiedDate":"2024-08-24","isFullCredit":false}],"authorContributionMap":{"hyxnnii":22}},{"path":"src/main/java/InvalidTaskException.java","fileType":"java","lines":[{"lineNumber":1,"author":{"gitId":"hyxnnii"},"content":"public class InvalidTaskException extends Throwable {","lastModifiedDate":"2024-08-24","isFullCredit":false},{"lineNumber":2,"author":{"gitId":"hyxnnii"},"content":"    public InvalidTaskException(int index) {","lastModifiedDate":"2024-08-24","isFullCredit":false},{"lineNumber":3,"author":{"gitId":"hyxnnii"},"content":"        super(\"____________________________________________________________\\n\"","lastModifiedDate":"2024-08-24","isFullCredit":false},{"lineNumber":4,"author":{"gitId":"hyxnnii"},"content":"                + \"OOPS!!! Task \" + (index + 1) + \" does not exist.\\n\"","lastModifiedDate":"2024-08-24","isFullCredit":false},{"lineNumber":5,"author":{"gitId":"hyxnnii"},"content":"                + \"____________________________________________________________\\n\");","lastModifiedDate":"2024-08-24","isFullCredit":false},{"lineNumber":6,"author":{"gitId":"hyxnnii"},"content":"    }","lastModifiedDate":"2024-08-24","isFullCredit":false},{"lineNumber":7,"author":{"gitId":"hyxnnii"},"content":"}","lastModifiedDate":"2024-08-24","isFullCredit":false}],"authorContributionMap":{"hyxnnii":7}},{"path":"src/main/java/Kira.java","fileType":"java","lines":[{"lineNumber":1,"author":{"gitId":"hyxnnii"},"content":"import java.util.Scanner;","lastModifiedDate":"2024-08-23","isFullCredit":false},{"lineNumber":2,"author":{"gitId":"hyxnnii"},"content":"","lastModifiedDate":"2024-08-23","isFullCredit":false},{"lineNumber":3,"author":{"gitId":"hyxnnii"},"content":"public class Kira {","lastModifiedDate":"2024-08-23","isFullCredit":false},{"lineNumber":4,"author":{"gitId":"hyxnnii"},"content":"","lastModifiedDate":"2024-08-23","isFullCredit":false},{"lineNumber":5,"author":{"gitId":"hyxnnii"},"content":"    public static void main(String[] args) {","lastModifiedDate":"2024-08-23","isFullCredit":false},{"lineNumber":6,"author":{"gitId":"hyxnnii"},"content":"","lastModifiedDate":"2024-08-23","isFullCredit":false},{"lineNumber":7,"author":{"gitId":"hyxnnii"},"content":"        Scanner scanner \u003d new Scanner(System.in);","lastModifiedDate":"2024-08-23","isFullCredit":false},{"lineNumber":8,"author":{"gitId":"hyxnnii"},"content":"        List list \u003d new List();","lastModifiedDate":"2024-08-23","isFullCredit":false},{"lineNumber":9,"author":{"gitId":"hyxnnii"},"content":"        String line \u003d \"____________________________________________________________\\n\";","lastModifiedDate":"2024-08-23","isFullCredit":false},{"lineNumber":10,"author":{"gitId":"hyxnnii"},"content":"","lastModifiedDate":"2024-08-23","isFullCredit":false},{"lineNumber":11,"author":{"gitId":"hyxnnii"},"content":"        System.out.println(line +","lastModifiedDate":"2024-08-23","isFullCredit":false},{"lineNumber":12,"author":{"gitId":"hyxnnii"},"content":"                \" Hello! I\u0027m Kira\\n\" +","lastModifiedDate":"2024-08-23","isFullCredit":false},{"lineNumber":13,"author":{"gitId":"hyxnnii"},"content":"                \" What can I do for you?\\n\" +","lastModifiedDate":"2024-08-23","isFullCredit":false},{"lineNumber":14,"author":{"gitId":"hyxnnii"},"content":"                line);","lastModifiedDate":"2024-08-23","isFullCredit":false},{"lineNumber":15,"author":{"gitId":"hyxnnii"},"content":"","lastModifiedDate":"2024-08-23","isFullCredit":false},{"lineNumber":16,"author":{"gitId":"hyxnnii"},"content":"        while (true) {","lastModifiedDate":"2024-08-23","isFullCredit":false},{"lineNumber":17,"author":{"gitId":"hyxnnii"},"content":"            String userInput \u003d scanner.nextLine();","lastModifiedDate":"2024-08-23","isFullCredit":false},{"lineNumber":18,"author":{"gitId":"hyxnnii"},"content":"","lastModifiedDate":"2024-08-23","isFullCredit":false},{"lineNumber":19,"author":{"gitId":"hyxnnii"},"content":"            if (userInput.equalsIgnoreCase(\"bye\")) {","lastModifiedDate":"2024-08-23","isFullCredit":false},{"lineNumber":20,"author":{"gitId":"hyxnnii"},"content":"                System.out.println(line +","lastModifiedDate":"2024-08-23","isFullCredit":false},{"lineNumber":21,"author":{"gitId":"hyxnnii"},"content":"                        \"Bye. Hope to see you again soon!\\n\" +","lastModifiedDate":"2024-08-23","isFullCredit":false},{"lineNumber":22,"author":{"gitId":"hyxnnii"},"content":"                        line);","lastModifiedDate":"2024-08-23","isFullCredit":false},{"lineNumber":23,"author":{"gitId":"hyxnnii"},"content":"                break;","lastModifiedDate":"2024-08-23","isFullCredit":false},{"lineNumber":24,"author":{"gitId":"hyxnnii"},"content":"            }","lastModifiedDate":"2024-08-23","isFullCredit":false},{"lineNumber":25,"author":{"gitId":"hyxnnii"},"content":"","lastModifiedDate":"2024-08-23","isFullCredit":false},{"lineNumber":26,"author":{"gitId":"hyxnnii"},"content":"            if (userInput.equalsIgnoreCase(\"list\")) {","lastModifiedDate":"2024-08-23","isFullCredit":false},{"lineNumber":27,"author":{"gitId":"hyxnnii"},"content":"                System.out.println(list.displayList());","lastModifiedDate":"2024-08-23","isFullCredit":false},{"lineNumber":28,"author":{"gitId":"hyxnnii"},"content":"                continue;","lastModifiedDate":"2024-08-23","isFullCredit":false},{"lineNumber":29,"author":{"gitId":"hyxnnii"},"content":"            }","lastModifiedDate":"2024-08-23","isFullCredit":false},{"lineNumber":30,"author":{"gitId":"hyxnnii"},"content":"","lastModifiedDate":"2024-08-23","isFullCredit":false},{"lineNumber":31,"author":{"gitId":"hyxnnii"},"content":"            try {","lastModifiedDate":"2024-08-24","isFullCredit":false},{"lineNumber":32,"author":{"gitId":"hyxnnii"},"content":"","lastModifiedDate":"2024-08-24","isFullCredit":false},{"lineNumber":33,"author":{"gitId":"hyxnnii"},"content":"                String[] strings \u003d userInput.split(\"\\\\s+\", 2);","lastModifiedDate":"2024-08-24","isFullCredit":false},{"lineNumber":34,"author":{"gitId":"hyxnnii"},"content":"                String firstWord \u003d strings[0];","lastModifiedDate":"2024-08-24","isFullCredit":false},{"lineNumber":35,"author":{"gitId":"hyxnnii"},"content":"","lastModifiedDate":"2024-08-24","isFullCredit":false},{"lineNumber":36,"author":{"gitId":"hyxnnii"},"content":"","lastModifiedDate":"2024-08-23","isFullCredit":false},{"lineNumber":37,"author":{"gitId":"hyxnnii"},"content":"                switch (firstWord) {","lastModifiedDate":"2024-08-24","isFullCredit":false},{"lineNumber":38,"author":{"gitId":"hyxnnii"},"content":"                    case \"mark\" -\u003e {","lastModifiedDate":"2024-08-24","isFullCredit":false},{"lineNumber":39,"author":{"gitId":"hyxnnii"},"content":"                        if (strings.length \u003c 2) {","lastModifiedDate":"2024-08-24","isFullCredit":false},{"lineNumber":40,"author":{"gitId":"hyxnnii"},"content":"                            throw new EmptyException(\"mark\");","lastModifiedDate":"2024-08-24","isFullCredit":false},{"lineNumber":41,"author":{"gitId":"hyxnnii"},"content":"                        }","lastModifiedDate":"2024-08-24","isFullCredit":false},{"lineNumber":42,"author":{"gitId":"hyxnnii"},"content":"                        String restOfWords \u003d strings[1];","lastModifiedDate":"2024-08-24","isFullCredit":false},{"lineNumber":43,"author":{"gitId":"hyxnnii"},"content":"                        int index \u003d Integer.parseInt(restOfWords) - 1;","lastModifiedDate":"2024-08-24","isFullCredit":false},{"lineNumber":44,"author":{"gitId":"hyxnnii"},"content":"                        Task task \u003d list.getTask(index);","lastModifiedDate":"2024-08-23","isFullCredit":false},{"lineNumber":45,"author":{"gitId":"hyxnnii"},"content":"                        task.markAsDone();","lastModifiedDate":"2024-08-23","isFullCredit":false},{"lineNumber":46,"author":{"gitId":"hyxnnii"},"content":"                    }","lastModifiedDate":"2024-08-24","isFullCredit":false},{"lineNumber":47,"author":{"gitId":"hyxnnii"},"content":"                    case \"unmark\" -\u003e {","lastModifiedDate":"2024-08-24","isFullCredit":false},{"lineNumber":48,"author":{"gitId":"hyxnnii"},"content":"                        if (strings.length \u003c 2) {","lastModifiedDate":"2024-08-24","isFullCredit":false},{"lineNumber":49,"author":{"gitId":"hyxnnii"},"content":"                            throw new EmptyException(\"unmark\");","lastModifiedDate":"2024-08-24","isFullCredit":false},{"lineNumber":50,"author":{"gitId":"hyxnnii"},"content":"                        }","lastModifiedDate":"2024-08-24","isFullCredit":false},{"lineNumber":51,"author":{"gitId":"hyxnnii"},"content":"                        String restOfWords \u003d strings[1];","lastModifiedDate":"2024-08-24","isFullCredit":false},{"lineNumber":52,"author":{"gitId":"hyxnnii"},"content":"                        int index \u003d Integer.parseInt(restOfWords) - 1;","lastModifiedDate":"2024-08-24","isFullCredit":false},{"lineNumber":53,"author":{"gitId":"hyxnnii"},"content":"                        Task task \u003d list.getTask(index);","lastModifiedDate":"2024-08-23","isFullCredit":false},{"lineNumber":54,"author":{"gitId":"hyxnnii"},"content":"                        task.markAsUndone();","lastModifiedDate":"2024-08-23","isFullCredit":false},{"lineNumber":55,"author":{"gitId":"hyxnnii"},"content":"                    }","lastModifiedDate":"2024-08-24","isFullCredit":false},{"lineNumber":56,"author":{"gitId":"hyxnnii"},"content":"                    case \"todo\" -\u003e {","lastModifiedDate":"2024-08-24","isFullCredit":false},{"lineNumber":57,"author":{"gitId":"hyxnnii"},"content":"                        if (strings.length \u003c 2) {","lastModifiedDate":"2024-08-24","isFullCredit":false},{"lineNumber":58,"author":{"gitId":"hyxnnii"},"content":"                            throw new EmptyException(\"todo\");","lastModifiedDate":"2024-08-24","isFullCredit":false},{"lineNumber":59,"author":{"gitId":"hyxnnii"},"content":"                        }","lastModifiedDate":"2024-08-24","isFullCredit":false},{"lineNumber":60,"author":{"gitId":"hyxnnii"},"content":"                        String restOfWords \u003d strings[1];","lastModifiedDate":"2024-08-24","isFullCredit":false},{"lineNumber":61,"author":{"gitId":"hyxnnii"},"content":"                        Task task \u003d new ToDo(restOfWords);","lastModifiedDate":"2024-08-24","isFullCredit":false},{"lineNumber":62,"author":{"gitId":"hyxnnii"},"content":"                        list.addTaskToList(task);","lastModifiedDate":"2024-08-24","isFullCredit":false},{"lineNumber":63,"author":{"gitId":"hyxnnii"},"content":"                    }","lastModifiedDate":"2024-08-24","isFullCredit":false},{"lineNumber":64,"author":{"gitId":"hyxnnii"},"content":"                    case \"deadline\" -\u003e {","lastModifiedDate":"2024-08-24","isFullCredit":false},{"lineNumber":65,"author":{"gitId":"hyxnnii"},"content":"                        if (strings.length \u003c 2) {","lastModifiedDate":"2024-08-24","isFullCredit":false},{"lineNumber":66,"author":{"gitId":"hyxnnii"},"content":"                            throw new EmptyException(\"deadline\");","lastModifiedDate":"2024-08-24","isFullCredit":false},{"lineNumber":67,"author":{"gitId":"hyxnnii"},"content":"                        }","lastModifiedDate":"2024-08-24","isFullCredit":false},{"lineNumber":68,"author":{"gitId":"hyxnnii"},"content":"                        String restOfWords \u003d strings[1];","lastModifiedDate":"2024-08-24","isFullCredit":false},{"lineNumber":69,"author":{"gitId":"hyxnnii"},"content":"                        String deadline \u003d restOfWords.split(\"/by\")[1];","lastModifiedDate":"2024-08-24","isFullCredit":false},{"lineNumber":70,"author":{"gitId":"hyxnnii"},"content":"                        String input \u003d restOfWords.split(\"/by\")[0];","lastModifiedDate":"2024-08-24","isFullCredit":false},{"lineNumber":71,"author":{"gitId":"hyxnnii"},"content":"                        Task task \u003d new Deadline(input, deadline);","lastModifiedDate":"2024-08-24","isFullCredit":false},{"lineNumber":72,"author":{"gitId":"hyxnnii"},"content":"                        list.addTaskToList(task);","lastModifiedDate":"2024-08-23","isFullCredit":false},{"lineNumber":73,"author":{"gitId":"hyxnnii"},"content":"                    }","lastModifiedDate":"2024-08-23","isFullCredit":false},{"lineNumber":74,"author":{"gitId":"hyxnnii"},"content":"                    case \"event\" -\u003e {","lastModifiedDate":"2024-08-24","isFullCredit":false},{"lineNumber":75,"author":{"gitId":"hyxnnii"},"content":"                        if (strings.length \u003c 2) {","lastModifiedDate":"2024-08-24","isFullCredit":false},{"lineNumber":76,"author":{"gitId":"hyxnnii"},"content":"                            throw new EmptyException(\"event\");","lastModifiedDate":"2024-08-24","isFullCredit":false},{"lineNumber":77,"author":{"gitId":"hyxnnii"},"content":"                        }","lastModifiedDate":"2024-08-24","isFullCredit":false},{"lineNumber":78,"author":{"gitId":"hyxnnii"},"content":"                        String restOfWords \u003d strings[1];","lastModifiedDate":"2024-08-24","isFullCredit":false},{"lineNumber":79,"author":{"gitId":"hyxnnii"},"content":"                        String input \u003d restOfWords.split(\"/from\")[0];","lastModifiedDate":"2024-08-24","isFullCredit":false},{"lineNumber":80,"author":{"gitId":"hyxnnii"},"content":"                        String period \u003d restOfWords.split(\"/from\")[1];","lastModifiedDate":"2024-08-24","isFullCredit":false},{"lineNumber":81,"author":{"gitId":"hyxnnii"},"content":"                        String start \u003d period.split(\"/to\")[0];","lastModifiedDate":"2024-08-24","isFullCredit":false},{"lineNumber":82,"author":{"gitId":"hyxnnii"},"content":"                        String end \u003d period.split(\"/to\")[1];","lastModifiedDate":"2024-08-24","isFullCredit":false},{"lineNumber":83,"author":{"gitId":"hyxnnii"},"content":"                        Task task \u003d new Event(input, start, end);","lastModifiedDate":"2024-08-24","isFullCredit":false},{"lineNumber":84,"author":{"gitId":"hyxnnii"},"content":"                        list.addTaskToList(task);","lastModifiedDate":"2024-08-24","isFullCredit":false},{"lineNumber":85,"author":{"gitId":"hyxnnii"},"content":"                    }","lastModifiedDate":"2024-08-24","isFullCredit":false},{"lineNumber":86,"author":{"gitId":"hyxnnii"},"content":"                    case \"delete\" -\u003e {","lastModifiedDate":"2024-08-24","isFullCredit":false},{"lineNumber":87,"author":{"gitId":"hyxnnii"},"content":"                        if (strings.length \u003c 2) {","lastModifiedDate":"2024-08-24","isFullCredit":false},{"lineNumber":88,"author":{"gitId":"hyxnnii"},"content":"                            throw new EmptyException(\"delete\");","lastModifiedDate":"2024-08-24","isFullCredit":false},{"lineNumber":89,"author":{"gitId":"hyxnnii"},"content":"                        }","lastModifiedDate":"2024-08-24","isFullCredit":false},{"lineNumber":90,"author":{"gitId":"hyxnnii"},"content":"                        String restOfWords \u003d strings[1];","lastModifiedDate":"2024-08-24","isFullCredit":false},{"lineNumber":91,"author":{"gitId":"hyxnnii"},"content":"                        int index \u003d Integer.parseInt(restOfWords) - 1;","lastModifiedDate":"2024-08-24","isFullCredit":false},{"lineNumber":92,"author":{"gitId":"hyxnnii"},"content":"                        list.deleteTask(index);","lastModifiedDate":"2024-08-24","isFullCredit":false},{"lineNumber":93,"author":{"gitId":"hyxnnii"},"content":"                    }","lastModifiedDate":"2024-08-24","isFullCredit":false},{"lineNumber":94,"author":{"gitId":"hyxnnii"},"content":"                    default -\u003e {","lastModifiedDate":"2024-08-24","isFullCredit":false},{"lineNumber":95,"author":{"gitId":"hyxnnii"},"content":"                        throw new UnreadableException();","lastModifiedDate":"2024-08-24","isFullCredit":false},{"lineNumber":96,"author":{"gitId":"hyxnnii"},"content":"                    }","lastModifiedDate":"2024-08-24","isFullCredit":false},{"lineNumber":97,"author":{"gitId":"hyxnnii"},"content":"                }","lastModifiedDate":"2024-08-24","isFullCredit":false},{"lineNumber":98,"author":{"gitId":"hyxnnii"},"content":"            } catch (UnreadableException | EmptyException | InvalidTaskException e) {","lastModifiedDate":"2024-08-24","isFullCredit":false},{"lineNumber":99,"author":{"gitId":"hyxnnii"},"content":"                System.out.println(e.getMessage());","lastModifiedDate":"2024-08-24","isFullCredit":false},{"lineNumber":100,"author":{"gitId":"hyxnnii"},"content":"            }","lastModifiedDate":"2024-08-24","isFullCredit":false},{"lineNumber":101,"author":{"gitId":"hyxnnii"},"content":"        }","lastModifiedDate":"2024-08-23","isFullCredit":false},{"lineNumber":102,"author":{"gitId":"hyxnnii"},"content":"    }","lastModifiedDate":"2024-08-23","isFullCredit":false},{"lineNumber":103,"author":{"gitId":"hyxnnii"},"content":"}","lastModifiedDate":"2024-08-23","isFullCredit":false}],"authorContributionMap":{"hyxnnii":103}},{"path":"src/main/java/List.java","fileType":"java","lines":[{"lineNumber":1,"author":{"gitId":"hyxnnii"},"content":"import java.util.ArrayList;","lastModifiedDate":"2024-08-24","isFullCredit":false},{"lineNumber":2,"author":{"gitId":"hyxnnii"},"content":"","lastModifiedDate":"2024-08-24","isFullCredit":false},{"lineNumber":3,"author":{"gitId":"hyxnnii"},"content":"public class List {","lastModifiedDate":"2024-08-23","isFullCredit":false},{"lineNumber":4,"author":{"gitId":"hyxnnii"},"content":"","lastModifiedDate":"2024-08-23","isFullCredit":false},{"lineNumber":5,"author":{"gitId":"hyxnnii"},"content":"    private ArrayList\u003cTask\u003e tasks;","lastModifiedDate":"2024-08-24","isFullCredit":false},{"lineNumber":6,"author":{"gitId":"hyxnnii"},"content":"    String line \u003d \"____________________________________________________________\\n\";","lastModifiedDate":"2024-08-24","isFullCredit":false},{"lineNumber":7,"author":{"gitId":"hyxnnii"},"content":"","lastModifiedDate":"2024-08-23","isFullCredit":false},{"lineNumber":8,"author":{"gitId":"hyxnnii"},"content":"    public List(){","lastModifiedDate":"2024-08-23","isFullCredit":false},{"lineNumber":9,"author":{"gitId":"hyxnnii"},"content":"        this.tasks \u003d new ArrayList\u003c\u003e(100);","lastModifiedDate":"2024-08-24","isFullCredit":false},{"lineNumber":10,"author":{"gitId":"hyxnnii"},"content":"    }","lastModifiedDate":"2024-08-23","isFullCredit":false},{"lineNumber":11,"author":{"gitId":"hyxnnii"},"content":"","lastModifiedDate":"2024-08-23","isFullCredit":false},{"lineNumber":12,"author":{"gitId":"hyxnnii"},"content":"    public String numOfTasks() {","lastModifiedDate":"2024-08-24","isFullCredit":false},{"lineNumber":13,"author":{"gitId":"hyxnnii"},"content":"        if (tasks.size() \u003c 2) {","lastModifiedDate":"2024-08-24","isFullCredit":false},{"lineNumber":14,"author":{"gitId":"hyxnnii"},"content":"            return \"Now you have \" + tasks.size() + \" task in the list.\\n\";","lastModifiedDate":"2024-08-24","isFullCredit":false},{"lineNumber":15,"author":{"gitId":"hyxnnii"},"content":"        } else {","lastModifiedDate":"2024-08-24","isFullCredit":false},{"lineNumber":16,"author":{"gitId":"hyxnnii"},"content":"            return \"Now you have \" + tasks.size() + \" tasks in the list.\\n\";","lastModifiedDate":"2024-08-24","isFullCredit":false},{"lineNumber":17,"author":{"gitId":"hyxnnii"},"content":"        }","lastModifiedDate":"2024-08-24","isFullCredit":false},{"lineNumber":18,"author":{"gitId":"hyxnnii"},"content":"    }","lastModifiedDate":"2024-08-24","isFullCredit":false},{"lineNumber":19,"author":{"gitId":"hyxnnii"},"content":"    public void addTaskToList(Task task) {","lastModifiedDate":"2024-08-23","isFullCredit":false},{"lineNumber":20,"author":{"gitId":"hyxnnii"},"content":"        tasks.add(task);","lastModifiedDate":"2024-08-24","isFullCredit":false},{"lineNumber":21,"author":{"gitId":"hyxnnii"},"content":"        System.out.println(line + task.addedString() + numOfTasks() + line);","lastModifiedDate":"2024-08-24","isFullCredit":false},{"lineNumber":22,"author":{"gitId":"hyxnnii"},"content":"    }","lastModifiedDate":"2024-08-23","isFullCredit":false},{"lineNumber":23,"author":{"gitId":"hyxnnii"},"content":"","lastModifiedDate":"2024-08-23","isFullCredit":false},{"lineNumber":24,"author":{"gitId":"hyxnnii"},"content":"    public String displayList() {","lastModifiedDate":"2024-08-23","isFullCredit":false},{"lineNumber":25,"author":{"gitId":"hyxnnii"},"content":"        StringBuilder list \u003d new StringBuilder();","lastModifiedDate":"2024-08-23","isFullCredit":false},{"lineNumber":26,"author":{"gitId":"hyxnnii"},"content":"        list.append(\"Here are the tasks in your list:\\n\");","lastModifiedDate":"2024-08-23","isFullCredit":false},{"lineNumber":27,"author":{"gitId":"hyxnnii"},"content":"        for (int i\u003d0; i \u003c tasks.size(); i++) {","lastModifiedDate":"2024-08-24","isFullCredit":false},{"lineNumber":28,"author":{"gitId":"hyxnnii"},"content":"            list.append(i+1).append(\".\").append(tasks.get(i).displayTask());","lastModifiedDate":"2024-08-24","isFullCredit":false},{"lineNumber":29,"author":{"gitId":"hyxnnii"},"content":"        }","lastModifiedDate":"2024-08-23","isFullCredit":false},{"lineNumber":30,"author":{"gitId":"hyxnnii"},"content":"        return line + list + line;","lastModifiedDate":"2024-08-23","isFullCredit":false},{"lineNumber":31,"author":{"gitId":"hyxnnii"},"content":"    }","lastModifiedDate":"2024-08-23","isFullCredit":false},{"lineNumber":32,"author":{"gitId":"hyxnnii"},"content":"","lastModifiedDate":"2024-08-23","isFullCredit":false},{"lineNumber":33,"author":{"gitId":"hyxnnii"},"content":"    public Task getTask(int index) throws InvalidTaskException {","lastModifiedDate":"2024-08-24","isFullCredit":false},{"lineNumber":34,"author":{"gitId":"hyxnnii"},"content":"        if (tasks.get(index) \u003d\u003d null) {","lastModifiedDate":"2024-08-24","isFullCredit":false},{"lineNumber":35,"author":{"gitId":"hyxnnii"},"content":"            throw new InvalidTaskException(index);","lastModifiedDate":"2024-08-24","isFullCredit":false},{"lineNumber":36,"author":{"gitId":"hyxnnii"},"content":"        }","lastModifiedDate":"2024-08-24","isFullCredit":false},{"lineNumber":37,"author":{"gitId":"hyxnnii"},"content":"        return tasks.get(index);","lastModifiedDate":"2024-08-24","isFullCredit":false},{"lineNumber":38,"author":{"gitId":"hyxnnii"},"content":"    }","lastModifiedDate":"2024-08-24","isFullCredit":false},{"lineNumber":39,"author":{"gitId":"hyxnnii"},"content":"","lastModifiedDate":"2024-08-24","isFullCredit":false},{"lineNumber":40,"author":{"gitId":"hyxnnii"},"content":"    public void deleteTask(int index) throws InvalidTaskException {","lastModifiedDate":"2024-08-24","isFullCredit":false},{"lineNumber":41,"author":{"gitId":"hyxnnii"},"content":"        try {","lastModifiedDate":"2024-08-24","isFullCredit":false},{"lineNumber":42,"author":{"gitId":"hyxnnii"},"content":"            Task task \u003d tasks.get(index);","lastModifiedDate":"2024-08-24","isFullCredit":false},{"lineNumber":43,"author":{"gitId":"hyxnnii"},"content":"            String display \u003d line + \"Noted. I\u0027ve removed this task:\\n\"","lastModifiedDate":"2024-08-24","isFullCredit":false},{"lineNumber":44,"author":{"gitId":"hyxnnii"},"content":"                    + task.displayTask();","lastModifiedDate":"2024-08-24","isFullCredit":false},{"lineNumber":45,"author":{"gitId":"hyxnnii"},"content":"            tasks.remove(index);","lastModifiedDate":"2024-08-24","isFullCredit":false},{"lineNumber":46,"author":{"gitId":"hyxnnii"},"content":"            display \u003d display + numOfTasks() + line;","lastModifiedDate":"2024-08-24","isFullCredit":false},{"lineNumber":47,"author":{"gitId":"hyxnnii"},"content":"            System.out.println(display);","lastModifiedDate":"2024-08-24","isFullCredit":false},{"lineNumber":48,"author":{"gitId":"hyxnnii"},"content":"        } catch (Exception e) {","lastModifiedDate":"2024-08-24","isFullCredit":false},{"lineNumber":49,"author":{"gitId":"hyxnnii"},"content":"            throw new InvalidTaskException(index);","lastModifiedDate":"2024-08-24","isFullCredit":false},{"lineNumber":50,"author":{"gitId":"hyxnnii"},"content":"        }","lastModifiedDate":"2024-08-24","isFullCredit":false},{"lineNumber":51,"author":{"gitId":"hyxnnii"},"content":"    }","lastModifiedDate":"2024-08-23","isFullCredit":false},{"lineNumber":52,"author":{"gitId":"hyxnnii"},"content":"}","lastModifiedDate":"2024-08-23","isFullCredit":false}],"authorContributionMap":{"hyxnnii":52}},{"path":"src/main/java/Task.java","fileType":"java","lines":[{"lineNumber":1,"author":{"gitId":"hyxnnii"},"content":"public class Task {","lastModifiedDate":"2024-08-23","isFullCredit":false},{"lineNumber":2,"author":{"gitId":"hyxnnii"},"content":"","lastModifiedDate":"2024-08-23","isFullCredit":false},{"lineNumber":3,"author":{"gitId":"hyxnnii"},"content":"    private String input;","lastModifiedDate":"2024-08-23","isFullCredit":false},{"lineNumber":4,"author":{"gitId":"hyxnnii"},"content":"    private boolean done;","lastModifiedDate":"2024-08-23","isFullCredit":false},{"lineNumber":5,"author":{"gitId":"hyxnnii"},"content":"    String line \u003d \"____________________________________________________________\\n\";","lastModifiedDate":"2024-08-23","isFullCredit":false},{"lineNumber":6,"author":{"gitId":"hyxnnii"},"content":"","lastModifiedDate":"2024-08-23","isFullCredit":false},{"lineNumber":7,"author":{"gitId":"hyxnnii"},"content":"    public Task(String input) {","lastModifiedDate":"2024-08-23","isFullCredit":false},{"lineNumber":8,"author":{"gitId":"hyxnnii"},"content":"        this.input \u003d input;","lastModifiedDate":"2024-08-23","isFullCredit":false},{"lineNumber":9,"author":{"gitId":"hyxnnii"},"content":"        this.done \u003d false;","lastModifiedDate":"2024-08-23","isFullCredit":false},{"lineNumber":10,"author":{"gitId":"hyxnnii"},"content":"    }","lastModifiedDate":"2024-08-23","isFullCredit":false},{"lineNumber":11,"author":{"gitId":"hyxnnii"},"content":"","lastModifiedDate":"2024-08-23","isFullCredit":false},{"lineNumber":12,"author":{"gitId":"hyxnnii"},"content":"    public String addedString() {","lastModifiedDate":"2024-08-23","isFullCredit":false},{"lineNumber":13,"author":{"gitId":"hyxnnii"},"content":"        return \"Got it. I\u0027ve added this task:\\n\" + displayTask();","lastModifiedDate":"2024-08-24","isFullCredit":false},{"lineNumber":14,"author":{"gitId":"hyxnnii"},"content":"    }","lastModifiedDate":"2024-08-23","isFullCredit":false},{"lineNumber":15,"author":{"gitId":"hyxnnii"},"content":"","lastModifiedDate":"2024-08-23","isFullCredit":false},{"lineNumber":16,"author":{"gitId":"hyxnnii"},"content":"    public String displayTask() {","lastModifiedDate":"2024-08-23","isFullCredit":false},{"lineNumber":17,"author":{"gitId":"hyxnnii"},"content":"        if (done) {","lastModifiedDate":"2024-08-23","isFullCredit":false},{"lineNumber":18,"author":{"gitId":"hyxnnii"},"content":"            return \"[X] \" + this.input + \"\\n\";","lastModifiedDate":"2024-08-23","isFullCredit":false},{"lineNumber":19,"author":{"gitId":"hyxnnii"},"content":"        } else {","lastModifiedDate":"2024-08-23","isFullCredit":false},{"lineNumber":20,"author":{"gitId":"hyxnnii"},"content":"            return \"[ ] \" + this.input + \"\\n\";","lastModifiedDate":"2024-08-23","isFullCredit":false},{"lineNumber":21,"author":{"gitId":"hyxnnii"},"content":"        }","lastModifiedDate":"2024-08-23","isFullCredit":false},{"lineNumber":22,"author":{"gitId":"hyxnnii"},"content":"    }","lastModifiedDate":"2024-08-23","isFullCredit":false},{"lineNumber":23,"author":{"gitId":"hyxnnii"},"content":"","lastModifiedDate":"2024-08-23","isFullCredit":false},{"lineNumber":24,"author":{"gitId":"hyxnnii"},"content":"    public String getInput() {","lastModifiedDate":"2024-08-24","isFullCredit":false},{"lineNumber":25,"author":{"gitId":"hyxnnii"},"content":"        return this.input;","lastModifiedDate":"2024-08-24","isFullCredit":false},{"lineNumber":26,"author":{"gitId":"hyxnnii"},"content":"    }","lastModifiedDate":"2024-08-24","isFullCredit":false},{"lineNumber":27,"author":{"gitId":"hyxnnii"},"content":"","lastModifiedDate":"2024-08-24","isFullCredit":false},{"lineNumber":28,"author":{"gitId":"hyxnnii"},"content":"    public boolean getDone() {","lastModifiedDate":"2024-08-24","isFullCredit":false},{"lineNumber":29,"author":{"gitId":"hyxnnii"},"content":"        return this.done;","lastModifiedDate":"2024-08-24","isFullCredit":false},{"lineNumber":30,"author":{"gitId":"hyxnnii"},"content":"    }","lastModifiedDate":"2024-08-24","isFullCredit":false},{"lineNumber":31,"author":{"gitId":"hyxnnii"},"content":"","lastModifiedDate":"2024-08-24","isFullCredit":false},{"lineNumber":32,"author":{"gitId":"hyxnnii"},"content":"    public void markAsDone() {","lastModifiedDate":"2024-08-23","isFullCredit":false},{"lineNumber":33,"author":{"gitId":"hyxnnii"},"content":"        this.done \u003d true;","lastModifiedDate":"2024-08-23","isFullCredit":false},{"lineNumber":34,"author":{"gitId":"hyxnnii"},"content":"        System.out.println(line + \"Nice! I\u0027ve marked this task as done:\\n\"","lastModifiedDate":"2024-08-23","isFullCredit":false},{"lineNumber":35,"author":{"gitId":"hyxnnii"},"content":"                + this.displayTask() + line);","lastModifiedDate":"2024-08-23","isFullCredit":false},{"lineNumber":36,"author":{"gitId":"hyxnnii"},"content":"    }","lastModifiedDate":"2024-08-23","isFullCredit":false},{"lineNumber":37,"author":{"gitId":"hyxnnii"},"content":"","lastModifiedDate":"2024-08-23","isFullCredit":false},{"lineNumber":38,"author":{"gitId":"hyxnnii"},"content":"    public void markAsUndone() {","lastModifiedDate":"2024-08-23","isFullCredit":false},{"lineNumber":39,"author":{"gitId":"hyxnnii"},"content":"        this.done \u003d false;","lastModifiedDate":"2024-08-23","isFullCredit":false},{"lineNumber":40,"author":{"gitId":"hyxnnii"},"content":"        System.out.println(line + \"OK, I\u0027ve marked this task as not done yet:\\n\"","lastModifiedDate":"2024-08-23","isFullCredit":false},{"lineNumber":41,"author":{"gitId":"hyxnnii"},"content":"                + this.displayTask() + line);","lastModifiedDate":"2024-08-23","isFullCredit":false},{"lineNumber":42,"author":{"gitId":"hyxnnii"},"content":"    }","lastModifiedDate":"2024-08-23","isFullCredit":false},{"lineNumber":43,"author":{"gitId":"hyxnnii"},"content":"","lastModifiedDate":"2024-08-23","isFullCredit":false},{"lineNumber":44,"author":{"gitId":"hyxnnii"},"content":"}","lastModifiedDate":"2024-08-23","isFullCredit":false}],"authorContributionMap":{"hyxnnii":44}},{"path":"src/main/java/ToDo.java","fileType":"java","lines":[{"lineNumber":1,"author":{"gitId":"hyxnnii"},"content":"public class ToDo extends Task {","lastModifiedDate":"2024-08-24","isFullCredit":false},{"lineNumber":2,"author":{"gitId":"hyxnnii"},"content":"    //private String input;","lastModifiedDate":"2024-08-24","isFullCredit":false},{"lineNumber":3,"author":{"gitId":"hyxnnii"},"content":"","lastModifiedDate":"2024-08-24","isFullCredit":false},{"lineNumber":4,"author":{"gitId":"hyxnnii"},"content":"    public ToDo(String input) {","lastModifiedDate":"2024-08-24","isFullCredit":false},{"lineNumber":5,"author":{"gitId":"hyxnnii"},"content":"        super(input);","lastModifiedDate":"2024-08-24","isFullCredit":false},{"lineNumber":6,"author":{"gitId":"hyxnnii"},"content":"    }","lastModifiedDate":"2024-08-24","isFullCredit":false},{"lineNumber":7,"author":{"gitId":"hyxnnii"},"content":"","lastModifiedDate":"2024-08-24","isFullCredit":false},{"lineNumber":8,"author":{"gitId":"hyxnnii"},"content":"    @Override","lastModifiedDate":"2024-08-24","isFullCredit":false},{"lineNumber":9,"author":{"gitId":"hyxnnii"},"content":"    public String displayTask() {","lastModifiedDate":"2024-08-24","isFullCredit":false},{"lineNumber":10,"author":{"gitId":"hyxnnii"},"content":"        String cross \u003d\"\";","lastModifiedDate":"2024-08-24","isFullCredit":false},{"lineNumber":11,"author":{"gitId":"hyxnnii"},"content":"        if (super.getDone()) {","lastModifiedDate":"2024-08-24","isFullCredit":false},{"lineNumber":12,"author":{"gitId":"hyxnnii"},"content":"            cross \u003d \"[X]\";","lastModifiedDate":"2024-08-24","isFullCredit":false},{"lineNumber":13,"author":{"gitId":"hyxnnii"},"content":"        } else {","lastModifiedDate":"2024-08-24","isFullCredit":false},{"lineNumber":14,"author":{"gitId":"hyxnnii"},"content":"            cross \u003d \"[ ]\";","lastModifiedDate":"2024-08-24","isFullCredit":false},{"lineNumber":15,"author":{"gitId":"hyxnnii"},"content":"        }","lastModifiedDate":"2024-08-24","isFullCredit":false},{"lineNumber":16,"author":{"gitId":"hyxnnii"},"content":"        return \"[T]\" + cross + \" \" + super.getInput() + \"\\n\";","lastModifiedDate":"2024-08-24","isFullCredit":false},{"lineNumber":17,"author":{"gitId":"hyxnnii"},"content":"    }","lastModifiedDate":"2024-08-24","isFullCredit":false},{"lineNumber":18,"author":{"gitId":"hyxnnii"},"content":"}","lastModifiedDate":"2024-08-24","isFullCredit":false}],"authorContributionMap":{"hyxnnii":18}},{"path":"src/main/java/UnreadableException.java","fileType":"java","lines":[{"lineNumber":1,"author":{"gitId":"hyxnnii"},"content":"public class UnreadableException extends Throwable {","lastModifiedDate":"2024-08-24","isFullCredit":false},{"lineNumber":2,"author":{"gitId":"hyxnnii"},"content":"","lastModifiedDate":"2024-08-24","isFullCredit":false},{"lineNumber":3,"author":{"gitId":"hyxnnii"},"content":"    public UnreadableException() {","lastModifiedDate":"2024-08-24","isFullCredit":false},{"lineNumber":4,"author":{"gitId":"hyxnnii"},"content":"        super(\"____________________________________________________________\\n\"","lastModifiedDate":"2024-08-24","isFullCredit":false},{"lineNumber":5,"author":{"gitId":"hyxnnii"},"content":"                + \"OOPS!!! I\u0027m sorry, but I don\u0027t know what that means :-(\\n\"","lastModifiedDate":"2024-08-24","isFullCredit":false},{"lineNumber":6,"author":{"gitId":"hyxnnii"},"content":"                + \"____________________________________________________________\\n\");","lastModifiedDate":"2024-08-24","isFullCredit":false},{"lineNumber":7,"author":{"gitId":"hyxnnii"},"content":"    }","lastModifiedDate":"2024-08-24","isFullCredit":false},{"lineNumber":8,"author":{"gitId":"hyxnnii"},"content":"}","lastModifiedDate":"2024-08-24","isFullCredit":false}],"authorContributionMap":{"hyxnnii":8}},{"path":"text-ui-test/input.txt","fileType":"txt","lines":[{"lineNumber":1,"author":{"gitId":"hyxnnii"},"content":"todo borrow book","lastModifiedDate":"2024-08-24","isFullCredit":false},{"lineNumber":2,"author":{"gitId":"hyxnnii"},"content":"deadline return book /by Sunday","lastModifiedDate":"2024-08-24","isFullCredit":false},{"lineNumber":3,"author":{"gitId":"hyxnnii"},"content":"mark 2","lastModifiedDate":"2024-08-24","isFullCredit":false},{"lineNumber":4,"author":{"gitId":"hyxnnii"},"content":"list","lastModifiedDate":"2024-08-24","isFullCredit":false},{"lineNumber":5,"author":{"gitId":"hyxnnii"},"content":"event project meeting /from Mon 2pm /to 4pm","lastModifiedDate":"2024-08-24","isFullCredit":false},{"lineNumber":6,"author":{"gitId":"hyxnnii"},"content":"mark 3","lastModifiedDate":"2024-08-24","isFullCredit":false},{"lineNumber":7,"author":{"gitId":"hyxnnii"},"content":"unmark 2","lastModifiedDate":"2024-08-24","isFullCredit":false},{"lineNumber":8,"author":{"gitId":"hyxnnii"},"content":"list","lastModifiedDate":"2024-08-24","isFullCredit":false},{"lineNumber":9,"author":{"gitId":"hyxnnii"},"content":"blah","lastModifiedDate":"2024-08-24","isFullCredit":false},{"lineNumber":10,"author":{"gitId":"hyxnnii"},"content":"delete","lastModifiedDate":"2024-08-24","isFullCredit":false},{"lineNumber":11,"author":{"gitId":"hyxnnii"},"content":"delete 5","lastModifiedDate":"2024-08-24","isFullCredit":false},{"lineNumber":12,"author":{"gitId":"hyxnnii"},"content":"delete 2","lastModifiedDate":"2024-08-24","isFullCredit":false},{"lineNumber":13,"author":{"gitId":"hyxnnii"},"content":"list","lastModifiedDate":"2024-08-24","isFullCredit":false},{"lineNumber":14,"author":{"gitId":"hyxnnii"},"content":"bye","lastModifiedDate":"2024-08-24","isFullCredit":false}],"authorContributionMap":{"hyxnnii":14}},{"path":"text-ui-test/runtest.sh","fileType":"sh","lines":[{"lineNumber":1,"author":{"gitId":"-"},"content":"#!/usr/bin/env bash","lastModifiedDate":"2020-05-25","isFullCredit":false},{"lineNumber":2,"author":{"gitId":"-"},"content":"","lastModifiedDate":"2020-05-25","isFullCredit":false},{"lineNumber":3,"author":{"gitId":"-"},"content":"# create bin directory if it doesn\u0027t exist","lastModifiedDate":"2020-05-25","isFullCredit":false},{"lineNumber":4,"author":{"gitId":"-"},"content":"if [ ! -d \"../bin\" ]","lastModifiedDate":"2020-05-25","isFullCredit":false},{"lineNumber":5,"author":{"gitId":"-"},"content":"then","lastModifiedDate":"2020-05-25","isFullCredit":false},{"lineNumber":6,"author":{"gitId":"-"},"content":"    mkdir ../bin","lastModifiedDate":"2020-05-25","isFullCredit":false},{"lineNumber":7,"author":{"gitId":"-"},"content":"fi","lastModifiedDate":"2020-05-25","isFullCredit":false},{"lineNumber":8,"author":{"gitId":"-"},"content":"","lastModifiedDate":"2020-05-25","isFullCredit":false},{"lineNumber":9,"author":{"gitId":"-"},"content":"# delete output from previous run","lastModifiedDate":"2020-05-25","isFullCredit":false},{"lineNumber":10,"author":{"gitId":"-"},"content":"if [ -e \"./ACTUAL.TXT\" ]","lastModifiedDate":"2020-05-25","isFullCredit":false},{"lineNumber":11,"author":{"gitId":"-"},"content":"then","lastModifiedDate":"2020-05-25","isFullCredit":false},{"lineNumber":12,"author":{"gitId":"-"},"content":"    rm ACTUAL.TXT","lastModifiedDate":"2020-05-25","isFullCredit":false},{"lineNumber":13,"author":{"gitId":"-"},"content":"fi","lastModifiedDate":"2020-05-25","isFullCredit":false},{"lineNumber":14,"author":{"gitId":"-"},"content":"","lastModifiedDate":"2020-05-25","isFullCredit":false},{"lineNumber":15,"author":{"gitId":"-"},"content":"# compile the code into the bin folder, terminates if error occurred","lastModifiedDate":"2020-05-25","isFullCredit":false},{"lineNumber":16,"author":{"gitId":"-"},"content":"if ! javac -cp ../src/main/java -Xlint:none -d ../bin ../src/main/java/*.java","lastModifiedDate":"2020-08-25","isFullCredit":false},{"lineNumber":17,"author":{"gitId":"-"},"content":"then","lastModifiedDate":"2020-05-25","isFullCredit":false},{"lineNumber":18,"author":{"gitId":"-"},"content":"    echo \"********** BUILD FAILURE **********\"","lastModifiedDate":"2020-05-25","isFullCredit":false},{"lineNumber":19,"author":{"gitId":"-"},"content":"    exit 1","lastModifiedDate":"2020-05-25","isFullCredit":false},{"lineNumber":20,"author":{"gitId":"-"},"content":"fi","lastModifiedDate":"2020-05-25","isFullCredit":false},{"lineNumber":21,"author":{"gitId":"-"},"content":"","lastModifiedDate":"2020-05-25","isFullCredit":false},{"lineNumber":22,"author":{"gitId":"-"},"content":"# run the program, feed commands from input.txt file and redirect the output to the ACTUAL.TXT","lastModifiedDate":"2020-05-25","isFullCredit":false},{"lineNumber":23,"author":{"gitId":"hyxnnii"},"content":"java -classpath ../bin Kira \u003c input.txt \u003e ACTUAL.TXT","lastModifiedDate":"2024-08-24","isFullCredit":false},{"lineNumber":24,"author":{"gitId":"-"},"content":"","lastModifiedDate":"2020-05-25","isFullCredit":false},{"lineNumber":25,"author":{"gitId":"-"},"content":"# convert to UNIX format","lastModifiedDate":"2020-05-25","isFullCredit":false},{"lineNumber":26,"author":{"gitId":"-"},"content":"cp EXPECTED.TXT EXPECTED-UNIX.TXT","lastModifiedDate":"2020-05-25","isFullCredit":false},{"lineNumber":27,"author":{"gitId":"-"},"content":"dos2unix ACTUAL.TXT EXPECTED-UNIX.TXT","lastModifiedDate":"2020-05-25","isFullCredit":false},{"lineNumber":28,"author":{"gitId":"-"},"content":"","lastModifiedDate":"2020-05-25","isFullCredit":false},{"lineNumber":29,"author":{"gitId":"-"},"content":"# compare the output to the expected output","lastModifiedDate":"2020-05-25","isFullCredit":false},{"lineNumber":30,"author":{"gitId":"-"},"content":"diff ACTUAL.TXT EXPECTED-UNIX.TXT","lastModifiedDate":"2020-05-25","isFullCredit":false},{"lineNumber":31,"author":{"gitId":"-"},"content":"if [ $? -eq 0 ]","lastModifiedDate":"2020-05-25","isFullCredit":false},{"lineNumber":32,"author":{"gitId":"-"},"content":"then","lastModifiedDate":"2020-05-25","isFullCredit":false},{"lineNumber":33,"author":{"gitId":"-"},"content":"    echo \"Test result: PASSED\"","lastModifiedDate":"2020-05-25","isFullCredit":false},{"lineNumber":34,"author":{"gitId":"-"},"content":"    exit 0","lastModifiedDate":"2020-05-25","isFullCredit":false},{"lineNumber":35,"author":{"gitId":"-"},"content":"else","lastModifiedDate":"2020-05-25","isFullCredit":false},{"lineNumber":36,"author":{"gitId":"-"},"content":"    echo \"Test result: FAILED\"","lastModifiedDate":"2020-05-25","isFullCredit":false},{"lineNumber":37,"author":{"gitId":"-"},"content":"    exit 1","lastModifiedDate":"2020-05-25","isFullCredit":false},{"lineNumber":38,"author":{"gitId":"-"},"content":"fi","lastModifiedDate":"2020-05-25","isFullCredit":false}],"authorContributionMap":{"hyxnnii":1,"-":37}}]
