{"authorDailyContributionsMap":{"Nicholascyx":[{"date":"2024-08-26","commitResults":[{"hash":"459380b18c8894cf366503853608d08ea63f3197","isMergeCommit":false,"messageTitle":"Added Kafka.java, Added greet and exit message","messageBody":"","tags":["Level-0"],"fileTypesAndContributionMap":{"java":{"insertions":28,"deletions":10}}},{"hash":"5a9e282616a72f300c1ee678dc00e1f5ab00b8a7","isMergeCommit":false,"messageTitle":"Added support for echo","messageBody":"","tags":["Level-1"],"fileTypesAndContributionMap":{"java":{"insertions":21,"deletions":3}}}]},{"date":"2024-08-28","commitResults":[{"hash":"b4bbf7121594d159ae3b97505202c8d07db25238","isMergeCommit":false,"messageTitle":"Added support for add and list function, added indentations","messageBody":"","fileTypesAndContributionMap":{"java":{"insertions":22,"deletions":13}}},{"hash":"e134e90caabb3d8f9a57354b2fc3a221d204e12d","isMergeCommit":false,"messageTitle":"Added new method for list","messageBody":"","tags":["Level-2"],"fileTypesAndContributionMap":{"java":{"insertions":11,"deletions":6}}},{"hash":"c8593dd6abc07d09c8d844da25b74d97487afbd6","isMergeCommit":false,"messageTitle":"Used ArrayList to store tasks","messageBody":"","fileTypesAndContributionMap":{"java":{"insertions":27,"deletions":14}}},{"hash":"8b32badc27c9d35f6f68ac7c7d40195ea5bf327c","isMergeCommit":false,"messageTitle":"Added [] for tasks and markAsDone() function","messageBody":"","fileTypesAndContributionMap":{"java":{"insertions":6,"deletions":1}}},{"hash":"eccb99af59ea1b790c731331697e7d4ae9699e0d","isMergeCommit":false,"messageTitle":"Added support for Mark As Done","messageBody":"","tags":["Level-3"],"fileTypesAndContributionMap":{"java":{"insertions":48,"deletions":11}}},{"hash":"2792677517116c7ec64c1ee4af8e241e0da4a638","isMergeCommit":false,"messageTitle":"Added Deadline, Event and Todo","messageBody":"","fileTypesAndContributionMap":{"java":{"insertions":50,"deletions":5}}},{"hash":"9377e1d1401bea9e74c1d569423ecc7afe9f6f78","isMergeCommit":false,"messageTitle":"Added support for different events","messageBody":"","tags":["Level-4"],"fileTypesAndContributionMap":{"java":{"insertions":17,"deletions":7}}}]},{"date":"2024-08-29","commitResults":[{"hash":"bbf800e89be1ee432c10e180bc8a737d07097fbf","isMergeCommit":false,"messageTitle":"Added support for exceptions","messageBody":"","tags":["Level-5"],"fileTypesAndContributionMap":{"java":{"insertions":55,"deletions":26}}},{"hash":"7a84450214b623ac0c07089f387918d3381cfe22","isMergeCommit":false,"messageTitle":"Added support for delete","messageBody":"","tags":["Level-6"],"fileTypesAndContributionMap":{"java":{"insertions":16,"deletions":1}}}]}]},"authorFileTypeContributionMap":{"Nicholascyx":{"java":214,"md":0,"fxml":0,"sh":0,"bat":0,"gradle":0,"txt":0}},"authorContributionVariance":{"Nicholascyx":4198.3877},"authorDisplayNameMap":{"Nicholascyx":"CS2103T-T08-1 NICH..XUAN"}}
