{"authorDailyContributionsMap":{"dez2003":[{"date":"2024-08-24","commitResults":[{"hash":"92e0cdfb67084ad1c6ba46325eb04cea7e0b2b8b","isMergeCommit":false,"messageTitle":"Rename main class and project name to Alisa","messageBody":"","fileTypesAndContributionMap":{"java":{"insertions":1,"deletions":1},"md":{"insertions":3,"deletions":3}}},{"hash":"6dda3120b3e15b37e9fb84e429f993d992042005","isMergeCommit":false,"messageTitle":"Add greeting and bye message","messageBody":"","tags":["Level-0"],"fileTypesAndContributionMap":{"java":{"insertions":6,"deletions":6}}},{"hash":"f87e52cba013b92464312fc0de237958f3123f93","isMergeCommit":false,"messageTitle":"Add echo feature","messageBody":"","tags":["Level-1"],"fileTypesAndContributionMap":{"java":{"insertions":24,"deletions":2}}},{"hash":"a7f8d923b77b4727348b8d09e7911ac0399d1acc","isMergeCommit":false,"messageTitle":"Add Task class","messageBody":"","fileTypesAndContributionMap":{"java":{"insertions":2,"deletions":0}}},{"hash":"c8855d6e64da415c8d6909c78b1bd369450f117c","isMergeCommit":false,"messageTitle":"Build Task class with description feature","messageBody":"","fileTypesAndContributionMap":{"java":{"insertions":10,"deletions":0}}},{"hash":"95f23aab8943a4c47a86847ee59abb0d28d59945","isMergeCommit":false,"messageTitle":"Add support for list in main class","messageBody":"","tags":["Level-2"],"fileTypesAndContributionMap":{"java":{"insertions":30,"deletions":10}}},{"hash":"6e214b455c0d233807015df3683b3c72582199a5","isMergeCommit":false,"messageTitle":"Add methods in Task class to support mark as done feature","messageBody":"","fileTypesAndContributionMap":{"java":{"insertions":14,"deletions":1}}},{"hash":"aef4f3da608281bb9c86bf043f0d6dd046740255","isMergeCommit":false,"messageTitle":"Add support for mark as done commands in main class","messageBody":"","tags":["Level-3"],"fileTypesAndContributionMap":{"java":{"insertions":15,"deletions":1}}},{"hash":"793e711fc3caa0b02ad3a2f16db4fb96fcaa61d9","isMergeCommit":false,"messageTitle":"Ask Todo, Deadline, and Event class as types of Tasks","messageBody":"","fileTypesAndContributionMap":{"java":{"insertions":15,"deletions":0}}},{"hash":"4b1825193e20e09857aacadb31af636a5a26204e","isMergeCommit":false,"messageTitle":"Implement new task type Todo","messageBody":"","fileTypesAndContributionMap":{"java":{"insertions":18,"deletions":5}}},{"hash":"3a39cfd890044b94ed11c19c3b5a5e29c9bb3f15","isMergeCommit":false,"messageTitle":"Implement new Task type Deadline","messageBody":"","fileTypesAndContributionMap":{"java":{"insertions":19,"deletions":5}}},{"hash":"7b252846d2e159b5d47b1b2751e0806755aa5d36","isMergeCommit":false,"messageTitle":"Implement Task type Event","messageBody":"","tags":["Level-4"],"fileTypesAndContributionMap":{"java":{"insertions":26,"deletions":2}}},{"hash":"171a6285ef1c64aad45c9ed371db1e5bc10b1e6c","isMergeCommit":false,"messageTitle":"Add auto testing for features","messageBody":"","tags":["A-TextUiTesting"],"fileTypesAndContributionMap":{"txt":{"insertions":10,"deletions":0},"bat":{"insertions":1,"deletions":1},"sh":{"insertions":1,"deletions":1}}}]},{"date":"2024-08-25","commitResults":[{"hash":"ccac61cec6bf47700c8d25471222a457454515c7","isMergeCommit":false,"messageTitle":"Add AlisaException class to handle errors in chatbot","messageBody":"","fileTypesAndContributionMap":{"java":{"insertions":5,"deletions":0}}},{"hash":"e93b8cf08ba3ea2ef8fbf80eb2ee13a4527e8f56","isMergeCommit":false,"messageTitle":"Handle errors for current features","messageBody":"","tags":["Level-5"],"fileTypesAndContributionMap":{"java":{"insertions":88,"deletions":58}}},{"hash":"7b0f871bffdd33c92b8680d11d0f6d1edc71d49c","isMergeCommit":false,"messageTitle":"Implement delete feature","messageBody":"","tags":["Level-6"],"fileTypesAndContributionMap":{"java":{"insertions":22,"deletions":8}}}]},{"date":"2024-08-28","commitResults":[{"hash":"ab63f3479dcadd92cf8849cfb0a9367659cc9429","isMergeCommit":false,"messageTitle":"Create Storage class","messageBody":"","fileTypesAndContributionMap":{"java":{"insertions":68,"deletions":0}}},{"hash":"f00a2e05ca433837d34c7df3e440b9daa5080576","isMergeCommit":false,"messageTitle":"Add support for hard disk save feature","messageBody":"","fileTypesAndContributionMap":{"java":{"insertions":35,"deletions":3}}},{"hash":"8b22bee967351e90b357fc512dff2aa3e5f4c84a","isMergeCommit":true,"messageTitle":"Merge branch \u0027branch-Level-7\u0027","messageBody":"","tags":["Level-7"],"fileTypesAndContributionMap":{}}]},{"date":"2024-08-29","commitResults":[{"hash":"19402a37563a8cafb8c5cbc378a1710fb9082179","isMergeCommit":false,"messageTitle":"Modify Deadline and Event class to recognize dates and times for tasks","messageBody":"","fileTypesAndContributionMap":{"java":{"insertions":30,"deletions":10}}},{"hash":"daac7c86f493ac1c498603b4b6749ea308fa123b","isMergeCommit":true,"messageTitle":"Merge branch \u0027branch-Level-8\u0027","messageBody":"","tags":["Level-8"],"fileTypesAndContributionMap":{}},{"hash":"114955fba2cf6eb793c9e9417b27fbdcd2cd8c8e","isMergeCommit":false,"messageTitle":"Implement Storage, Parser, TaskList, and Ui class to make code more OOP","messageBody":"","fileTypesAndContributionMap":{"java":{"insertions":117,"deletions":2}}},{"hash":"fa8d52fd2770ee33cac690ec6e45990685cbdf8b","isMergeCommit":false,"messageTitle":"Implement Command class and its subclasses to write main logic","messageBody":"","fileTypesAndContributionMap":{"java":{"insertions":77,"deletions":0}}},{"hash":"ad6fcad68f0d0bf6c96bd51200a65cfade76899c","isMergeCommit":false,"messageTitle":"Modify classes and implement main logic in Alisa class","messageBody":"","fileTypesAndContributionMap":{"java":{"insertions":65,"deletions":125}}},{"hash":"63fb39561b5cd673aa7761773df2f1b6c8e8213d","isMergeCommit":true,"messageTitle":"Merge branch \u0027branch-A-MoreOOP\u0027","messageBody":"","tags":["A-MoreOOP"],"fileTypesAndContributionMap":{}},{"hash":"3f082446eddde14ec4ec2977191399736076521c","isMergeCommit":false,"messageTitle":"Organize classes into packages","messageBody":"","fileTypesAndContributionMap":{"java":{"insertions":80,"deletions":3},"bat":{"insertions":1,"deletions":1},"md":{"insertions":2,"deletions":2}}},{"hash":"bc907146689d0db72851888eff6ca0c87026afa4","isMergeCommit":true,"messageTitle":"Merge branch \u0027branch-A-Packages\u0027","messageBody":"","tags":["A-Packages"],"fileTypesAndContributionMap":{}},{"hash":"c9ad081c41fedcd635795e4e092bd18778186a8c","isMergeCommit":true,"messageTitle":"Merge remote-tracking branch \u0027origin/add-gradle-support\u0027","messageBody":"","tags":["A-Gradle"],"fileTypesAndContributionMap":{}}]},{"date":"2024-09-01","commitResults":[{"hash":"5a0f13c68fac0d53c4b3e2c94189d13e71be8436","isMergeCommit":false,"messageTitle":"Add JUnit tests for Storage and Parser class","messageBody":"","fileTypesAndContributionMap":{"java":{"insertions":75,"deletions":0}}},{"hash":"9cb6b87674261f70db951f673d839b9a7b4d6cf3","isMergeCommit":true,"messageTitle":"Merge branch \u0027branch-A-JUnit\u0027","messageBody":"","tags":["A-JUnit"],"fileTypesAndContributionMap":{}}]},{"date":"2024-09-02","commitResults":[{"hash":"9d91532151b2a817a0a5264f21a6f07bd1855ea8","isMergeCommit":false,"messageTitle":"Modify build.gradle to create JAR file","messageBody":"","tags":["A-Jar"],"fileTypesAndContributionMap":{"gradle":{"insertions":2,"deletions":3},"java":{"insertions":0,"deletions":1}}},{"hash":"227716fa86a46eaeb1c0c3263b26af6cd654aa82","isMergeCommit":true,"messageTitle":"Merge branch \u0027branch-A-Jar\u0027","messageBody":"","fileTypesAndContributionMap":{}},{"hash":"d4cbadd7863cf4e3d5ec4b9a86024cb8157e1749","isMergeCommit":false,"messageTitle":"Add JavaDoc header comments for all classes","messageBody":"","tags":["A-JavaDoc"],"fileTypesAndContributionMap":{"java":{"insertions":370,"deletions":12}}},{"hash":"59560e733ef30ca97b0885f67c1be76e2548da91","isMergeCommit":false,"messageTitle":"Modify code to comply with coding standard","messageBody":"","tags":["A-CodingStandard"],"fileTypesAndContributionMap":{"java":{"insertions":36,"deletions":18}}},{"hash":"7ce128fc72368068d21093026ab692bbde97468a","isMergeCommit":false,"messageTitle":"Add feature that finds keyword in task description","messageBody":"","tags":["Level-9"],"fileTypesAndContributionMap":{"java":{"insertions":78,"deletions":1}}},{"hash":"60276131903d5c6ff66930a001226c7205d0023d","isMergeCommit":true,"messageTitle":"Merge branch \u0027branch-A-JavaDoc\u0027","messageBody":"","fileTypesAndContributionMap":{}},{"hash":"531ce7d578073006668818d44b19932346d53a59","isMergeCommit":true,"messageTitle":"Merge branch \u0027branch-A-CodingStandard\u0027","messageBody":"# Conflicts:\n#\tsrc/main/java/alisa/task/TaskList.java\n#\tsrc/main/java/alisa/task/Todo.java\n","fileTypesAndContributionMap":{}},{"hash":"62a2c683ff87008fe64e4d6ff9b1ef87f4097866","isMergeCommit":true,"messageTitle":"Merge branch \u0027branch-Level-9\u0027","messageBody":"","fileTypesAndContributionMap":{}}]},{"date":"2024-09-04","commitResults":[{"hash":"be5dcac7590ce81871faa1b3880982c49a04a719","isMergeCommit":false,"messageTitle":"Implement checkstyle to detect coding style violations","messageBody":"","tags":["A-CheckStyle"],"fileTypesAndContributionMap":{"gradle":{"insertions":6,"deletions":1},"java":{"insertions":16,"deletions":12}}},{"hash":"f0dddae37482a4b6f5e11faafb9a4bc80224d4fc","isMergeCommit":true,"messageTitle":"Merge branch \u0027branch-A-CheckStyle\u0027","messageBody":"","fileTypesAndContributionMap":{}}]}]},"authorFileTypeContributionMap":{"dez2003":{"java":1064,"md":3,"fxml":0,"sh":1,"bat":1,"gradle":7,"txt":10}},"authorContributionVariance":{"dez2003":25151.207},"authorDisplayNameMap":{"dez2003":"CS2103-F12-2 SNG ..IREE"}}
