{"authorDailyContributionsMap":{"JovenSoh":[{"date":"2024-08-23","commitResults":[{"hash":"41a2898e748885cb66ac17536e9643fc8f00c19f","isMergeCommit":false,"messageTitle":"Level 0 \u0026 1","messageBody":"","tags":["Level-1","Level-0"],"fileTypesAndContributionMap":{"java":{"insertions":30,"deletions":10}}},{"hash":"43cf5e87420a568ab46712d5b7dbef59467ae330","isMergeCommit":false,"messageTitle":"Level 2","messageBody":"","tags":["Level-2"],"fileTypesAndContributionMap":{"java":{"insertions":13,"deletions":2}}},{"hash":"4472de5d35b5240dcad6e5808eab277da9493bef","isMergeCommit":false,"messageTitle":"Level 3","messageBody":"","tags":["Level-3"],"fileTypesAndContributionMap":{"java":{"insertions":26,"deletions":0}}},{"hash":"270853de607764ead093f98a1e3c9c626e639bea","isMergeCommit":false,"messageTitle":"Level 4","messageBody":"","tags":["Level-4"],"fileTypesAndContributionMap":{"java":{"insertions":91,"deletions":8}}},{"hash":"84d8e0b77371c0fd2153343447ea074a936c374e","isMergeCommit":false,"messageTitle":"Level 5","messageBody":"","tags":["Level-5"],"fileTypesAndContributionMap":{"java":{"insertions":2,"deletions":0}}},{"hash":"532f461dcdb815844eaa1264e77324361caaafda","isMergeCommit":false,"messageTitle":"Level 6","messageBody":"","fileTypesAndContributionMap":{"txt":{"insertions":7,"deletions":0},"java":{"insertions":142,"deletions":66},"sh":{"insertions":2,"deletions":2}}}]}]},"authorFileTypeContributionMap":{"JovenSoh":{"java":228,"md":0,"fxml":0,"sh":1,"bat":0,"gradle":0,"txt":7}},"authorContributionVariance":{"JovenSoh":17587.61},"authorDisplayNameMap":{"JovenSoh":"CS2103T-W12-2 SOH ..KIAT"}}
