{"authorDailyContributionsMap":{"Jianwen0451":[{"date":"2024-08-18","commitResults":[{"hash":"3b4f655662df79ba39f8e48ca00a05a5db2345b6","isMergeCommit":false,"messageTitle":"Done Level 0, the bot is renamed to Kotori","messageBody":"","fileTypesAndContributionMap":{"java":{"insertions":0,"deletions":0}}},{"hash":"abb2932e6d5b94c10623a2841adaadd191a18538","isMergeCommit":false,"messageTitle":"Level 0 is done, chatbot is renamed  to Kotori","messageBody":"","tags":["Level-0"],"fileTypesAndContributionMap":{"java":{"insertions":18,"deletions":7}}},{"hash":"d61ba06e90d6cde6bdbb3c9c7ae6ad9ae6c80d14","isMergeCommit":false,"messageTitle":"Level 1 done, The chatbot is now able to echo the input from the command line and exit when seeing bye","messageBody":"","tags":["Level-1"],"fileTypesAndContributionMap":{"java":{"insertions":24,"deletions":7}}}]},{"date":"2024-08-19","commitResults":[{"hash":"fa54491b73a66c307bbed693c33c65711f11bfb0","isMergeCommit":false,"messageTitle":"Level 2.0 is completed, Now the chatbot is able to keep track of a list of events.","messageBody":"","fileTypesAndContributionMap":{"java":{"insertions":14,"deletions":2}}},{"hash":"7c35bb570fcf85c854d79d4fe37088dbb23e5371","isMergeCommit":false,"messageTitle":"Fix the bugs for adding into list.","messageBody":"","tags":["Level-2"],"fileTypesAndContributionMap":{"java":{"insertions":3,"deletions":1}}},{"hash":"e55567b2fd253855b8022bbbf021028ce5e23c45","isMergeCommit":false,"messageTitle":"Add the class Task.java and implement the features to mark and unmark. Level 3 done","messageBody":"","tags":["Level-3"],"fileTypesAndContributionMap":{"java":{"insertions":46,"deletions":5}}},{"hash":"08a2b7970f787329d17b2b7916344d3dd87bbe76","isMergeCommit":false,"messageTitle":"Level 4 complete, now task has 3 subtype as event, deadline and todo","messageBody":"","fileTypesAndContributionMap":{"java":{"insertions":71,"deletions":3}}}]},{"date":"2024-08-21","commitResults":[{"hash":"ce2032d4ace2aa11ee8f386ff8ab207e560bc3c7","isMergeCommit":false,"messageTitle":"Add a test case to test the bot Using I/O redirection. A-TestUiTesting is finished","messageBody":"","fileTypesAndContributionMap":{"txt":{"insertions":12,"deletions":0},"sh":{"insertions":2,"deletions":2}}},{"hash":"0169d34acae77c88e220e85cea68cb31473f5fe0","isMergeCommit":false,"messageTitle":"Change the bug of One extra white space","messageBody":"","tags":["Level-4"],"fileTypesAndContributionMap":{"java":{"insertions":9,"deletions":8}}},{"hash":"e11b1f38e0c31b5db03be14f2b960aa933c86790","isMergeCommit":false,"messageTitle":"Level 5 complete, the bot is now able to deal with some invalid inputs like missing element and unknown command. Add a few test cases to test the error handling.","messageBody":"","tags":["Level-5"],"fileTypesAndContributionMap":{"txt":{"insertions":9,"deletions":1},"java":{"insertions":106,"deletions":13}}},{"hash":"d306cfef45b9435f6ab97b3a22cdf207e821b1e6","isMergeCommit":false,"messageTitle":"Fix some bugs on the test cases","messageBody":"","fileTypesAndContributionMap":{"txt":{"insertions":1,"deletions":0}}},{"hash":"57f0450f9de43aa04f85d3571c91655548140e9a","isMergeCommit":false,"messageTitle":"Level 5 complete. Add deleting operation. Add a error handling cases about deleting. Add test case for deleting operation.","messageBody":"","tags":["Level-6"],"fileTypesAndContributionMap":{"txt":{"insertions":3,"deletions":1},"java":{"insertions":29,"deletions":16}}},{"hash":"2cd54310daccf73070030abcc06aad326957adf3","isMergeCommit":false,"messageTitle":"A-enum done. Enum is used in IncorrectStateException.java","messageBody":"","tags":["A-Enums"],"fileTypesAndContributionMap":{"java":{"insertions":2,"deletions":0}}}]}]},"authorFileTypeContributionMap":{"Jianwen0451":{"java":267,"md":0,"fxml":0,"sh":2,"bat":0,"gradle":0,"txt":23}},"authorContributionVariance":{"Jianwen0451":6875.4727},"authorDisplayNameMap":{"Jianwen0451":"LEI ..NWEN"}}
