{"authorDailyContributionsMap":{"wes-w-z-h":[{"date":"2024-08-21","commitResults":[{"hash":"3b4e41074006c62da86bed8348f787cb7f62c774","isMergeCommit":false,"messageTitle":"Rename main class","messageBody":"","fileTypesAndContributionMap":{"java":{"insertions":10,"deletions":10}}},{"hash":"19d3846c06ac42a35a753f4c5638bd1184d318f5","isMergeCommit":false,"messageTitle":"Add greeting and exit","messageBody":"","tags":["Level-0"],"fileTypesAndContributionMap":{"java":{"insertions":33,"deletions":6}}},{"hash":"644a400bafde64b2f98aaa1bb4c13776577fdefd","isMergeCommit":false,"messageTitle":"Add suppport for echo","messageBody":"","fileTypesAndContributionMap":{"java":{"insertions":31,"deletions":0}}},{"hash":"914eeece3f63b0e9b81b936835a29b9f3730914f","isMergeCommit":false,"messageTitle":"Refactor Mizz class","messageBody":"","tags":["Level-1"],"fileTypesAndContributionMap":{"java":{"insertions":38,"deletions":17}}},{"hash":"22723afdc267b584812d8405aa41651d37293a15","isMergeCommit":false,"messageTitle":"Add support for store cmds","messageBody":"","fileTypesAndContributionMap":{"java":{"insertions":45,"deletions":0}}},{"hash":"0bbc64206fd7575844f53d2490dc10acab20b688","isMergeCommit":false,"messageTitle":"Add support for add command","messageBody":"","fileTypesAndContributionMap":{"java":{"insertions":1,"deletions":1}}},{"hash":"cd8c332cc4b5dabcbbb0bcde28221f34a69d0533","isMergeCommit":false,"messageTitle":"Add utility class","messageBody":"","fileTypesAndContributionMap":{"java":{"insertions":27,"deletions":7}}},{"hash":"d88a630a0b165573aad017f46e9db9ab093fdc8a","isMergeCommit":false,"messageTitle":"Fix bug in list","messageBody":"","tags":["Level-2"],"fileTypesAndContributionMap":{"java":{"insertions":1,"deletions":1}}},{"hash":"a507a3692fead91490d28a173c913e40b4df5742","isMergeCommit":false,"messageTitle":"Add Task class","messageBody":"","fileTypesAndContributionMap":{"java":{"insertions":44,"deletions":0}}},{"hash":"b3dd55fdf158f2d0ff62c68ba4a8dd5d2515a0b6","isMergeCommit":false,"messageTitle":"Add support for marking and unmarking tasks","messageBody":"","tags":["Level-3"],"fileTypesAndContributionMap":{"java":{"insertions":63,"deletions":9}}}]},{"date":"2024-08-22","commitResults":[{"hash":"029e57089d70c563c7a9197b5ddc807704fcf003","isMergeCommit":false,"messageTitle":"Add support for todo task","messageBody":"","fileTypesAndContributionMap":{"java":{"insertions":74,"deletions":20}}},{"hash":"902c8137fc75876401e99c8a657f06b470d5c54a","isMergeCommit":false,"messageTitle":"Rename to TaskHist","messageBody":"","fileTypesAndContributionMap":{"java":{"insertions":32,"deletions":29}}},{"hash":"cd046d6121abc16a8d862cadecf959087dd5455e","isMergeCommit":false,"messageTitle":"Add support for invalid idxes","messageBody":"","fileTypesAndContributionMap":{"java":{"insertions":22,"deletions":6}}},{"hash":"b7213a23d50c7a098cd8093b583209758e09a750","isMergeCommit":false,"messageTitle":"Fix invalid idx check","messageBody":"","fileTypesAndContributionMap":{"java":{"insertions":1,"deletions":0}}},{"hash":"60b3cc1fee839920e00b27e1ab9051d02818ebdf","isMergeCommit":false,"messageTitle":"Fix indentation for printing","messageBody":"","fileTypesAndContributionMap":{"java":{"insertions":8,"deletions":9}}},{"hash":"63fc24855d148f377847e8c944096120119f7afe","isMergeCommit":false,"messageTitle":"Add support for deadlines and events","messageBody":"","tags":["Level-4"],"fileTypesAndContributionMap":{"java":{"insertions":144,"deletions":23}}},{"hash":"6fc33171d40ebf150b433a0bee84d9788bcdbd8d","isMergeCommit":false,"messageTitle":"Add support for multiple input test files","messageBody":"","fileTypesAndContributionMap":{"sh":{"insertions":34,"deletions":28}}},{"hash":"b76f9637f4b867686a5bd27fb4bbfbee6b4a0a68","isMergeCommit":false,"messageTitle":"Add test cases","messageBody":"","tags":["A-TextUITesting"],"fileTypesAndContributionMap":{"txt":{"insertions":32,"deletions":0},"sh":{"insertions":2,"deletions":2}}},{"hash":"8071464ea768c2b3092475cb0d5744ddaf515c1c","isMergeCommit":false,"messageTitle":"Move prettyPrint to Utility","messageBody":"","fileTypesAndContributionMap":{"java":{"insertions":14,"deletions":25}}},{"hash":"783a190bb052c3ef533e3405057e7db97e2c2d4d","isMergeCommit":false,"messageTitle":"Add error handling","messageBody":"","tags":["Level-5"],"fileTypesAndContributionMap":{"java":{"insertions":197,"deletions":35}}},{"hash":"47faad826cd1f09d5887574735194becc7299952","isMergeCommit":false,"messageTitle":"Move verify function to new class","messageBody":"","fileTypesAndContributionMap":{"java":{"insertions":86,"deletions":0}}},{"hash":"06e688a0a698dbd508a1194a7c109b73fbdcf28c","isMergeCommit":false,"messageTitle":"Add support for delete","messageBody":"","fileTypesAndContributionMap":{"java":{"insertions":83,"deletions":88}}},{"hash":"a7cb0fb0e5f9c3fc9b1372a9108da0d618623f16","isMergeCommit":false,"messageTitle":"Update mark exception","messageBody":"- Update constructor to include mark or unmark\n- Update toString to only return relevant command\n","tags":["Level-6"],"fileTypesAndContributionMap":{"java":{"insertions":7,"deletions":3}}},{"hash":"6117570f2e8ac4c58e442bd0708319607e15be28","isMergeCommit":false,"messageTitle":"Update name to Mizz","messageBody":"","fileTypesAndContributionMap":{"md":{"insertions":2,"deletions":3}}}]}]},"authorFileTypeContributionMap":{"wes-w-z-h":{"java":682,"md":1,"fxml":0,"sh":24,"bat":0,"gradle":0,"txt":32}},"authorContributionVariance":{"wes-w-z-h":124985.92},"authorDisplayNameMap":{"wes-w-z-h":"WONG..SLEY"}}
