[{"path":"data/duke.txt","fileType":"txt","lines":[{"lineNumber":1,"author":{"gitId":"kaoxi998533"},"content":"T|0|hi","lastModifiedDate":"2024-09-03","isFullCredit":false},{"lineNumber":2,"author":{"gitId":"kaoxi998533"},"content":"D|0|hoi|tomorrow","lastModifiedDate":"2024-09-03","isFullCredit":false}],"authorContributionMap":{"kaoxi998533":2}},{"path":"src/main/java/Duke.java","fileType":"java","lines":[{"lineNumber":1,"author":{"gitId":"kaoxi998533"},"content":"import exception.DukeException;","lastModifiedDate":"2024-09-03","isFullCredit":false},{"lineNumber":2,"author":{"gitId":"kaoxi998533"},"content":"import task.TaskList;","lastModifiedDate":"2024-09-03","isFullCredit":false},{"lineNumber":3,"author":{"gitId":"kaoxi998533"},"content":"import utilities.Storage;","lastModifiedDate":"2024-09-03","isFullCredit":false},{"lineNumber":4,"author":{"gitId":"kaoxi998533"},"content":"import utilities.Ui;","lastModifiedDate":"2024-09-03","isFullCredit":false},{"lineNumber":5,"author":{"gitId":"kaoxi998533"},"content":"","lastModifiedDate":"2024-08-23","isFullCredit":false},{"lineNumber":6,"author":{"gitId":"-"},"content":"public class Duke {","lastModifiedDate":"2019-07-29","isFullCredit":false},{"lineNumber":7,"author":{"gitId":"kaoxi998533"},"content":"    private Storage storage \u003d new Storage(\"./data/duke.txt\");","lastModifiedDate":"2024-09-03","isFullCredit":false},{"lineNumber":8,"author":{"gitId":"kaoxi998533"},"content":"    private TaskList tasks;","lastModifiedDate":"2024-09-02","isFullCredit":false},{"lineNumber":9,"author":{"gitId":"kaoxi998533"},"content":"    private Ui ui;","lastModifiedDate":"2024-09-02","isFullCredit":false},{"lineNumber":10,"author":{"gitId":"kaoxi998533"},"content":"","lastModifiedDate":"2024-09-02","isFullCredit":false},{"lineNumber":11,"author":{"gitId":"kaoxi998533"},"content":"    public Duke(String filePath) {","lastModifiedDate":"2024-09-02","isFullCredit":false},{"lineNumber":12,"author":{"gitId":"kaoxi998533"},"content":"        storage \u003d new Storage(filePath);","lastModifiedDate":"2024-09-02","isFullCredit":false},{"lineNumber":13,"author":{"gitId":"kaoxi998533"},"content":"        try {","lastModifiedDate":"2024-09-02","isFullCredit":false},{"lineNumber":14,"author":{"gitId":"kaoxi998533"},"content":"            tasks \u003d storage.load();","lastModifiedDate":"2024-09-02","isFullCredit":false},{"lineNumber":15,"author":{"gitId":"kaoxi998533"},"content":"        } catch (DukeException e) {","lastModifiedDate":"2024-09-02","isFullCredit":false},{"lineNumber":16,"author":{"gitId":"kaoxi998533"},"content":"            ui.showLoadingError();","lastModifiedDate":"2024-09-02","isFullCredit":false},{"lineNumber":17,"author":{"gitId":"kaoxi998533"},"content":"            tasks \u003d new TaskList();","lastModifiedDate":"2024-09-02","isFullCredit":false},{"lineNumber":18,"author":{"gitId":"kaoxi998533"},"content":"        }","lastModifiedDate":"2024-08-27","isFullCredit":false},{"lineNumber":19,"author":{"gitId":"kaoxi998533"},"content":"        ui \u003d new Ui(tasks);","lastModifiedDate":"2024-09-02","isFullCredit":false},{"lineNumber":20,"author":{"gitId":"kaoxi998533"},"content":"    }","lastModifiedDate":"2024-08-23","isFullCredit":false},{"lineNumber":21,"author":{"gitId":"kaoxi998533"},"content":"","lastModifiedDate":"2024-08-23","isFullCredit":false},{"lineNumber":22,"author":{"gitId":"-"},"content":"    public static void main(String[] args) {","lastModifiedDate":"2019-07-29","isFullCredit":false},{"lineNumber":23,"author":{"gitId":"kaoxi998533"},"content":"","lastModifiedDate":"2024-09-02","isFullCredit":false},{"lineNumber":24,"author":{"gitId":"kaoxi998533"},"content":"        Storage storage \u003d new Storage(\"data/duke.txt\");","lastModifiedDate":"2024-09-02","isFullCredit":false},{"lineNumber":25,"author":{"gitId":"kaoxi998533"},"content":"        TaskList tasks \u003d storage.load();","lastModifiedDate":"2024-09-02","isFullCredit":false},{"lineNumber":26,"author":{"gitId":"kaoxi998533"},"content":"        Ui ui \u003d new Ui(tasks);","lastModifiedDate":"2024-09-02","isFullCredit":false},{"lineNumber":27,"author":{"gitId":"kaoxi998533"},"content":"        ui.startInteraction();","lastModifiedDate":"2024-09-02","isFullCredit":false},{"lineNumber":28,"author":{"gitId":"kaoxi998533"},"content":"","lastModifiedDate":"2024-09-02","isFullCredit":false},{"lineNumber":29,"author":{"gitId":"-"},"content":"    }","lastModifiedDate":"2019-07-29","isFullCredit":false},{"lineNumber":30,"author":{"gitId":"-"},"content":"}","lastModifiedDate":"2019-07-29","isFullCredit":false}],"authorContributionMap":{"kaoxi998533":26,"-":4}},{"path":"src/main/java/command/Command.java","fileType":"java","lines":[{"lineNumber":1,"author":{"gitId":"kaoxi998533"},"content":"package command;","lastModifiedDate":"2024-09-03","isFullCredit":false},{"lineNumber":2,"author":{"gitId":"kaoxi998533"},"content":"public abstract class Command {","lastModifiedDate":"2024-09-02","isFullCredit":false},{"lineNumber":3,"author":{"gitId":"kaoxi998533"},"content":"    public abstract void execute();","lastModifiedDate":"2024-09-02","isFullCredit":false},{"lineNumber":4,"author":{"gitId":"kaoxi998533"},"content":"}","lastModifiedDate":"2024-09-02","isFullCredit":false}],"authorContributionMap":{"kaoxi998533":4}},{"path":"src/main/java/command/DeleteCommand.java","fileType":"java","lines":[{"lineNumber":1,"author":{"gitId":"kaoxi998533"},"content":"package command;","lastModifiedDate":"2024-09-03","isFullCredit":false},{"lineNumber":2,"author":{"gitId":"kaoxi998533"},"content":"","lastModifiedDate":"2024-09-03","isFullCredit":false},{"lineNumber":3,"author":{"gitId":"kaoxi998533"},"content":"import task.Task;","lastModifiedDate":"2024-09-03","isFullCredit":false},{"lineNumber":4,"author":{"gitId":"kaoxi998533"},"content":"import task.TaskList;","lastModifiedDate":"2024-09-03","isFullCredit":false},{"lineNumber":5,"author":{"gitId":"kaoxi998533"},"content":"import utilities.Parser;","lastModifiedDate":"2024-09-03","isFullCredit":false},{"lineNumber":6,"author":{"gitId":"kaoxi998533"},"content":"","lastModifiedDate":"2024-09-03","isFullCredit":false},{"lineNumber":7,"author":{"gitId":"kaoxi998533"},"content":"public class DeleteCommand extends Command {","lastModifiedDate":"2024-09-02","isFullCredit":false},{"lineNumber":8,"author":{"gitId":"kaoxi998533"},"content":"    private int index;","lastModifiedDate":"2024-09-02","isFullCredit":false},{"lineNumber":9,"author":{"gitId":"kaoxi998533"},"content":"    private TaskList taskList;","lastModifiedDate":"2024-09-02","isFullCredit":false},{"lineNumber":10,"author":{"gitId":"kaoxi998533"},"content":"","lastModifiedDate":"2024-09-02","isFullCredit":false},{"lineNumber":11,"author":{"gitId":"kaoxi998533"},"content":"    public DeleteCommand(int index, TaskList taskList) {","lastModifiedDate":"2024-09-02","isFullCredit":false},{"lineNumber":12,"author":{"gitId":"kaoxi998533"},"content":"        this.index \u003d index;","lastModifiedDate":"2024-09-02","isFullCredit":false},{"lineNumber":13,"author":{"gitId":"kaoxi998533"},"content":"        this.taskList \u003d taskList;","lastModifiedDate":"2024-09-02","isFullCredit":false},{"lineNumber":14,"author":{"gitId":"kaoxi998533"},"content":"    }","lastModifiedDate":"2024-09-02","isFullCredit":false},{"lineNumber":15,"author":{"gitId":"kaoxi998533"},"content":"","lastModifiedDate":"2024-09-02","isFullCredit":false},{"lineNumber":16,"author":{"gitId":"kaoxi998533"},"content":"    @Override","lastModifiedDate":"2024-09-02","isFullCredit":false},{"lineNumber":17,"author":{"gitId":"kaoxi998533"},"content":"    public void execute() {","lastModifiedDate":"2024-09-02","isFullCredit":false},{"lineNumber":18,"author":{"gitId":"kaoxi998533"},"content":"        Task task \u003d taskList.remove(index - 1);","lastModifiedDate":"2024-09-02","isFullCredit":false},{"lineNumber":19,"author":{"gitId":"kaoxi998533"},"content":"        System.out.println(Parser","lastModifiedDate":"2024-09-02","isFullCredit":false},{"lineNumber":20,"author":{"gitId":"kaoxi998533"},"content":"                .addHorizontalLinesAndIndentation(","lastModifiedDate":"2024-09-02","isFullCredit":false},{"lineNumber":21,"author":{"gitId":"kaoxi998533"},"content":"                        String.format(\"Noted. I\u0027ve removed this task:\\n\"","lastModifiedDate":"2024-09-02","isFullCredit":false},{"lineNumber":22,"author":{"gitId":"kaoxi998533"},"content":"                                + task + \" Now you have %d tasks in the list.\",","lastModifiedDate":"2024-09-02","isFullCredit":false},{"lineNumber":23,"author":{"gitId":"kaoxi998533"},"content":"                                taskList.size())));","lastModifiedDate":"2024-09-02","isFullCredit":false},{"lineNumber":24,"author":{"gitId":"kaoxi998533"},"content":"    }","lastModifiedDate":"2024-09-02","isFullCredit":false},{"lineNumber":25,"author":{"gitId":"kaoxi998533"},"content":"","lastModifiedDate":"2024-09-02","isFullCredit":false},{"lineNumber":26,"author":{"gitId":"kaoxi998533"},"content":"}","lastModifiedDate":"2024-09-02","isFullCredit":false}],"authorContributionMap":{"kaoxi998533":26}},{"path":"src/main/java/command/ExitCommand.java","fileType":"java","lines":[{"lineNumber":1,"author":{"gitId":"kaoxi998533"},"content":"package command;","lastModifiedDate":"2024-09-03","isFullCredit":false},{"lineNumber":2,"author":{"gitId":"kaoxi998533"},"content":"public class ExitCommand extends Command {","lastModifiedDate":"2024-09-02","isFullCredit":false},{"lineNumber":3,"author":{"gitId":"kaoxi998533"},"content":"    @Override","lastModifiedDate":"2024-09-02","isFullCredit":false},{"lineNumber":4,"author":{"gitId":"kaoxi998533"},"content":"    public void execute() {","lastModifiedDate":"2024-09-02","isFullCredit":false},{"lineNumber":5,"author":{"gitId":"kaoxi998533"},"content":"        System.out.println(\"Bye. Hope to see you again soon!\");","lastModifiedDate":"2024-09-02","isFullCredit":false},{"lineNumber":6,"author":{"gitId":"kaoxi998533"},"content":"    }   ","lastModifiedDate":"2024-09-02","isFullCredit":false},{"lineNumber":7,"author":{"gitId":"kaoxi998533"},"content":"}","lastModifiedDate":"2024-09-02","isFullCredit":false}],"authorContributionMap":{"kaoxi998533":7}},{"path":"src/main/java/command/ListCommand.java","fileType":"java","lines":[{"lineNumber":1,"author":{"gitId":"kaoxi998533"},"content":"package command;","lastModifiedDate":"2024-09-03","isFullCredit":false},{"lineNumber":2,"author":{"gitId":"kaoxi998533"},"content":"import task.Task;","lastModifiedDate":"2024-09-03","isFullCredit":false},{"lineNumber":3,"author":{"gitId":"kaoxi998533"},"content":"import task.TaskList;","lastModifiedDate":"2024-09-03","isFullCredit":false},{"lineNumber":4,"author":{"gitId":"kaoxi998533"},"content":"import utilities.Parser;","lastModifiedDate":"2024-09-03","isFullCredit":false},{"lineNumber":5,"author":{"gitId":"kaoxi998533"},"content":"","lastModifiedDate":"2024-09-03","isFullCredit":false},{"lineNumber":6,"author":{"gitId":"kaoxi998533"},"content":"public class ListCommand extends Command {","lastModifiedDate":"2024-09-02","isFullCredit":false},{"lineNumber":7,"author":{"gitId":"kaoxi998533"},"content":"    private TaskList taskList;","lastModifiedDate":"2024-09-02","isFullCredit":false},{"lineNumber":8,"author":{"gitId":"kaoxi998533"},"content":"","lastModifiedDate":"2024-09-02","isFullCredit":false},{"lineNumber":9,"author":{"gitId":"kaoxi998533"},"content":"    public ListCommand(TaskList taskList) {","lastModifiedDate":"2024-09-03","isFullCredit":false},{"lineNumber":10,"author":{"gitId":"kaoxi998533"},"content":"        this.taskList \u003d taskList;","lastModifiedDate":"2024-09-03","isFullCredit":false},{"lineNumber":11,"author":{"gitId":"kaoxi998533"},"content":"    }","lastModifiedDate":"2024-09-03","isFullCredit":false},{"lineNumber":12,"author":{"gitId":"kaoxi998533"},"content":"","lastModifiedDate":"2024-09-03","isFullCredit":false},{"lineNumber":13,"author":{"gitId":"kaoxi998533"},"content":"    @Override","lastModifiedDate":"2024-09-02","isFullCredit":false},{"lineNumber":14,"author":{"gitId":"kaoxi998533"},"content":"    public void execute() {","lastModifiedDate":"2024-09-02","isFullCredit":false},{"lineNumber":15,"author":{"gitId":"kaoxi998533"},"content":"        String lString \u003d \"\";","lastModifiedDate":"2024-09-02","isFullCredit":false},{"lineNumber":16,"author":{"gitId":"kaoxi998533"},"content":"        int index \u003d 1;","lastModifiedDate":"2024-09-02","isFullCredit":false},{"lineNumber":17,"author":{"gitId":"kaoxi998533"},"content":"        for (Task task : taskList) {","lastModifiedDate":"2024-09-02","isFullCredit":false},{"lineNumber":18,"author":{"gitId":"kaoxi998533"},"content":"            lString +\u003d String.valueOf(index) + \".\"  + task;","lastModifiedDate":"2024-09-02","isFullCredit":false},{"lineNumber":19,"author":{"gitId":"kaoxi998533"},"content":"            if (index \u003d\u003d taskList.size()) {","lastModifiedDate":"2024-09-02","isFullCredit":false},{"lineNumber":20,"author":{"gitId":"kaoxi998533"},"content":"                break;","lastModifiedDate":"2024-09-02","isFullCredit":false},{"lineNumber":21,"author":{"gitId":"kaoxi998533"},"content":"            }","lastModifiedDate":"2024-09-02","isFullCredit":false},{"lineNumber":22,"author":{"gitId":"kaoxi998533"},"content":"            lString +\u003d \"\\n\";","lastModifiedDate":"2024-09-02","isFullCredit":false},{"lineNumber":23,"author":{"gitId":"kaoxi998533"},"content":"            index++;","lastModifiedDate":"2024-09-02","isFullCredit":false},{"lineNumber":24,"author":{"gitId":"kaoxi998533"},"content":"        }","lastModifiedDate":"2024-09-02","isFullCredit":false},{"lineNumber":25,"author":{"gitId":"kaoxi998533"},"content":"        lString \u003d Parser.addHorizontalLinesAndIndentation(lString);","lastModifiedDate":"2024-09-02","isFullCredit":false},{"lineNumber":26,"author":{"gitId":"kaoxi998533"},"content":"        System.out.println(lString);","lastModifiedDate":"2024-09-02","isFullCredit":false},{"lineNumber":27,"author":{"gitId":"kaoxi998533"},"content":"    }","lastModifiedDate":"2024-09-02","isFullCredit":false},{"lineNumber":28,"author":{"gitId":"kaoxi998533"},"content":"}","lastModifiedDate":"2024-09-02","isFullCredit":false}],"authorContributionMap":{"kaoxi998533":28}},{"path":"src/main/java/command/MarkCommand.java","fileType":"java","lines":[{"lineNumber":1,"author":{"gitId":"kaoxi998533"},"content":"package command;","lastModifiedDate":"2024-09-03","isFullCredit":false},{"lineNumber":2,"author":{"gitId":"kaoxi998533"},"content":"import task.TaskList;","lastModifiedDate":"2024-09-03","isFullCredit":false},{"lineNumber":3,"author":{"gitId":"kaoxi998533"},"content":"import utilities.Parser;","lastModifiedDate":"2024-09-03","isFullCredit":false},{"lineNumber":4,"author":{"gitId":"kaoxi998533"},"content":"","lastModifiedDate":"2024-09-03","isFullCredit":false},{"lineNumber":5,"author":{"gitId":"kaoxi998533"},"content":"public class MarkCommand extends Command {","lastModifiedDate":"2024-09-02","isFullCredit":false},{"lineNumber":6,"author":{"gitId":"kaoxi998533"},"content":"    private int index;","lastModifiedDate":"2024-09-02","isFullCredit":false},{"lineNumber":7,"author":{"gitId":"kaoxi998533"},"content":"    private TaskList taskList;","lastModifiedDate":"2024-09-02","isFullCredit":false},{"lineNumber":8,"author":{"gitId":"kaoxi998533"},"content":"","lastModifiedDate":"2024-09-02","isFullCredit":false},{"lineNumber":9,"author":{"gitId":"kaoxi998533"},"content":"    public MarkCommand(int index, TaskList taskList) {","lastModifiedDate":"2024-09-02","isFullCredit":false},{"lineNumber":10,"author":{"gitId":"kaoxi998533"},"content":"        this.index \u003d index;","lastModifiedDate":"2024-09-02","isFullCredit":false},{"lineNumber":11,"author":{"gitId":"kaoxi998533"},"content":"        this.taskList \u003d taskList;","lastModifiedDate":"2024-09-02","isFullCredit":false},{"lineNumber":12,"author":{"gitId":"kaoxi998533"},"content":"    }","lastModifiedDate":"2024-09-02","isFullCredit":false},{"lineNumber":13,"author":{"gitId":"kaoxi998533"},"content":"","lastModifiedDate":"2024-09-02","isFullCredit":false},{"lineNumber":14,"author":{"gitId":"kaoxi998533"},"content":"    @Override","lastModifiedDate":"2024-09-02","isFullCredit":false},{"lineNumber":15,"author":{"gitId":"kaoxi998533"},"content":"    public void execute() {","lastModifiedDate":"2024-09-02","isFullCredit":false},{"lineNumber":16,"author":{"gitId":"kaoxi998533"},"content":"        taskList.markTaskAsDone(index);","lastModifiedDate":"2024-09-02","isFullCredit":false},{"lineNumber":17,"author":{"gitId":"kaoxi998533"},"content":"        System.out.println(Parser.addHorizontalLinesAndIndentation(\"Nice! I\u0027ve marked this task as done:\\n\" + taskList.get(index - 1)));","lastModifiedDate":"2024-09-02","isFullCredit":false},{"lineNumber":18,"author":{"gitId":"kaoxi998533"},"content":"    }","lastModifiedDate":"2024-09-02","isFullCredit":false},{"lineNumber":19,"author":{"gitId":"kaoxi998533"},"content":"}","lastModifiedDate":"2024-09-02","isFullCredit":false}],"authorContributionMap":{"kaoxi998533":19}},{"path":"src/main/java/command/TaskCommand.java","fileType":"java","lines":[{"lineNumber":1,"author":{"gitId":"kaoxi998533"},"content":"package command;","lastModifiedDate":"2024-09-03","isFullCredit":false},{"lineNumber":2,"author":{"gitId":"kaoxi998533"},"content":"import task.Task;","lastModifiedDate":"2024-09-03","isFullCredit":false},{"lineNumber":3,"author":{"gitId":"kaoxi998533"},"content":"import task.TaskList;","lastModifiedDate":"2024-09-03","isFullCredit":false},{"lineNumber":4,"author":{"gitId":"kaoxi998533"},"content":"import utilities.Parser;","lastModifiedDate":"2024-09-03","isFullCredit":false},{"lineNumber":5,"author":{"gitId":"kaoxi998533"},"content":"import utilities.Storage;","lastModifiedDate":"2024-09-03","isFullCredit":false},{"lineNumber":6,"author":{"gitId":"kaoxi998533"},"content":"","lastModifiedDate":"2024-09-03","isFullCredit":false},{"lineNumber":7,"author":{"gitId":"kaoxi998533"},"content":"public class TaskCommand extends Command {","lastModifiedDate":"2024-09-03","isFullCredit":false},{"lineNumber":8,"author":{"gitId":"kaoxi998533"},"content":"    private String dialog;","lastModifiedDate":"2024-09-03","isFullCredit":false},{"lineNumber":9,"author":{"gitId":"kaoxi998533"},"content":"    private TaskList taskList;","lastModifiedDate":"2024-09-03","isFullCredit":false},{"lineNumber":10,"author":{"gitId":"kaoxi998533"},"content":"","lastModifiedDate":"2024-09-03","isFullCredit":false},{"lineNumber":11,"author":{"gitId":"kaoxi998533"},"content":"    public TaskCommand(String dialog, TaskList taskList) {","lastModifiedDate":"2024-09-03","isFullCredit":false},{"lineNumber":12,"author":{"gitId":"kaoxi998533"},"content":"        this.dialog \u003d dialog;","lastModifiedDate":"2024-09-03","isFullCredit":false},{"lineNumber":13,"author":{"gitId":"kaoxi998533"},"content":"        this.taskList \u003d taskList;","lastModifiedDate":"2024-09-03","isFullCredit":false},{"lineNumber":14,"author":{"gitId":"kaoxi998533"},"content":"    }","lastModifiedDate":"2024-09-03","isFullCredit":false},{"lineNumber":15,"author":{"gitId":"kaoxi998533"},"content":"","lastModifiedDate":"2024-09-03","isFullCredit":false},{"lineNumber":16,"author":{"gitId":"kaoxi998533"},"content":"    @Override","lastModifiedDate":"2024-09-03","isFullCredit":false},{"lineNumber":17,"author":{"gitId":"kaoxi998533"},"content":"    public void execute() {","lastModifiedDate":"2024-09-03","isFullCredit":false},{"lineNumber":18,"author":{"gitId":"kaoxi998533"},"content":"        taskList.add(Task.of(dialog));","lastModifiedDate":"2024-09-03","isFullCredit":false},{"lineNumber":19,"author":{"gitId":"kaoxi998533"},"content":"        new Storage(\"./data/duke.txt\").save(taskList);","lastModifiedDate":"2024-09-03","isFullCredit":false},{"lineNumber":20,"author":{"gitId":"kaoxi998533"},"content":"","lastModifiedDate":"2024-09-03","isFullCredit":false},{"lineNumber":21,"author":{"gitId":"kaoxi998533"},"content":"        String message \u003d \"Got it. I\u0027ve added this task: \\n\" ","lastModifiedDate":"2024-09-03","isFullCredit":false},{"lineNumber":22,"author":{"gitId":"kaoxi998533"},"content":"                + taskList.get(taskList.size() - 1) + \"\\n\"","lastModifiedDate":"2024-09-03","isFullCredit":false},{"lineNumber":23,"author":{"gitId":"kaoxi998533"},"content":"                + \"Now you have \" + taskList.size() + \" tasks in the list.\";","lastModifiedDate":"2024-09-03","isFullCredit":false},{"lineNumber":24,"author":{"gitId":"kaoxi998533"},"content":"        System.out.println(Parser.addHorizontalLinesAndIndentation(message));","lastModifiedDate":"2024-09-03","isFullCredit":false},{"lineNumber":25,"author":{"gitId":"kaoxi998533"},"content":"    }","lastModifiedDate":"2024-09-03","isFullCredit":false},{"lineNumber":26,"author":{"gitId":"kaoxi998533"},"content":"}","lastModifiedDate":"2024-09-03","isFullCredit":false}],"authorContributionMap":{"kaoxi998533":26}},{"path":"src/main/java/command/UnmarkCommand.java","fileType":"java","lines":[{"lineNumber":1,"author":{"gitId":"kaoxi998533"},"content":"package command;","lastModifiedDate":"2024-09-03","isFullCredit":false},{"lineNumber":2,"author":{"gitId":"kaoxi998533"},"content":"import task.TaskList;","lastModifiedDate":"2024-09-03","isFullCredit":false},{"lineNumber":3,"author":{"gitId":"kaoxi998533"},"content":"import utilities.Parser;","lastModifiedDate":"2024-09-03","isFullCredit":false},{"lineNumber":4,"author":{"gitId":"kaoxi998533"},"content":"","lastModifiedDate":"2024-09-03","isFullCredit":false},{"lineNumber":5,"author":{"gitId":"kaoxi998533"},"content":"public class UnmarkCommand extends Command {","lastModifiedDate":"2024-09-02","isFullCredit":false},{"lineNumber":6,"author":{"gitId":"kaoxi998533"},"content":"    private int index;","lastModifiedDate":"2024-09-02","isFullCredit":false},{"lineNumber":7,"author":{"gitId":"kaoxi998533"},"content":"    private TaskList taskList;","lastModifiedDate":"2024-09-02","isFullCredit":false},{"lineNumber":8,"author":{"gitId":"kaoxi998533"},"content":"","lastModifiedDate":"2024-09-02","isFullCredit":false},{"lineNumber":9,"author":{"gitId":"kaoxi998533"},"content":"    public UnmarkCommand(int index, TaskList taskList) {","lastModifiedDate":"2024-09-02","isFullCredit":false},{"lineNumber":10,"author":{"gitId":"kaoxi998533"},"content":"        this.index \u003d index;","lastModifiedDate":"2024-09-02","isFullCredit":false},{"lineNumber":11,"author":{"gitId":"kaoxi998533"},"content":"        this.taskList \u003d taskList;","lastModifiedDate":"2024-09-02","isFullCredit":false},{"lineNumber":12,"author":{"gitId":"kaoxi998533"},"content":"    }","lastModifiedDate":"2024-09-02","isFullCredit":false},{"lineNumber":13,"author":{"gitId":"kaoxi998533"},"content":"","lastModifiedDate":"2024-09-02","isFullCredit":false},{"lineNumber":14,"author":{"gitId":"kaoxi998533"},"content":"    @Override","lastModifiedDate":"2024-09-02","isFullCredit":false},{"lineNumber":15,"author":{"gitId":"kaoxi998533"},"content":"    public void execute() {","lastModifiedDate":"2024-09-02","isFullCredit":false},{"lineNumber":16,"author":{"gitId":"kaoxi998533"},"content":"        taskList.markTaskAsUndone(index);","lastModifiedDate":"2024-09-02","isFullCredit":false},{"lineNumber":17,"author":{"gitId":"kaoxi998533"},"content":"        System.out.println(Parser.addHorizontalLinesAndIndentation(\"Nice! I\u0027ve marked this task as undone:\\n\" + taskList.get(index - 1)));","lastModifiedDate":"2024-09-02","isFullCredit":false},{"lineNumber":18,"author":{"gitId":"kaoxi998533"},"content":"    }","lastModifiedDate":"2024-09-02","isFullCredit":false},{"lineNumber":19,"author":{"gitId":"kaoxi998533"},"content":"}","lastModifiedDate":"2024-09-02","isFullCredit":false}],"authorContributionMap":{"kaoxi998533":19}},{"path":"src/main/java/exception/DukeException.java","fileType":"java","lines":[{"lineNumber":1,"author":{"gitId":"kaoxi998533"},"content":"package exception;","lastModifiedDate":"2024-09-03","isFullCredit":false},{"lineNumber":2,"author":{"gitId":"kaoxi998533"},"content":"import java.util.InputMismatchException;","lastModifiedDate":"2024-08-29","isFullCredit":false},{"lineNumber":3,"author":{"gitId":"kaoxi998533"},"content":"","lastModifiedDate":"2024-08-29","isFullCredit":false},{"lineNumber":4,"author":{"gitId":"kaoxi998533"},"content":"public class DukeException extends InputMismatchException  {","lastModifiedDate":"2024-08-29","isFullCredit":false},{"lineNumber":5,"author":{"gitId":"kaoxi998533"},"content":"    public DukeException(String message) {","lastModifiedDate":"2024-08-29","isFullCredit":false},{"lineNumber":6,"author":{"gitId":"kaoxi998533"},"content":"        super(message);","lastModifiedDate":"2024-08-29","isFullCredit":false},{"lineNumber":7,"author":{"gitId":"kaoxi998533"},"content":"    }","lastModifiedDate":"2024-08-29","isFullCredit":false},{"lineNumber":8,"author":{"gitId":"kaoxi998533"},"content":"","lastModifiedDate":"2024-08-29","isFullCredit":false},{"lineNumber":9,"author":{"gitId":"kaoxi998533"},"content":"}","lastModifiedDate":"2024-08-29","isFullCredit":false}],"authorContributionMap":{"kaoxi998533":9}},{"path":"src/main/java/exception/FormatException.java","fileType":"java","lines":[{"lineNumber":1,"author":{"gitId":"kaoxi998533"},"content":"package exception;","lastModifiedDate":"2024-09-03","isFullCredit":false},{"lineNumber":2,"author":{"gitId":"kaoxi998533"},"content":"public class FormatException extends DukeException {","lastModifiedDate":"2024-08-29","isFullCredit":false},{"lineNumber":3,"author":{"gitId":"kaoxi998533"},"content":"    public FormatException(String taskType) {","lastModifiedDate":"2024-08-29","isFullCredit":false},{"lineNumber":4,"author":{"gitId":"kaoxi998533"},"content":"        super(String.format(\"The format for \u0026s is not suitable.\", taskType));","lastModifiedDate":"2024-08-29","isFullCredit":false},{"lineNumber":5,"author":{"gitId":"kaoxi998533"},"content":"    }","lastModifiedDate":"2024-08-29","isFullCredit":false},{"lineNumber":6,"author":{"gitId":"kaoxi998533"},"content":"}","lastModifiedDate":"2024-08-29","isFullCredit":false}],"authorContributionMap":{"kaoxi998533":6}},{"path":"src/main/java/exception/NoInputException.java","fileType":"java","lines":[{"lineNumber":1,"author":{"gitId":"kaoxi998533"},"content":"package exception;","lastModifiedDate":"2024-09-03","isFullCredit":false},{"lineNumber":2,"author":{"gitId":"kaoxi998533"},"content":"public class NoInputException extends DukeException {","lastModifiedDate":"2024-08-29","isFullCredit":false},{"lineNumber":3,"author":{"gitId":"kaoxi998533"},"content":"    public NoInputException() {","lastModifiedDate":"2024-08-29","isFullCredit":false},{"lineNumber":4,"author":{"gitId":"kaoxi998533"},"content":"        super(String.format(\"no input is given\"));","lastModifiedDate":"2024-08-29","isFullCredit":false},{"lineNumber":5,"author":{"gitId":"kaoxi998533"},"content":"","lastModifiedDate":"2024-08-29","isFullCredit":false},{"lineNumber":6,"author":{"gitId":"kaoxi998533"},"content":"    }","lastModifiedDate":"2024-08-29","isFullCredit":false},{"lineNumber":7,"author":{"gitId":"kaoxi998533"},"content":"}","lastModifiedDate":"2024-08-29","isFullCredit":false}],"authorContributionMap":{"kaoxi998533":7}},{"path":"src/main/java/task/Task.java","fileType":"java","lines":[{"lineNumber":1,"author":{"gitId":"kaoxi998533"},"content":"package task;","lastModifiedDate":"2024-09-03","isFullCredit":false},{"lineNumber":2,"author":{"gitId":"kaoxi998533"},"content":"import java.util.regex.Matcher;","lastModifiedDate":"2024-08-29","isFullCredit":false},{"lineNumber":3,"author":{"gitId":"kaoxi998533"},"content":"import java.util.regex.Pattern;","lastModifiedDate":"2024-08-29","isFullCredit":false},{"lineNumber":4,"author":{"gitId":"kaoxi998533"},"content":"","lastModifiedDate":"2024-08-29","isFullCredit":false},{"lineNumber":5,"author":{"gitId":"kaoxi998533"},"content":"import exception.DukeException;","lastModifiedDate":"2024-09-03","isFullCredit":false},{"lineNumber":6,"author":{"gitId":"kaoxi998533"},"content":"import exception.FormatException;","lastModifiedDate":"2024-09-03","isFullCredit":false},{"lineNumber":7,"author":{"gitId":"kaoxi998533"},"content":"import exception.NoInputException;","lastModifiedDate":"2024-09-03","isFullCredit":false},{"lineNumber":8,"author":{"gitId":"kaoxi998533"},"content":"","lastModifiedDate":"2024-09-03","isFullCredit":false},{"lineNumber":9,"author":{"gitId":"kaoxi998533"},"content":"public abstract class Task {","lastModifiedDate":"2024-09-02","isFullCredit":false},{"lineNumber":10,"author":{"gitId":"kaoxi998533"},"content":"    protected String description;","lastModifiedDate":"2024-08-27","isFullCredit":false},{"lineNumber":11,"author":{"gitId":"kaoxi998533"},"content":"    protected boolean isDone;","lastModifiedDate":"2024-08-27","isFullCredit":false},{"lineNumber":12,"author":{"gitId":"kaoxi998533"},"content":"","lastModifiedDate":"2024-08-27","isFullCredit":false},{"lineNumber":13,"author":{"gitId":"kaoxi998533"},"content":"    public abstract String toFileString();","lastModifiedDate":"2024-09-02","isFullCredit":false},{"lineNumber":14,"author":{"gitId":"kaoxi998533"},"content":"","lastModifiedDate":"2024-09-02","isFullCredit":false},{"lineNumber":15,"author":{"gitId":"kaoxi998533"},"content":"    public static Task fromFileString(String s) {","lastModifiedDate":"2024-09-02","isFullCredit":false},{"lineNumber":16,"author":{"gitId":"kaoxi998533"},"content":"        String[] parts \u003d s.split(\"\\\\|\");","lastModifiedDate":"2024-09-02","isFullCredit":false},{"lineNumber":17,"author":{"gitId":"kaoxi998533"},"content":"        String type \u003d parts[0];","lastModifiedDate":"2024-09-02","isFullCredit":false},{"lineNumber":18,"author":{"gitId":"kaoxi998533"},"content":"        String isDone \u003d parts[1];","lastModifiedDate":"2024-09-02","isFullCredit":false},{"lineNumber":19,"author":{"gitId":"kaoxi998533"},"content":"        String description \u003d parts[2];","lastModifiedDate":"2024-09-02","isFullCredit":false},{"lineNumber":20,"author":{"gitId":"kaoxi998533"},"content":"","lastModifiedDate":"2024-09-02","isFullCredit":false},{"lineNumber":21,"author":{"gitId":"kaoxi998533"},"content":"        Task task;","lastModifiedDate":"2024-09-02","isFullCredit":false},{"lineNumber":22,"author":{"gitId":"kaoxi998533"},"content":"        switch (type) {","lastModifiedDate":"2024-09-02","isFullCredit":false},{"lineNumber":23,"author":{"gitId":"kaoxi998533"},"content":"            case \"T\":","lastModifiedDate":"2024-09-02","isFullCredit":false},{"lineNumber":24,"author":{"gitId":"kaoxi998533"},"content":"                task \u003d new Todo(description);","lastModifiedDate":"2024-09-02","isFullCredit":false},{"lineNumber":25,"author":{"gitId":"kaoxi998533"},"content":"                break;","lastModifiedDate":"2024-09-02","isFullCredit":false},{"lineNumber":26,"author":{"gitId":"kaoxi998533"},"content":"            case \"D\":","lastModifiedDate":"2024-09-02","isFullCredit":false},{"lineNumber":27,"author":{"gitId":"kaoxi998533"},"content":"                task \u003d new Deadline(description, parts[3]);","lastModifiedDate":"2024-09-02","isFullCredit":false},{"lineNumber":28,"author":{"gitId":"kaoxi998533"},"content":"                break;","lastModifiedDate":"2024-09-02","isFullCredit":false},{"lineNumber":29,"author":{"gitId":"kaoxi998533"},"content":"            case \"E\":","lastModifiedDate":"2024-09-02","isFullCredit":false},{"lineNumber":30,"author":{"gitId":"kaoxi998533"},"content":"                task \u003d new Event(description, parts[3], parts[4]);","lastModifiedDate":"2024-09-02","isFullCredit":false},{"lineNumber":31,"author":{"gitId":"kaoxi998533"},"content":"                break;","lastModifiedDate":"2024-09-02","isFullCredit":false},{"lineNumber":32,"author":{"gitId":"kaoxi998533"},"content":"            default:","lastModifiedDate":"2024-09-02","isFullCredit":false},{"lineNumber":33,"author":{"gitId":"kaoxi998533"},"content":"                throw new FormatException(\"Unknown task type: \" + type);","lastModifiedDate":"2024-09-02","isFullCredit":false},{"lineNumber":34,"author":{"gitId":"kaoxi998533"},"content":"        }","lastModifiedDate":"2024-09-02","isFullCredit":false},{"lineNumber":35,"author":{"gitId":"kaoxi998533"},"content":"        task.setIsDone(isDone.equals(\"1\"));","lastModifiedDate":"2024-09-02","isFullCredit":false},{"lineNumber":36,"author":{"gitId":"kaoxi998533"},"content":"        return task;","lastModifiedDate":"2024-09-02","isFullCredit":false},{"lineNumber":37,"author":{"gitId":"kaoxi998533"},"content":"    }","lastModifiedDate":"2024-09-02","isFullCredit":false},{"lineNumber":38,"author":{"gitId":"kaoxi998533"},"content":"","lastModifiedDate":"2024-09-02","isFullCredit":false},{"lineNumber":39,"author":{"gitId":"kaoxi998533"},"content":"    public Task(String description) {","lastModifiedDate":"2024-08-27","isFullCredit":false},{"lineNumber":40,"author":{"gitId":"kaoxi998533"},"content":"        this.description \u003d description;","lastModifiedDate":"2024-08-27","isFullCredit":false},{"lineNumber":41,"author":{"gitId":"kaoxi998533"},"content":"        this.isDone \u003d false;","lastModifiedDate":"2024-08-27","isFullCredit":false},{"lineNumber":42,"author":{"gitId":"kaoxi998533"},"content":"    }","lastModifiedDate":"2024-08-27","isFullCredit":false},{"lineNumber":43,"author":{"gitId":"kaoxi998533"},"content":"","lastModifiedDate":"2024-08-27","isFullCredit":false},{"lineNumber":44,"author":{"gitId":"kaoxi998533"},"content":"","lastModifiedDate":"2024-08-29","isFullCredit":false},{"lineNumber":45,"author":{"gitId":"kaoxi998533"},"content":"    public static Task of(String s) throws DukeException {","lastModifiedDate":"2024-08-29","isFullCredit":false},{"lineNumber":46,"author":{"gitId":"kaoxi998533"},"content":"        s \u003d s.trim();","lastModifiedDate":"2024-08-29","isFullCredit":false},{"lineNumber":47,"author":{"gitId":"kaoxi998533"},"content":"        if (s.isEmpty()) {","lastModifiedDate":"2024-08-29","isFullCredit":false},{"lineNumber":48,"author":{"gitId":"kaoxi998533"},"content":"            throw new NoInputException();","lastModifiedDate":"2024-08-29","isFullCredit":false},{"lineNumber":49,"author":{"gitId":"kaoxi998533"},"content":"        }","lastModifiedDate":"2024-08-29","isFullCredit":false},{"lineNumber":50,"author":{"gitId":"kaoxi998533"},"content":"","lastModifiedDate":"2024-08-29","isFullCredit":false},{"lineNumber":51,"author":{"gitId":"kaoxi998533"},"content":"        String[] parts \u003d s.split(\" \", 2);","lastModifiedDate":"2024-08-29","isFullCredit":false},{"lineNumber":52,"author":{"gitId":"kaoxi998533"},"content":"        String command \u003d parts[0].toLowerCase();","lastModifiedDate":"2024-08-29","isFullCredit":false},{"lineNumber":53,"author":{"gitId":"kaoxi998533"},"content":"","lastModifiedDate":"2024-08-29","isFullCredit":false},{"lineNumber":54,"author":{"gitId":"kaoxi998533"},"content":"        if (command.equals(\"todo\")) {","lastModifiedDate":"2024-08-29","isFullCredit":false},{"lineNumber":55,"author":{"gitId":"kaoxi998533"},"content":"            if (parts.length \u003c 2 || parts[1].trim().isEmpty()) {","lastModifiedDate":"2024-08-29","isFullCredit":false},{"lineNumber":56,"author":{"gitId":"kaoxi998533"},"content":"                throw new NoInputException();","lastModifiedDate":"2024-08-29","isFullCredit":false},{"lineNumber":57,"author":{"gitId":"kaoxi998533"},"content":"            }","lastModifiedDate":"2024-08-28","isFullCredit":false},{"lineNumber":58,"author":{"gitId":"kaoxi998533"},"content":"            return new Todo(parts[1].trim());","lastModifiedDate":"2024-08-29","isFullCredit":false},{"lineNumber":59,"author":{"gitId":"kaoxi998533"},"content":"","lastModifiedDate":"2024-08-28","isFullCredit":false},{"lineNumber":60,"author":{"gitId":"kaoxi998533"},"content":"        } else if (command.equals(\"deadline\")) {","lastModifiedDate":"2024-08-29","isFullCredit":false},{"lineNumber":61,"author":{"gitId":"kaoxi998533"},"content":"            Pattern deadlinePattern \u003d Pattern.compile(\"(.+) /by (.+)\");","lastModifiedDate":"2024-08-29","isFullCredit":false},{"lineNumber":62,"author":{"gitId":"kaoxi998533"},"content":"            Matcher deadlineMatcher \u003d deadlinePattern.matcher(parts[1]);","lastModifiedDate":"2024-08-29","isFullCredit":false},{"lineNumber":63,"author":{"gitId":"kaoxi998533"},"content":"            if (!deadlineMatcher.matches()) {","lastModifiedDate":"2024-08-29","isFullCredit":false},{"lineNumber":64,"author":{"gitId":"kaoxi998533"},"content":"                throw new FormatException(\"deadline\");","lastModifiedDate":"2024-08-29","isFullCredit":false},{"lineNumber":65,"author":{"gitId":"kaoxi998533"},"content":"            }","lastModifiedDate":"2024-08-29","isFullCredit":false},{"lineNumber":66,"author":{"gitId":"kaoxi998533"},"content":"            String description \u003d deadlineMatcher.group(1).trim();","lastModifiedDate":"2024-08-29","isFullCredit":false},{"lineNumber":67,"author":{"gitId":"kaoxi998533"},"content":"            String by \u003d deadlineMatcher.group(2).trim();","lastModifiedDate":"2024-08-29","isFullCredit":false},{"lineNumber":68,"author":{"gitId":"kaoxi998533"},"content":"            return new Deadline(description, by);","lastModifiedDate":"2024-08-28","isFullCredit":false},{"lineNumber":69,"author":{"gitId":"kaoxi998533"},"content":"","lastModifiedDate":"2024-08-29","isFullCredit":false},{"lineNumber":70,"author":{"gitId":"kaoxi998533"},"content":"        } else if (command.equals(\"event\")) {","lastModifiedDate":"2024-08-29","isFullCredit":false},{"lineNumber":71,"author":{"gitId":"kaoxi998533"},"content":"            Pattern eventPattern \u003d Pattern.compile(\"(.+) /from (.+) /to (.+)\");","lastModifiedDate":"2024-08-29","isFullCredit":false},{"lineNumber":72,"author":{"gitId":"kaoxi998533"},"content":"            Matcher eventMatcher \u003d eventPattern.matcher(parts[1]);","lastModifiedDate":"2024-08-29","isFullCredit":false},{"lineNumber":73,"author":{"gitId":"kaoxi998533"},"content":"            if (!eventMatcher.matches()) {","lastModifiedDate":"2024-08-29","isFullCredit":false},{"lineNumber":74,"author":{"gitId":"kaoxi998533"},"content":"                throw new FormatException(\"event\");","lastModifiedDate":"2024-08-29","isFullCredit":false},{"lineNumber":75,"author":{"gitId":"kaoxi998533"},"content":"            }","lastModifiedDate":"2024-08-29","isFullCredit":false},{"lineNumber":76,"author":{"gitId":"kaoxi998533"},"content":"            String description \u003d eventMatcher.group(1).trim();","lastModifiedDate":"2024-08-29","isFullCredit":false},{"lineNumber":77,"author":{"gitId":"kaoxi998533"},"content":"            String from \u003d eventMatcher.group(2).trim();","lastModifiedDate":"2024-08-29","isFullCredit":false},{"lineNumber":78,"author":{"gitId":"kaoxi998533"},"content":"            String to \u003d eventMatcher.group(3).trim();","lastModifiedDate":"2024-08-29","isFullCredit":false},{"lineNumber":79,"author":{"gitId":"kaoxi998533"},"content":"            return new Event(description, from, to);","lastModifiedDate":"2024-08-28","isFullCredit":false},{"lineNumber":80,"author":{"gitId":"kaoxi998533"},"content":"","lastModifiedDate":"2024-08-29","isFullCredit":false},{"lineNumber":81,"author":{"gitId":"kaoxi998533"},"content":"        } else {","lastModifiedDate":"2024-08-28","isFullCredit":false},{"lineNumber":82,"author":{"gitId":"kaoxi998533"},"content":"            throw new NoInputException();","lastModifiedDate":"2024-08-29","isFullCredit":false},{"lineNumber":83,"author":{"gitId":"kaoxi998533"},"content":"        }","lastModifiedDate":"2024-08-28","isFullCredit":false},{"lineNumber":84,"author":{"gitId":"kaoxi998533"},"content":"    }","lastModifiedDate":"2024-08-28","isFullCredit":false},{"lineNumber":85,"author":{"gitId":"kaoxi998533"},"content":"","lastModifiedDate":"2024-08-28","isFullCredit":false},{"lineNumber":86,"author":{"gitId":"kaoxi998533"},"content":"","lastModifiedDate":"2024-08-29","isFullCredit":false},{"lineNumber":87,"author":{"gitId":"kaoxi998533"},"content":"","lastModifiedDate":"2024-08-29","isFullCredit":false},{"lineNumber":88,"author":{"gitId":"kaoxi998533"},"content":"    public String getStatusIcon() {","lastModifiedDate":"2024-08-27","isFullCredit":false},{"lineNumber":89,"author":{"gitId":"kaoxi998533"},"content":"        return (isDone ? \"X\" : \" \"); // mark done task with X","lastModifiedDate":"2024-08-27","isFullCredit":false},{"lineNumber":90,"author":{"gitId":"kaoxi998533"},"content":"    }","lastModifiedDate":"2024-08-27","isFullCredit":false},{"lineNumber":91,"author":{"gitId":"kaoxi998533"},"content":"","lastModifiedDate":"2024-08-27","isFullCredit":false},{"lineNumber":92,"author":{"gitId":"kaoxi998533"},"content":"    public void setIsDone(boolean val) {","lastModifiedDate":"2024-08-27","isFullCredit":false},{"lineNumber":93,"author":{"gitId":"kaoxi998533"},"content":"        isDone \u003d val;","lastModifiedDate":"2024-08-27","isFullCredit":false},{"lineNumber":94,"author":{"gitId":"kaoxi998533"},"content":"    }","lastModifiedDate":"2024-08-27","isFullCredit":false},{"lineNumber":95,"author":{"gitId":"kaoxi998533"},"content":"","lastModifiedDate":"2024-08-27","isFullCredit":false},{"lineNumber":96,"author":{"gitId":"kaoxi998533"},"content":"    @Override","lastModifiedDate":"2024-08-27","isFullCredit":false},{"lineNumber":97,"author":{"gitId":"kaoxi998533"},"content":"    public String toString() {","lastModifiedDate":"2024-08-27","isFullCredit":false},{"lineNumber":98,"author":{"gitId":"kaoxi998533"},"content":"        return String.format(\"[%s] %s\", getStatusIcon(), description);","lastModifiedDate":"2024-08-27","isFullCredit":false},{"lineNumber":99,"author":{"gitId":"kaoxi998533"},"content":"    }","lastModifiedDate":"2024-08-27","isFullCredit":false},{"lineNumber":100,"author":{"gitId":"kaoxi998533"},"content":"","lastModifiedDate":"2024-08-28","isFullCredit":false},{"lineNumber":101,"author":{"gitId":"kaoxi998533"},"content":"    public static class Todo extends Task {","lastModifiedDate":"2024-08-28","isFullCredit":false},{"lineNumber":102,"author":{"gitId":"kaoxi998533"},"content":"        public Todo(String description) {","lastModifiedDate":"2024-08-28","isFullCredit":false},{"lineNumber":103,"author":{"gitId":"kaoxi998533"},"content":"            super(description);","lastModifiedDate":"2024-08-28","isFullCredit":false},{"lineNumber":104,"author":{"gitId":"kaoxi998533"},"content":"        }","lastModifiedDate":"2024-08-27","isFullCredit":false},{"lineNumber":105,"author":{"gitId":"kaoxi998533"},"content":"","lastModifiedDate":"2024-08-28","isFullCredit":false},{"lineNumber":106,"author":{"gitId":"kaoxi998533"},"content":"        @Override","lastModifiedDate":"2024-09-02","isFullCredit":false},{"lineNumber":107,"author":{"gitId":"kaoxi998533"},"content":"        public String toFileString() {","lastModifiedDate":"2024-09-02","isFullCredit":false},{"lineNumber":108,"author":{"gitId":"kaoxi998533"},"content":"            return String.format(\"T|%d|%s\", isDone ? 1 : 0, description);","lastModifiedDate":"2024-09-02","isFullCredit":false},{"lineNumber":109,"author":{"gitId":"kaoxi998533"},"content":"        }","lastModifiedDate":"2024-09-02","isFullCredit":false},{"lineNumber":110,"author":{"gitId":"kaoxi998533"},"content":"","lastModifiedDate":"2024-09-02","isFullCredit":false},{"lineNumber":111,"author":{"gitId":"kaoxi998533"},"content":"        @Override","lastModifiedDate":"2024-08-28","isFullCredit":false},{"lineNumber":112,"author":{"gitId":"kaoxi998533"},"content":"        public String toString() {","lastModifiedDate":"2024-08-28","isFullCredit":false},{"lineNumber":113,"author":{"gitId":"kaoxi998533"},"content":"            return String.format(\"[T][%s] %s\",","lastModifiedDate":"2024-08-28","isFullCredit":false},{"lineNumber":114,"author":{"gitId":"kaoxi998533"},"content":"                    super.getStatusIcon(), super.description);","lastModifiedDate":"2024-08-28","isFullCredit":false},{"lineNumber":115,"author":{"gitId":"kaoxi998533"},"content":"        }","lastModifiedDate":"2024-08-28","isFullCredit":false},{"lineNumber":116,"author":{"gitId":"kaoxi998533"},"content":"    }","lastModifiedDate":"2024-08-28","isFullCredit":false},{"lineNumber":117,"author":{"gitId":"kaoxi998533"},"content":"","lastModifiedDate":"2024-08-28","isFullCredit":false},{"lineNumber":118,"author":{"gitId":"kaoxi998533"},"content":"    public static class Deadline extends Task {","lastModifiedDate":"2024-08-28","isFullCredit":false},{"lineNumber":119,"author":{"gitId":"kaoxi998533"},"content":"        String by;","lastModifiedDate":"2024-08-28","isFullCredit":false},{"lineNumber":120,"author":{"gitId":"kaoxi998533"},"content":"        public Deadline(String description, String by) {","lastModifiedDate":"2024-08-28","isFullCredit":false},{"lineNumber":121,"author":{"gitId":"kaoxi998533"},"content":"            super(description);","lastModifiedDate":"2024-08-28","isFullCredit":false},{"lineNumber":122,"author":{"gitId":"kaoxi998533"},"content":"            this.by \u003d by;","lastModifiedDate":"2024-08-28","isFullCredit":false},{"lineNumber":123,"author":{"gitId":"kaoxi998533"},"content":"        }","lastModifiedDate":"2024-08-28","isFullCredit":false},{"lineNumber":124,"author":{"gitId":"kaoxi998533"},"content":"","lastModifiedDate":"2024-08-28","isFullCredit":false},{"lineNumber":125,"author":{"gitId":"kaoxi998533"},"content":"        @Override","lastModifiedDate":"2024-09-02","isFullCredit":false},{"lineNumber":126,"author":{"gitId":"kaoxi998533"},"content":"        public String toFileString() {","lastModifiedDate":"2024-09-02","isFullCredit":false},{"lineNumber":127,"author":{"gitId":"kaoxi998533"},"content":"            return String.format(\"D|%d|%s|%s\", isDone ? 1 : 0, description, by);","lastModifiedDate":"2024-09-02","isFullCredit":false},{"lineNumber":128,"author":{"gitId":"kaoxi998533"},"content":"        }","lastModifiedDate":"2024-09-02","isFullCredit":false},{"lineNumber":129,"author":{"gitId":"kaoxi998533"},"content":"","lastModifiedDate":"2024-09-02","isFullCredit":false},{"lineNumber":130,"author":{"gitId":"kaoxi998533"},"content":"        @Override","lastModifiedDate":"2024-08-28","isFullCredit":false},{"lineNumber":131,"author":{"gitId":"kaoxi998533"},"content":"        public String toString() {","lastModifiedDate":"2024-08-28","isFullCredit":false},{"lineNumber":132,"author":{"gitId":"kaoxi998533"},"content":"            return String.format(\"[D][%s] %s (by: %s)\",","lastModifiedDate":"2024-08-28","isFullCredit":false},{"lineNumber":133,"author":{"gitId":"kaoxi998533"},"content":"                    super.getStatusIcon(), super.description, by);","lastModifiedDate":"2024-08-28","isFullCredit":false},{"lineNumber":134,"author":{"gitId":"kaoxi998533"},"content":"        }","lastModifiedDate":"2024-08-28","isFullCredit":false},{"lineNumber":135,"author":{"gitId":"kaoxi998533"},"content":"    }","lastModifiedDate":"2024-08-28","isFullCredit":false},{"lineNumber":136,"author":{"gitId":"kaoxi998533"},"content":"","lastModifiedDate":"2024-08-28","isFullCredit":false},{"lineNumber":137,"author":{"gitId":"kaoxi998533"},"content":"    public static class Event extends Task {","lastModifiedDate":"2024-08-28","isFullCredit":false},{"lineNumber":138,"author":{"gitId":"kaoxi998533"},"content":"        private String from;","lastModifiedDate":"2024-08-28","isFullCredit":false},{"lineNumber":139,"author":{"gitId":"kaoxi998533"},"content":"        private String to;","lastModifiedDate":"2024-08-28","isFullCredit":false},{"lineNumber":140,"author":{"gitId":"kaoxi998533"},"content":"        public Event(String description, String from, String to) {","lastModifiedDate":"2024-08-28","isFullCredit":false},{"lineNumber":141,"author":{"gitId":"kaoxi998533"},"content":"            super(description);","lastModifiedDate":"2024-08-28","isFullCredit":false},{"lineNumber":142,"author":{"gitId":"kaoxi998533"},"content":"            this.from \u003d from;","lastModifiedDate":"2024-08-28","isFullCredit":false},{"lineNumber":143,"author":{"gitId":"kaoxi998533"},"content":"            this.to \u003d to;","lastModifiedDate":"2024-08-28","isFullCredit":false},{"lineNumber":144,"author":{"gitId":"kaoxi998533"},"content":"        }","lastModifiedDate":"2024-08-28","isFullCredit":false},{"lineNumber":145,"author":{"gitId":"kaoxi998533"},"content":"","lastModifiedDate":"2024-08-28","isFullCredit":false},{"lineNumber":146,"author":{"gitId":"kaoxi998533"},"content":"        @Override","lastModifiedDate":"2024-09-02","isFullCredit":false},{"lineNumber":147,"author":{"gitId":"kaoxi998533"},"content":"        public String toFileString() {","lastModifiedDate":"2024-09-02","isFullCredit":false},{"lineNumber":148,"author":{"gitId":"kaoxi998533"},"content":"            return String.format(\"E|%d|%s|%s|%s\", isDone ? 1 : 0, description, from, to);","lastModifiedDate":"2024-09-02","isFullCredit":false},{"lineNumber":149,"author":{"gitId":"kaoxi998533"},"content":"        }","lastModifiedDate":"2024-09-02","isFullCredit":false},{"lineNumber":150,"author":{"gitId":"kaoxi998533"},"content":"","lastModifiedDate":"2024-09-02","isFullCredit":false},{"lineNumber":151,"author":{"gitId":"kaoxi998533"},"content":"        @Override","lastModifiedDate":"2024-08-28","isFullCredit":false},{"lineNumber":152,"author":{"gitId":"kaoxi998533"},"content":"        public String toString() {","lastModifiedDate":"2024-08-28","isFullCredit":false},{"lineNumber":153,"author":{"gitId":"kaoxi998533"},"content":"            return String.format(\"[T][%s] %s (from: %s to: %s)\",","lastModifiedDate":"2024-08-28","isFullCredit":false},{"lineNumber":154,"author":{"gitId":"kaoxi998533"},"content":"                    super.getStatusIcon(), super.description, from, to);","lastModifiedDate":"2024-08-28","isFullCredit":false},{"lineNumber":155,"author":{"gitId":"kaoxi998533"},"content":"        }","lastModifiedDate":"2024-08-28","isFullCredit":false},{"lineNumber":156,"author":{"gitId":"kaoxi998533"},"content":"    }","lastModifiedDate":"2024-08-28","isFullCredit":false},{"lineNumber":157,"author":{"gitId":"kaoxi998533"},"content":"}","lastModifiedDate":"2024-08-28","isFullCredit":false},{"lineNumber":158,"author":{"gitId":"kaoxi998533"},"content":"","lastModifiedDate":"2024-08-28","isFullCredit":false},{"lineNumber":159,"author":{"gitId":"kaoxi998533"},"content":"","lastModifiedDate":"2024-08-28","isFullCredit":false},{"lineNumber":160,"author":{"gitId":"kaoxi998533"},"content":"","lastModifiedDate":"2024-08-28","isFullCredit":false},{"lineNumber":161,"author":{"gitId":"kaoxi998533"},"content":"","lastModifiedDate":"2024-08-28","isFullCredit":false},{"lineNumber":162,"author":{"gitId":"kaoxi998533"},"content":"","lastModifiedDate":"2024-08-28","isFullCredit":false},{"lineNumber":163,"author":{"gitId":"kaoxi998533"},"content":"","lastModifiedDate":"2024-08-28","isFullCredit":false}],"authorContributionMap":{"kaoxi998533":163}},{"path":"src/main/java/task/TaskList.java","fileType":"java","lines":[{"lineNumber":1,"author":{"gitId":"kaoxi998533"},"content":"package task;","lastModifiedDate":"2024-09-03","isFullCredit":false},{"lineNumber":2,"author":{"gitId":"kaoxi998533"},"content":"import java.util.ArrayList;","lastModifiedDate":"2024-09-02","isFullCredit":false},{"lineNumber":3,"author":{"gitId":"kaoxi998533"},"content":"import java.util.List;","lastModifiedDate":"2024-09-02","isFullCredit":false},{"lineNumber":4,"author":{"gitId":"kaoxi998533"},"content":"import java.util.Iterator;","lastModifiedDate":"2024-09-02","isFullCredit":false},{"lineNumber":5,"author":{"gitId":"kaoxi998533"},"content":"","lastModifiedDate":"2024-09-02","isFullCredit":false},{"lineNumber":6,"author":{"gitId":"kaoxi998533"},"content":"public class TaskList implements Iterable\u003cTask\u003e {","lastModifiedDate":"2024-09-02","isFullCredit":false},{"lineNumber":7,"author":{"gitId":"kaoxi998533"},"content":"    private ArrayList\u003cTask\u003e tasks;","lastModifiedDate":"2024-09-02","isFullCredit":false},{"lineNumber":8,"author":{"gitId":"kaoxi998533"},"content":"","lastModifiedDate":"2024-09-02","isFullCredit":false},{"lineNumber":9,"author":{"gitId":"kaoxi998533"},"content":"    @Override","lastModifiedDate":"2024-09-02","isFullCredit":false},{"lineNumber":10,"author":{"gitId":"kaoxi998533"},"content":"    public Iterator\u003cTask\u003e iterator() {","lastModifiedDate":"2024-09-02","isFullCredit":false},{"lineNumber":11,"author":{"gitId":"kaoxi998533"},"content":"        return tasks.iterator();","lastModifiedDate":"2024-09-02","isFullCredit":false},{"lineNumber":12,"author":{"gitId":"kaoxi998533"},"content":"    }","lastModifiedDate":"2024-09-02","isFullCredit":false},{"lineNumber":13,"author":{"gitId":"kaoxi998533"},"content":"","lastModifiedDate":"2024-09-02","isFullCredit":false},{"lineNumber":14,"author":{"gitId":"kaoxi998533"},"content":"    public TaskList() {","lastModifiedDate":"2024-09-02","isFullCredit":false},{"lineNumber":15,"author":{"gitId":"kaoxi998533"},"content":"        this.tasks \u003d new ArrayList\u003c\u003e();","lastModifiedDate":"2024-09-02","isFullCredit":false},{"lineNumber":16,"author":{"gitId":"kaoxi998533"},"content":"    }","lastModifiedDate":"2024-09-02","isFullCredit":false},{"lineNumber":17,"author":{"gitId":"kaoxi998533"},"content":"","lastModifiedDate":"2024-09-02","isFullCredit":false},{"lineNumber":18,"author":{"gitId":"kaoxi998533"},"content":"    public TaskList(List\u003cTask\u003e tasks) {","lastModifiedDate":"2024-09-02","isFullCredit":false},{"lineNumber":19,"author":{"gitId":"kaoxi998533"},"content":"        this.tasks.addAll(tasks);","lastModifiedDate":"2024-09-02","isFullCredit":false},{"lineNumber":20,"author":{"gitId":"kaoxi998533"},"content":"    }","lastModifiedDate":"2024-09-02","isFullCredit":false},{"lineNumber":21,"author":{"gitId":"kaoxi998533"},"content":"","lastModifiedDate":"2024-09-02","isFullCredit":false},{"lineNumber":22,"author":{"gitId":"kaoxi998533"},"content":"    public void add(Task task) {","lastModifiedDate":"2024-09-02","isFullCredit":false},{"lineNumber":23,"author":{"gitId":"kaoxi998533"},"content":"        tasks.add(task);","lastModifiedDate":"2024-09-02","isFullCredit":false},{"lineNumber":24,"author":{"gitId":"kaoxi998533"},"content":"    }","lastModifiedDate":"2024-09-02","isFullCredit":false},{"lineNumber":25,"author":{"gitId":"kaoxi998533"},"content":"","lastModifiedDate":"2024-09-02","isFullCredit":false},{"lineNumber":26,"author":{"gitId":"kaoxi998533"},"content":"    public Task get(int index) {","lastModifiedDate":"2024-09-02","isFullCredit":false},{"lineNumber":27,"author":{"gitId":"kaoxi998533"},"content":"        return tasks.get(index);","lastModifiedDate":"2024-09-02","isFullCredit":false},{"lineNumber":28,"author":{"gitId":"kaoxi998533"},"content":"    }","lastModifiedDate":"2024-09-02","isFullCredit":false},{"lineNumber":29,"author":{"gitId":"kaoxi998533"},"content":"","lastModifiedDate":"2024-09-02","isFullCredit":false},{"lineNumber":30,"author":{"gitId":"kaoxi998533"},"content":"    public Task remove(int index) {","lastModifiedDate":"2024-09-02","isFullCredit":false},{"lineNumber":31,"author":{"gitId":"kaoxi998533"},"content":"        return tasks.remove(index);","lastModifiedDate":"2024-09-02","isFullCredit":false},{"lineNumber":32,"author":{"gitId":"kaoxi998533"},"content":"    }","lastModifiedDate":"2024-09-02","isFullCredit":false},{"lineNumber":33,"author":{"gitId":"kaoxi998533"},"content":"","lastModifiedDate":"2024-09-02","isFullCredit":false},{"lineNumber":34,"author":{"gitId":"kaoxi998533"},"content":"    public void markTaskAsDone(int index) {","lastModifiedDate":"2024-09-02","isFullCredit":false},{"lineNumber":35,"author":{"gitId":"kaoxi998533"},"content":"        tasks.get(index).setIsDone(true);","lastModifiedDate":"2024-09-02","isFullCredit":false},{"lineNumber":36,"author":{"gitId":"kaoxi998533"},"content":"    }","lastModifiedDate":"2024-09-02","isFullCredit":false},{"lineNumber":37,"author":{"gitId":"kaoxi998533"},"content":"","lastModifiedDate":"2024-09-02","isFullCredit":false},{"lineNumber":38,"author":{"gitId":"kaoxi998533"},"content":"    public void markTaskAsUndone(int index) {","lastModifiedDate":"2024-09-02","isFullCredit":false},{"lineNumber":39,"author":{"gitId":"kaoxi998533"},"content":"        tasks.get(index).setIsDone(false);","lastModifiedDate":"2024-09-02","isFullCredit":false},{"lineNumber":40,"author":{"gitId":"kaoxi998533"},"content":"    }","lastModifiedDate":"2024-09-02","isFullCredit":false},{"lineNumber":41,"author":{"gitId":"kaoxi998533"},"content":"","lastModifiedDate":"2024-09-02","isFullCredit":false},{"lineNumber":42,"author":{"gitId":"kaoxi998533"},"content":"    public int size() {","lastModifiedDate":"2024-09-02","isFullCredit":false},{"lineNumber":43,"author":{"gitId":"kaoxi998533"},"content":"        return tasks.size();","lastModifiedDate":"2024-09-02","isFullCredit":false},{"lineNumber":44,"author":{"gitId":"kaoxi998533"},"content":"    }","lastModifiedDate":"2024-09-02","isFullCredit":false},{"lineNumber":45,"author":{"gitId":"kaoxi998533"},"content":"}","lastModifiedDate":"2024-09-02","isFullCredit":false}],"authorContributionMap":{"kaoxi998533":45}},{"path":"src/main/java/utilities/Parser.java","fileType":"java","lines":[{"lineNumber":1,"author":{"gitId":"kaoxi998533"},"content":"package utilities;","lastModifiedDate":"2024-09-03","isFullCredit":false},{"lineNumber":2,"author":{"gitId":"kaoxi998533"},"content":"import java.util.Scanner;","lastModifiedDate":"2024-09-02","isFullCredit":false},{"lineNumber":3,"author":{"gitId":"kaoxi998533"},"content":"","lastModifiedDate":"2024-09-02","isFullCredit":false},{"lineNumber":4,"author":{"gitId":"kaoxi998533"},"content":"import command.Command;","lastModifiedDate":"2024-09-03","isFullCredit":false},{"lineNumber":5,"author":{"gitId":"kaoxi998533"},"content":"import command.ExitCommand;","lastModifiedDate":"2024-09-03","isFullCredit":false},{"lineNumber":6,"author":{"gitId":"kaoxi998533"},"content":"import command.ListCommand;","lastModifiedDate":"2024-09-03","isFullCredit":false},{"lineNumber":7,"author":{"gitId":"kaoxi998533"},"content":"import command.MarkCommand;","lastModifiedDate":"2024-09-03","isFullCredit":false},{"lineNumber":8,"author":{"gitId":"kaoxi998533"},"content":"import command.UnmarkCommand;","lastModifiedDate":"2024-09-03","isFullCredit":false},{"lineNumber":9,"author":{"gitId":"kaoxi998533"},"content":"import command.DeleteCommand;","lastModifiedDate":"2024-09-03","isFullCredit":false},{"lineNumber":10,"author":{"gitId":"kaoxi998533"},"content":"import command.TaskCommand;","lastModifiedDate":"2024-09-03","isFullCredit":false},{"lineNumber":11,"author":{"gitId":"kaoxi998533"},"content":"import exception.FormatException;","lastModifiedDate":"2024-09-03","isFullCredit":false},{"lineNumber":12,"author":{"gitId":"kaoxi998533"},"content":"import exception.NoInputException;","lastModifiedDate":"2024-09-03","isFullCredit":false},{"lineNumber":13,"author":{"gitId":"kaoxi998533"},"content":"import task.TaskList;","lastModifiedDate":"2024-09-03","isFullCredit":false},{"lineNumber":14,"author":{"gitId":"kaoxi998533"},"content":"","lastModifiedDate":"2024-09-03","isFullCredit":false},{"lineNumber":15,"author":{"gitId":"kaoxi998533"},"content":"public class Parser {","lastModifiedDate":"2024-09-02","isFullCredit":false},{"lineNumber":16,"author":{"gitId":"kaoxi998533"},"content":"    public static String addHorizontalLinesAndIndentation(String dialog) {","lastModifiedDate":"2024-09-02","isFullCredit":false},{"lineNumber":17,"author":{"gitId":"kaoxi998533"},"content":"        StringBuilder res \u003d new StringBuilder(\"    ____________________________________________________________\\n\");","lastModifiedDate":"2024-09-02","isFullCredit":false},{"lineNumber":18,"author":{"gitId":"kaoxi998533"},"content":"        Scanner sc \u003d new Scanner(dialog);","lastModifiedDate":"2024-09-02","isFullCredit":false},{"lineNumber":19,"author":{"gitId":"kaoxi998533"},"content":"        while (sc.hasNextLine()) {","lastModifiedDate":"2024-09-02","isFullCredit":false},{"lineNumber":20,"author":{"gitId":"kaoxi998533"},"content":"            String line \u003d sc.nextLine();","lastModifiedDate":"2024-09-02","isFullCredit":false},{"lineNumber":21,"author":{"gitId":"kaoxi998533"},"content":"            res.append(\"      \").append(line.trim()).append(\"\\n\"); // Ensure consistent indentation","lastModifiedDate":"2024-09-02","isFullCredit":false},{"lineNumber":22,"author":{"gitId":"kaoxi998533"},"content":"        }","lastModifiedDate":"2024-09-02","isFullCredit":false},{"lineNumber":23,"author":{"gitId":"kaoxi998533"},"content":"        res.append(\"    ____________________________________________________________\");","lastModifiedDate":"2024-09-02","isFullCredit":false},{"lineNumber":24,"author":{"gitId":"kaoxi998533"},"content":"        sc.close();","lastModifiedDate":"2024-09-02","isFullCredit":false},{"lineNumber":25,"author":{"gitId":"kaoxi998533"},"content":"        return res.toString();","lastModifiedDate":"2024-09-02","isFullCredit":false},{"lineNumber":26,"author":{"gitId":"kaoxi998533"},"content":"    }","lastModifiedDate":"2024-09-02","isFullCredit":false},{"lineNumber":27,"author":{"gitId":"kaoxi998533"},"content":"","lastModifiedDate":"2024-09-02","isFullCredit":false},{"lineNumber":28,"author":{"gitId":"kaoxi998533"},"content":"    public Command parseUserInput(String dialog, TaskList taskList) throws FormatException, NoInputException {","lastModifiedDate":"2024-09-02","isFullCredit":false},{"lineNumber":29,"author":{"gitId":"kaoxi998533"},"content":"        if (dialog.isEmpty()) {","lastModifiedDate":"2024-09-02","isFullCredit":false},{"lineNumber":30,"author":{"gitId":"kaoxi998533"},"content":"            throw new NoInputException();","lastModifiedDate":"2024-09-02","isFullCredit":false},{"lineNumber":31,"author":{"gitId":"kaoxi998533"},"content":"        }","lastModifiedDate":"2024-09-02","isFullCredit":false},{"lineNumber":32,"author":{"gitId":"kaoxi998533"},"content":"        if (dialog.equals(\"bye\")) {","lastModifiedDate":"2024-09-02","isFullCredit":false},{"lineNumber":33,"author":{"gitId":"kaoxi998533"},"content":"            return new ExitCommand();","lastModifiedDate":"2024-09-02","isFullCredit":false},{"lineNumber":34,"author":{"gitId":"kaoxi998533"},"content":"        } else if (dialog.equals(\"list\")) {","lastModifiedDate":"2024-09-02","isFullCredit":false},{"lineNumber":35,"author":{"gitId":"kaoxi998533"},"content":"            return new ListCommand(taskList);","lastModifiedDate":"2024-09-03","isFullCredit":false},{"lineNumber":36,"author":{"gitId":"kaoxi998533"},"content":"        } else if (dialog.startsWith(\"mark\")) {","lastModifiedDate":"2024-09-02","isFullCredit":false},{"lineNumber":37,"author":{"gitId":"kaoxi998533"},"content":"            try {","lastModifiedDate":"2024-09-02","isFullCredit":false},{"lineNumber":38,"author":{"gitId":"kaoxi998533"},"content":"                int index \u003d Integer.parseInt(dialog.substring(5));","lastModifiedDate":"2024-09-02","isFullCredit":false},{"lineNumber":39,"author":{"gitId":"kaoxi998533"},"content":"                return new MarkCommand(index, taskList);","lastModifiedDate":"2024-09-02","isFullCredit":false},{"lineNumber":40,"author":{"gitId":"kaoxi998533"},"content":"            } catch (NumberFormatException e) {","lastModifiedDate":"2024-09-02","isFullCredit":false},{"lineNumber":41,"author":{"gitId":"kaoxi998533"},"content":"                throw new FormatException(\"mark\");","lastModifiedDate":"2024-09-02","isFullCredit":false},{"lineNumber":42,"author":{"gitId":"kaoxi998533"},"content":"            }","lastModifiedDate":"2024-09-02","isFullCredit":false},{"lineNumber":43,"author":{"gitId":"kaoxi998533"},"content":"        } else if (dialog.startsWith(\"unmark\")) {","lastModifiedDate":"2024-09-02","isFullCredit":false},{"lineNumber":44,"author":{"gitId":"kaoxi998533"},"content":"            try {","lastModifiedDate":"2024-09-02","isFullCredit":false},{"lineNumber":45,"author":{"gitId":"kaoxi998533"},"content":"                int index \u003d Integer.parseInt(dialog.substring(7));","lastModifiedDate":"2024-09-02","isFullCredit":false},{"lineNumber":46,"author":{"gitId":"kaoxi998533"},"content":"                return new UnmarkCommand(index, taskList);","lastModifiedDate":"2024-09-02","isFullCredit":false},{"lineNumber":47,"author":{"gitId":"kaoxi998533"},"content":"            } catch (NumberFormatException e) {","lastModifiedDate":"2024-09-02","isFullCredit":false},{"lineNumber":48,"author":{"gitId":"kaoxi998533"},"content":"                throw new FormatException(\"unmark\");","lastModifiedDate":"2024-09-02","isFullCredit":false},{"lineNumber":49,"author":{"gitId":"kaoxi998533"},"content":"            }","lastModifiedDate":"2024-09-02","isFullCredit":false},{"lineNumber":50,"author":{"gitId":"kaoxi998533"},"content":"        } else if (dialog.startsWith(\"delete\")) {","lastModifiedDate":"2024-09-02","isFullCredit":false},{"lineNumber":51,"author":{"gitId":"kaoxi998533"},"content":"            try {","lastModifiedDate":"2024-09-02","isFullCredit":false},{"lineNumber":52,"author":{"gitId":"kaoxi998533"},"content":"                int index \u003d Integer.parseInt(dialog.substring(7));","lastModifiedDate":"2024-09-02","isFullCredit":false},{"lineNumber":53,"author":{"gitId":"kaoxi998533"},"content":"                return new DeleteCommand(index, taskList);","lastModifiedDate":"2024-09-02","isFullCredit":false},{"lineNumber":54,"author":{"gitId":"kaoxi998533"},"content":"            } catch (NumberFormatException e) {","lastModifiedDate":"2024-09-02","isFullCredit":false},{"lineNumber":55,"author":{"gitId":"kaoxi998533"},"content":"                throw new FormatException(\"delete\");","lastModifiedDate":"2024-09-02","isFullCredit":false},{"lineNumber":56,"author":{"gitId":"kaoxi998533"},"content":"            }","lastModifiedDate":"2024-09-02","isFullCredit":false},{"lineNumber":57,"author":{"gitId":"kaoxi998533"},"content":"        } else {","lastModifiedDate":"2024-09-02","isFullCredit":false},{"lineNumber":58,"author":{"gitId":"kaoxi998533"},"content":"            return new TaskCommand(dialog, taskList);","lastModifiedDate":"2024-09-03","isFullCredit":false},{"lineNumber":59,"author":{"gitId":"kaoxi998533"},"content":"        }","lastModifiedDate":"2024-09-02","isFullCredit":false},{"lineNumber":60,"author":{"gitId":"kaoxi998533"},"content":"    }","lastModifiedDate":"2024-09-02","isFullCredit":false},{"lineNumber":61,"author":{"gitId":"kaoxi998533"},"content":"","lastModifiedDate":"2024-09-02","isFullCredit":false},{"lineNumber":62,"author":{"gitId":"kaoxi998533"},"content":"    public Command getNextCommand(Scanner sc, TaskList taskList) {","lastModifiedDate":"2024-09-02","isFullCredit":false},{"lineNumber":63,"author":{"gitId":"kaoxi998533"},"content":"        try {","lastModifiedDate":"2024-09-02","isFullCredit":false},{"lineNumber":64,"author":{"gitId":"kaoxi998533"},"content":"            String input \u003d sc.nextLine();","lastModifiedDate":"2024-09-02","isFullCredit":false},{"lineNumber":65,"author":{"gitId":"kaoxi998533"},"content":"            return parseUserInput(input, taskList);","lastModifiedDate":"2024-09-02","isFullCredit":false},{"lineNumber":66,"author":{"gitId":"kaoxi998533"},"content":"        } catch (FormatException e) {","lastModifiedDate":"2024-09-02","isFullCredit":false},{"lineNumber":67,"author":{"gitId":"kaoxi998533"},"content":"            System.out.println(\"FormatException: \" + e.getMessage());","lastModifiedDate":"2024-09-02","isFullCredit":false},{"lineNumber":68,"author":{"gitId":"kaoxi998533"},"content":"            return null;","lastModifiedDate":"2024-09-02","isFullCredit":false},{"lineNumber":69,"author":{"gitId":"kaoxi998533"},"content":"        } catch (NoInputException e) {","lastModifiedDate":"2024-09-02","isFullCredit":false},{"lineNumber":70,"author":{"gitId":"kaoxi998533"},"content":"            System.out.println(\"NoInputException: \" + e.getMessage());","lastModifiedDate":"2024-09-02","isFullCredit":false},{"lineNumber":71,"author":{"gitId":"kaoxi998533"},"content":"            return null;","lastModifiedDate":"2024-09-02","isFullCredit":false},{"lineNumber":72,"author":{"gitId":"kaoxi998533"},"content":"        } catch (Exception e) {","lastModifiedDate":"2024-09-02","isFullCredit":false},{"lineNumber":73,"author":{"gitId":"kaoxi998533"},"content":"            System.out.println(\"Exception: \" + e.getMessage());","lastModifiedDate":"2024-09-02","isFullCredit":false},{"lineNumber":74,"author":{"gitId":"kaoxi998533"},"content":"            return null;","lastModifiedDate":"2024-09-02","isFullCredit":false},{"lineNumber":75,"author":{"gitId":"kaoxi998533"},"content":"        }","lastModifiedDate":"2024-09-02","isFullCredit":false},{"lineNumber":76,"author":{"gitId":"kaoxi998533"},"content":"    }","lastModifiedDate":"2024-09-02","isFullCredit":false},{"lineNumber":77,"author":{"gitId":"kaoxi998533"},"content":"}","lastModifiedDate":"2024-09-02","isFullCredit":false}],"authorContributionMap":{"kaoxi998533":77}},{"path":"src/main/java/utilities/Storage.java","fileType":"java","lines":[{"lineNumber":1,"author":{"gitId":"kaoxi998533"},"content":"package utilities;","lastModifiedDate":"2024-09-03","isFullCredit":false},{"lineNumber":2,"author":{"gitId":"kaoxi998533"},"content":"import java.io.*;","lastModifiedDate":"2024-09-02","isFullCredit":false},{"lineNumber":3,"author":{"gitId":"kaoxi998533"},"content":"import java.util.ArrayList;","lastModifiedDate":"2024-09-02","isFullCredit":false},{"lineNumber":4,"author":{"gitId":"kaoxi998533"},"content":"import java.util.List;","lastModifiedDate":"2024-09-02","isFullCredit":false},{"lineNumber":5,"author":{"gitId":"kaoxi998533"},"content":"","lastModifiedDate":"2024-09-02","isFullCredit":false},{"lineNumber":6,"author":{"gitId":"kaoxi998533"},"content":"import exception.DukeException;","lastModifiedDate":"2024-09-03","isFullCredit":false},{"lineNumber":7,"author":{"gitId":"kaoxi998533"},"content":"import task.Task;","lastModifiedDate":"2024-09-03","isFullCredit":false},{"lineNumber":8,"author":{"gitId":"kaoxi998533"},"content":"import task.TaskList;","lastModifiedDate":"2024-09-03","isFullCredit":false},{"lineNumber":9,"author":{"gitId":"kaoxi998533"},"content":"","lastModifiedDate":"2024-09-03","isFullCredit":false},{"lineNumber":10,"author":{"gitId":"kaoxi998533"},"content":"public class Storage {","lastModifiedDate":"2024-09-02","isFullCredit":false},{"lineNumber":11,"author":{"gitId":"kaoxi998533"},"content":"    private String filePath;","lastModifiedDate":"2024-09-02","isFullCredit":false},{"lineNumber":12,"author":{"gitId":"kaoxi998533"},"content":"","lastModifiedDate":"2024-09-02","isFullCredit":false},{"lineNumber":13,"author":{"gitId":"kaoxi998533"},"content":"    public Storage(String filePath) {","lastModifiedDate":"2024-09-02","isFullCredit":false},{"lineNumber":14,"author":{"gitId":"kaoxi998533"},"content":"        this.filePath \u003d filePath;","lastModifiedDate":"2024-09-02","isFullCredit":false},{"lineNumber":15,"author":{"gitId":"kaoxi998533"},"content":"    }","lastModifiedDate":"2024-09-02","isFullCredit":false},{"lineNumber":16,"author":{"gitId":"kaoxi998533"},"content":"","lastModifiedDate":"2024-09-02","isFullCredit":false},{"lineNumber":17,"author":{"gitId":"kaoxi998533"},"content":"    public TaskList load() throws DukeException {","lastModifiedDate":"2024-09-02","isFullCredit":false},{"lineNumber":18,"author":{"gitId":"kaoxi998533"},"content":"        // create a new file if the file does not exist","lastModifiedDate":"2024-09-03","isFullCredit":false},{"lineNumber":19,"author":{"gitId":"kaoxi998533"},"content":"        File file \u003d new File(filePath);","lastModifiedDate":"2024-09-03","isFullCredit":false},{"lineNumber":20,"author":{"gitId":"kaoxi998533"},"content":"        if (!file.exists()) {","lastModifiedDate":"2024-09-03","isFullCredit":false},{"lineNumber":21,"author":{"gitId":"kaoxi998533"},"content":"            try {","lastModifiedDate":"2024-09-03","isFullCredit":false},{"lineNumber":22,"author":{"gitId":"kaoxi998533"},"content":"                file.createNewFile();","lastModifiedDate":"2024-09-03","isFullCredit":false},{"lineNumber":23,"author":{"gitId":"kaoxi998533"},"content":"            } catch (IOException e) {","lastModifiedDate":"2024-09-03","isFullCredit":false},{"lineNumber":24,"author":{"gitId":"kaoxi998533"},"content":"                System.out.println(\"Error creating file at \" + filePath);","lastModifiedDate":"2024-09-03","isFullCredit":false},{"lineNumber":25,"author":{"gitId":"kaoxi998533"},"content":"            }","lastModifiedDate":"2024-09-03","isFullCredit":false},{"lineNumber":26,"author":{"gitId":"kaoxi998533"},"content":"        }","lastModifiedDate":"2024-09-03","isFullCredit":false},{"lineNumber":27,"author":{"gitId":"kaoxi998533"},"content":"        List\u003cTask\u003e tasks \u003d new ArrayList\u003c\u003e();","lastModifiedDate":"2024-09-02","isFullCredit":false},{"lineNumber":28,"author":{"gitId":"kaoxi998533"},"content":"        try (BufferedReader reader \u003d new BufferedReader(new FileReader(filePath))) {","lastModifiedDate":"2024-09-02","isFullCredit":false},{"lineNumber":29,"author":{"gitId":"kaoxi998533"},"content":"            String line;","lastModifiedDate":"2024-09-02","isFullCredit":false},{"lineNumber":30,"author":{"gitId":"kaoxi998533"},"content":"            while ((line \u003d reader.readLine()) !\u003d null) {","lastModifiedDate":"2024-09-02","isFullCredit":false},{"lineNumber":31,"author":{"gitId":"kaoxi998533"},"content":"                tasks.add(Task.of(line));","lastModifiedDate":"2024-09-02","isFullCredit":false},{"lineNumber":32,"author":{"gitId":"kaoxi998533"},"content":"            }","lastModifiedDate":"2024-09-02","isFullCredit":false},{"lineNumber":33,"author":{"gitId":"kaoxi998533"},"content":"        } catch (IOException e) {","lastModifiedDate":"2024-09-02","isFullCredit":false},{"lineNumber":34,"author":{"gitId":"kaoxi998533"},"content":"            System.out.println(e.getMessage());","lastModifiedDate":"2024-09-03","isFullCredit":false},{"lineNumber":35,"author":{"gitId":"kaoxi998533"},"content":"        }","lastModifiedDate":"2024-09-02","isFullCredit":false},{"lineNumber":36,"author":{"gitId":"kaoxi998533"},"content":"        if (tasks.isEmpty()) {","lastModifiedDate":"2024-09-03","isFullCredit":false},{"lineNumber":37,"author":{"gitId":"kaoxi998533"},"content":"            return new TaskList();","lastModifiedDate":"2024-09-03","isFullCredit":false},{"lineNumber":38,"author":{"gitId":"kaoxi998533"},"content":"        }","lastModifiedDate":"2024-09-03","isFullCredit":false},{"lineNumber":39,"author":{"gitId":"kaoxi998533"},"content":"        return new TaskList(tasks);","lastModifiedDate":"2024-09-02","isFullCredit":false},{"lineNumber":40,"author":{"gitId":"kaoxi998533"},"content":"    }","lastModifiedDate":"2024-09-02","isFullCredit":false},{"lineNumber":41,"author":{"gitId":"kaoxi998533"},"content":"","lastModifiedDate":"2024-09-02","isFullCredit":false},{"lineNumber":42,"author":{"gitId":"kaoxi998533"},"content":"    public void save(TaskList taskList) {","lastModifiedDate":"2024-09-02","isFullCredit":false},{"lineNumber":43,"author":{"gitId":"kaoxi998533"},"content":"        try (BufferedWriter writer \u003d new BufferedWriter(new FileWriter(filePath))) {","lastModifiedDate":"2024-09-02","isFullCredit":false},{"lineNumber":44,"author":{"gitId":"kaoxi998533"},"content":"            for (Task task : taskList) {","lastModifiedDate":"2024-09-02","isFullCredit":false},{"lineNumber":45,"author":{"gitId":"kaoxi998533"},"content":"                writer.write(task.toFileString());","lastModifiedDate":"2024-09-02","isFullCredit":false},{"lineNumber":46,"author":{"gitId":"kaoxi998533"},"content":"                writer.newLine();","lastModifiedDate":"2024-09-02","isFullCredit":false},{"lineNumber":47,"author":{"gitId":"kaoxi998533"},"content":"            }","lastModifiedDate":"2024-09-02","isFullCredit":false},{"lineNumber":48,"author":{"gitId":"kaoxi998533"},"content":"            writer.close();","lastModifiedDate":"2024-09-02","isFullCredit":false},{"lineNumber":49,"author":{"gitId":"kaoxi998533"},"content":"        } catch (IOException e) {","lastModifiedDate":"2024-09-02","isFullCredit":false},{"lineNumber":50,"author":{"gitId":"kaoxi998533"},"content":"            System.out.println(\"Error saving data to \" + filePath);","lastModifiedDate":"2024-09-02","isFullCredit":false},{"lineNumber":51,"author":{"gitId":"kaoxi998533"},"content":"        }","lastModifiedDate":"2024-09-02","isFullCredit":false},{"lineNumber":52,"author":{"gitId":"kaoxi998533"},"content":"    }","lastModifiedDate":"2024-09-02","isFullCredit":false},{"lineNumber":53,"author":{"gitId":"kaoxi998533"},"content":"}","lastModifiedDate":"2024-09-02","isFullCredit":false}],"authorContributionMap":{"kaoxi998533":53}},{"path":"src/main/java/utilities/Ui.java","fileType":"java","lines":[{"lineNumber":1,"author":{"gitId":"kaoxi998533"},"content":"package utilities;","lastModifiedDate":"2024-09-03","isFullCredit":false},{"lineNumber":2,"author":{"gitId":"kaoxi998533"},"content":"import java.util.Scanner;","lastModifiedDate":"2024-09-02","isFullCredit":false},{"lineNumber":3,"author":{"gitId":"kaoxi998533"},"content":"","lastModifiedDate":"2024-09-02","isFullCredit":false},{"lineNumber":4,"author":{"gitId":"kaoxi998533"},"content":"import command.Command;","lastModifiedDate":"2024-09-03","isFullCredit":false},{"lineNumber":5,"author":{"gitId":"kaoxi998533"},"content":"import command.ExitCommand;","lastModifiedDate":"2024-09-03","isFullCredit":false},{"lineNumber":6,"author":{"gitId":"kaoxi998533"},"content":"import exception.FormatException;","lastModifiedDate":"2024-09-03","isFullCredit":false},{"lineNumber":7,"author":{"gitId":"kaoxi998533"},"content":"import exception.NoInputException;","lastModifiedDate":"2024-09-03","isFullCredit":false},{"lineNumber":8,"author":{"gitId":"kaoxi998533"},"content":"import task.Task;","lastModifiedDate":"2024-09-03","isFullCredit":false},{"lineNumber":9,"author":{"gitId":"kaoxi998533"},"content":"import task.TaskList;","lastModifiedDate":"2024-09-03","isFullCredit":false},{"lineNumber":10,"author":{"gitId":"kaoxi998533"},"content":"","lastModifiedDate":"2024-09-03","isFullCredit":false},{"lineNumber":11,"author":{"gitId":"kaoxi998533"},"content":"public class Ui {","lastModifiedDate":"2024-09-03","isFullCredit":false},{"lineNumber":12,"author":{"gitId":"kaoxi998533"},"content":"    private TaskList taskList;","lastModifiedDate":"2024-09-02","isFullCredit":false},{"lineNumber":13,"author":{"gitId":"kaoxi998533"},"content":"","lastModifiedDate":"2024-09-02","isFullCredit":false},{"lineNumber":14,"author":{"gitId":"kaoxi998533"},"content":"    public Ui(TaskList taskList) {","lastModifiedDate":"2024-09-02","isFullCredit":false},{"lineNumber":15,"author":{"gitId":"kaoxi998533"},"content":"        this.taskList \u003d taskList;","lastModifiedDate":"2024-09-02","isFullCredit":false},{"lineNumber":16,"author":{"gitId":"kaoxi998533"},"content":"    }","lastModifiedDate":"2024-09-02","isFullCredit":false},{"lineNumber":17,"author":{"gitId":"kaoxi998533"},"content":"","lastModifiedDate":"2024-09-02","isFullCredit":false},{"lineNumber":18,"author":{"gitId":"kaoxi998533"},"content":"    public void printWelcomeMessage() {","lastModifiedDate":"2024-09-02","isFullCredit":false},{"lineNumber":19,"author":{"gitId":"kaoxi998533"},"content":"        String hi \u003d \"Hello! I\u0027m Foo\\n\" +","lastModifiedDate":"2024-09-02","isFullCredit":false},{"lineNumber":20,"author":{"gitId":"kaoxi998533"},"content":"                \"What can I do for you?\";","lastModifiedDate":"2024-09-02","isFullCredit":false},{"lineNumber":21,"author":{"gitId":"kaoxi998533"},"content":"        System.out.println(Parser.addHorizontalLinesAndIndentation(hi));","lastModifiedDate":"2024-09-02","isFullCredit":false},{"lineNumber":22,"author":{"gitId":"kaoxi998533"},"content":"    }","lastModifiedDate":"2024-09-02","isFullCredit":false},{"lineNumber":23,"author":{"gitId":"kaoxi998533"},"content":"","lastModifiedDate":"2024-09-02","isFullCredit":false},{"lineNumber":24,"author":{"gitId":"kaoxi998533"},"content":"    public void printGoodbyeMessage() {","lastModifiedDate":"2024-09-02","isFullCredit":false},{"lineNumber":25,"author":{"gitId":"kaoxi998533"},"content":"        System.out.println(Parser","lastModifiedDate":"2024-09-02","isFullCredit":false},{"lineNumber":26,"author":{"gitId":"kaoxi998533"},"content":"            .addHorizontalLinesAndIndentation(","lastModifiedDate":"2024-09-02","isFullCredit":false},{"lineNumber":27,"author":{"gitId":"kaoxi998533"},"content":"                \"Bye. Hope to see you again soon!\"));","lastModifiedDate":"2024-09-02","isFullCredit":false},{"lineNumber":28,"author":{"gitId":"kaoxi998533"},"content":"    }","lastModifiedDate":"2024-09-02","isFullCredit":false},{"lineNumber":29,"author":{"gitId":"kaoxi998533"},"content":"","lastModifiedDate":"2024-09-02","isFullCredit":false},{"lineNumber":30,"author":{"gitId":"kaoxi998533"},"content":"    public void displayList() {","lastModifiedDate":"2024-09-02","isFullCredit":false},{"lineNumber":31,"author":{"gitId":"kaoxi998533"},"content":"        String lString \u003d \"\";","lastModifiedDate":"2024-09-02","isFullCredit":false},{"lineNumber":32,"author":{"gitId":"kaoxi998533"},"content":"        int index \u003d 1;","lastModifiedDate":"2024-09-02","isFullCredit":false},{"lineNumber":33,"author":{"gitId":"kaoxi998533"},"content":"        for (Task task : taskList) {","lastModifiedDate":"2024-09-02","isFullCredit":false},{"lineNumber":34,"author":{"gitId":"kaoxi998533"},"content":"            lString +\u003d String.valueOf(index) + \".\"  + task.toString();","lastModifiedDate":"2024-09-02","isFullCredit":false},{"lineNumber":35,"author":{"gitId":"kaoxi998533"},"content":"            if (index \u003d\u003d taskList.size()) {","lastModifiedDate":"2024-09-02","isFullCredit":false},{"lineNumber":36,"author":{"gitId":"kaoxi998533"},"content":"                break;","lastModifiedDate":"2024-09-02","isFullCredit":false},{"lineNumber":37,"author":{"gitId":"kaoxi998533"},"content":"            }","lastModifiedDate":"2024-09-02","isFullCredit":false},{"lineNumber":38,"author":{"gitId":"kaoxi998533"},"content":"            lString +\u003d \"\\n\";","lastModifiedDate":"2024-09-02","isFullCredit":false},{"lineNumber":39,"author":{"gitId":"kaoxi998533"},"content":"            index++;","lastModifiedDate":"2024-09-02","isFullCredit":false},{"lineNumber":40,"author":{"gitId":"kaoxi998533"},"content":"        }","lastModifiedDate":"2024-09-02","isFullCredit":false},{"lineNumber":41,"author":{"gitId":"kaoxi998533"},"content":"        lString \u003d Parser.addHorizontalLinesAndIndentation(lString);","lastModifiedDate":"2024-09-02","isFullCredit":false},{"lineNumber":42,"author":{"gitId":"kaoxi998533"},"content":"        System.out.println(lString);","lastModifiedDate":"2024-09-02","isFullCredit":false},{"lineNumber":43,"author":{"gitId":"kaoxi998533"},"content":"    }","lastModifiedDate":"2024-09-02","isFullCredit":false},{"lineNumber":44,"author":{"gitId":"kaoxi998533"},"content":"","lastModifiedDate":"2024-09-02","isFullCredit":false},{"lineNumber":45,"author":{"gitId":"kaoxi998533"},"content":"    public void showLoadingError() {","lastModifiedDate":"2024-09-02","isFullCredit":false},{"lineNumber":46,"author":{"gitId":"kaoxi998533"},"content":"        System.out.println(","lastModifiedDate":"2024-09-02","isFullCredit":false},{"lineNumber":47,"author":{"gitId":"kaoxi998533"},"content":"            Parser.addHorizontalLinesAndIndentation(","lastModifiedDate":"2024-09-02","isFullCredit":false},{"lineNumber":48,"author":{"gitId":"kaoxi998533"},"content":"                \"Error loading data from file.\"));","lastModifiedDate":"2024-09-02","isFullCredit":false},{"lineNumber":49,"author":{"gitId":"kaoxi998533"},"content":"    }","lastModifiedDate":"2024-09-02","isFullCredit":false},{"lineNumber":50,"author":{"gitId":"kaoxi998533"},"content":"","lastModifiedDate":"2024-09-02","isFullCredit":false},{"lineNumber":51,"author":{"gitId":"kaoxi998533"},"content":"    public Command interactWithUser(String dialog) {","lastModifiedDate":"2024-09-02","isFullCredit":false},{"lineNumber":52,"author":{"gitId":"kaoxi998533"},"content":"        Parser parser \u003d new Parser();","lastModifiedDate":"2024-09-02","isFullCredit":false},{"lineNumber":53,"author":{"gitId":"kaoxi998533"},"content":"        Command command \u003d parser.parseUserInput(dialog, taskList);","lastModifiedDate":"2024-09-02","isFullCredit":false},{"lineNumber":54,"author":{"gitId":"kaoxi998533"},"content":"        try {","lastModifiedDate":"2024-09-02","isFullCredit":false},{"lineNumber":55,"author":{"gitId":"kaoxi998533"},"content":"            command.execute();","lastModifiedDate":"2024-09-02","isFullCredit":false},{"lineNumber":56,"author":{"gitId":"kaoxi998533"},"content":"        } catch (FormatException e) {","lastModifiedDate":"2024-09-02","isFullCredit":false},{"lineNumber":57,"author":{"gitId":"kaoxi998533"},"content":"            System.out.println(e.getMessage());","lastModifiedDate":"2024-09-02","isFullCredit":false},{"lineNumber":58,"author":{"gitId":"kaoxi998533"},"content":"        } catch (NoInputException e) {","lastModifiedDate":"2024-09-02","isFullCredit":false},{"lineNumber":59,"author":{"gitId":"kaoxi998533"},"content":"            System.out.println(e.getMessage());","lastModifiedDate":"2024-09-02","isFullCredit":false},{"lineNumber":60,"author":{"gitId":"kaoxi998533"},"content":"        }","lastModifiedDate":"2024-09-02","isFullCredit":false},{"lineNumber":61,"author":{"gitId":"kaoxi998533"},"content":"        return command;","lastModifiedDate":"2024-09-02","isFullCredit":false},{"lineNumber":62,"author":{"gitId":"kaoxi998533"},"content":"    }","lastModifiedDate":"2024-09-02","isFullCredit":false},{"lineNumber":63,"author":{"gitId":"kaoxi998533"},"content":"","lastModifiedDate":"2024-09-02","isFullCredit":false},{"lineNumber":64,"author":{"gitId":"kaoxi998533"},"content":"    public void startInteraction() {","lastModifiedDate":"2024-09-02","isFullCredit":false},{"lineNumber":65,"author":{"gitId":"kaoxi998533"},"content":"        Scanner sc \u003d new Scanner(System.in);","lastModifiedDate":"2024-09-02","isFullCredit":false},{"lineNumber":66,"author":{"gitId":"kaoxi998533"},"content":"        printWelcomeMessage();","lastModifiedDate":"2024-09-02","isFullCredit":false},{"lineNumber":67,"author":{"gitId":"kaoxi998533"},"content":"","lastModifiedDate":"2024-09-02","isFullCredit":false},{"lineNumber":68,"author":{"gitId":"kaoxi998533"},"content":"        while (true) {","lastModifiedDate":"2024-09-02","isFullCredit":false},{"lineNumber":69,"author":{"gitId":"kaoxi998533"},"content":"            String dialog \u003d sc.nextLine();","lastModifiedDate":"2024-09-02","isFullCredit":false},{"lineNumber":70,"author":{"gitId":"kaoxi998533"},"content":"            Command command \u003d interactWithUser(dialog);","lastModifiedDate":"2024-09-02","isFullCredit":false},{"lineNumber":71,"author":{"gitId":"kaoxi998533"},"content":"            if (command instanceof ExitCommand) {","lastModifiedDate":"2024-09-02","isFullCredit":false},{"lineNumber":72,"author":{"gitId":"kaoxi998533"},"content":"                break;","lastModifiedDate":"2024-09-02","isFullCredit":false},{"lineNumber":73,"author":{"gitId":"kaoxi998533"},"content":"            }","lastModifiedDate":"2024-09-02","isFullCredit":false},{"lineNumber":74,"author":{"gitId":"kaoxi998533"},"content":"        }","lastModifiedDate":"2024-09-02","isFullCredit":false},{"lineNumber":75,"author":{"gitId":"kaoxi998533"},"content":"        sc.close();","lastModifiedDate":"2024-09-02","isFullCredit":false},{"lineNumber":76,"author":{"gitId":"kaoxi998533"},"content":"    }","lastModifiedDate":"2024-09-02","isFullCredit":false},{"lineNumber":77,"author":{"gitId":"kaoxi998533"},"content":"","lastModifiedDate":"2024-09-02","isFullCredit":false},{"lineNumber":78,"author":{"gitId":"kaoxi998533"},"content":"}","lastModifiedDate":"2024-09-02","isFullCredit":false}],"authorContributionMap":{"kaoxi998533":78}},{"path":"text-ui-test/input.txt","fileType":"txt","lines":[{"lineNumber":1,"author":{"gitId":"kaoxi998533"},"content":"todo read book","lastModifiedDate":"2024-08-29","isFullCredit":false},{"lineNumber":2,"author":{"gitId":"kaoxi998533"},"content":"deadline submit report /by Monday","lastModifiedDate":"2024-08-29","isFullCredit":false},{"lineNumber":3,"author":{"gitId":"kaoxi998533"},"content":"event project meeting /from 2pm /to 4pm","lastModifiedDate":"2024-08-29","isFullCredit":false},{"lineNumber":4,"author":{"gitId":"kaoxi998533"},"content":"list","lastModifiedDate":"2024-08-29","isFullCredit":false},{"lineNumber":5,"author":{"gitId":"kaoxi998533"},"content":"mark 2","lastModifiedDate":"2024-08-29","isFullCredit":false},{"lineNumber":6,"author":{"gitId":"kaoxi998533"},"content":"unmark 2","lastModifiedDate":"2024-08-29","isFullCredit":false},{"lineNumber":7,"author":{"gitId":"kaoxi998533"},"content":"delete 2","lastModifiedDate":"2024-08-29","isFullCredit":false},{"lineNumber":8,"author":{"gitId":"kaoxi998533"},"content":"list","lastModifiedDate":"2024-08-29","isFullCredit":false},{"lineNumber":9,"author":{"gitId":"kaoxi998533"},"content":"bye","lastModifiedDate":"2024-08-29","isFullCredit":false}],"authorContributionMap":{"kaoxi998533":9}},{"path":"text-ui-test/runtest.sh","fileType":"sh","lines":[{"lineNumber":1,"author":{"gitId":"-"},"content":"#!/usr/bin/env bash","lastModifiedDate":"2020-05-25","isFullCredit":false},{"lineNumber":2,"author":{"gitId":"-"},"content":"","lastModifiedDate":"2020-05-25","isFullCredit":false},{"lineNumber":3,"author":{"gitId":"-"},"content":"# create bin directory if it doesn\u0027t exist","lastModifiedDate":"2020-05-25","isFullCredit":false},{"lineNumber":4,"author":{"gitId":"kaoxi998533"},"content":"if [ ! -d \"../bin\" ]; then","lastModifiedDate":"2024-08-29","isFullCredit":false},{"lineNumber":5,"author":{"gitId":"-"},"content":"    mkdir ../bin","lastModifiedDate":"2020-05-25","isFullCredit":false},{"lineNumber":6,"author":{"gitId":"-"},"content":"fi","lastModifiedDate":"2020-05-25","isFullCredit":false},{"lineNumber":7,"author":{"gitId":"-"},"content":"","lastModifiedDate":"2020-05-25","isFullCredit":false},{"lineNumber":8,"author":{"gitId":"-"},"content":"# delete output from previous run","lastModifiedDate":"2020-05-25","isFullCredit":false},{"lineNumber":9,"author":{"gitId":"kaoxi998533"},"content":"if [ -e \"./ACTUAL.TXT\" ]; then","lastModifiedDate":"2024-08-29","isFullCredit":false},{"lineNumber":10,"author":{"gitId":"-"},"content":"    rm ACTUAL.TXT","lastModifiedDate":"2020-05-25","isFullCredit":false},{"lineNumber":11,"author":{"gitId":"-"},"content":"fi","lastModifiedDate":"2020-05-25","isFullCredit":false},{"lineNumber":12,"author":{"gitId":"-"},"content":"","lastModifiedDate":"2020-05-25","isFullCredit":false},{"lineNumber":13,"author":{"gitId":"-"},"content":"# compile the code into the bin folder, terminates if error occurred","lastModifiedDate":"2020-05-25","isFullCredit":false},{"lineNumber":14,"author":{"gitId":"kaoxi998533"},"content":"if ! javac -cp ../src/main/java -Xlint:none -d ../bin ../src/main/java/*.java; then","lastModifiedDate":"2024-08-29","isFullCredit":false},{"lineNumber":15,"author":{"gitId":"-"},"content":"    echo \"********** BUILD FAILURE **********\"","lastModifiedDate":"2020-05-25","isFullCredit":false},{"lineNumber":16,"author":{"gitId":"-"},"content":"    exit 1","lastModifiedDate":"2020-05-25","isFullCredit":false},{"lineNumber":17,"author":{"gitId":"-"},"content":"fi","lastModifiedDate":"2020-05-25","isFullCredit":false},{"lineNumber":18,"author":{"gitId":"-"},"content":"","lastModifiedDate":"2020-05-25","isFullCredit":false},{"lineNumber":19,"author":{"gitId":"-"},"content":"# run the program, feed commands from input.txt file and redirect the output to the ACTUAL.TXT","lastModifiedDate":"2020-05-25","isFullCredit":false},{"lineNumber":20,"author":{"gitId":"-"},"content":"java -classpath ../bin Duke \u003c input.txt \u003e ACTUAL.TXT","lastModifiedDate":"2020-05-25","isFullCredit":false},{"lineNumber":21,"author":{"gitId":"-"},"content":"","lastModifiedDate":"2020-05-25","isFullCredit":false},{"lineNumber":22,"author":{"gitId":"kaoxi998533"},"content":"# convert files to UNIX format to ensure consistency","lastModifiedDate":"2024-08-29","isFullCredit":false},{"lineNumber":23,"author":{"gitId":"kaoxi998533"},"content":"dos2unix ACTUAL.TXT EXPECTED.TXT","lastModifiedDate":"2024-08-29","isFullCredit":false},{"lineNumber":24,"author":{"gitId":"-"},"content":"","lastModifiedDate":"2020-05-25","isFullCredit":false},{"lineNumber":25,"author":{"gitId":"-"},"content":"# compare the output to the expected output","lastModifiedDate":"2020-05-25","isFullCredit":false},{"lineNumber":26,"author":{"gitId":"kaoxi998533"},"content":"diff ACTUAL.TXT EXPECTED.TXT","lastModifiedDate":"2024-08-29","isFullCredit":false},{"lineNumber":27,"author":{"gitId":"kaoxi998533"},"content":"if [ $? -eq 0 ]; then","lastModifiedDate":"2024-08-29","isFullCredit":false},{"lineNumber":28,"author":{"gitId":"-"},"content":"    echo \"Test result: PASSED\"","lastModifiedDate":"2020-05-25","isFullCredit":false},{"lineNumber":29,"author":{"gitId":"-"},"content":"    exit 0","lastModifiedDate":"2020-05-25","isFullCredit":false},{"lineNumber":30,"author":{"gitId":"-"},"content":"else","lastModifiedDate":"2020-05-25","isFullCredit":false},{"lineNumber":31,"author":{"gitId":"-"},"content":"    echo \"Test result: FAILED\"","lastModifiedDate":"2020-05-25","isFullCredit":false},{"lineNumber":32,"author":{"gitId":"-"},"content":"    exit 1","lastModifiedDate":"2020-05-25","isFullCredit":false},{"lineNumber":33,"author":{"gitId":"-"},"content":"fi","lastModifiedDate":"2020-05-25","isFullCredit":false}],"authorContributionMap":{"kaoxi998533":7,"-":26}}]
