{"authorDailyContributionsMap":{"Feng1231":[{"date":"2024-08-19","commitResults":[{"hash":"5aa665b6d517f0e9434cf55bfa6bb319756e0f14","isMergeCommit":false,"messageTitle":"Rename, Greet, Exit","messageBody":"","tags":["Level-0"],"fileTypesAndContributionMap":{"java":{"insertions":27,"deletions":10}}},{"hash":"cf5730e92d3d1070e0e7139ee0dbfdd5c6a25d69","isMergeCommit":false,"messageTitle":"Echo user input","messageBody":"","tags":["Level-1"],"fileTypesAndContributionMap":{"java":{"insertions":15,"deletions":0}}},{"hash":"97f6ee9f2c3132d4bd743b7e2b3b19cf010fcabb","isMergeCommit":false,"messageTitle":"Add, List","messageBody":"","tags":["Level-2"],"fileTypesAndContributionMap":{"java":{"insertions":20,"deletions":2}}},{"hash":"372073c2d935b96bb63cd49e9cce3dc32df4ce16","isMergeCommit":false,"messageTitle":"Mark as Done","messageBody":"","tags":["Level-3"],"fileTypesAndContributionMap":{"java":{"insertions":70,"deletions":4}}}]},{"date":"2024-08-20","commitResults":[{"hash":"7eda47e33c0ef331a8aae8627d8f17ff4a3a96e3","isMergeCommit":false,"messageTitle":"ToDo, Event, Deadline: Add 3 types of tasks","messageBody":"","tags":["Level-4"],"fileTypesAndContributionMap":{"java":{"insertions":162,"deletions":18}}},{"hash":"2908db95aab4ba2dc6a5f4e07312ed02eee4a825","isMergeCommit":false,"messageTitle":"text-ui-test: Add test cases","messageBody":"","tags":["A-TextUiTesting"],"fileTypesAndContributionMap":{"txt":{"insertions":13,"deletions":0},"java":{"insertions":15,"deletions":9},"bat":{"insertions":1,"deletions":1},"sh":{"insertions":1,"deletions":1}}},{"hash":"20636f9b5ca27523ea6eab05bdbfa4cf957feb78","isMergeCommit":false,"messageTitle":"DukeException: Handle Exceptions","messageBody":"","tags":["Level-6","Level-5","A-Enums"],"fileTypesAndContributionMap":{"java":{"insertions":26,"deletions":12}}},{"hash":"183115acb6aafbb76d51935ee85501464ac02b0a","isMergeCommit":false,"messageTitle":"Enable delete and use enum class for instructions","messageBody":"","fileTypesAndContributionMap":{"java":{"insertions":30,"deletions":8}}}]},{"date":"2024-08-21","commitResults":[{"hash":"46776e64ca2b05342cd10f5878fa33c133917aa9","isMergeCommit":false,"messageTitle":"update code to meet expected output","messageBody":"","fileTypesAndContributionMap":{"java":{"insertions":14,"deletions":14}}}]},{"date":"2024-08-23","commitResults":[{"hash":"c58a4151cda2104be92735699fc23a0a6cb79057","isMergeCommit":false,"messageTitle":"improve code style","messageBody":"","fileTypesAndContributionMap":{"java":{"insertions":31,"deletions":31}}}]},{"date":"2024-08-24","commitResults":[{"hash":"bdff26ac9221ca5015abbcce94f1fb1a50aee1be","isMergeCommit":false,"messageTitle":"Rename DukeException class to DuckException, create data folder to store data","messageBody":"","fileTypesAndContributionMap":{"txt":{"insertions":0,"deletions":0},"java":{"insertions":23,"deletions":23}}},{"hash":"b4ce695a123dd628cd6d54bcb87fc71263c0fdfc","isMergeCommit":false,"messageTitle":"Task and its subclasses: Add toDataString() method, Duck: Allow create and read from file","messageBody":"","fileTypesAndContributionMap":{"java":{"insertions":96,"deletions":9}}},{"hash":"758f659a0ec1b58f511604dd79ea84c26fa880bd","isMergeCommit":false,"messageTitle":"Add methods to allow append/write to dataFile","messageBody":"","fileTypesAndContributionMap":{"txt":{"insertions":2,"deletions":0},"java":{"insertions":32,"deletions":2}}},{"hash":"d0a54923409d761f5caa5a341d166b6f168671e0","isMergeCommit":false,"messageTitle":"Task and its subclass: Add new constructor that can specify isDone attribute","messageBody":"","fileTypesAndContributionMap":{"java":{"insertions":27,"deletions":7}}},{"hash":"dc7c83d6487c694e73bb3203fb51105ba12872ab","isMergeCommit":false,"messageTitle":"Make read task from file create task with correct isDone status","messageBody":"","fileTypesAndContributionMap":{"txt":{"insertions":2,"deletions":2},"java":{"insertions":18,"deletions":6}}},{"hash":"27078adfd4b3530bd6ca04dba3dfde43bcbc7e8e","isMergeCommit":false,"messageTitle":"Task and its subclasses: Change constructor method signature","messageBody":"","fileTypesAndContributionMap":{"java":{"insertions":13,"deletions":13}}},{"hash":"83526d7ddce0f177b9742634ce3de3b98e5df2b4","isMergeCommit":false,"messageTitle":"Duck.java: Handle case for corrupted data file, Add print message to inform starting up of Duck","messageBody":"","fileTypesAndContributionMap":{"txt":{"insertions":3,"deletions":1},"java":{"insertions":76,"deletions":26}}},{"hash":"030e913cd9e812f127c1b86bfce126699a0d53c9","isMergeCommit":true,"messageTitle":"Merge branch \u0027branch-Level-7\u0027","messageBody":"","tags":["Level-7"],"fileTypesAndContributionMap":{}},{"hash":"aa12750b515a5dbd91f502af0c43086890d4263f","isMergeCommit":false,"messageTitle":"Duck.java: Add function to convert valid date-time string into LocalDateTime","messageBody":"","fileTypesAndContributionMap":{"java":{"insertions":30,"deletions":2}}},{"hash":"b982e857045b2d8bbfa92581f164d8fa4a9e45b1","isMergeCommit":false,"messageTitle":"Allow LocalDateTime to be saved in data file in correct format","messageBody":"","fileTypesAndContributionMap":{"txt":{"insertions":7,"deletions":0},"java":{"insertions":65,"deletions":45}}},{"hash":"fcca587681c9a9c6327480dff8371ef68e8f4c24","isMergeCommit":false,"messageTitle":"Event.java: Enforce end is after start, Duck.java: Allow search for task with \u0027on\u0027 instruction","messageBody":"","tags":["Level-8"],"fileTypesAndContributionMap":{"txt":{"insertions":3,"deletions":1},"java":{"insertions":53,"deletions":12}}}]},{"date":"2024-08-25","commitResults":[{"hash":"6244c78bb8299c443c526a8bdad9912549dd257d","isMergeCommit":false,"messageTitle":"Refactor Duck to include more OOP, package application","messageBody":"","tags":["A-Packages","A-MoreOOP"],"fileTypesAndContributionMap":{"txt":{"insertions":17,"deletions":23},"java":{"insertions":1253,"deletions":464},"bat":{"insertions":4,"deletions":2},"sh":{"insertions":1,"deletions":1}}},{"hash":"18404a908314401f8336599334751c753c278bee","isMergeCommit":true,"messageTitle":"Merge branch \u0027add-gradle-support\u0027","messageBody":"","fileTypesAndContributionMap":{}},{"hash":"4d5c4286517dfd722b365b004c3d7a2a59f500c4","isMergeCommit":false,"messageTitle":"Add JUnit Tests, Set Up build.gradle configs","messageBody":"","tags":["A-Jar","A-JUnit","A-Gradle"],"fileTypesAndContributionMap":{"gradle":{"insertions":6,"deletions":3},"txt":{"insertions":8,"deletions":1},"java":{"insertions":167,"deletions":0}}},{"hash":"93a97ed7f7eddc6b0e66b5de4f4219b37b6554b8","isMergeCommit":false,"messageTitle":"Remove commented out code in Duck","messageBody":"","fileTypesAndContributionMap":{"java":{"insertions":0,"deletions":409}}}]},{"date":"2024-08-26","commitResults":[{"hash":"3625cf66fd29019bb6a634c9028ef4fcda0e1e26","isMergeCommit":false,"messageTitle":"Add JavaDocs to all the files","messageBody":"","fileTypesAndContributionMap":{"java":{"insertions":798,"deletions":83}}},{"hash":"dda80c8b3491f51368fb007c6c95e89a415c7723","isMergeCommit":false,"messageTitle":"Adhere to coding standards","messageBody":"","fileTypesAndContributionMap":{"java":{"insertions":21,"deletions":47}}},{"hash":"87a8d53cdfd28e7ea7154ca1d9f8e77f1c8d0df3","isMergeCommit":false,"messageTitle":"Add find functionality to Duck","messageBody":"","fileTypesAndContributionMap":{"txt":{"insertions":3,"deletions":0},"java":{"insertions":60,"deletions":6}}},{"hash":"84ae0c5273f540f69a20a5052ba226819beb5d87","isMergeCommit":true,"messageTitle":"Merge branch \u0027branch-A-CodingStandard\u0027","messageBody":"","fileTypesAndContributionMap":{}},{"hash":"107dde4cacc8ddb2ee377ed8e483119755c6a8f9","isMergeCommit":true,"messageTitle":"Merge branch-Level-9 and fix conflict","messageBody":"","tags":["Level-9","A-JavaDoc","A-CodingStandard"],"fileTypesAndContributionMap":{}}]}]},"authorFileTypeContributionMap":{"Feng1231":{"java":1944,"md":0,"fxml":0,"sh":2,"bat":4,"gradle":6,"txt":30}},"authorContributionVariance":{"Feng1231":474984.28},"authorDisplayNameMap":{"Feng1231":"CS2103T-F14a-1 CHEN..FENG"}}
