{"authorDailyContributionsMap":{"dominopizzaaaa":[{"date":"2024-08-19","commitResults":[{"hash":"c1955eb27761c517c5c97e5c6928eaf6b7a70597","isMergeCommit":false,"messageTitle":"Renamed Papadom.java and Changed its contents","messageBody":"","tags":["Level-0"],"fileTypesAndContributionMap":{"java":{"insertions":11,"deletions":10}}},{"hash":"5a9b2df1808db0460e037fcd28f2a400dfe06713","isMergeCommit":false,"messageTitle":"Made system able to take inputs, exit upon bye command","messageBody":"","tags":["Level-1"],"fileTypesAndContributionMap":{"java":{"insertions":20,"deletions":1}}},{"hash":"5e9cd62dd1227d133c373dcb0d38cc3e8f2b5040","isMergeCommit":false,"messageTitle":"Allow users to add to a list and display the list","messageBody":"","fileTypesAndContributionMap":{"java":{"insertions":11,"deletions":1}}},{"hash":"6933514f686bf61addae23bad24d81345d6aca4a","isMergeCommit":false,"messageTitle":"Used array for storing task instead for easy access and tracking","messageBody":"","tags":["Level-2"],"fileTypesAndContributionMap":{"java":{"insertions":21,"deletions":13}}},{"hash":"923fc2187e415aeb1cc1bd501e59f8045b122127","isMergeCommit":false,"messageTitle":"created new class Task and able to mark and unmark tasks","messageBody":"","fileTypesAndContributionMap":{"java":{"insertions":37,"deletions":6}}},{"hash":"b7a184dec138a7a1ce102073020a6a0bb394746b","isMergeCommit":false,"messageTitle":"Added Javadocs","messageBody":"","tags":["Level-3"],"fileTypesAndContributionMap":{"java":{"insertions":30,"deletions":0}}},{"hash":"4d51cbabc0172501e35fa21363df5dd5fce081d7","isMergeCommit":false,"messageTitle":"added 3 new sub types of Task","messageBody":"","fileTypesAndContributionMap":{"java":{"insertions":36,"deletions":0}}}]},{"date":"2024-08-20","commitResults":[{"hash":"8087fde69dd99d40c3d11b038a7f4bc681ae83ae","isMergeCommit":false,"messageTitle":"Changed array to arraylist, added functionalities for the 3 types","messageBody":"","tags":["Level-4"],"fileTypesAndContributionMap":{"java":{"insertions":55,"deletions":27}}},{"hash":"af3f79e9b1f8ae6c6dc28a0a3ac062a907dcd1b4","isMergeCommit":false,"messageTitle":"done testing and adjustment to Papadom file","messageBody":"","tags":["A-TextUiTesting"],"fileTypesAndContributionMap":{"txt":{"insertions":9,"deletions":0},"java":{"insertions":14,"deletions":14},"bat":{"insertions":3,"deletions":3},"sh":{"insertions":3,"deletions":7}}},{"hash":"0a631fc27559e9948e72b4a21049b818878d1aea","isMergeCommit":false,"messageTitle":"Added exception handling","messageBody":"","fileTypesAndContributionMap":{"java":{"insertions":48,"deletions":19}}},{"hash":"14a28d8b96ea5e7f615ef4bf3303c8935f486c15","isMergeCommit":false,"messageTitle":"Encapsulate dashes into a function","messageBody":"","tags":["Level-5"],"fileTypesAndContributionMap":{"java":{"insertions":31,"deletions":44}}},{"hash":"6d5235da6faa793f17f5832ce5575826b6bae2d5","isMergeCommit":false,"messageTitle":"Added delete function","messageBody":"","fileTypesAndContributionMap":{"java":{"insertions":10,"deletions":1}}},{"hash":"498bc412c81236a35e5276f2cc70e6bed6bbcbc7","isMergeCommit":false,"messageTitle":" Added more exception handling","messageBody":"","tags":["Level-6"],"fileTypesAndContributionMap":{"java":{"insertions":48,"deletions":15}}},{"hash":"4f98d5df1d9deb8748b045d86324f1676a92d2ca","isMergeCommit":false,"messageTitle":"Added enum","messageBody":"","tags":["A-Enums"],"fileTypesAndContributionMap":{"txt":{"insertions":2,"deletions":0},"java":{"insertions":45,"deletions":20}}},{"hash":"c66cd16155755900a13b8a27fc61e11a8ba95790","isMergeCommit":false,"messageTitle":"Follow Java Conventions, added Javadocs","messageBody":"","fileTypesAndContributionMap":{"java":{"insertions":123,"deletions":39}}}]},{"date":"2024-08-21","commitResults":[{"hash":"c910073be7850d4f635ae7472ee112f06486bf1a","isMergeCommit":false,"messageTitle":"Changing file structure","messageBody":"","fileTypesAndContributionMap":{"java":{"insertions":12,"deletions":0}}}]},{"date":"2024-08-24","commitResults":[{"hash":"8206befc68d3d8338b3973eb2485413a455ae461","isMergeCommit":false,"messageTitle":"Save tasks into tasks.txt","messageBody":"","fileTypesAndContributionMap":{"txt":{"insertions":3,"deletions":0},"java":{"insertions":32,"deletions":1}}},{"hash":"782cda0b027a1b8cab627c23f0e266fda12a3c36","isMergeCommit":true,"messageTitle":"Merge branch \u0027branch-Level-7\u0027","messageBody":"","tags":["Level-7"],"fileTypesAndContributionMap":{}},{"hash":"14d6168b9cf2c7732cec439434fbed9c636f2781","isMergeCommit":false,"messageTitle":"Store deadline dates as DateTime or Date","messageBody":"","fileTypesAndContributionMap":{"java":{"insertions":52,"deletions":6}}},{"hash":"33afdb7ba3abcab376021770e4244c8aa8855ded","isMergeCommit":false,"messageTitle":"Add new test cases","messageBody":"","fileTypesAndContributionMap":{"txt":{"insertions":2,"deletions":1}}},{"hash":"c6b1123eb9388c2b390aaa0ad4dfc45c5c73c55c","isMergeCommit":true,"messageTitle":"Merge branch \u0027branch-Level-8\u0027","messageBody":"","tags":["Level-8"],"fileTypesAndContributionMap":{}}]},{"date":"2024-08-25","commitResults":[{"hash":"7d88a1925f8f6262e9ba29cb52cb1014ed59ac6a","isMergeCommit":false,"messageTitle":"Add Parser, Storage and Ui classes","messageBody":"","fileTypesAndContributionMap":{"java":{"insertions":111,"deletions":63}}},{"hash":"64144cdd1cce2443be5b0dc56346a5f83914215e","isMergeCommit":false,"messageTitle":"Extract classes for more OOP","messageBody":"","fileTypesAndContributionMap":{"txt":{"insertions":1,"deletions":0},"java":{"insertions":228,"deletions":264}}},{"hash":"a172e06bf992c72c0e6ef1ab1afe48c0f8475877","isMergeCommit":false,"messageTitle":"Add Commands abstraction and AddToDoCommand","messageBody":"","fileTypesAndContributionMap":{"java":{"insertions":32,"deletions":2}}},{"hash":"28e5e5304a07ac7e301289d0416ed2ec4ac1818b","isMergeCommit":false,"messageTitle":"Add Commands abstraction and AddToDoCommand","messageBody":"","fileTypesAndContributionMap":{"java":{"insertions":2,"deletions":0}}},{"hash":"1f02d3c0aedb42134a7854e5288ae12d1633e2cc","isMergeCommit":false,"messageTitle":"Add AddEventCommand class","messageBody":"","fileTypesAndContributionMap":{"java":{"insertions":31,"deletions":4}}},{"hash":"20ee205ffebb6c8d8fcc7b3276f95ad4a930dd71","isMergeCommit":false,"messageTitle":"Add AddDeadlineCommand class","messageBody":"","fileTypesAndContributionMap":{"java":{"insertions":30,"deletions":2}}},{"hash":"91369b46ce3447f5c9542193ad0d9fc7e78c96ef","isMergeCommit":false,"messageTitle":"Modify AddToDoCommand class to remove bug","messageBody":"","fileTypesAndContributionMap":{"java":{"insertions":5,"deletions":5}}},{"hash":"282a6197c641b1203f9b3c1eda5ee2cc270895e5","isMergeCommit":false,"messageTitle":"Remove redundant imports","messageBody":"","fileTypesAndContributionMap":{"java":{"insertions":0,"deletions":4}}},{"hash":"d7a0a24ae3b48451def065f4bfaf7e3e4d918994","isMergeCommit":false,"messageTitle":"Add ListCommand and remove isExit method in Command","messageBody":"","fileTypesAndContributionMap":{"java":{"insertions":14,"deletions":15}}},{"hash":"8f7214bef31a1d592162c1b1dd57ca20541dc050","isMergeCommit":false,"messageTitle":"Add ExitCommand class","messageBody":"","fileTypesAndContributionMap":{"java":{"insertions":14,"deletions":1}}},{"hash":"8b05b04b62460173ecede650668797373e0170f0","isMergeCommit":false,"messageTitle":"Add Mark and Unmark Commands","messageBody":"","fileTypesAndContributionMap":{"java":{"insertions":40,"deletions":2}}},{"hash":"a939d569a409c9dbc299b60ff8867e08e178d64f","isMergeCommit":false,"messageTitle":"Add DeleteEventCommand","messageBody":"","fileTypesAndContributionMap":{"java":{"insertions":20,"deletions":1}}},{"hash":"c72ad3a6cbfc4ce582b6f090eade561a372b9e1d","isMergeCommit":false,"messageTitle":"Stash files temporarily","messageBody":"","fileTypesAndContributionMap":{"txt":{"insertions":3,"deletions":0},"java":{"insertions":26,"deletions":27}}},{"hash":"64ecb6046d67728c3a54fa122934d87c17e6bc8d","isMergeCommit":false,"messageTitle":"Updated Test routes","messageBody":"","fileTypesAndContributionMap":{"txt":{"insertions":6,"deletions":1},"sh":{"insertions":4,"deletions":2}}},{"hash":"aa67b62a37637cc95bb0f51d12e69ddaa45fd977","isMergeCommit":false,"messageTitle":"Updated Test routes","messageBody":"","fileTypesAndContributionMap":{"bat":{"insertions":2,"deletions":2}}},{"hash":"9a29e13b09da2fb3246077bfac6f171c77d1a901","isMergeCommit":false,"messageTitle":"Fix bugs","messageBody":"","fileTypesAndContributionMap":{"java":{"insertions":2,"deletions":2}}},{"hash":"a74b870ac673d6f052ee651336150541cc494e0c","isMergeCommit":false,"messageTitle":"Add more test cases","messageBody":"","fileTypesAndContributionMap":{"txt":{"insertions":1,"deletions":0}}},{"hash":"126e1c9473fa1237d314826558a30031d2ebbd31","isMergeCommit":false,"messageTitle":"Add tasks files","messageBody":"","fileTypesAndContributionMap":{"txt":{"insertions":4,"deletions":4}}},{"hash":"31d65f4e7464c60d4e4bb2819dcb2e7feb0ead4a","isMergeCommit":true,"messageTitle":"Merge branch \u0027more-OOP\u0027","messageBody":"","tags":["A-MoreOOP"],"fileTypesAndContributionMap":{}},{"hash":"7f02d6bac72830693d4ed8153a15a77e6539e002","isMergeCommit":false,"messageTitle":"Organise files into packages","messageBody":"","fileTypesAndContributionMap":{"java":{"insertions":15,"deletions":13}}},{"hash":"6e7595376cd9100f58c1eaf4a39150da4a60679b","isMergeCommit":false,"messageTitle":"Encapsulate main method","messageBody":"","tags":["A-Packages"],"fileTypesAndContributionMap":{"java":{"insertions":31,"deletions":28}}},{"hash":"e6d09555ab5504b6634c948bc4e08faa9f7dcfea","isMergeCommit":false,"messageTitle":"Update","messageBody":"","fileTypesAndContributionMap":{"txt":{"insertions":4,"deletions":0},"bat":{"insertions":2,"deletions":2}}},{"hash":"4f02d36cc2f7d034843df51b5cf357fd189ee7d4","isMergeCommit":true,"messageTitle":"Merge branch \u0027add-gradle-support\u0027","messageBody":"","tags":["A-Gradle"],"fileTypesAndContributionMap":{}},{"hash":"8203a81791b0b019cfedad8cdd79542c7df56958","isMergeCommit":false,"messageTitle":"Add test folder","messageBody":"","fileTypesAndContributionMap":{"txt":{"insertions":1,"deletions":0},"java":{"insertions":597,"deletions":0}}},{"hash":"f69417d89be551288d419e9f44bc760aa1347afc","isMergeCommit":false,"messageTitle":"Add test case for Todo command","messageBody":"","fileTypesAndContributionMap":{"java":{"insertions":40,"deletions":12}}},{"hash":"ef55df45c2b58ca7b065c12b8724e8889e84a168","isMergeCommit":false,"messageTitle":"Add test case for adding event task","messageBody":"","fileTypesAndContributionMap":{"java":{"insertions":42,"deletions":23}}}]},{"date":"2024-08-26","commitResults":[{"hash":"b6f8773031b70c3234e79dbaf57a17ada8f8d9d6","isMergeCommit":false,"messageTitle":"Touch up test cases for Todo commands and change some logic for todo, remove some redundant exceptions","messageBody":"","fileTypesAndContributionMap":{"txt":{"insertions":19,"deletions":0},"java":{"insertions":166,"deletions":430}}},{"hash":"58fe6b11cef29d2123dfe68dfd62fb70f563b7f1","isMergeCommit":false,"messageTitle":"Remove useless test files","messageBody":"","fileTypesAndContributionMap":{"java":{"insertions":0,"deletions":23}}},{"hash":"394884282f7ed4130b2c1924954c326b5c522666","isMergeCommit":false,"messageTitle":"Add test cases for all tasks adding","messageBody":"","tags":["A-JUnit"],"fileTypesAndContributionMap":{"txt":{"insertions":2,"deletions":0},"java":{"insertions":85,"deletions":18}}},{"hash":"5633977bff6709d65897a0e89975829e1b88b048","isMergeCommit":false,"messageTitle":"Add Javadocs for commands","messageBody":"","fileTypesAndContributionMap":{"java":{"insertions":134,"deletions":12}}},{"hash":"3e506a63d1d5829e4added0961ba797b8440484c","isMergeCommit":false,"messageTitle":"Add Javadocs for exceptions and storage directories","messageBody":"","fileTypesAndContributionMap":{"java":{"insertions":93,"deletions":6}}},{"hash":"6aeedb733bc60406df9a59f54775b287ad5992a6","isMergeCommit":false,"messageTitle":"Add Javadocs for files","messageBody":"","tags":["A-JavaDoc"],"fileTypesAndContributionMap":{"java":{"insertions":115,"deletions":19}}},{"hash":"7be7323432f0f8e18cf68d9d991689b4aa9f94d6","isMergeCommit":false,"messageTitle":"Follow Java Coding Standard","messageBody":"","fileTypesAndContributionMap":{"java":{"insertions":97,"deletions":59}}},{"hash":"26350beca15d7d1f78dec7d61fd67c9f099aae5f","isMergeCommit":false,"messageTitle":"Add Find by keyword functionality","messageBody":"","fileTypesAndContributionMap":{"txt":{"insertions":8,"deletions":0},"java":{"insertions":68,"deletions":4}}},{"hash":"fab72bcab039fd18c49eefa637e615d9035d7a71","isMergeCommit":true,"messageTitle":"Merge branch \u0027branch-Level-9\u0027","messageBody":"","tags":["Level-9"],"fileTypesAndContributionMap":{}},{"hash":"ca0e62600cf028db273e53afbbdb67245dd2e38f","isMergeCommit":true,"messageTitle":"Merge branch \u0027branch-A-CodingStandard\u0027","messageBody":"","fileTypesAndContributionMap":{}},{"hash":"14e2f806584b5618611c83552f385683f07edae4","isMergeCommit":false,"messageTitle":"Editted test cases","messageBody":"","fileTypesAndContributionMap":{"txt":{"insertions":7,"deletions":0},"java":{"insertions":12,"deletions":6}}},{"hash":"723ad1e38f75576688bfddddae2448e2af933516","isMergeCommit":false,"messageTitle":"Remove redundant files in test folder","messageBody":"","fileTypesAndContributionMap":{"java":{"insertions":0,"deletions":173}}},{"hash":"cdb1b7861a0ae80b85395d1f0f66cc36d94fa633","isMergeCommit":false,"messageTitle":"Change name of packages to follow Java convention","messageBody":"","tags":["A-CodingStandard"],"fileTypesAndContributionMap":{"txt":{"insertions":0,"deletions":0},"java":{"insertions":49,"deletions":50}}}]}]},"authorFileTypeContributionMap":{"dominopizzaaaa":{"java":1264,"md":0,"fxml":0,"sh":4,"bat":2,"gradle":0,"txt":66}},"authorContributionVariance":{"dominopizzaaaa":419480.4},"authorDisplayNameMap":{"dominopizzaaaa":"CS2103T-T08-4 DOMI.. JUN"}}
