{"authorDailyContributionsMap":{"dominopizzaaaa":[{"date":"2024-08-19","commitResults":[{"hash":"c1955eb27761c517c5c97e5c6928eaf6b7a70597","isMergeCommit":false,"messageTitle":"Renamed Papadom.java and Changed its contents","messageBody":"","tags":["Level-0"],"fileTypesAndContributionMap":{"java":{"insertions":11,"deletions":10}}},{"hash":"5a9b2df1808db0460e037fcd28f2a400dfe06713","isMergeCommit":false,"messageTitle":"Made system able to take inputs, exit upon bye command","messageBody":"","tags":["Level-1"],"fileTypesAndContributionMap":{"java":{"insertions":20,"deletions":1}}},{"hash":"5e9cd62dd1227d133c373dcb0d38cc3e8f2b5040","isMergeCommit":false,"messageTitle":"Allow users to add to a list and display the list","messageBody":"","fileTypesAndContributionMap":{"java":{"insertions":11,"deletions":1}}},{"hash":"6933514f686bf61addae23bad24d81345d6aca4a","isMergeCommit":false,"messageTitle":"Used array for storing task instead for easy access and tracking","messageBody":"","tags":["Level-2"],"fileTypesAndContributionMap":{"java":{"insertions":21,"deletions":13}}},{"hash":"923fc2187e415aeb1cc1bd501e59f8045b122127","isMergeCommit":false,"messageTitle":"created new class Task and able to mark and unmark tasks","messageBody":"","fileTypesAndContributionMap":{"java":{"insertions":37,"deletions":6}}},{"hash":"b7a184dec138a7a1ce102073020a6a0bb394746b","isMergeCommit":false,"messageTitle":"Added Javadocs","messageBody":"","tags":["Level-3"],"fileTypesAndContributionMap":{"java":{"insertions":30,"deletions":0}}},{"hash":"4d51cbabc0172501e35fa21363df5dd5fce081d7","isMergeCommit":false,"messageTitle":"added 3 new sub types of Task","messageBody":"","fileTypesAndContributionMap":{"java":{"insertions":36,"deletions":0}}}]},{"date":"2024-08-20","commitResults":[{"hash":"8087fde69dd99d40c3d11b038a7f4bc681ae83ae","isMergeCommit":false,"messageTitle":"Changed array to arraylist, added functionalities for the 3 types","messageBody":"","tags":["Level-4"],"fileTypesAndContributionMap":{"java":{"insertions":55,"deletions":27}}},{"hash":"af3f79e9b1f8ae6c6dc28a0a3ac062a907dcd1b4","isMergeCommit":false,"messageTitle":"done testing and adjustment to Papadom file","messageBody":"","tags":["A-TextUiTesting"],"fileTypesAndContributionMap":{"txt":{"insertions":9,"deletions":0},"java":{"insertions":14,"deletions":14},"bat":{"insertions":3,"deletions":3},"sh":{"insertions":3,"deletions":7}}},{"hash":"0a631fc27559e9948e72b4a21049b818878d1aea","isMergeCommit":false,"messageTitle":"Added exception handling","messageBody":"","fileTypesAndContributionMap":{"java":{"insertions":48,"deletions":19}}},{"hash":"14a28d8b96ea5e7f615ef4bf3303c8935f486c15","isMergeCommit":false,"messageTitle":"Encapsulate dashes into a function","messageBody":"","tags":["Level-5"],"fileTypesAndContributionMap":{"java":{"insertions":31,"deletions":44}}},{"hash":"6d5235da6faa793f17f5832ce5575826b6bae2d5","isMergeCommit":false,"messageTitle":"Added delete function","messageBody":"","fileTypesAndContributionMap":{"java":{"insertions":10,"deletions":1}}},{"hash":"498bc412c81236a35e5276f2cc70e6bed6bbcbc7","isMergeCommit":false,"messageTitle":" Added more exception handling","messageBody":"","tags":["Level-6"],"fileTypesAndContributionMap":{"java":{"insertions":48,"deletions":15}}},{"hash":"4f98d5df1d9deb8748b045d86324f1676a92d2ca","isMergeCommit":false,"messageTitle":"Added enum","messageBody":"","tags":["A-Enums"],"fileTypesAndContributionMap":{"txt":{"insertions":2,"deletions":0},"java":{"insertions":45,"deletions":20}}}]}]},"authorFileTypeContributionMap":{"dominopizzaaaa":{"java":256,"md":0,"fxml":0,"sh":2,"bat":2,"gradle":0,"txt":11}},"authorContributionVariance":{"dominopizzaaaa":27577.6},"authorDisplayNameMap":{"dominopizzaaaa":"DOMI.. JUN"}}
