{"authorDailyContributionsMap":{"XinghuaJulia":[{"date":"2024-08-17","commitResults":[{"hash":"423f9d7c02b847efa1e493e30b0261699a58bcbc","isMergeCommit":false,"messageTitle":"Rename, Greet, Exit","messageBody":"","tags":["Level-0"],"fileTypesAndContributionMap":{"java":{"insertions":13,"deletions":10}}},{"hash":"dd2a521e6bd030a17bdc26d0aebc1199e468c0bd","isMergeCommit":false,"messageTitle":"Echo","messageBody":"","tags":["Level-1"],"fileTypesAndContributionMap":{"java":{"insertions":18,"deletions":2}}},{"hash":"fdcba8d575d91c040e064ff618656230305effec","isMergeCommit":false,"messageTitle":"Add, List","messageBody":"","tags":["Level-2"],"fileTypesAndContributionMap":{"java":{"insertions":31,"deletions":13}}},{"hash":"4a52bc5850db7fe293b0e002426b92b47dbbaeca","isMergeCommit":false,"messageTitle":"Mark as Done","messageBody":"","tags":["Level-3","A-Classes"],"fileTypesAndContributionMap":{"java":{"insertions":45,"deletions":2}}}]},{"date":"2024-08-18","commitResults":[{"hash":"4009927a16787a8770d62457ba25b0decdcb84fe","isMergeCommit":false,"messageTitle":"ToDos, Events, Deadlines","messageBody":"","tags":["Level-4"],"fileTypesAndContributionMap":{"java":{"insertions":53,"deletions":6}}},{"hash":"4c237569bd5b5d2e83e95463e63939e270a1874c","isMergeCommit":false,"messageTitle":"Automated Text UI Testing","messageBody":"","tags":["A-TextUiTesting"],"fileTypesAndContributionMap":{"txt":{"insertions":5,"deletions":0},"bat":{"insertions":1,"deletions":1},"sh":{"insertions":1,"deletions":1}}},{"hash":"d3630f0232d4f506f1fff721b118654f5844ab29","isMergeCommit":false,"messageTitle":"Handle Errors","messageBody":"","tags":["Level-5","A-Exceptions"],"fileTypesAndContributionMap":{"java":{"insertions":43,"deletions":20}}}]},{"date":"2024-08-22","commitResults":[{"hash":"a9a5ae32f6fbce742fd0fedd05e873dcd117382f","isMergeCommit":false,"messageTitle":"Delete, Use Java Collections Classes","messageBody":"","tags":["Level-6","A-Collections"],"fileTypesAndContributionMap":{"txt":{"insertions":7,"deletions":2},"java":{"insertions":44,"deletions":13}}}]}]},"authorFileTypeContributionMap":{"XinghuaJulia":{"java":191,"md":0,"fxml":0,"sh":1,"bat":1,"gradle":0,"txt":10}},"authorContributionVariance":{"XinghuaJulia":3403.0618},"authorDisplayNameMap":{"XinghuaJulia":"LIN ..INER"}}
