{"authorDailyContributionsMap":{"TechRaj":[{"date":"2024-08-19","commitResults":[{"hash":"b32fcc436b79a591c9e1ea3eb42f5c799340d187","isMergeCommit":false,"messageTitle":"Rename, Greet, Exit","messageBody":"","tags":["Level-0"],"fileTypesAndContributionMap":{"java":{"insertions":8,"deletions":10}}},{"hash":"b0677b2efe094578ff25e69bdef6551248079a47","isMergeCommit":false,"messageTitle":"Echo","messageBody":"","tags":["Level-1"],"fileTypesAndContributionMap":{"java":{"insertions":14,"deletions":1}}},{"hash":"f35d61f5dc565a5ba77fbaac069aee0e81a91648","isMergeCommit":false,"messageTitle":"Add, List","messageBody":"","tags":["level-2"],"fileTypesAndContributionMap":{"java":{"insertions":15,"deletions":1}}},{"hash":"b663bdc98e74015c6b1e7709d1ae9b2a6ef8706b","isMergeCommit":false,"messageTitle":"Mark as Done","messageBody":"","tags":["Level-3"],"fileTypesAndContributionMap":{"java":{"insertions":53,"deletions":5}}},{"hash":"fd9f731d33a5e8c715abca51dc012f4b8149ec9c","isMergeCommit":false,"messageTitle":"ToDos, Events, Deadlines","messageBody":"","tags":["Level-4"],"fileTypesAndContributionMap":{"java":{"insertions":111,"deletions":17}}},{"hash":"89f1b3efe0ab735cbae1c7fd550a791ac2fdd6d5","isMergeCommit":false,"messageTitle":" Automated Text UI Testing","messageBody":"","tags":["A-TextUiTesting"],"fileTypesAndContributionMap":{"txt":{"insertions":9,"deletions":0},"java":{"insertions":18,"deletions":30},"sh":{"insertions":10,"deletions":14}}},{"hash":"2d319c2ad0dcfa438cba48a03ce1e55418b278dc","isMergeCommit":false,"messageTitle":"Handle Errors","messageBody":"","tags":["Level-5"],"fileTypesAndContributionMap":{"java":{"insertions":89,"deletions":35}}},{"hash":"954e7bbab179933cc715dcf46970bde782712fbd","isMergeCommit":false,"messageTitle":"delete","messageBody":"","tags":["Level-6"],"fileTypesAndContributionMap":{"java":{"insertions":26,"deletions":0}}}]}]},"authorFileTypeContributionMap":{"TechRaj":{"java":245,"md":0,"fxml":0,"sh":8,"bat":0,"gradle":0,"txt":9}},"authorContributionVariance":{"TechRaj":40716.75},"authorDisplayNameMap":{"TechRaj":"SIVA..KRAJ"}}
