[{"path":"src/main/java/Bunbun.java","fileType":"java","lines":[{"lineNumber":1,"author":{"gitId":"EdaYeo"},"content":"import java.util.ArrayList;","lastModifiedDate":"2024-08-20","isFullCredit":false},{"lineNumber":2,"author":{"gitId":"EdaYeo"},"content":"","lastModifiedDate":"2024-08-20","isFullCredit":false},{"lineNumber":3,"author":{"gitId":"EdaYeo"},"content":"/**","lastModifiedDate":"2024-08-20","isFullCredit":false},{"lineNumber":4,"author":{"gitId":"EdaYeo"},"content":" * This class implements a chatbot by the name of Bunbun.","lastModifiedDate":"2024-08-20","isFullCredit":false},{"lineNumber":5,"author":{"gitId":"EdaYeo"},"content":" *","lastModifiedDate":"2024-08-20","isFullCredit":false},{"lineNumber":6,"author":{"gitId":"EdaYeo"},"content":" * @author Eda Yeo","lastModifiedDate":"2024-08-20","isFullCredit":false},{"lineNumber":7,"author":{"gitId":"EdaYeo"},"content":" * @version CS2103T AY24/25 Semester 1","lastModifiedDate":"2024-08-20","isFullCredit":false},{"lineNumber":8,"author":{"gitId":"EdaYeo"},"content":" */","lastModifiedDate":"2024-08-20","isFullCredit":false},{"lineNumber":9,"author":{"gitId":"EdaYeo"},"content":"public class Bunbun {","lastModifiedDate":"2024-08-19","isFullCredit":false},{"lineNumber":10,"author":{"gitId":"EdaYeo"},"content":"    public static void main(String[] args) {","lastModifiedDate":"2024-08-19","isFullCredit":false},{"lineNumber":11,"author":{"gitId":"EdaYeo"},"content":"        UI.startScreen();","lastModifiedDate":"2024-08-20","isFullCredit":false},{"lineNumber":12,"author":{"gitId":"EdaYeo"},"content":"        TaskList list \u003d new TaskList();","lastModifiedDate":"2024-08-20","isFullCredit":false},{"lineNumber":13,"author":{"gitId":"EdaYeo"},"content":"","lastModifiedDate":"2024-08-20","isFullCredit":false},{"lineNumber":14,"author":{"gitId":"EdaYeo"},"content":"        while (true) {","lastModifiedDate":"2024-08-20","isFullCredit":false},{"lineNumber":15,"author":{"gitId":"EdaYeo"},"content":"            String msg \u003d Parser.getMessage();","lastModifiedDate":"2024-08-20","isFullCredit":false},{"lineNumber":16,"author":{"gitId":"EdaYeo"},"content":"            if (msg.equals(\"bye\")) {","lastModifiedDate":"2024-08-20","isFullCredit":false},{"lineNumber":17,"author":{"gitId":"EdaYeo"},"content":"                UI.endScreen();","lastModifiedDate":"2024-08-20","isFullCredit":false},{"lineNumber":18,"author":{"gitId":"EdaYeo"},"content":"                break;","lastModifiedDate":"2024-08-20","isFullCredit":false},{"lineNumber":19,"author":{"gitId":"EdaYeo"},"content":"            } else {","lastModifiedDate":"2024-08-20","isFullCredit":false},{"lineNumber":20,"author":{"gitId":"EdaYeo"},"content":"                System.out.println(msg);","lastModifiedDate":"2024-08-20","isFullCredit":false},{"lineNumber":21,"author":{"gitId":"EdaYeo"},"content":"                ArrayList\u003cString\u003e tokens \u003d Parser.getTokens();","lastModifiedDate":"2024-08-20","isFullCredit":false},{"lineNumber":22,"author":{"gitId":"EdaYeo"},"content":"                String firstWord \u003d tokens.get(0);","lastModifiedDate":"2024-08-21","isFullCredit":false},{"lineNumber":23,"author":{"gitId":"EdaYeo"},"content":"                int len \u003d tokens.size();","lastModifiedDate":"2024-08-21","isFullCredit":false},{"lineNumber":24,"author":{"gitId":"EdaYeo"},"content":"                if (firstWord.equals(\"list\")) {","lastModifiedDate":"2024-08-21","isFullCredit":false},{"lineNumber":25,"author":{"gitId":"EdaYeo"},"content":"                    list.displayList();","lastModifiedDate":"2024-08-20","isFullCredit":false},{"lineNumber":26,"author":{"gitId":"EdaYeo"},"content":"                } else if (firstWord.equals(\"mark\")) {","lastModifiedDate":"2024-08-21","isFullCredit":false},{"lineNumber":27,"author":{"gitId":"EdaYeo"},"content":"                    if (len \u003d\u003d 2) {","lastModifiedDate":"2024-08-21","isFullCredit":false},{"lineNumber":28,"author":{"gitId":"EdaYeo"},"content":"                        String val \u003d tokens.get(1);","lastModifiedDate":"2024-08-20","isFullCredit":false},{"lineNumber":29,"author":{"gitId":"EdaYeo"},"content":"                        list.markDoneTask(Integer.parseInt(val));","lastModifiedDate":"2024-08-20","isFullCredit":false},{"lineNumber":30,"author":{"gitId":"EdaYeo"},"content":"                    } else {","lastModifiedDate":"2024-08-20","isFullCredit":false},{"lineNumber":31,"author":{"gitId":"EdaYeo"},"content":"                        UI.response(\"Specify 1! positive integer to mark task as complete D:\");","lastModifiedDate":"2024-08-22","isFullCredit":false},{"lineNumber":32,"author":{"gitId":"EdaYeo"},"content":"                    }","lastModifiedDate":"2024-08-22","isFullCredit":false},{"lineNumber":33,"author":{"gitId":"EdaYeo"},"content":"                } else if (firstWord.equals(\"todo\")) {","lastModifiedDate":"2024-08-22","isFullCredit":false},{"lineNumber":34,"author":{"gitId":"EdaYeo"},"content":"                    list.addToDo(tokens);","lastModifiedDate":"2024-08-22","isFullCredit":false},{"lineNumber":35,"author":{"gitId":"EdaYeo"},"content":"                } else if (firstWord.equals(\"deadline\")) {","lastModifiedDate":"2024-08-22","isFullCredit":false},{"lineNumber":36,"author":{"gitId":"EdaYeo"},"content":"                    list.addDeadline(tokens);","lastModifiedDate":"2024-08-22","isFullCredit":false},{"lineNumber":37,"author":{"gitId":"EdaYeo"},"content":"                } else if (firstWord.equals(\"event\")) {","lastModifiedDate":"2024-08-22","isFullCredit":false},{"lineNumber":38,"author":{"gitId":"EdaYeo"},"content":"                    list.addEvent(tokens);","lastModifiedDate":"2024-08-22","isFullCredit":false},{"lineNumber":39,"author":{"gitId":"EdaYeo"},"content":"                } else if (firstWord.equals(\"delete\")) {","lastModifiedDate":"2024-08-22","isFullCredit":false},{"lineNumber":40,"author":{"gitId":"EdaYeo"},"content":"                    if (len \u003d\u003d 2) {","lastModifiedDate":"2024-08-22","isFullCredit":false},{"lineNumber":41,"author":{"gitId":"EdaYeo"},"content":"                        list.deleteTask(Integer.parseInt(tokens.get(1)));","lastModifiedDate":"2024-08-22","isFullCredit":false},{"lineNumber":42,"author":{"gitId":"EdaYeo"},"content":"                    } else {","lastModifiedDate":"2024-08-22","isFullCredit":false},{"lineNumber":43,"author":{"gitId":"EdaYeo"},"content":"                        UI.response(\"Specify 1! positive integer to delete task D:\");","lastModifiedDate":"2024-08-22","isFullCredit":false},{"lineNumber":44,"author":{"gitId":"EdaYeo"},"content":"                    }","lastModifiedDate":"2024-08-21","isFullCredit":false},{"lineNumber":45,"author":{"gitId":"EdaYeo"},"content":"                } else {","lastModifiedDate":"2024-08-21","isFullCredit":false},{"lineNumber":46,"author":{"gitId":"EdaYeo"},"content":"                    UI.response(\"Sorry, I don\u0027t understand \u003e\u003c\");","lastModifiedDate":"2024-08-21","isFullCredit":false},{"lineNumber":47,"author":{"gitId":"EdaYeo"},"content":"                }","lastModifiedDate":"2024-08-20","isFullCredit":false},{"lineNumber":48,"author":{"gitId":"EdaYeo"},"content":"            }","lastModifiedDate":"2024-08-20","isFullCredit":false},{"lineNumber":49,"author":{"gitId":"EdaYeo"},"content":"        }","lastModifiedDate":"2024-08-20","isFullCredit":false},{"lineNumber":50,"author":{"gitId":"EdaYeo"},"content":"    }","lastModifiedDate":"2024-08-19","isFullCredit":false},{"lineNumber":51,"author":{"gitId":"EdaYeo"},"content":"}","lastModifiedDate":"2024-08-19","isFullCredit":false}],"authorContributionMap":{"EdaYeo":51}},{"path":"src/main/java/BunbunException.java","fileType":"java","lines":[{"lineNumber":1,"author":{"gitId":"EdaYeo"},"content":"abstract public class BunbunException extends Exception {","lastModifiedDate":"2024-08-21","isFullCredit":false},{"lineNumber":2,"author":{"gitId":"EdaYeo"},"content":"    public BunbunException(String msg) {","lastModifiedDate":"2024-08-21","isFullCredit":false},{"lineNumber":3,"author":{"gitId":"EdaYeo"},"content":"        super(msg);","lastModifiedDate":"2024-08-21","isFullCredit":false},{"lineNumber":4,"author":{"gitId":"EdaYeo"},"content":"    }","lastModifiedDate":"2024-08-21","isFullCredit":false},{"lineNumber":5,"author":{"gitId":"EdaYeo"},"content":"}","lastModifiedDate":"2024-08-21","isFullCredit":false}],"authorContributionMap":{"EdaYeo":5}},{"path":"src/main/java/Deadline.java","fileType":"java","lines":[{"lineNumber":1,"author":{"gitId":"EdaYeo"},"content":"import java.util.ArrayList;","lastModifiedDate":"2024-08-21","isFullCredit":false},{"lineNumber":2,"author":{"gitId":"EdaYeo"},"content":"","lastModifiedDate":"2024-08-21","isFullCredit":false},{"lineNumber":3,"author":{"gitId":"EdaYeo"},"content":"/**","lastModifiedDate":"2024-08-22","isFullCredit":false},{"lineNumber":4,"author":{"gitId":"EdaYeo"},"content":" * This class implements a Deadline task.","lastModifiedDate":"2024-08-22","isFullCredit":false},{"lineNumber":5,"author":{"gitId":"EdaYeo"},"content":" *","lastModifiedDate":"2024-08-22","isFullCredit":false},{"lineNumber":6,"author":{"gitId":"EdaYeo"},"content":" * @author Eda Yeo","lastModifiedDate":"2024-08-22","isFullCredit":false},{"lineNumber":7,"author":{"gitId":"EdaYeo"},"content":" * @version CS2103T AY24/25 Semester 1","lastModifiedDate":"2024-08-22","isFullCredit":false},{"lineNumber":8,"author":{"gitId":"EdaYeo"},"content":" */","lastModifiedDate":"2024-08-22","isFullCredit":false},{"lineNumber":9,"author":{"gitId":"EdaYeo"},"content":"public class Deadline extends Task {","lastModifiedDate":"2024-08-21","isFullCredit":false},{"lineNumber":10,"author":{"gitId":"EdaYeo"},"content":"","lastModifiedDate":"2024-08-21","isFullCredit":false},{"lineNumber":11,"author":{"gitId":"EdaYeo"},"content":"    private String deadline;","lastModifiedDate":"2024-08-21","isFullCredit":false},{"lineNumber":12,"author":{"gitId":"EdaYeo"},"content":"","lastModifiedDate":"2024-08-21","isFullCredit":false},{"lineNumber":13,"author":{"gitId":"EdaYeo"},"content":"    public Deadline(String task, String deadline) {","lastModifiedDate":"2024-08-21","isFullCredit":false},{"lineNumber":14,"author":{"gitId":"EdaYeo"},"content":"        super(task);","lastModifiedDate":"2024-08-21","isFullCredit":false},{"lineNumber":15,"author":{"gitId":"EdaYeo"},"content":"        this.deadline \u003d deadline;","lastModifiedDate":"2024-08-21","isFullCredit":false},{"lineNumber":16,"author":{"gitId":"EdaYeo"},"content":"    }","lastModifiedDate":"2024-08-21","isFullCredit":false},{"lineNumber":17,"author":{"gitId":"EdaYeo"},"content":"    @Override","lastModifiedDate":"2024-08-21","isFullCredit":false},{"lineNumber":18,"author":{"gitId":"EdaYeo"},"content":"    public String toString() {","lastModifiedDate":"2024-08-21","isFullCredit":false},{"lineNumber":19,"author":{"gitId":"EdaYeo"},"content":"        String str \u003d \"[D]\" + super.toString() + String.format(\"( by: %s)\", this.deadline);","lastModifiedDate":"2024-08-21","isFullCredit":false},{"lineNumber":20,"author":{"gitId":"EdaYeo"},"content":"        return str;","lastModifiedDate":"2024-08-21","isFullCredit":false},{"lineNumber":21,"author":{"gitId":"EdaYeo"},"content":"    }","lastModifiedDate":"2024-08-21","isFullCredit":false},{"lineNumber":22,"author":{"gitId":"EdaYeo"},"content":"}","lastModifiedDate":"2024-08-21","isFullCredit":false}],"authorContributionMap":{"EdaYeo":22}},{"path":"src/main/java/Event.java","fileType":"java","lines":[{"lineNumber":1,"author":{"gitId":"EdaYeo"},"content":"import java.util.ArrayList;","lastModifiedDate":"2024-08-21","isFullCredit":false},{"lineNumber":2,"author":{"gitId":"EdaYeo"},"content":"","lastModifiedDate":"2024-08-21","isFullCredit":false},{"lineNumber":3,"author":{"gitId":"EdaYeo"},"content":"/**","lastModifiedDate":"2024-08-22","isFullCredit":false},{"lineNumber":4,"author":{"gitId":"EdaYeo"},"content":" * This class implements a Event task.","lastModifiedDate":"2024-08-22","isFullCredit":false},{"lineNumber":5,"author":{"gitId":"EdaYeo"},"content":" *","lastModifiedDate":"2024-08-22","isFullCredit":false},{"lineNumber":6,"author":{"gitId":"EdaYeo"},"content":" * @author Eda Yeo","lastModifiedDate":"2024-08-22","isFullCredit":false},{"lineNumber":7,"author":{"gitId":"EdaYeo"},"content":" * @version CS2103T AY24/25 Semester 1","lastModifiedDate":"2024-08-22","isFullCredit":false},{"lineNumber":8,"author":{"gitId":"EdaYeo"},"content":" */","lastModifiedDate":"2024-08-22","isFullCredit":false},{"lineNumber":9,"author":{"gitId":"EdaYeo"},"content":"public class Event extends Task {","lastModifiedDate":"2024-08-21","isFullCredit":false},{"lineNumber":10,"author":{"gitId":"EdaYeo"},"content":"    private String start;","lastModifiedDate":"2024-08-21","isFullCredit":false},{"lineNumber":11,"author":{"gitId":"EdaYeo"},"content":"    private String end;","lastModifiedDate":"2024-08-21","isFullCredit":false},{"lineNumber":12,"author":{"gitId":"EdaYeo"},"content":"","lastModifiedDate":"2024-08-21","isFullCredit":false},{"lineNumber":13,"author":{"gitId":"EdaYeo"},"content":"    public Event(String task, String start, String end) {","lastModifiedDate":"2024-08-21","isFullCredit":false},{"lineNumber":14,"author":{"gitId":"EdaYeo"},"content":"        super(task);","lastModifiedDate":"2024-08-21","isFullCredit":false},{"lineNumber":15,"author":{"gitId":"EdaYeo"},"content":"        this.start \u003d start;","lastModifiedDate":"2024-08-21","isFullCredit":false},{"lineNumber":16,"author":{"gitId":"EdaYeo"},"content":"        this.end \u003d end;","lastModifiedDate":"2024-08-21","isFullCredit":false},{"lineNumber":17,"author":{"gitId":"EdaYeo"},"content":"    }","lastModifiedDate":"2024-08-21","isFullCredit":false},{"lineNumber":18,"author":{"gitId":"EdaYeo"},"content":"    @Override","lastModifiedDate":"2024-08-21","isFullCredit":false},{"lineNumber":19,"author":{"gitId":"EdaYeo"},"content":"    public String toString() {","lastModifiedDate":"2024-08-21","isFullCredit":false},{"lineNumber":20,"author":{"gitId":"EdaYeo"},"content":"        String str \u003d \"[E]\" + super.toString() + String.format(\"( from: %sto: %s)\", this.start, this.end);","lastModifiedDate":"2024-08-21","isFullCredit":false},{"lineNumber":21,"author":{"gitId":"EdaYeo"},"content":"        return str;","lastModifiedDate":"2024-08-21","isFullCredit":false},{"lineNumber":22,"author":{"gitId":"EdaYeo"},"content":"    }","lastModifiedDate":"2024-08-21","isFullCredit":false},{"lineNumber":23,"author":{"gitId":"EdaYeo"},"content":"}","lastModifiedDate":"2024-08-21","isFullCredit":false}],"authorContributionMap":{"EdaYeo":23}},{"path":"src/main/java/Parser.java","fileType":"java","lines":[{"lineNumber":1,"author":{"gitId":"EdaYeo"},"content":"/**","lastModifiedDate":"2024-08-20","isFullCredit":false},{"lineNumber":2,"author":{"gitId":"EdaYeo"},"content":" * This class parses user input for Bunbun.","lastModifiedDate":"2024-08-20","isFullCredit":false},{"lineNumber":3,"author":{"gitId":"EdaYeo"},"content":" *","lastModifiedDate":"2024-08-20","isFullCredit":false},{"lineNumber":4,"author":{"gitId":"EdaYeo"},"content":" * @author Eda Yeo","lastModifiedDate":"2024-08-20","isFullCredit":false},{"lineNumber":5,"author":{"gitId":"EdaYeo"},"content":" * @version CS2103T AY24/25 Semester 1","lastModifiedDate":"2024-08-20","isFullCredit":false},{"lineNumber":6,"author":{"gitId":"EdaYeo"},"content":" */","lastModifiedDate":"2024-08-20","isFullCredit":false},{"lineNumber":7,"author":{"gitId":"EdaYeo"},"content":"import java.util.ArrayList;","lastModifiedDate":"2024-08-20","isFullCredit":false},{"lineNumber":8,"author":{"gitId":"EdaYeo"},"content":"import java.util.Arrays;","lastModifiedDate":"2024-08-20","isFullCredit":false},{"lineNumber":9,"author":{"gitId":"EdaYeo"},"content":"import java.util.Scanner;","lastModifiedDate":"2024-08-20","isFullCredit":false},{"lineNumber":10,"author":{"gitId":"EdaYeo"},"content":"public class Parser {","lastModifiedDate":"2024-08-20","isFullCredit":false},{"lineNumber":11,"author":{"gitId":"EdaYeo"},"content":"","lastModifiedDate":"2024-08-20","isFullCredit":false},{"lineNumber":12,"author":{"gitId":"EdaYeo"},"content":"    private static ArrayList\u003cString\u003e tokens \u003d new ArrayList\u003c\u003e();","lastModifiedDate":"2024-08-20","isFullCredit":false},{"lineNumber":13,"author":{"gitId":"EdaYeo"},"content":"    /**","lastModifiedDate":"2024-08-20","isFullCredit":false},{"lineNumber":14,"author":{"gitId":"EdaYeo"},"content":"     * Method to read user input.","lastModifiedDate":"2024-08-20","isFullCredit":false},{"lineNumber":15,"author":{"gitId":"EdaYeo"},"content":"     *","lastModifiedDate":"2024-08-20","isFullCredit":false},{"lineNumber":16,"author":{"gitId":"EdaYeo"},"content":"     * @return user input as a string.","lastModifiedDate":"2024-08-20","isFullCredit":false},{"lineNumber":17,"author":{"gitId":"EdaYeo"},"content":"     */","lastModifiedDate":"2024-08-20","isFullCredit":false},{"lineNumber":18,"author":{"gitId":"EdaYeo"},"content":"    public static String getMessage() {","lastModifiedDate":"2024-08-20","isFullCredit":false},{"lineNumber":19,"author":{"gitId":"EdaYeo"},"content":"        Scanner scanner \u003d new Scanner(System.in);","lastModifiedDate":"2024-08-20","isFullCredit":false},{"lineNumber":20,"author":{"gitId":"EdaYeo"},"content":"        Parser.tokens.clear();","lastModifiedDate":"2024-08-20","isFullCredit":false},{"lineNumber":21,"author":{"gitId":"EdaYeo"},"content":"        String msg \u003d scanner.nextLine();","lastModifiedDate":"2024-08-20","isFullCredit":false},{"lineNumber":22,"author":{"gitId":"EdaYeo"},"content":"        Parser.tokens \u003d new ArrayList\u003c\u003e(Arrays.asList(msg.split(\" \")));","lastModifiedDate":"2024-08-20","isFullCredit":false},{"lineNumber":23,"author":{"gitId":"EdaYeo"},"content":"        return msg;","lastModifiedDate":"2024-08-20","isFullCredit":false},{"lineNumber":24,"author":{"gitId":"EdaYeo"},"content":"    }","lastModifiedDate":"2024-08-20","isFullCredit":false},{"lineNumber":25,"author":{"gitId":"EdaYeo"},"content":"","lastModifiedDate":"2024-08-20","isFullCredit":false},{"lineNumber":26,"author":{"gitId":"EdaYeo"},"content":"    /**","lastModifiedDate":"2024-08-20","isFullCredit":false},{"lineNumber":27,"author":{"gitId":"EdaYeo"},"content":"     * Method to return individual words of a message as an ArrayList.","lastModifiedDate":"2024-08-20","isFullCredit":false},{"lineNumber":28,"author":{"gitId":"EdaYeo"},"content":"     * @return individual words of the message string as an ArrayList.","lastModifiedDate":"2024-08-20","isFullCredit":false},{"lineNumber":29,"author":{"gitId":"EdaYeo"},"content":"     */","lastModifiedDate":"2024-08-20","isFullCredit":false},{"lineNumber":30,"author":{"gitId":"EdaYeo"},"content":"    public static ArrayList\u003cString\u003e getTokens() {","lastModifiedDate":"2024-08-20","isFullCredit":false},{"lineNumber":31,"author":{"gitId":"EdaYeo"},"content":"        return Parser.tokens;","lastModifiedDate":"2024-08-20","isFullCredit":false},{"lineNumber":32,"author":{"gitId":"EdaYeo"},"content":"    }","lastModifiedDate":"2024-08-20","isFullCredit":false},{"lineNumber":33,"author":{"gitId":"EdaYeo"},"content":"}","lastModifiedDate":"2024-08-20","isFullCredit":false}],"authorContributionMap":{"EdaYeo":33}},{"path":"src/main/java/Task.java","fileType":"java","lines":[{"lineNumber":1,"author":{"gitId":"EdaYeo"},"content":"/**","lastModifiedDate":"2024-08-20","isFullCredit":false},{"lineNumber":2,"author":{"gitId":"EdaYeo"},"content":" * This class implements a Task object.","lastModifiedDate":"2024-08-20","isFullCredit":false},{"lineNumber":3,"author":{"gitId":"EdaYeo"},"content":" *","lastModifiedDate":"2024-08-20","isFullCredit":false},{"lineNumber":4,"author":{"gitId":"EdaYeo"},"content":" * @author Eda Yeo","lastModifiedDate":"2024-08-20","isFullCredit":false},{"lineNumber":5,"author":{"gitId":"EdaYeo"},"content":" * @version CS2103T AY24/25 Semester 1","lastModifiedDate":"2024-08-20","isFullCredit":false},{"lineNumber":6,"author":{"gitId":"EdaYeo"},"content":" */","lastModifiedDate":"2024-08-20","isFullCredit":false},{"lineNumber":7,"author":{"gitId":"EdaYeo"},"content":"public class Task {","lastModifiedDate":"2024-08-20","isFullCredit":false},{"lineNumber":8,"author":{"gitId":"EdaYeo"},"content":"    private String task;","lastModifiedDate":"2024-08-20","isFullCredit":false},{"lineNumber":9,"author":{"gitId":"EdaYeo"},"content":"    private boolean complete;","lastModifiedDate":"2024-08-20","isFullCredit":false},{"lineNumber":10,"author":{"gitId":"EdaYeo"},"content":"","lastModifiedDate":"2024-08-20","isFullCredit":false},{"lineNumber":11,"author":{"gitId":"EdaYeo"},"content":"    /**","lastModifiedDate":"2024-08-20","isFullCredit":false},{"lineNumber":12,"author":{"gitId":"EdaYeo"},"content":"     * Constructor for a task. Initializes completion of task as false.","lastModifiedDate":"2024-08-20","isFullCredit":false},{"lineNumber":13,"author":{"gitId":"EdaYeo"},"content":"     *","lastModifiedDate":"2024-08-20","isFullCredit":false},{"lineNumber":14,"author":{"gitId":"EdaYeo"},"content":"     * @param task String description of task.","lastModifiedDate":"2024-08-20","isFullCredit":false},{"lineNumber":15,"author":{"gitId":"EdaYeo"},"content":"     */","lastModifiedDate":"2024-08-20","isFullCredit":false},{"lineNumber":16,"author":{"gitId":"EdaYeo"},"content":"    public Task(String task) {","lastModifiedDate":"2024-08-20","isFullCredit":false},{"lineNumber":17,"author":{"gitId":"EdaYeo"},"content":"        this.task \u003d task;","lastModifiedDate":"2024-08-20","isFullCredit":false},{"lineNumber":18,"author":{"gitId":"EdaYeo"},"content":"        this.complete \u003d false;","lastModifiedDate":"2024-08-20","isFullCredit":false},{"lineNumber":19,"author":{"gitId":"EdaYeo"},"content":"    }","lastModifiedDate":"2024-08-20","isFullCredit":false},{"lineNumber":20,"author":{"gitId":"EdaYeo"},"content":"","lastModifiedDate":"2024-08-20","isFullCredit":false},{"lineNumber":21,"author":{"gitId":"EdaYeo"},"content":"    /**","lastModifiedDate":"2024-08-20","isFullCredit":false},{"lineNumber":22,"author":{"gitId":"EdaYeo"},"content":"     * Method to update the task as complete.","lastModifiedDate":"2024-08-20","isFullCredit":false},{"lineNumber":23,"author":{"gitId":"EdaYeo"},"content":"     */","lastModifiedDate":"2024-08-20","isFullCredit":false},{"lineNumber":24,"author":{"gitId":"EdaYeo"},"content":"    public void complete() {","lastModifiedDate":"2024-08-20","isFullCredit":false},{"lineNumber":25,"author":{"gitId":"EdaYeo"},"content":"        this.complete \u003d true;","lastModifiedDate":"2024-08-20","isFullCredit":false},{"lineNumber":26,"author":{"gitId":"EdaYeo"},"content":"    }","lastModifiedDate":"2024-08-20","isFullCredit":false},{"lineNumber":27,"author":{"gitId":"EdaYeo"},"content":"","lastModifiedDate":"2024-08-20","isFullCredit":false},{"lineNumber":28,"author":{"gitId":"EdaYeo"},"content":"    /**","lastModifiedDate":"2024-08-20","isFullCredit":false},{"lineNumber":29,"author":{"gitId":"EdaYeo"},"content":"     * Return the String description of task.","lastModifiedDate":"2024-08-21","isFullCredit":false},{"lineNumber":30,"author":{"gitId":"EdaYeo"},"content":"     *","lastModifiedDate":"2024-08-20","isFullCredit":false},{"lineNumber":31,"author":{"gitId":"EdaYeo"},"content":"     * @return String description of task.","lastModifiedDate":"2024-08-20","isFullCredit":false},{"lineNumber":32,"author":{"gitId":"EdaYeo"},"content":"     */","lastModifiedDate":"2024-08-20","isFullCredit":false},{"lineNumber":33,"author":{"gitId":"EdaYeo"},"content":"    @Override","lastModifiedDate":"2024-08-21","isFullCredit":false},{"lineNumber":34,"author":{"gitId":"EdaYeo"},"content":"    public String toString() {","lastModifiedDate":"2024-08-21","isFullCredit":false},{"lineNumber":35,"author":{"gitId":"EdaYeo"},"content":"        if (this.isComplete()) {","lastModifiedDate":"2024-08-21","isFullCredit":false},{"lineNumber":36,"author":{"gitId":"EdaYeo"},"content":"            return \"[X] \" + this.task;","lastModifiedDate":"2024-08-21","isFullCredit":false},{"lineNumber":37,"author":{"gitId":"EdaYeo"},"content":"        } else {","lastModifiedDate":"2024-08-21","isFullCredit":false},{"lineNumber":38,"author":{"gitId":"EdaYeo"},"content":"            return \"[ ] \" + this.task;","lastModifiedDate":"2024-08-21","isFullCredit":false},{"lineNumber":39,"author":{"gitId":"EdaYeo"},"content":"        }","lastModifiedDate":"2024-08-21","isFullCredit":false},{"lineNumber":40,"author":{"gitId":"EdaYeo"},"content":"    }","lastModifiedDate":"2024-08-20","isFullCredit":false},{"lineNumber":41,"author":{"gitId":"EdaYeo"},"content":"","lastModifiedDate":"2024-08-20","isFullCredit":false},{"lineNumber":42,"author":{"gitId":"EdaYeo"},"content":"    /**","lastModifiedDate":"2024-08-20","isFullCredit":false},{"lineNumber":43,"author":{"gitId":"EdaYeo"},"content":"     * Method to check if a task is complete.","lastModifiedDate":"2024-08-20","isFullCredit":false},{"lineNumber":44,"author":{"gitId":"EdaYeo"},"content":"     *","lastModifiedDate":"2024-08-20","isFullCredit":false},{"lineNumber":45,"author":{"gitId":"EdaYeo"},"content":"     * @return Boolean indicating if the task is complete.","lastModifiedDate":"2024-08-20","isFullCredit":false},{"lineNumber":46,"author":{"gitId":"EdaYeo"},"content":"     */","lastModifiedDate":"2024-08-20","isFullCredit":false},{"lineNumber":47,"author":{"gitId":"EdaYeo"},"content":"    public Boolean isComplete() {","lastModifiedDate":"2024-08-20","isFullCredit":false},{"lineNumber":48,"author":{"gitId":"EdaYeo"},"content":"        return this.complete;","lastModifiedDate":"2024-08-20","isFullCredit":false},{"lineNumber":49,"author":{"gitId":"EdaYeo"},"content":"    }","lastModifiedDate":"2024-08-20","isFullCredit":false},{"lineNumber":50,"author":{"gitId":"EdaYeo"},"content":"}","lastModifiedDate":"2024-08-20","isFullCredit":false}],"authorContributionMap":{"EdaYeo":50}},{"path":"src/main/java/TaskList.java","fileType":"java","lines":[{"lineNumber":1,"author":{"gitId":"EdaYeo"},"content":"import java.util.ArrayList;","lastModifiedDate":"2024-08-22","isFullCredit":false},{"lineNumber":2,"author":{"gitId":"EdaYeo"},"content":"","lastModifiedDate":"2024-08-22","isFullCredit":false},{"lineNumber":3,"author":{"gitId":"EdaYeo"},"content":"/**","lastModifiedDate":"2024-08-20","isFullCredit":false},{"lineNumber":4,"author":{"gitId":"EdaYeo"},"content":" * This class implements a task list.","lastModifiedDate":"2024-08-20","isFullCredit":false},{"lineNumber":5,"author":{"gitId":"EdaYeo"},"content":" *","lastModifiedDate":"2024-08-20","isFullCredit":false},{"lineNumber":6,"author":{"gitId":"EdaYeo"},"content":" * @author Eda Yeo","lastModifiedDate":"2024-08-20","isFullCredit":false},{"lineNumber":7,"author":{"gitId":"EdaYeo"},"content":" * @version CS2103T AY24/25 Semester 1","lastModifiedDate":"2024-08-20","isFullCredit":false},{"lineNumber":8,"author":{"gitId":"EdaYeo"},"content":" */","lastModifiedDate":"2024-08-20","isFullCredit":false},{"lineNumber":9,"author":{"gitId":"EdaYeo"},"content":"public class TaskList {","lastModifiedDate":"2024-08-20","isFullCredit":false},{"lineNumber":10,"author":{"gitId":"EdaYeo"},"content":"    private ArrayList\u003cTask\u003e taskList;","lastModifiedDate":"2024-08-22","isFullCredit":false},{"lineNumber":11,"author":{"gitId":"EdaYeo"},"content":"    private int numOfTasks;","lastModifiedDate":"2024-08-20","isFullCredit":false},{"lineNumber":12,"author":{"gitId":"EdaYeo"},"content":"","lastModifiedDate":"2024-08-20","isFullCredit":false},{"lineNumber":13,"author":{"gitId":"EdaYeo"},"content":"    /**","lastModifiedDate":"2024-08-20","isFullCredit":false},{"lineNumber":14,"author":{"gitId":"EdaYeo"},"content":"     * Constructor for a TaskList. Initializes number of tasks to 0.","lastModifiedDate":"2024-08-20","isFullCredit":false},{"lineNumber":15,"author":{"gitId":"EdaYeo"},"content":"     */","lastModifiedDate":"2024-08-20","isFullCredit":false},{"lineNumber":16,"author":{"gitId":"EdaYeo"},"content":"    public TaskList() {","lastModifiedDate":"2024-08-20","isFullCredit":false},{"lineNumber":17,"author":{"gitId":"EdaYeo"},"content":"        this.taskList \u003d new ArrayList\u003c\u003e();","lastModifiedDate":"2024-08-22","isFullCredit":false},{"lineNumber":18,"author":{"gitId":"EdaYeo"},"content":"        this.numOfTasks \u003d 0;","lastModifiedDate":"2024-08-20","isFullCredit":false},{"lineNumber":19,"author":{"gitId":"EdaYeo"},"content":"    }","lastModifiedDate":"2024-08-20","isFullCredit":false},{"lineNumber":20,"author":{"gitId":"EdaYeo"},"content":"","lastModifiedDate":"2024-08-20","isFullCredit":false},{"lineNumber":21,"author":{"gitId":"EdaYeo"},"content":"    /**","lastModifiedDate":"2024-08-20","isFullCredit":false},{"lineNumber":22,"author":{"gitId":"EdaYeo"},"content":"     * Method to add task to the task list.","lastModifiedDate":"2024-08-20","isFullCredit":false},{"lineNumber":23,"author":{"gitId":"EdaYeo"},"content":"     *","lastModifiedDate":"2024-08-20","isFullCredit":false},{"lineNumber":24,"author":{"gitId":"EdaYeo"},"content":"     * @param task","lastModifiedDate":"2024-08-20","isFullCredit":false},{"lineNumber":25,"author":{"gitId":"EdaYeo"},"content":"     */","lastModifiedDate":"2024-08-20","isFullCredit":false},{"lineNumber":26,"author":{"gitId":"EdaYeo"},"content":"    public void addTask(Task task) {","lastModifiedDate":"2024-08-21","isFullCredit":false},{"lineNumber":27,"author":{"gitId":"EdaYeo"},"content":"        this.taskList.add(task);","lastModifiedDate":"2024-08-22","isFullCredit":false},{"lineNumber":28,"author":{"gitId":"EdaYeo"},"content":"        this.numOfTasks +\u003d 1;","lastModifiedDate":"2024-08-20","isFullCredit":false},{"lineNumber":29,"author":{"gitId":"EdaYeo"},"content":"        UI.response(\"Added \\\u0027\" + task + \"\\\u0027 task!\");","lastModifiedDate":"2024-08-21","isFullCredit":false},{"lineNumber":30,"author":{"gitId":"EdaYeo"},"content":"        String msg \u003d String.format(\"By the way, you have %d tasks now!\", this.numOfTasks);","lastModifiedDate":"2024-08-21","isFullCredit":false},{"lineNumber":31,"author":{"gitId":"EdaYeo"},"content":"        UI.response(msg);","lastModifiedDate":"2024-08-21","isFullCredit":false},{"lineNumber":32,"author":{"gitId":"EdaYeo"},"content":"    }","lastModifiedDate":"2024-08-20","isFullCredit":false},{"lineNumber":33,"author":{"gitId":"EdaYeo"},"content":"","lastModifiedDate":"2024-08-20","isFullCredit":false},{"lineNumber":34,"author":{"gitId":"EdaYeo"},"content":"    /**","lastModifiedDate":"2024-08-22","isFullCredit":false},{"lineNumber":35,"author":{"gitId":"EdaYeo"},"content":"     * Method to add To Do task to the task list from an array list of tokens specifying the task.","lastModifiedDate":"2024-08-22","isFullCredit":false},{"lineNumber":36,"author":{"gitId":"EdaYeo"},"content":"     *","lastModifiedDate":"2024-08-22","isFullCredit":false},{"lineNumber":37,"author":{"gitId":"EdaYeo"},"content":"     * @param tokens ArrayList with Strings specifying the task.","lastModifiedDate":"2024-08-22","isFullCredit":false},{"lineNumber":38,"author":{"gitId":"EdaYeo"},"content":"     */","lastModifiedDate":"2024-08-22","isFullCredit":false},{"lineNumber":39,"author":{"gitId":"EdaYeo"},"content":"    public void addToDo(ArrayList\u003cString\u003e tokens) {","lastModifiedDate":"2024-08-22","isFullCredit":false},{"lineNumber":40,"author":{"gitId":"EdaYeo"},"content":"        if (tokens.size() \u003d\u003d 1) {","lastModifiedDate":"2024-08-22","isFullCredit":false},{"lineNumber":41,"author":{"gitId":"EdaYeo"},"content":"            UI.response(\"Failed. Specify a task for your todo!!!! D:\");","lastModifiedDate":"2024-08-22","isFullCredit":false},{"lineNumber":42,"author":{"gitId":"EdaYeo"},"content":"        } else {","lastModifiedDate":"2024-08-22","isFullCredit":false},{"lineNumber":43,"author":{"gitId":"EdaYeo"},"content":"            String taskDescription \u003d \"\";","lastModifiedDate":"2024-08-22","isFullCredit":false},{"lineNumber":44,"author":{"gitId":"EdaYeo"},"content":"            int len \u003d tokens.size();","lastModifiedDate":"2024-08-22","isFullCredit":false},{"lineNumber":45,"author":{"gitId":"EdaYeo"},"content":"            for (int i \u003d 1; i \u003c len; i++) {","lastModifiedDate":"2024-08-22","isFullCredit":false},{"lineNumber":46,"author":{"gitId":"EdaYeo"},"content":"                taskDescription +\u003d tokens.get(i) + \" \";","lastModifiedDate":"2024-08-22","isFullCredit":false},{"lineNumber":47,"author":{"gitId":"EdaYeo"},"content":"            }","lastModifiedDate":"2024-08-22","isFullCredit":false},{"lineNumber":48,"author":{"gitId":"EdaYeo"},"content":"            ToDo todo \u003d new ToDo(taskDescription);","lastModifiedDate":"2024-08-22","isFullCredit":false},{"lineNumber":49,"author":{"gitId":"EdaYeo"},"content":"            this.addTask(todo);","lastModifiedDate":"2024-08-22","isFullCredit":false},{"lineNumber":50,"author":{"gitId":"EdaYeo"},"content":"        }","lastModifiedDate":"2024-08-22","isFullCredit":false},{"lineNumber":51,"author":{"gitId":"EdaYeo"},"content":"    }","lastModifiedDate":"2024-08-22","isFullCredit":false},{"lineNumber":52,"author":{"gitId":"EdaYeo"},"content":"","lastModifiedDate":"2024-08-22","isFullCredit":false},{"lineNumber":53,"author":{"gitId":"EdaYeo"},"content":"    /**","lastModifiedDate":"2024-08-22","isFullCredit":false},{"lineNumber":54,"author":{"gitId":"EdaYeo"},"content":"     * Method to add Deadline task to the task list from an array list of tokens specifying the task.","lastModifiedDate":"2024-08-22","isFullCredit":false},{"lineNumber":55,"author":{"gitId":"EdaYeo"},"content":"     *","lastModifiedDate":"2024-08-22","isFullCredit":false},{"lineNumber":56,"author":{"gitId":"EdaYeo"},"content":"     * @param tokens ArrayList with Strings specifying the task.","lastModifiedDate":"2024-08-22","isFullCredit":false},{"lineNumber":57,"author":{"gitId":"EdaYeo"},"content":"     */","lastModifiedDate":"2024-08-22","isFullCredit":false},{"lineNumber":58,"author":{"gitId":"EdaYeo"},"content":"    public void addDeadline(ArrayList\u003cString\u003e tokens) {","lastModifiedDate":"2024-08-22","isFullCredit":false},{"lineNumber":59,"author":{"gitId":"EdaYeo"},"content":"        if (tokens.size() \u003d\u003d 1 || tokens.get(1).equals(\"/by\")) {","lastModifiedDate":"2024-08-22","isFullCredit":false},{"lineNumber":60,"author":{"gitId":"EdaYeo"},"content":"","lastModifiedDate":"2024-08-22","isFullCredit":false},{"lineNumber":61,"author":{"gitId":"EdaYeo"},"content":"            UI.response(\"Failed. Specify a task for your deadline task!!! D:\");","lastModifiedDate":"2024-08-22","isFullCredit":false},{"lineNumber":62,"author":{"gitId":"EdaYeo"},"content":"        } else if (!(tokens.contains(\"/by\")) || tokens.indexOf(\"/by\") \u003d\u003d tokens.size() - 1) {","lastModifiedDate":"2024-08-22","isFullCredit":false},{"lineNumber":63,"author":{"gitId":"EdaYeo"},"content":"            UI.response(\"Failed. Add /by [DATE] to specify when to complete your task by!!! ;\u003d;\");","lastModifiedDate":"2024-08-22","isFullCredit":false},{"lineNumber":64,"author":{"gitId":"EdaYeo"},"content":"        } else {","lastModifiedDate":"2024-08-22","isFullCredit":false},{"lineNumber":65,"author":{"gitId":"EdaYeo"},"content":"            String taskDescription \u003d \"\";","lastModifiedDate":"2024-08-22","isFullCredit":false},{"lineNumber":66,"author":{"gitId":"EdaYeo"},"content":"            String deadline \u003d \"\";","lastModifiedDate":"2024-08-22","isFullCredit":false},{"lineNumber":67,"author":{"gitId":"EdaYeo"},"content":"            int len \u003d tokens.size();","lastModifiedDate":"2024-08-22","isFullCredit":false},{"lineNumber":68,"author":{"gitId":"EdaYeo"},"content":"            for (int i \u003d 1; i \u003c len; i++) {","lastModifiedDate":"2024-08-22","isFullCredit":false},{"lineNumber":69,"author":{"gitId":"EdaYeo"},"content":"                if (tokens.get(i).equals(\"/by\")) {","lastModifiedDate":"2024-08-22","isFullCredit":false},{"lineNumber":70,"author":{"gitId":"EdaYeo"},"content":"                    i +\u003d 1;","lastModifiedDate":"2024-08-22","isFullCredit":false},{"lineNumber":71,"author":{"gitId":"EdaYeo"},"content":"                    while (i \u003c len) {","lastModifiedDate":"2024-08-22","isFullCredit":false},{"lineNumber":72,"author":{"gitId":"EdaYeo"},"content":"                        deadline +\u003d tokens.get(i) + \" \";","lastModifiedDate":"2024-08-22","isFullCredit":false},{"lineNumber":73,"author":{"gitId":"EdaYeo"},"content":"                        i +\u003d 1;","lastModifiedDate":"2024-08-22","isFullCredit":false},{"lineNumber":74,"author":{"gitId":"EdaYeo"},"content":"                    }","lastModifiedDate":"2024-08-22","isFullCredit":false},{"lineNumber":75,"author":{"gitId":"EdaYeo"},"content":"                } else {","lastModifiedDate":"2024-08-22","isFullCredit":false},{"lineNumber":76,"author":{"gitId":"EdaYeo"},"content":"                    taskDescription +\u003d tokens.get(i) + \" \";","lastModifiedDate":"2024-08-22","isFullCredit":false},{"lineNumber":77,"author":{"gitId":"EdaYeo"},"content":"                }","lastModifiedDate":"2024-08-22","isFullCredit":false},{"lineNumber":78,"author":{"gitId":"EdaYeo"},"content":"            }","lastModifiedDate":"2024-08-22","isFullCredit":false},{"lineNumber":79,"author":{"gitId":"EdaYeo"},"content":"            Deadline deadlineTask \u003d new Deadline(taskDescription, deadline);","lastModifiedDate":"2024-08-22","isFullCredit":false},{"lineNumber":80,"author":{"gitId":"EdaYeo"},"content":"            this.addTask(deadlineTask);","lastModifiedDate":"2024-08-22","isFullCredit":false},{"lineNumber":81,"author":{"gitId":"EdaYeo"},"content":"        }","lastModifiedDate":"2024-08-22","isFullCredit":false},{"lineNumber":82,"author":{"gitId":"EdaYeo"},"content":"    }","lastModifiedDate":"2024-08-22","isFullCredit":false},{"lineNumber":83,"author":{"gitId":"EdaYeo"},"content":"","lastModifiedDate":"2024-08-22","isFullCredit":false},{"lineNumber":84,"author":{"gitId":"EdaYeo"},"content":"    /**","lastModifiedDate":"2024-08-22","isFullCredit":false},{"lineNumber":85,"author":{"gitId":"EdaYeo"},"content":"     * Method to add Event task to the task list from an array list of tokens specifying the task.","lastModifiedDate":"2024-08-22","isFullCredit":false},{"lineNumber":86,"author":{"gitId":"EdaYeo"},"content":"     *","lastModifiedDate":"2024-08-22","isFullCredit":false},{"lineNumber":87,"author":{"gitId":"EdaYeo"},"content":"     * @param tokens ArrayList with Strings specifying the task.","lastModifiedDate":"2024-08-22","isFullCredit":false},{"lineNumber":88,"author":{"gitId":"EdaYeo"},"content":"     */","lastModifiedDate":"2024-08-22","isFullCredit":false},{"lineNumber":89,"author":{"gitId":"EdaYeo"},"content":"    public void addEvent(ArrayList\u003cString\u003e tokens) {","lastModifiedDate":"2024-08-22","isFullCredit":false},{"lineNumber":90,"author":{"gitId":"EdaYeo"},"content":"        if (tokens.size() \u003d\u003d 1 || tokens.get(1).equals(\"/from\") || tokens.get(1).equals(\"/to\")) {","lastModifiedDate":"2024-08-22","isFullCredit":false},{"lineNumber":91,"author":{"gitId":"EdaYeo"},"content":"            UI.response(\"Failed. Specify a task for your event task!!! D:\");","lastModifiedDate":"2024-08-22","isFullCredit":false},{"lineNumber":92,"author":{"gitId":"EdaYeo"},"content":"        } else if (!(tokens.contains(\"/from\")) || !(tokens.contains(\"/to\")) ||","lastModifiedDate":"2024-08-22","isFullCredit":false},{"lineNumber":93,"author":{"gitId":"EdaYeo"},"content":"                (tokens.indexOf(\"/from\") \u003e tokens.indexOf(\"/to\")) ||","lastModifiedDate":"2024-08-22","isFullCredit":false},{"lineNumber":94,"author":{"gitId":"EdaYeo"},"content":"                (tokens.indexOf(\"/from\") + 1 \u003d\u003d tokens.indexOf(\"/to\")) ||","lastModifiedDate":"2024-08-22","isFullCredit":false},{"lineNumber":95,"author":{"gitId":"EdaYeo"},"content":"                tokens.indexOf(\"/to\") \u003d\u003d tokens.size() - 1) {","lastModifiedDate":"2024-08-22","isFullCredit":false},{"lineNumber":96,"author":{"gitId":"EdaYeo"},"content":"            UI.response(\"Failed. Add /from [DATE] /to [DATE] to specify the duration of your event!!! ;\u003d;\");","lastModifiedDate":"2024-08-22","isFullCredit":false},{"lineNumber":97,"author":{"gitId":"EdaYeo"},"content":"        } else {","lastModifiedDate":"2024-08-22","isFullCredit":false},{"lineNumber":98,"author":{"gitId":"EdaYeo"},"content":"            String taskDescription \u003d \"\";","lastModifiedDate":"2024-08-22","isFullCredit":false},{"lineNumber":99,"author":{"gitId":"EdaYeo"},"content":"            String start \u003d \"\";","lastModifiedDate":"2024-08-22","isFullCredit":false},{"lineNumber":100,"author":{"gitId":"EdaYeo"},"content":"            String end \u003d \"\";","lastModifiedDate":"2024-08-22","isFullCredit":false},{"lineNumber":101,"author":{"gitId":"EdaYeo"},"content":"            int len \u003d tokens.size();","lastModifiedDate":"2024-08-22","isFullCredit":false},{"lineNumber":102,"author":{"gitId":"EdaYeo"},"content":"            int i \u003d 1;","lastModifiedDate":"2024-08-22","isFullCredit":false},{"lineNumber":103,"author":{"gitId":"EdaYeo"},"content":"            while (i \u003c len \u0026\u0026 !(tokens.get(i).equals(\"/from\"))) {","lastModifiedDate":"2024-08-22","isFullCredit":false},{"lineNumber":104,"author":{"gitId":"EdaYeo"},"content":"                taskDescription +\u003d tokens.get(i) + \" \";","lastModifiedDate":"2024-08-22","isFullCredit":false},{"lineNumber":105,"author":{"gitId":"EdaYeo"},"content":"                i +\u003d 1;","lastModifiedDate":"2024-08-22","isFullCredit":false},{"lineNumber":106,"author":{"gitId":"EdaYeo"},"content":"            }","lastModifiedDate":"2024-08-22","isFullCredit":false},{"lineNumber":107,"author":{"gitId":"EdaYeo"},"content":"            i +\u003d 1;","lastModifiedDate":"2024-08-22","isFullCredit":false},{"lineNumber":108,"author":{"gitId":"EdaYeo"},"content":"            while (i \u003c len \u0026\u0026 !(tokens.get(i).equals(\"/to\"))) {","lastModifiedDate":"2024-08-22","isFullCredit":false},{"lineNumber":109,"author":{"gitId":"EdaYeo"},"content":"                start +\u003d tokens.get(i) + \" \";","lastModifiedDate":"2024-08-22","isFullCredit":false},{"lineNumber":110,"author":{"gitId":"EdaYeo"},"content":"                i +\u003d 1;","lastModifiedDate":"2024-08-22","isFullCredit":false},{"lineNumber":111,"author":{"gitId":"EdaYeo"},"content":"            }","lastModifiedDate":"2024-08-22","isFullCredit":false},{"lineNumber":112,"author":{"gitId":"EdaYeo"},"content":"            i +\u003d 1;","lastModifiedDate":"2024-08-22","isFullCredit":false},{"lineNumber":113,"author":{"gitId":"EdaYeo"},"content":"            while (i \u003c len) {","lastModifiedDate":"2024-08-22","isFullCredit":false},{"lineNumber":114,"author":{"gitId":"EdaYeo"},"content":"                end +\u003d tokens.get(i) + \" \";","lastModifiedDate":"2024-08-22","isFullCredit":false},{"lineNumber":115,"author":{"gitId":"EdaYeo"},"content":"                i +\u003d 1;","lastModifiedDate":"2024-08-22","isFullCredit":false},{"lineNumber":116,"author":{"gitId":"EdaYeo"},"content":"            }","lastModifiedDate":"2024-08-22","isFullCredit":false},{"lineNumber":117,"author":{"gitId":"EdaYeo"},"content":"            Event event \u003d new Event(taskDescription, start, end);","lastModifiedDate":"2024-08-22","isFullCredit":false},{"lineNumber":118,"author":{"gitId":"EdaYeo"},"content":"            this.addTask(event);","lastModifiedDate":"2024-08-22","isFullCredit":false},{"lineNumber":119,"author":{"gitId":"EdaYeo"},"content":"        }","lastModifiedDate":"2024-08-22","isFullCredit":false},{"lineNumber":120,"author":{"gitId":"EdaYeo"},"content":"    }","lastModifiedDate":"2024-08-22","isFullCredit":false},{"lineNumber":121,"author":{"gitId":"EdaYeo"},"content":"","lastModifiedDate":"2024-08-22","isFullCredit":false},{"lineNumber":122,"author":{"gitId":"EdaYeo"},"content":"","lastModifiedDate":"2024-08-22","isFullCredit":false},{"lineNumber":123,"author":{"gitId":"EdaYeo"},"content":"    /**","lastModifiedDate":"2024-08-20","isFullCredit":false},{"lineNumber":124,"author":{"gitId":"EdaYeo"},"content":"     * Method to display task list for user.","lastModifiedDate":"2024-08-20","isFullCredit":false},{"lineNumber":125,"author":{"gitId":"EdaYeo"},"content":"     */","lastModifiedDate":"2024-08-20","isFullCredit":false},{"lineNumber":126,"author":{"gitId":"EdaYeo"},"content":"    public void displayList() {","lastModifiedDate":"2024-08-20","isFullCredit":false},{"lineNumber":127,"author":{"gitId":"EdaYeo"},"content":"        UI.response(\"These are your tasks!\");","lastModifiedDate":"2024-08-20","isFullCredit":false},{"lineNumber":128,"author":{"gitId":"EdaYeo"},"content":"        for (int i \u003d 0; i \u003c this.numOfTasks; i++) {","lastModifiedDate":"2024-08-20","isFullCredit":false},{"lineNumber":129,"author":{"gitId":"EdaYeo"},"content":"            Task currTask \u003d this.taskList.get(i);","lastModifiedDate":"2024-08-22","isFullCredit":false},{"lineNumber":130,"author":{"gitId":"EdaYeo"},"content":"            String res;","lastModifiedDate":"2024-08-20","isFullCredit":false},{"lineNumber":131,"author":{"gitId":"EdaYeo"},"content":"            if (currTask.isComplete()) {","lastModifiedDate":"2024-08-20","isFullCredit":false},{"lineNumber":132,"author":{"gitId":"EdaYeo"},"content":"                res \u003d String.format(\"%d.%s\", i + 1, currTask);","lastModifiedDate":"2024-08-21","isFullCredit":false},{"lineNumber":133,"author":{"gitId":"EdaYeo"},"content":"            } else {","lastModifiedDate":"2024-08-20","isFullCredit":false},{"lineNumber":134,"author":{"gitId":"EdaYeo"},"content":"                res \u003d String.format(\"%d.%s\", i + 1, currTask);","lastModifiedDate":"2024-08-21","isFullCredit":false},{"lineNumber":135,"author":{"gitId":"EdaYeo"},"content":"            }","lastModifiedDate":"2024-08-20","isFullCredit":false},{"lineNumber":136,"author":{"gitId":"EdaYeo"},"content":"            UI.response(res);","lastModifiedDate":"2024-08-20","isFullCredit":false},{"lineNumber":137,"author":{"gitId":"EdaYeo"},"content":"        }","lastModifiedDate":"2024-08-20","isFullCredit":false},{"lineNumber":138,"author":{"gitId":"EdaYeo"},"content":"        UI.response(\"That\u0027s all your tasks for now :\u003e\u003e\u003e\");","lastModifiedDate":"2024-08-20","isFullCredit":false},{"lineNumber":139,"author":{"gitId":"EdaYeo"},"content":"    }","lastModifiedDate":"2024-08-20","isFullCredit":false},{"lineNumber":140,"author":{"gitId":"EdaYeo"},"content":"","lastModifiedDate":"2024-08-20","isFullCredit":false},{"lineNumber":141,"author":{"gitId":"EdaYeo"},"content":"    /**","lastModifiedDate":"2024-08-20","isFullCredit":false},{"lineNumber":142,"author":{"gitId":"EdaYeo"},"content":"     * Signal that a task is complete and mark the description with an X.","lastModifiedDate":"2024-08-20","isFullCredit":false},{"lineNumber":143,"author":{"gitId":"EdaYeo"},"content":"     *","lastModifiedDate":"2024-08-20","isFullCredit":false},{"lineNumber":144,"author":{"gitId":"EdaYeo"},"content":"     * @param taskNum int to indicate which task to mark as complete.","lastModifiedDate":"2024-08-20","isFullCredit":false},{"lineNumber":145,"author":{"gitId":"EdaYeo"},"content":"     */","lastModifiedDate":"2024-08-20","isFullCredit":false},{"lineNumber":146,"author":{"gitId":"EdaYeo"},"content":"    public void markDoneTask(int taskNum) {","lastModifiedDate":"2024-08-20","isFullCredit":false},{"lineNumber":147,"author":{"gitId":"EdaYeo"},"content":"        if (taskNum \u003c\u003d 0 || taskNum \u003e this.numOfTasks) {","lastModifiedDate":"2024-08-21","isFullCredit":false},{"lineNumber":148,"author":{"gitId":"EdaYeo"},"content":"            UI.response(String.format(\"I can\u0027t mark task %d cause it doesn\u0027t exist!!! ;-;\", taskNum));","lastModifiedDate":"2024-08-21","isFullCredit":false},{"lineNumber":149,"author":{"gitId":"EdaYeo"},"content":"        } else {","lastModifiedDate":"2024-08-21","isFullCredit":false},{"lineNumber":150,"author":{"gitId":"EdaYeo"},"content":"            Task reqTask \u003d this.taskList.get(taskNum - 1);","lastModifiedDate":"2024-08-22","isFullCredit":false},{"lineNumber":151,"author":{"gitId":"EdaYeo"},"content":"            reqTask.complete();","lastModifiedDate":"2024-08-20","isFullCredit":false},{"lineNumber":152,"author":{"gitId":"EdaYeo"},"content":"            UI.response(\"Oki, I\u0027ll mark the task as done *w*! Good job finishing the task!!\");","lastModifiedDate":"2024-08-20","isFullCredit":false},{"lineNumber":153,"author":{"gitId":"EdaYeo"},"content":"            String res \u003d String.format(\"%s\", reqTask);","lastModifiedDate":"2024-08-21","isFullCredit":false},{"lineNumber":154,"author":{"gitId":"EdaYeo"},"content":"            UI.response(res);","lastModifiedDate":"2024-08-20","isFullCredit":false},{"lineNumber":155,"author":{"gitId":"EdaYeo"},"content":"        }","lastModifiedDate":"2024-08-20","isFullCredit":false},{"lineNumber":156,"author":{"gitId":"EdaYeo"},"content":"    }","lastModifiedDate":"2024-08-21","isFullCredit":false},{"lineNumber":157,"author":{"gitId":"EdaYeo"},"content":"","lastModifiedDate":"2024-08-20","isFullCredit":false},{"lineNumber":158,"author":{"gitId":"EdaYeo"},"content":"    /**","lastModifiedDate":"2024-08-22","isFullCredit":false},{"lineNumber":159,"author":{"gitId":"EdaYeo"},"content":"     * Deletes a task from the list","lastModifiedDate":"2024-08-22","isFullCredit":false},{"lineNumber":160,"author":{"gitId":"EdaYeo"},"content":"     *","lastModifiedDate":"2024-08-22","isFullCredit":false},{"lineNumber":161,"author":{"gitId":"EdaYeo"},"content":"     * @param taskNum int to indicate which task to delete.","lastModifiedDate":"2024-08-22","isFullCredit":false},{"lineNumber":162,"author":{"gitId":"EdaYeo"},"content":"     */","lastModifiedDate":"2024-08-22","isFullCredit":false},{"lineNumber":163,"author":{"gitId":"EdaYeo"},"content":"    public void deleteTask(int taskNum) {","lastModifiedDate":"2024-08-22","isFullCredit":false},{"lineNumber":164,"author":{"gitId":"EdaYeo"},"content":"        if (taskNum \u003c\u003d 0 || taskNum \u003e this.numOfTasks) {","lastModifiedDate":"2024-08-22","isFullCredit":false},{"lineNumber":165,"author":{"gitId":"EdaYeo"},"content":"            UI.response(String.format(\"I can\u0027t delete task %d cause it doesn\u0027t exist!!! ;-;\", taskNum));","lastModifiedDate":"2024-08-22","isFullCredit":false},{"lineNumber":166,"author":{"gitId":"EdaYeo"},"content":"        } else {","lastModifiedDate":"2024-08-22","isFullCredit":false},{"lineNumber":167,"author":{"gitId":"EdaYeo"},"content":"            UI.response(String.format(\"Oki, I\u0027ve deleted %s task!\", this.taskList.get(taskNum - 1)));","lastModifiedDate":"2024-08-22","isFullCredit":false},{"lineNumber":168,"author":{"gitId":"EdaYeo"},"content":"            this.taskList.remove(taskNum - 1);","lastModifiedDate":"2024-08-22","isFullCredit":false},{"lineNumber":169,"author":{"gitId":"EdaYeo"},"content":"            this.numOfTasks -\u003d 1;","lastModifiedDate":"2024-08-22","isFullCredit":false},{"lineNumber":170,"author":{"gitId":"EdaYeo"},"content":"            UI.response(String.format(\"You have %d tasks left!!\", this.numOfTasks));","lastModifiedDate":"2024-08-22","isFullCredit":false},{"lineNumber":171,"author":{"gitId":"EdaYeo"},"content":"        }","lastModifiedDate":"2024-08-22","isFullCredit":false},{"lineNumber":172,"author":{"gitId":"EdaYeo"},"content":"    }","lastModifiedDate":"2024-08-22","isFullCredit":false},{"lineNumber":173,"author":{"gitId":"EdaYeo"},"content":"","lastModifiedDate":"2024-08-22","isFullCredit":false},{"lineNumber":174,"author":{"gitId":"EdaYeo"},"content":"}","lastModifiedDate":"2024-08-20","isFullCredit":false}],"authorContributionMap":{"EdaYeo":174}},{"path":"src/main/java/ToDo.java","fileType":"java","lines":[{"lineNumber":1,"author":{"gitId":"EdaYeo"},"content":"import java.util.ArrayList;","lastModifiedDate":"2024-08-21","isFullCredit":false},{"lineNumber":2,"author":{"gitId":"EdaYeo"},"content":"","lastModifiedDate":"2024-08-21","isFullCredit":false},{"lineNumber":3,"author":{"gitId":"EdaYeo"},"content":"/**","lastModifiedDate":"2024-08-22","isFullCredit":false},{"lineNumber":4,"author":{"gitId":"EdaYeo"},"content":" * This class implements a ToDo task.","lastModifiedDate":"2024-08-22","isFullCredit":false},{"lineNumber":5,"author":{"gitId":"EdaYeo"},"content":" *","lastModifiedDate":"2024-08-22","isFullCredit":false},{"lineNumber":6,"author":{"gitId":"EdaYeo"},"content":" * @author Eda Yeo","lastModifiedDate":"2024-08-22","isFullCredit":false},{"lineNumber":7,"author":{"gitId":"EdaYeo"},"content":" * @version CS2103T AY24/25 Semester 1","lastModifiedDate":"2024-08-22","isFullCredit":false},{"lineNumber":8,"author":{"gitId":"EdaYeo"},"content":" */","lastModifiedDate":"2024-08-22","isFullCredit":false},{"lineNumber":9,"author":{"gitId":"EdaYeo"},"content":"public class ToDo extends Task {","lastModifiedDate":"2024-08-21","isFullCredit":false},{"lineNumber":10,"author":{"gitId":"EdaYeo"},"content":"    public ToDo(String task) {","lastModifiedDate":"2024-08-21","isFullCredit":false},{"lineNumber":11,"author":{"gitId":"EdaYeo"},"content":"        super(task);","lastModifiedDate":"2024-08-21","isFullCredit":false},{"lineNumber":12,"author":{"gitId":"EdaYeo"},"content":"    }","lastModifiedDate":"2024-08-21","isFullCredit":false},{"lineNumber":13,"author":{"gitId":"EdaYeo"},"content":"","lastModifiedDate":"2024-08-21","isFullCredit":false},{"lineNumber":14,"author":{"gitId":"EdaYeo"},"content":"    @Override","lastModifiedDate":"2024-08-21","isFullCredit":false},{"lineNumber":15,"author":{"gitId":"EdaYeo"},"content":"    public String toString() {","lastModifiedDate":"2024-08-21","isFullCredit":false},{"lineNumber":16,"author":{"gitId":"EdaYeo"},"content":"        return \"[T]\" + super.toString();","lastModifiedDate":"2024-08-21","isFullCredit":false},{"lineNumber":17,"author":{"gitId":"EdaYeo"},"content":"    }","lastModifiedDate":"2024-08-21","isFullCredit":false},{"lineNumber":18,"author":{"gitId":"EdaYeo"},"content":"}","lastModifiedDate":"2024-08-21","isFullCredit":false}],"authorContributionMap":{"EdaYeo":18}},{"path":"src/main/java/UI.java","fileType":"java","lines":[{"lineNumber":1,"author":{"gitId":"EdaYeo"},"content":"/**","lastModifiedDate":"2024-08-20","isFullCredit":false},{"lineNumber":2,"author":{"gitId":"EdaYeo"},"content":" * This class implements a UI for Bunbun.","lastModifiedDate":"2024-08-20","isFullCredit":false},{"lineNumber":3,"author":{"gitId":"EdaYeo"},"content":" *","lastModifiedDate":"2024-08-20","isFullCredit":false},{"lineNumber":4,"author":{"gitId":"EdaYeo"},"content":" * @author Eda Yeo","lastModifiedDate":"2024-08-20","isFullCredit":false},{"lineNumber":5,"author":{"gitId":"EdaYeo"},"content":" * @version CS2103T AY24/25 Semester 1","lastModifiedDate":"2024-08-20","isFullCredit":false},{"lineNumber":6,"author":{"gitId":"EdaYeo"},"content":" */","lastModifiedDate":"2024-08-20","isFullCredit":false},{"lineNumber":7,"author":{"gitId":"EdaYeo"},"content":"public class UI {","lastModifiedDate":"2024-08-19","isFullCredit":false},{"lineNumber":8,"author":{"gitId":"EdaYeo"},"content":"","lastModifiedDate":"2024-08-20","isFullCredit":false},{"lineNumber":9,"author":{"gitId":"EdaYeo"},"content":"    /**","lastModifiedDate":"2024-08-20","isFullCredit":false},{"lineNumber":10,"author":{"gitId":"EdaYeo"},"content":"     * Prints the start screen upon start.","lastModifiedDate":"2024-08-20","isFullCredit":false},{"lineNumber":11,"author":{"gitId":"EdaYeo"},"content":"     */","lastModifiedDate":"2024-08-20","isFullCredit":false},{"lineNumber":12,"author":{"gitId":"EdaYeo"},"content":"    public static void startScreen() {","lastModifiedDate":"2024-08-20","isFullCredit":false},{"lineNumber":13,"author":{"gitId":"EdaYeo"},"content":"        UI.sectionSeparator();","lastModifiedDate":"2024-08-19","isFullCredit":false},{"lineNumber":14,"author":{"gitId":"EdaYeo"},"content":"        UI.response(\"Hi I\u0027m Bunbun ^-^\");","lastModifiedDate":"2024-08-20","isFullCredit":false},{"lineNumber":15,"author":{"gitId":"EdaYeo"},"content":"        UI.response(\"I\u0027m here to help!\");","lastModifiedDate":"2024-08-20","isFullCredit":false},{"lineNumber":16,"author":{"gitId":"EdaYeo"},"content":"        UI.sectionSeparator();","lastModifiedDate":"2024-08-19","isFullCredit":false},{"lineNumber":17,"author":{"gitId":"EdaYeo"},"content":"    }","lastModifiedDate":"2024-08-19","isFullCredit":false},{"lineNumber":18,"author":{"gitId":"EdaYeo"},"content":"","lastModifiedDate":"2024-08-19","isFullCredit":false},{"lineNumber":19,"author":{"gitId":"EdaYeo"},"content":"    /**","lastModifiedDate":"2024-08-20","isFullCredit":false},{"lineNumber":20,"author":{"gitId":"EdaYeo"},"content":"     * Prints the end screen upon end.","lastModifiedDate":"2024-08-20","isFullCredit":false},{"lineNumber":21,"author":{"gitId":"EdaYeo"},"content":"     */","lastModifiedDate":"2024-08-20","isFullCredit":false},{"lineNumber":22,"author":{"gitId":"EdaYeo"},"content":"    public static void endScreen() {","lastModifiedDate":"2024-08-20","isFullCredit":false},{"lineNumber":23,"author":{"gitId":"EdaYeo"},"content":"        UI.sectionSeparator();","lastModifiedDate":"2024-08-19","isFullCredit":false},{"lineNumber":24,"author":{"gitId":"EdaYeo"},"content":"        UI.response(\"Ok byeeeeee :D\");","lastModifiedDate":"2024-08-20","isFullCredit":false},{"lineNumber":25,"author":{"gitId":"EdaYeo"},"content":"        UI.sectionSeparator();","lastModifiedDate":"2024-08-19","isFullCredit":false},{"lineNumber":26,"author":{"gitId":"EdaYeo"},"content":"    }","lastModifiedDate":"2024-08-19","isFullCredit":false},{"lineNumber":27,"author":{"gitId":"EdaYeo"},"content":"","lastModifiedDate":"2024-08-19","isFullCredit":false},{"lineNumber":28,"author":{"gitId":"EdaYeo"},"content":"    /**","lastModifiedDate":"2024-08-20","isFullCredit":false},{"lineNumber":29,"author":{"gitId":"EdaYeo"},"content":"     * Prints horizontal lines for formatting.","lastModifiedDate":"2024-08-20","isFullCredit":false},{"lineNumber":30,"author":{"gitId":"EdaYeo"},"content":"     */","lastModifiedDate":"2024-08-20","isFullCredit":false},{"lineNumber":31,"author":{"gitId":"EdaYeo"},"content":"    public static void sectionSeparator() {","lastModifiedDate":"2024-08-19","isFullCredit":false},{"lineNumber":32,"author":{"gitId":"EdaYeo"},"content":"        for (int i \u003d 0; i \u003c 50; i++) {","lastModifiedDate":"2024-08-19","isFullCredit":false},{"lineNumber":33,"author":{"gitId":"EdaYeo"},"content":"            System.out.print(\"\\u2500\");","lastModifiedDate":"2024-08-19","isFullCredit":false},{"lineNumber":34,"author":{"gitId":"EdaYeo"},"content":"        }","lastModifiedDate":"2024-08-19","isFullCredit":false},{"lineNumber":35,"author":{"gitId":"EdaYeo"},"content":"        System.out.println();","lastModifiedDate":"2024-08-19","isFullCredit":false},{"lineNumber":36,"author":{"gitId":"EdaYeo"},"content":"    }","lastModifiedDate":"2024-08-19","isFullCredit":false},{"lineNumber":37,"author":{"gitId":"EdaYeo"},"content":"","lastModifiedDate":"2024-08-20","isFullCredit":false},{"lineNumber":38,"author":{"gitId":"EdaYeo"},"content":"    /**","lastModifiedDate":"2024-08-20","isFullCredit":false},{"lineNumber":39,"author":{"gitId":"EdaYeo"},"content":"     * Formats Bunbun\u0027s responses to user input.","lastModifiedDate":"2024-08-20","isFullCredit":false},{"lineNumber":40,"author":{"gitId":"EdaYeo"},"content":"     * @param res Chatbot response to be formatted.","lastModifiedDate":"2024-08-20","isFullCredit":false},{"lineNumber":41,"author":{"gitId":"EdaYeo"},"content":"     */","lastModifiedDate":"2024-08-20","isFullCredit":false},{"lineNumber":42,"author":{"gitId":"EdaYeo"},"content":"    public static void response(String res) {","lastModifiedDate":"2024-08-20","isFullCredit":false},{"lineNumber":43,"author":{"gitId":"EdaYeo"},"content":"        System.out.println(\"Bunbun: \" + res);","lastModifiedDate":"2024-08-20","isFullCredit":false},{"lineNumber":44,"author":{"gitId":"EdaYeo"},"content":"    }","lastModifiedDate":"2024-08-20","isFullCredit":false},{"lineNumber":45,"author":{"gitId":"EdaYeo"},"content":"}","lastModifiedDate":"2024-08-19","isFullCredit":false}],"authorContributionMap":{"EdaYeo":45}},{"path":"text-ui-test/runtest.bat","fileType":"bat","lines":[{"lineNumber":1,"author":{"gitId":"-"},"content":"@ECHO OFF","lastModifiedDate":"2020-05-25","isFullCredit":false},{"lineNumber":2,"author":{"gitId":"-"},"content":"","lastModifiedDate":"2020-05-25","isFullCredit":false},{"lineNumber":3,"author":{"gitId":"-"},"content":"REM create bin directory if it doesn\u0027t exist","lastModifiedDate":"2020-05-25","isFullCredit":false},{"lineNumber":4,"author":{"gitId":"-"},"content":"if not exist ..\\bin mkdir ..\\bin","lastModifiedDate":"2020-05-25","isFullCredit":false},{"lineNumber":5,"author":{"gitId":"-"},"content":"","lastModifiedDate":"2020-05-25","isFullCredit":false},{"lineNumber":6,"author":{"gitId":"-"},"content":"REM delete output from previous run","lastModifiedDate":"2020-05-25","isFullCredit":false},{"lineNumber":7,"author":{"gitId":"-"},"content":"if exist ACTUAL.TXT del ACTUAL.TXT","lastModifiedDate":"2020-08-25","isFullCredit":false},{"lineNumber":8,"author":{"gitId":"-"},"content":"","lastModifiedDate":"2020-05-25","isFullCredit":false},{"lineNumber":9,"author":{"gitId":"-"},"content":"REM compile the code into the bin folder","lastModifiedDate":"2020-05-25","isFullCredit":false},{"lineNumber":10,"author":{"gitId":"-"},"content":"javac  -cp ..\\src\\main\\java -Xlint:none -d ..\\bin ..\\src\\main\\java\\*.java","lastModifiedDate":"2020-08-25","isFullCredit":false},{"lineNumber":11,"author":{"gitId":"-"},"content":"IF ERRORLEVEL 1 (","lastModifiedDate":"2020-05-25","isFullCredit":false},{"lineNumber":12,"author":{"gitId":"-"},"content":"    echo ********** BUILD FAILURE **********","lastModifiedDate":"2020-05-25","isFullCredit":false},{"lineNumber":13,"author":{"gitId":"-"},"content":"    exit /b 1","lastModifiedDate":"2020-05-25","isFullCredit":false},{"lineNumber":14,"author":{"gitId":"-"},"content":")","lastModifiedDate":"2020-05-25","isFullCredit":false},{"lineNumber":15,"author":{"gitId":"-"},"content":"REM no error here, errorlevel \u003d\u003d 0","lastModifiedDate":"2020-05-25","isFullCredit":false},{"lineNumber":16,"author":{"gitId":"-"},"content":"","lastModifiedDate":"2020-05-25","isFullCredit":false},{"lineNumber":17,"author":{"gitId":"-"},"content":"REM run the program, feed commands from input.txt file and redirect the output to the ACTUAL.TXT","lastModifiedDate":"2020-05-25","isFullCredit":false},{"lineNumber":18,"author":{"gitId":"EdaYeo"},"content":"java -classpath ..\\bin Bunbun \u003c input.txt \u003e ACTUAL.TXT","lastModifiedDate":"2024-08-21","isFullCredit":false},{"lineNumber":19,"author":{"gitId":"-"},"content":"","lastModifiedDate":"2020-05-25","isFullCredit":false},{"lineNumber":20,"author":{"gitId":"-"},"content":"REM compare the output to the expected output","lastModifiedDate":"2020-05-25","isFullCredit":false},{"lineNumber":21,"author":{"gitId":"-"},"content":"FC ACTUAL.TXT EXPECTED.TXT","lastModifiedDate":"2020-05-25","isFullCredit":false}],"authorContributionMap":{"EdaYeo":1,"-":20}}]
