[{"path":"src/main/java/Timo.java","fileType":"java","lines":[{"lineNumber":1,"author":{"gitId":"teamotitan"},"content":"import java.util.Scanner;","lastModifiedDate":"2024-08-22","isFullCredit":false},{"lineNumber":2,"author":{"gitId":"teamotitan"},"content":"","lastModifiedDate":"2024-08-22","isFullCredit":false},{"lineNumber":3,"author":{"gitId":"teamotitan"},"content":"class Task {","lastModifiedDate":"2024-08-22","isFullCredit":false},{"lineNumber":4,"author":{"gitId":"teamotitan"},"content":"    private boolean mark;","lastModifiedDate":"2024-08-22","isFullCredit":false},{"lineNumber":5,"author":{"gitId":"teamotitan"},"content":"    private String val;","lastModifiedDate":"2024-08-22","isFullCredit":false},{"lineNumber":6,"author":{"gitId":"teamotitan"},"content":"    public Task(boolean mark, String val) {","lastModifiedDate":"2024-08-22","isFullCredit":false},{"lineNumber":7,"author":{"gitId":"teamotitan"},"content":"        this.mark \u003d mark;","lastModifiedDate":"2024-08-22","isFullCredit":false},{"lineNumber":8,"author":{"gitId":"teamotitan"},"content":"        this.val \u003d val;","lastModifiedDate":"2024-08-22","isFullCredit":false},{"lineNumber":9,"author":{"gitId":"teamotitan"},"content":"    }","lastModifiedDate":"2024-08-22","isFullCredit":false},{"lineNumber":10,"author":{"gitId":"teamotitan"},"content":"","lastModifiedDate":"2024-08-22","isFullCredit":false},{"lineNumber":11,"author":{"gitId":"teamotitan"},"content":"    public void markDone() {","lastModifiedDate":"2024-08-22","isFullCredit":false},{"lineNumber":12,"author":{"gitId":"teamotitan"},"content":"        this.mark \u003d true;","lastModifiedDate":"2024-08-22","isFullCredit":false},{"lineNumber":13,"author":{"gitId":"teamotitan"},"content":"        return;","lastModifiedDate":"2024-08-22","isFullCredit":false},{"lineNumber":14,"author":{"gitId":"teamotitan"},"content":"    }","lastModifiedDate":"2024-08-22","isFullCredit":false},{"lineNumber":15,"author":{"gitId":"teamotitan"},"content":"","lastModifiedDate":"2024-08-22","isFullCredit":false},{"lineNumber":16,"author":{"gitId":"teamotitan"},"content":"    public void markUndone() {","lastModifiedDate":"2024-08-22","isFullCredit":false},{"lineNumber":17,"author":{"gitId":"teamotitan"},"content":"        this.mark \u003d false;","lastModifiedDate":"2024-08-22","isFullCredit":false},{"lineNumber":18,"author":{"gitId":"teamotitan"},"content":"        return;","lastModifiedDate":"2024-08-22","isFullCredit":false},{"lineNumber":19,"author":{"gitId":"teamotitan"},"content":"    }","lastModifiedDate":"2024-08-22","isFullCredit":false},{"lineNumber":20,"author":{"gitId":"teamotitan"},"content":"","lastModifiedDate":"2024-08-22","isFullCredit":false},{"lineNumber":21,"author":{"gitId":"teamotitan"},"content":"    public String getStatusIcon() {","lastModifiedDate":"2024-08-22","isFullCredit":false},{"lineNumber":22,"author":{"gitId":"teamotitan"},"content":"        return (this.mark ? \"X\" : \" \");","lastModifiedDate":"2024-08-22","isFullCredit":false},{"lineNumber":23,"author":{"gitId":"teamotitan"},"content":"    }","lastModifiedDate":"2024-08-22","isFullCredit":false},{"lineNumber":24,"author":{"gitId":"teamotitan"},"content":"","lastModifiedDate":"2024-08-22","isFullCredit":false},{"lineNumber":25,"author":{"gitId":"teamotitan"},"content":"    @Override","lastModifiedDate":"2024-08-23","isFullCredit":false},{"lineNumber":26,"author":{"gitId":"teamotitan"},"content":"    public String toString() {","lastModifiedDate":"2024-08-23","isFullCredit":false},{"lineNumber":27,"author":{"gitId":"teamotitan"},"content":"        return \"[\" + getStatusIcon() + \"] \" + this.val;","lastModifiedDate":"2024-08-23","isFullCredit":false},{"lineNumber":28,"author":{"gitId":"teamotitan"},"content":"    }","lastModifiedDate":"2024-08-23","isFullCredit":false},{"lineNumber":29,"author":{"gitId":"teamotitan"},"content":"}","lastModifiedDate":"2024-08-23","isFullCredit":false},{"lineNumber":30,"author":{"gitId":"teamotitan"},"content":"","lastModifiedDate":"2024-08-23","isFullCredit":false},{"lineNumber":31,"author":{"gitId":"teamotitan"},"content":"class Todo extends Task {","lastModifiedDate":"2024-08-23","isFullCredit":false},{"lineNumber":32,"author":{"gitId":"teamotitan"},"content":"    private final String tasktype \u003d \"T\";","lastModifiedDate":"2024-08-23","isFullCredit":false},{"lineNumber":33,"author":{"gitId":"teamotitan"},"content":"","lastModifiedDate":"2024-08-23","isFullCredit":false},{"lineNumber":34,"author":{"gitId":"teamotitan"},"content":"","lastModifiedDate":"2024-08-23","isFullCredit":false},{"lineNumber":35,"author":{"gitId":"teamotitan"},"content":"    public Todo(boolean mark, String val) {","lastModifiedDate":"2024-08-23","isFullCredit":false},{"lineNumber":36,"author":{"gitId":"teamotitan"},"content":"        super(mark, val);","lastModifiedDate":"2024-08-23","isFullCredit":false},{"lineNumber":37,"author":{"gitId":"teamotitan"},"content":"    }","lastModifiedDate":"2024-08-23","isFullCredit":false},{"lineNumber":38,"author":{"gitId":"teamotitan"},"content":"","lastModifiedDate":"2024-08-23","isFullCredit":false},{"lineNumber":39,"author":{"gitId":"teamotitan"},"content":"    @Override","lastModifiedDate":"2024-08-23","isFullCredit":false},{"lineNumber":40,"author":{"gitId":"teamotitan"},"content":"    public String toString() {","lastModifiedDate":"2024-08-23","isFullCredit":false},{"lineNumber":41,"author":{"gitId":"teamotitan"},"content":"        return \"[\" + this.tasktype + \"]\" + super.toString();","lastModifiedDate":"2024-08-23","isFullCredit":false},{"lineNumber":42,"author":{"gitId":"teamotitan"},"content":"    }","lastModifiedDate":"2024-08-23","isFullCredit":false},{"lineNumber":43,"author":{"gitId":"teamotitan"},"content":"}","lastModifiedDate":"2024-08-23","isFullCredit":false},{"lineNumber":44,"author":{"gitId":"teamotitan"},"content":"","lastModifiedDate":"2024-08-23","isFullCredit":false},{"lineNumber":45,"author":{"gitId":"teamotitan"},"content":"class Deadline extends Task {","lastModifiedDate":"2024-08-23","isFullCredit":false},{"lineNumber":46,"author":{"gitId":"teamotitan"},"content":"    private String date;","lastModifiedDate":"2024-08-23","isFullCredit":false},{"lineNumber":47,"author":{"gitId":"teamotitan"},"content":"    private final String tasktype \u003d \"D\";","lastModifiedDate":"2024-08-23","isFullCredit":false},{"lineNumber":48,"author":{"gitId":"teamotitan"},"content":"","lastModifiedDate":"2024-08-23","isFullCredit":false},{"lineNumber":49,"author":{"gitId":"teamotitan"},"content":"    public Deadline(boolean mark, String val, String date){","lastModifiedDate":"2024-08-23","isFullCredit":false},{"lineNumber":50,"author":{"gitId":"teamotitan"},"content":"        super(mark, val);","lastModifiedDate":"2024-08-23","isFullCredit":false},{"lineNumber":51,"author":{"gitId":"teamotitan"},"content":"        this.date \u003d date;","lastModifiedDate":"2024-08-23","isFullCredit":false},{"lineNumber":52,"author":{"gitId":"teamotitan"},"content":"    }","lastModifiedDate":"2024-08-23","isFullCredit":false},{"lineNumber":53,"author":{"gitId":"teamotitan"},"content":"","lastModifiedDate":"2024-08-23","isFullCredit":false},{"lineNumber":54,"author":{"gitId":"teamotitan"},"content":"    @Override","lastModifiedDate":"2024-08-23","isFullCredit":false},{"lineNumber":55,"author":{"gitId":"teamotitan"},"content":"    public String toString() {","lastModifiedDate":"2024-08-23","isFullCredit":false},{"lineNumber":56,"author":{"gitId":"teamotitan"},"content":"        return \"[\" + this.tasktype + \"]\" + super.toString() + \" (by: \" + this.date + \")\";","lastModifiedDate":"2024-08-23","isFullCredit":false},{"lineNumber":57,"author":{"gitId":"teamotitan"},"content":"    }","lastModifiedDate":"2024-08-23","isFullCredit":false},{"lineNumber":58,"author":{"gitId":"teamotitan"},"content":"}","lastModifiedDate":"2024-08-23","isFullCredit":false},{"lineNumber":59,"author":{"gitId":"teamotitan"},"content":"","lastModifiedDate":"2024-08-23","isFullCredit":false},{"lineNumber":60,"author":{"gitId":"teamotitan"},"content":"class Event extends Task {","lastModifiedDate":"2024-08-23","isFullCredit":false},{"lineNumber":61,"author":{"gitId":"teamotitan"},"content":"    private String from;","lastModifiedDate":"2024-08-23","isFullCredit":false},{"lineNumber":62,"author":{"gitId":"teamotitan"},"content":"    private String to;","lastModifiedDate":"2024-08-23","isFullCredit":false},{"lineNumber":63,"author":{"gitId":"teamotitan"},"content":"    private final String tasktype \u003d \"E\";","lastModifiedDate":"2024-08-23","isFullCredit":false},{"lineNumber":64,"author":{"gitId":"teamotitan"},"content":"","lastModifiedDate":"2024-08-23","isFullCredit":false},{"lineNumber":65,"author":{"gitId":"teamotitan"},"content":"    public Event(boolean mark, String val, String from, String to) {","lastModifiedDate":"2024-08-23","isFullCredit":false},{"lineNumber":66,"author":{"gitId":"teamotitan"},"content":"        super(mark, val);","lastModifiedDate":"2024-08-23","isFullCredit":false},{"lineNumber":67,"author":{"gitId":"teamotitan"},"content":"        this.from \u003d from;","lastModifiedDate":"2024-08-23","isFullCredit":false},{"lineNumber":68,"author":{"gitId":"teamotitan"},"content":"        this.to \u003d to;","lastModifiedDate":"2024-08-23","isFullCredit":false},{"lineNumber":69,"author":{"gitId":"teamotitan"},"content":"    }","lastModifiedDate":"2024-08-23","isFullCredit":false},{"lineNumber":70,"author":{"gitId":"teamotitan"},"content":"","lastModifiedDate":"2024-08-23","isFullCredit":false},{"lineNumber":71,"author":{"gitId":"teamotitan"},"content":"    @Override","lastModifiedDate":"2024-08-23","isFullCredit":false},{"lineNumber":72,"author":{"gitId":"teamotitan"},"content":"    public String toString() {","lastModifiedDate":"2024-08-23","isFullCredit":false},{"lineNumber":73,"author":{"gitId":"teamotitan"},"content":"        return \"[\" + this.tasktype + \"]\" + super.toString() + \" (from: \" + this.from + \" to: \" + this.to + \")\";","lastModifiedDate":"2024-08-23","isFullCredit":false},{"lineNumber":74,"author":{"gitId":"teamotitan"},"content":"    }","lastModifiedDate":"2024-08-22","isFullCredit":false},{"lineNumber":75,"author":{"gitId":"teamotitan"},"content":"}","lastModifiedDate":"2024-08-22","isFullCredit":false},{"lineNumber":76,"author":{"gitId":"teamotitan"},"content":"","lastModifiedDate":"2024-08-22","isFullCredit":false},{"lineNumber":77,"author":{"gitId":"teamotitan"},"content":"","lastModifiedDate":"2024-08-22","isFullCredit":false},{"lineNumber":78,"author":{"gitId":"teamotitan"},"content":"","lastModifiedDate":"2024-08-22","isFullCredit":false},{"lineNumber":79,"author":{"gitId":"teamotitan"},"content":"public class Timo {","lastModifiedDate":"2024-08-21","isFullCredit":false},{"lineNumber":80,"author":{"gitId":"teamotitan"},"content":"    public static void main(String[] args) {","lastModifiedDate":"2024-08-21","isFullCredit":false},{"lineNumber":81,"author":{"gitId":"teamotitan"},"content":"        //greet","lastModifiedDate":"2024-08-22","isFullCredit":false},{"lineNumber":82,"author":{"gitId":"teamotitan"},"content":"        System.out.println(\"----------------------------\");","lastModifiedDate":"2024-08-22","isFullCredit":false},{"lineNumber":83,"author":{"gitId":"teamotitan"},"content":"        System.out.println(\"Hello! I\u0027m Timo\\nWhat can I do for you?\");","lastModifiedDate":"2024-08-22","isFullCredit":false},{"lineNumber":84,"author":{"gitId":"teamotitan"},"content":"        System.out.println(\"----------------------------\");","lastModifiedDate":"2024-08-22","isFullCredit":false},{"lineNumber":85,"author":{"gitId":"teamotitan"},"content":"","lastModifiedDate":"2024-08-22","isFullCredit":false},{"lineNumber":86,"author":{"gitId":"teamotitan"},"content":"        //Scanner to receive input","lastModifiedDate":"2024-08-22","isFullCredit":false},{"lineNumber":87,"author":{"gitId":"teamotitan"},"content":"        Scanner echo \u003d new Scanner(System.in);","lastModifiedDate":"2024-08-22","isFullCredit":false},{"lineNumber":88,"author":{"gitId":"teamotitan"},"content":"","lastModifiedDate":"2024-08-22","isFullCredit":false},{"lineNumber":89,"author":{"gitId":"teamotitan"},"content":"        //initialise array to store the values","lastModifiedDate":"2024-08-22","isFullCredit":false},{"lineNumber":90,"author":{"gitId":"teamotitan"},"content":"        Task[] arr \u003d new Task[100];","lastModifiedDate":"2024-08-22","isFullCredit":false},{"lineNumber":91,"author":{"gitId":"teamotitan"},"content":"        int index \u003d 1;","lastModifiedDate":"2024-08-22","isFullCredit":false},{"lineNumber":92,"author":{"gitId":"teamotitan"},"content":"","lastModifiedDate":"2024-08-22","isFullCredit":false},{"lineNumber":93,"author":{"gitId":"teamotitan"},"content":"","lastModifiedDate":"2024-08-22","isFullCredit":false},{"lineNumber":94,"author":{"gitId":"teamotitan"},"content":"        String input \u003d \"\";","lastModifiedDate":"2024-08-22","isFullCredit":false},{"lineNumber":95,"author":{"gitId":"teamotitan"},"content":"","lastModifiedDate":"2024-08-22","isFullCredit":false},{"lineNumber":96,"author":{"gitId":"teamotitan"},"content":"        //boolean to know whether input \u003d bye","lastModifiedDate":"2024-08-22","isFullCredit":false},{"lineNumber":97,"author":{"gitId":"teamotitan"},"content":"        boolean is_bye \u003d false;","lastModifiedDate":"2024-08-22","isFullCredit":false},{"lineNumber":98,"author":{"gitId":"teamotitan"},"content":"        while (!is_bye) {","lastModifiedDate":"2024-08-22","isFullCredit":false},{"lineNumber":99,"author":{"gitId":"teamotitan"},"content":"            input \u003d echo.nextLine();","lastModifiedDate":"2024-08-22","isFullCredit":false},{"lineNumber":100,"author":{"gitId":"teamotitan"},"content":"            //determine actions based on input","lastModifiedDate":"2024-08-22","isFullCredit":false},{"lineNumber":101,"author":{"gitId":"teamotitan"},"content":"            switch (input) {","lastModifiedDate":"2024-08-22","isFullCredit":false},{"lineNumber":102,"author":{"gitId":"teamotitan"},"content":"                case \"bye\":","lastModifiedDate":"2024-08-22","isFullCredit":false},{"lineNumber":103,"author":{"gitId":"teamotitan"},"content":"                    System.out.println(\"----------------------------\");","lastModifiedDate":"2024-08-22","isFullCredit":false},{"lineNumber":104,"author":{"gitId":"teamotitan"},"content":"                    System.out.println(\"Bye. Hope to see you again soon!\");","lastModifiedDate":"2024-08-22","isFullCredit":false},{"lineNumber":105,"author":{"gitId":"teamotitan"},"content":"                    System.out.println(\"----------------------------\");","lastModifiedDate":"2024-08-22","isFullCredit":false},{"lineNumber":106,"author":{"gitId":"teamotitan"},"content":"                    is_bye \u003d true;","lastModifiedDate":"2024-08-22","isFullCredit":false},{"lineNumber":107,"author":{"gitId":"teamotitan"},"content":"                    break;","lastModifiedDate":"2024-08-22","isFullCredit":false},{"lineNumber":108,"author":{"gitId":"teamotitan"},"content":"","lastModifiedDate":"2024-08-22","isFullCredit":false},{"lineNumber":109,"author":{"gitId":"teamotitan"},"content":"                case \"list\":","lastModifiedDate":"2024-08-22","isFullCredit":false},{"lineNumber":110,"author":{"gitId":"teamotitan"},"content":"                    System.out.println(\"----------------------------\");","lastModifiedDate":"2024-08-22","isFullCredit":false},{"lineNumber":111,"author":{"gitId":"teamotitan"},"content":"                    System.out.println(\"Here are the tasks in your list:\");","lastModifiedDate":"2024-08-22","isFullCredit":false},{"lineNumber":112,"author":{"gitId":"teamotitan"},"content":"                    for (int i \u003d 1; i \u003c index; i++) {","lastModifiedDate":"2024-08-22","isFullCredit":false},{"lineNumber":113,"author":{"gitId":"teamotitan"},"content":"                        Task chosen \u003d arr[i - 1];","lastModifiedDate":"2024-08-22","isFullCredit":false},{"lineNumber":114,"author":{"gitId":"teamotitan"},"content":"                        System.out.println(i + \". \" + chosen);","lastModifiedDate":"2024-08-23","isFullCredit":false},{"lineNumber":115,"author":{"gitId":"teamotitan"},"content":"                    }","lastModifiedDate":"2024-08-22","isFullCredit":false},{"lineNumber":116,"author":{"gitId":"teamotitan"},"content":"                    System.out.println(\"----------------------------\");","lastModifiedDate":"2024-08-22","isFullCredit":false},{"lineNumber":117,"author":{"gitId":"teamotitan"},"content":"                    break;","lastModifiedDate":"2024-08-22","isFullCredit":false},{"lineNumber":118,"author":{"gitId":"teamotitan"},"content":"","lastModifiedDate":"2024-08-22","isFullCredit":false},{"lineNumber":119,"author":{"gitId":"teamotitan"},"content":"                default:","lastModifiedDate":"2024-08-22","isFullCredit":false},{"lineNumber":120,"author":{"gitId":"teamotitan"},"content":"                    if (input.startsWith(\"mark\")) {","lastModifiedDate":"2024-08-22","isFullCredit":false},{"lineNumber":121,"author":{"gitId":"teamotitan"},"content":"                        //to mark","lastModifiedDate":"2024-08-22","isFullCredit":false},{"lineNumber":122,"author":{"gitId":"teamotitan"},"content":"                        String num \u003d String.valueOf(input.charAt(input.length() - 1));","lastModifiedDate":"2024-08-22","isFullCredit":false},{"lineNumber":123,"author":{"gitId":"teamotitan"},"content":"                        int target \u003d Integer.parseInt(num);","lastModifiedDate":"2024-08-22","isFullCredit":false},{"lineNumber":124,"author":{"gitId":"teamotitan"},"content":"                        System.out.println(target);","lastModifiedDate":"2024-08-22","isFullCredit":false},{"lineNumber":125,"author":{"gitId":"teamotitan"},"content":"                        Task chosen \u003d arr[target - 1];","lastModifiedDate":"2024-08-22","isFullCredit":false},{"lineNumber":126,"author":{"gitId":"teamotitan"},"content":"                        chosen.markDone();","lastModifiedDate":"2024-08-22","isFullCredit":false},{"lineNumber":127,"author":{"gitId":"teamotitan"},"content":"                        System.out.println(\"----------------------------\");","lastModifiedDate":"2024-08-22","isFullCredit":false},{"lineNumber":128,"author":{"gitId":"teamotitan"},"content":"                        System.out.println(\"Nice! I\u0027ve marked this task as done:\");","lastModifiedDate":"2024-08-22","isFullCredit":false},{"lineNumber":129,"author":{"gitId":"teamotitan"},"content":"                        System.out.println(chosen);","lastModifiedDate":"2024-08-23","isFullCredit":false},{"lineNumber":130,"author":{"gitId":"teamotitan"},"content":"                        System.out.println(\"----------------------------\");","lastModifiedDate":"2024-08-22","isFullCredit":false},{"lineNumber":131,"author":{"gitId":"teamotitan"},"content":"                    } else if (input.startsWith(\"unmark\")) {","lastModifiedDate":"2024-08-22","isFullCredit":false},{"lineNumber":132,"author":{"gitId":"teamotitan"},"content":"                        //to unmark","lastModifiedDate":"2024-08-22","isFullCredit":false},{"lineNumber":133,"author":{"gitId":"teamotitan"},"content":"                        String num \u003d String.valueOf(input.charAt(input.length() - 1));","lastModifiedDate":"2024-08-22","isFullCredit":false},{"lineNumber":134,"author":{"gitId":"teamotitan"},"content":"                        int target \u003d Integer.parseInt(num);","lastModifiedDate":"2024-08-22","isFullCredit":false},{"lineNumber":135,"author":{"gitId":"teamotitan"},"content":"                        Task chosen \u003d arr[target - 1];","lastModifiedDate":"2024-08-22","isFullCredit":false},{"lineNumber":136,"author":{"gitId":"teamotitan"},"content":"                        chosen.markUndone();","lastModifiedDate":"2024-08-22","isFullCredit":false},{"lineNumber":137,"author":{"gitId":"teamotitan"},"content":"                        System.out.println(\"----------------------------\");","lastModifiedDate":"2024-08-22","isFullCredit":false},{"lineNumber":138,"author":{"gitId":"teamotitan"},"content":"                        System.out.println(\"Nice! I\u0027ve marked this task as not done yet:\");","lastModifiedDate":"2024-08-22","isFullCredit":false},{"lineNumber":139,"author":{"gitId":"teamotitan"},"content":"                        System.out.println(chosen);","lastModifiedDate":"2024-08-23","isFullCredit":false},{"lineNumber":140,"author":{"gitId":"teamotitan"},"content":"                        System.out.println(\"----------------------------\");","lastModifiedDate":"2024-08-23","isFullCredit":false},{"lineNumber":141,"author":{"gitId":"teamotitan"},"content":"                    } else if (input.startsWith(\"todo\")) {","lastModifiedDate":"2024-08-23","isFullCredit":false},{"lineNumber":142,"author":{"gitId":"teamotitan"},"content":"                        //have an array that splits the input by space to obtain task","lastModifiedDate":"2024-08-23","isFullCredit":false},{"lineNumber":143,"author":{"gitId":"teamotitan"},"content":"                        String[] tmp \u003d input.split(\" \", 2);","lastModifiedDate":"2024-08-23","isFullCredit":false},{"lineNumber":144,"author":{"gitId":"teamotitan"},"content":"                        Todo task \u003d new Todo(false, tmp[1]);","lastModifiedDate":"2024-08-23","isFullCredit":false},{"lineNumber":145,"author":{"gitId":"teamotitan"},"content":"                        System.out.println(\"----------------------------\");","lastModifiedDate":"2024-08-23","isFullCredit":false},{"lineNumber":146,"author":{"gitId":"teamotitan"},"content":"                        System.out.println(\"Got it. I\u0027ve added this task:\");","lastModifiedDate":"2024-08-23","isFullCredit":false},{"lineNumber":147,"author":{"gitId":"teamotitan"},"content":"                        System.out.println(task.toString());","lastModifiedDate":"2024-08-23","isFullCredit":false},{"lineNumber":148,"author":{"gitId":"teamotitan"},"content":"                        System.out.println(\"Now you have \" + index + \" tasks in the list.\");","lastModifiedDate":"2024-08-23","isFullCredit":false},{"lineNumber":149,"author":{"gitId":"teamotitan"},"content":"                        System.out.println(\"----------------------------\");","lastModifiedDate":"2024-08-22","isFullCredit":false},{"lineNumber":150,"author":{"gitId":"teamotitan"},"content":"                        arr[index - 1] \u003d task;","lastModifiedDate":"2024-08-23","isFullCredit":false},{"lineNumber":151,"author":{"gitId":"teamotitan"},"content":"                        index++;","lastModifiedDate":"2024-08-23","isFullCredit":false},{"lineNumber":152,"author":{"gitId":"teamotitan"},"content":"                    } else if (input.startsWith(\"deadline\")) {","lastModifiedDate":"2024-08-23","isFullCredit":false},{"lineNumber":153,"author":{"gitId":"teamotitan"},"content":"                        String[] tmp \u003d input.split(\"deadline |/by \");","lastModifiedDate":"2024-08-23","isFullCredit":false},{"lineNumber":154,"author":{"gitId":"teamotitan"},"content":"                        Deadline task \u003d new Deadline(false, tmp[1], tmp[2]);","lastModifiedDate":"2024-08-23","isFullCredit":false},{"lineNumber":155,"author":{"gitId":"teamotitan"},"content":"                        System.out.println(\"----------------------------\");","lastModifiedDate":"2024-08-23","isFullCredit":false},{"lineNumber":156,"author":{"gitId":"teamotitan"},"content":"                        System.out.println(\"Got it. I\u0027ve added this task:\");","lastModifiedDate":"2024-08-23","isFullCredit":false},{"lineNumber":157,"author":{"gitId":"teamotitan"},"content":"                        System.out.println(task.toString());","lastModifiedDate":"2024-08-23","isFullCredit":false},{"lineNumber":158,"author":{"gitId":"teamotitan"},"content":"                        System.out.println(\"Now you have \" + index + \" tasks in the list.\");","lastModifiedDate":"2024-08-23","isFullCredit":false},{"lineNumber":159,"author":{"gitId":"teamotitan"},"content":"                        System.out.println(\"----------------------------\");","lastModifiedDate":"2024-08-23","isFullCredit":false},{"lineNumber":160,"author":{"gitId":"teamotitan"},"content":"                        arr[index - 1] \u003d task;","lastModifiedDate":"2024-08-23","isFullCredit":false},{"lineNumber":161,"author":{"gitId":"teamotitan"},"content":"                        index++;","lastModifiedDate":"2024-08-23","isFullCredit":false},{"lineNumber":162,"author":{"gitId":"teamotitan"},"content":"                    } else if (input.startsWith(\"event\")) {","lastModifiedDate":"2024-08-23","isFullCredit":false},{"lineNumber":163,"author":{"gitId":"teamotitan"},"content":"                        String[] tmp \u003d input.split(\"event |/from |/to \");","lastModifiedDate":"2024-08-23","isFullCredit":false},{"lineNumber":164,"author":{"gitId":"teamotitan"},"content":"                        Event task \u003d new Event(false, tmp[1], tmp[2], tmp[3]);","lastModifiedDate":"2024-08-23","isFullCredit":false},{"lineNumber":165,"author":{"gitId":"teamotitan"},"content":"                        System.out.println(\"----------------------------\");","lastModifiedDate":"2024-08-23","isFullCredit":false},{"lineNumber":166,"author":{"gitId":"teamotitan"},"content":"                        System.out.println(\"Got it. I\u0027ve added this task:\");","lastModifiedDate":"2024-08-23","isFullCredit":false},{"lineNumber":167,"author":{"gitId":"teamotitan"},"content":"                        System.out.println(task.toString());","lastModifiedDate":"2024-08-23","isFullCredit":false},{"lineNumber":168,"author":{"gitId":"teamotitan"},"content":"                        System.out.println(\"Now you have \" + index + \" tasks in the list.\");","lastModifiedDate":"2024-08-23","isFullCredit":false},{"lineNumber":169,"author":{"gitId":"teamotitan"},"content":"                        System.out.println(\"----------------------------\");","lastModifiedDate":"2024-08-23","isFullCredit":false},{"lineNumber":170,"author":{"gitId":"teamotitan"},"content":"                        arr[index - 1] \u003d task;","lastModifiedDate":"2024-08-23","isFullCredit":false},{"lineNumber":171,"author":{"gitId":"teamotitan"},"content":"                        index++;","lastModifiedDate":"2024-08-23","isFullCredit":false},{"lineNumber":172,"author":{"gitId":"teamotitan"},"content":"                    } else {","lastModifiedDate":"2024-08-22","isFullCredit":false},{"lineNumber":173,"author":{"gitId":"teamotitan"},"content":"                        //to add to list","lastModifiedDate":"2024-08-22","isFullCredit":false},{"lineNumber":174,"author":{"gitId":"teamotitan"},"content":"                        System.out.println(\"----------------------------\");","lastModifiedDate":"2024-08-22","isFullCredit":false},{"lineNumber":175,"author":{"gitId":"teamotitan"},"content":"                        System.out.println(\"added: \" + input);","lastModifiedDate":"2024-08-22","isFullCredit":false},{"lineNumber":176,"author":{"gitId":"teamotitan"},"content":"                        System.out.println(\"----------------------------\");","lastModifiedDate":"2024-08-22","isFullCredit":false},{"lineNumber":177,"author":{"gitId":"teamotitan"},"content":"                        arr[index - 1] \u003d new Task(false, input);","lastModifiedDate":"2024-08-22","isFullCredit":false},{"lineNumber":178,"author":{"gitId":"teamotitan"},"content":"                        index++;","lastModifiedDate":"2024-08-22","isFullCredit":false},{"lineNumber":179,"author":{"gitId":"teamotitan"},"content":"                        break;","lastModifiedDate":"2024-08-22","isFullCredit":false},{"lineNumber":180,"author":{"gitId":"teamotitan"},"content":"                    }","lastModifiedDate":"2024-08-22","isFullCredit":false},{"lineNumber":181,"author":{"gitId":"teamotitan"},"content":"            }","lastModifiedDate":"2024-08-22","isFullCredit":false},{"lineNumber":182,"author":{"gitId":"teamotitan"},"content":"        }","lastModifiedDate":"2024-08-22","isFullCredit":false},{"lineNumber":183,"author":{"gitId":"teamotitan"},"content":"","lastModifiedDate":"2024-08-22","isFullCredit":false},{"lineNumber":184,"author":{"gitId":"teamotitan"},"content":"","lastModifiedDate":"2024-08-22","isFullCredit":false},{"lineNumber":185,"author":{"gitId":"teamotitan"},"content":"","lastModifiedDate":"2024-08-21","isFullCredit":false},{"lineNumber":186,"author":{"gitId":"teamotitan"},"content":"    }","lastModifiedDate":"2024-08-21","isFullCredit":false},{"lineNumber":187,"author":{"gitId":"teamotitan"},"content":"}","lastModifiedDate":"2024-08-21","isFullCredit":false}],"authorContributionMap":{"teamotitan":187}}]
