{"authorDailyContributionsMap":{"SeanFoongjt":[{"date":"2024-08-23","commitResults":[{"hash":"4971396ac2b2b8b0870b539b17b1099b1534243f","isMergeCommit":false,"messageTitle":"Change name of Duke to Elster and add a goodbye","messageBody":"","tags":["Level-0"],"fileTypesAndContributionMap":{"java":{"insertions":22,"deletions":10}}},{"hash":"18d5c54f1aa5084623426f61043765c21be30944","isMergeCommit":false,"messageTitle":"Add the echo function","messageBody":"","tags":["Level-1"],"fileTypesAndContributionMap":{"java":{"insertions":25,"deletions":4}}},{"hash":"6f48d4ae3f00c8bb66f3bd7607eed91cc31da6d9","isMergeCommit":false,"messageTitle":"Add list and add to list functions","messageBody":"","tags":["Level-2"],"fileTypesAndContributionMap":{"java":{"insertions":14,"deletions":2}}},{"hash":"4c808038e2e3e263d4201af47f140a1690bee298","isMergeCommit":false,"messageTitle":"Add mark and unmark function and implement classes","messageBody":"The main program is handling all functionalities. This includes\nrelated behaviors.\n\nThe related behaviors can be encapsulated in a class which also reduces\ncode clutter\n\nWe should group the related functions of the task list and the task into\nit\u0027s own classes.\n\nThis allows for better modularity of the code for future purposes and\nalso reduces code clutter.\n","tags":["level-3","Level-3","A-Classes"],"fileTypesAndContributionMap":{"java":{"insertions":93,"deletions":16}}},{"hash":"c0d21ef4e16985459f61e8abb5caf66a4b8be282","isMergeCommit":false,"messageTitle":"Add deadline, event and todo tasks and inheritance","messageBody":"Task classes (e.g. DeadlineTask, EventTask etc.) have some common\nbehaviors with each other.\n\nThe common behaviors are causing duplication of code.\n\nWe can extract the similar behaviors into a superclass Task to support\npolymorphism as well as reduce code duplication.\n\nLet us create a superclass Task that the other tasks like deadlines and\nevents inherit from.\n","tags":["Level-4","A-Inheritance"],"fileTypesAndContributionMap":{"java":{"insertions":90,"deletions":8}}},{"hash":"3ee540f0049610c3872b55cfffff62d0c6dd5a3d","isMergeCommit":false,"messageTitle":"Add text-ui automated testing","messageBody":"","tags":["A-TextUiTesting"],"fileTypesAndContributionMap":{"txt":{"insertions":10,"deletions":0},"bat":{"insertions":1,"deletions":1}}},{"hash":"b7322cdecbc721519af095161b3274d86892163e","isMergeCommit":false,"messageTitle":"Handle most common errors encountered","messageBody":"","tags":["Level-5","A-Exceptions"],"fileTypesAndContributionMap":{"txt":{"insertions":5,"deletions":0},"java":{"insertions":117,"deletions":23}}},{"hash":"3224c57d6b8358e93f8b8c676d1491d1f602b801","isMergeCommit":false,"messageTitle":"Add delete function","messageBody":"","tags":["Level-6","A-Collections"],"fileTypesAndContributionMap":{"txt":{"insertions":1,"deletions":0},"java":{"insertions":27,"deletions":0}}}]},{"date":"2024-08-29","commitResults":[{"hash":"8fc203d21dafa3383d9b94eba9e23aabeb565e12","isMergeCommit":false,"messageTitle":"Add ability to read and write local files","messageBody":"","fileTypesAndContributionMap":{"java":{"insertions":11,"deletions":1}}},{"hash":"4b51847f0844671ba7315243bb5299d75c8785ba","isMergeCommit":false,"messageTitle":"Add write to file function for Todo Task","messageBody":"","fileTypesAndContributionMap":{"java":{"insertions":62,"deletions":4}}},{"hash":"f8441e8bdcf2d247819a6561d4f3a71f2db368ac","isMergeCommit":false,"messageTitle":"Add write file functions for deadline and event","messageBody":"","fileTypesAndContributionMap":{"java":{"insertions":34,"deletions":25}}},{"hash":"65d6f2587e7c194ed9ebab2a507ae66bfad6bf68","isMergeCommit":true,"messageTitle":"Merge branch \u0027branch-Level-7\u0027","messageBody":"","tags":["Level-7"],"fileTypesAndContributionMap":{}}]},{"date":"2024-08-30","commitResults":[{"hash":"d5cd3fc15b103f67229f6a848b5f305d2cd7b8d4","isMergeCommit":false,"messageTitle":"Let deadline track deadline as LocalDateTime","messageBody":"","fileTypesAndContributionMap":{"java":{"insertions":25,"deletions":3}}},{"hash":"4a5eb3738b38e21230a02998576f3cfda44d00fe","isMergeCommit":false,"messageTitle":"Let event track start and end as LocalDateTime","messageBody":"","fileTypesAndContributionMap":{"txt":{"insertions":5,"deletions":2},"java":{"insertions":39,"deletions":9}}},{"hash":"7e3ca4142b3c5ba2a3a87e86ea0c05fa494ac7d9","isMergeCommit":true,"messageTitle":"Merge branch \u0027branch-Level-8\u0027","messageBody":"","tags":["Level-8"],"fileTypesAndContributionMap":{}},{"hash":"dae242d5cd21c716b4466ca92d168665eb9f7f08","isMergeCommit":false,"messageTitle":"Reformat to have Ui class","messageBody":"","fileTypesAndContributionMap":{"java":{"insertions":125,"deletions":89}}},{"hash":"dd87b370aaab52f485177f4a82f6961801e75497","isMergeCommit":false,"messageTitle":"Add Elseptions (errors) and Storage","messageBody":"","fileTypesAndContributionMap":{"java":{"insertions":55,"deletions":2}}},{"hash":"62ee7e1343d7f4d1a4137b79feafd5300165dc57","isMergeCommit":false,"messageTitle":"Update Ui, Storage and TaskList","messageBody":"","fileTypesAndContributionMap":{"java":{"insertions":84,"deletions":72}}},{"hash":"f6d46ace822a7d9b8a3cf1a1fe80b6666463a772","isMergeCommit":false,"messageTitle":"Updated Ui, Elseption, Storage and TaskList","messageBody":"","fileTypesAndContributionMap":{"java":{"insertions":125,"deletions":98}}},{"hash":"3317dd85ba7b61b0929f36c0ca8b314938f5504d","isMergeCommit":false,"messageTitle":"Fixed storage and added more OOP","messageBody":"","fileTypesAndContributionMap":{"java":{"insertions":128,"deletions":35}}},{"hash":"484792ebb421beb2ac00db58d6a4d05b5a1da4f9","isMergeCommit":true,"messageTitle":"Merge branch \u0027A-MoreOOP\u0027","messageBody":"","tags":["A-MoreOOP"],"fileTypesAndContributionMap":{}},{"hash":"40240239ff95a0d4e18936db0b809b63fdef8396","isMergeCommit":false,"messageTitle":"Add packages","messageBody":"","fileTypesAndContributionMap":{"java":{"insertions":30,"deletions":11},"bat":{"insertions":2,"deletions":1}}},{"hash":"b3834c1c34f7edff368c77342c289dc3758ec866","isMergeCommit":true,"messageTitle":"Merge branch \u0027A-Packages\u0027","messageBody":"","tags":["A-Packages"],"fileTypesAndContributionMap":{}},{"hash":"07eb28f0c3e8935bfcd120afa1e77ea539caf7c6","isMergeCommit":true,"messageTitle":"Merge remote-tracking branch \u0027origin/add-gradle-support\u0027","messageBody":"","fileTypesAndContributionMap":{}},{"hash":"6a26b66611c30f6ed4a99a0f16fdccb4552edd19","isMergeCommit":false,"messageTitle":"Add gradle build and automation","messageBody":"","tags":["A-Gradle"],"fileTypesAndContributionMap":{"gradle":{"insertions":2,"deletions":1},"java":{"insertions":45,"deletions":27}}},{"hash":"6ac66de31cb8f6ee58cee3a6e3ce697bcd939601","isMergeCommit":false,"messageTitle":"Add JUnit dependency and TaskListTest","messageBody":"","fileTypesAndContributionMap":{"java":{"insertions":79,"deletions":4}}},{"hash":"77c2ade27fb8e76f0699df279e1aee29ce449095","isMergeCommit":false,"messageTitle":"Add tests for Deadline Task","messageBody":"","tags":["A-JUnit"],"fileTypesAndContributionMap":{"java":{"insertions":32,"deletions":0}}},{"hash":"12993edb4394c742747829da7b188aa34d5a0cea","isMergeCommit":false,"messageTitle":"Create a jar file for Elster","messageBody":"","tags":["A-Jar"],"fileTypesAndContributionMap":{"gradle":{"insertions":3,"deletions":2}}},{"hash":"95f8f08297306ff4607ec69bf94d9bd34fcbb60d","isMergeCommit":false,"messageTitle":"Add JavaDoc header comments for Task classes","messageBody":"","fileTypesAndContributionMap":{"java":{"insertions":65,"deletions":5}}},{"hash":"203b0f9646d2f8d2ad89adbe05643d73b21c3452","isMergeCommit":false,"messageTitle":"Correct files to follow Java coding standard","messageBody":"","fileTypesAndContributionMap":{"java":{"insertions":15,"deletions":18}}},{"hash":"abb969fe3e073765702ea3786188d41f0a19ad7f","isMergeCommit":false,"messageTitle":"Add findByDescription and descContain functions","messageBody":"","fileTypesAndContributionMap":{"java":{"insertions":20,"deletions":0}}},{"hash":"3a934790b73b94427f7f5c088b82f02e5fcd4bae","isMergeCommit":false,"messageTitle":"Implement find by description in UI and Elster","messageBody":"","fileTypesAndContributionMap":{"java":{"insertions":14,"deletions":1}}},{"hash":"9f0250dc2f9ef91e5d0579a3c686369efa80817b","isMergeCommit":false,"messageTitle":"Add Javadocs for Ui","messageBody":"","fileTypesAndContributionMap":{"java":{"insertions":69,"deletions":4}}},{"hash":"c967e3fc0e90269a452785ee99e9ac629a7bae02","isMergeCommit":false,"messageTitle":"Add Javadoc comments to TaskList","messageBody":"","fileTypesAndContributionMap":{"java":{"insertions":54,"deletions":3}}},{"hash":"3ab038b4ab2f1a785378b0c276ad876093e83070","isMergeCommit":true,"messageTitle":"Merge branch \u0027A-CodingStandard\u0027","messageBody":"","fileTypesAndContributionMap":{}},{"hash":"1833780429dcf9f29c06f34cd42f8e2802e0b8f6","isMergeCommit":true,"messageTitle":"Merge branch \u0027Level-9\u0027","messageBody":"","tags":["Level-9","A-JavaDoc","A-CodingStandard"],"fileTypesAndContributionMap":{}}]},{"date":"2024-09-05","commitResults":[{"hash":"6ca6a9806988f23bc7466061be3731ba9fba2457","isMergeCommit":false,"messageTitle":"Revamps how the Ui class prints error messages","messageBody":"","fileTypesAndContributionMap":{"java":{"insertions":87,"deletions":137}}},{"hash":"38cacff156cfca4ad3f080402d4ff5e99396a80e","isMergeCommit":false,"messageTitle":"Improve Elseption error messages in Task classes","messageBody":"","fileTypesAndContributionMap":{"java":{"insertions":49,"deletions":54}}},{"hash":"80d3b08b8562b29e47c9ec20d5b757db234d4cad","isMergeCommit":false,"messageTitle":"Implements checkstyle and makes corrections","messageBody":"","fileTypesAndContributionMap":{"gradle":{"insertions":4,"deletions":0},"java":{"insertions":59,"deletions":17}}},{"hash":"d0feac8c4683cbd6f7271c6d4c4e76fe8e94c03c","isMergeCommit":true,"messageTitle":"Merge branch \u0027branch-A-CheckStyle\u0027","messageBody":"","tags":["A-CheckStyle"],"fileTypesAndContributionMap":{}},{"hash":"61e026f6ba5e2a7e0b3fb492f86753ecaec8bf9a","isMergeCommit":false,"messageTitle":"Implement barebones JavaFX features","messageBody":"","fileTypesAndContributionMap":{"gradle":{"insertions":15,"deletions":1},"fxml":{"insertions":65,"deletions":0},"java":{"insertions":174,"deletions":0}}},{"hash":"0d73cb78296ac711b55b3712da99751d70459197","isMergeCommit":false,"messageTitle":"Update Ui class to return String for message","messageBody":"","fileTypesAndContributionMap":{"java":{"insertions":50,"deletions":58}}},{"hash":"11c4dbec749c614fc8fee3a8417bfd69b74af36f","isMergeCommit":false,"messageTitle":"Implement the logic of Elster into the GUI","messageBody":"","fileTypesAndContributionMap":{"java":{"insertions":68,"deletions":84}}},{"hash":"5d1e0c4debcb16004403e46623cdcf83a8d2b4b5","isMergeCommit":true,"messageTitle":"Merge branch \u0027branch-Level-10\u0027","messageBody":"","tags":["Level-10"],"fileTypesAndContributionMap":{}}]},{"date":"2024-09-19","commitResults":[{"hash":"a9327ea8f09f97d2706ca06802b3a83f3c8bf484","isMergeCommit":false,"messageTitle":"Add Java asserts to Storage class","messageBody":"","fileTypesAndContributionMap":{"gradle":{"insertions":1,"deletions":0},"java":{"insertions":5,"deletions":5}}},{"hash":"c6472ac9b88a8a9cad5569ab6856cf79e82e7804","isMergeCommit":false,"messageTitle":"Add Java assert to TaskList, Ui and Elster","messageBody":"","fileTypesAndContributionMap":{"java":{"insertions":7,"deletions":3}}},{"hash":"1ceafd3d452f043b012defdafba0d53d3cff6b94","isMergeCommit":false,"messageTitle":"Check asserts created and their messages","messageBody":"There is currently no asserts in the code for Elster.\n\nThis means that we do not verify our assumptions about the program state\nat runtime and can cause undesirable details to be exposed to the client\nfrom error messages.\n\nLet\u0027s add asserts into the code so that we can verify that key\nassumptions stay true as well as prevent exposing undesirable details to\nour clients.\n\nThis can also ensure that regression testing can be easier done when\nmodifications are made in the future.\n","fileTypesAndContributionMap":{"java":{"insertions":3,"deletions":0}}},{"hash":"4a4ce3ea359112f0ef0e0985cf6e66ae20c3fb32","isMergeCommit":false,"messageTitle":"Extract methods in Storage class","messageBody":"Storage class have repeated if else structures. Additionally, there\nwere long methods that had multiple levels of abstraction.\n\nThe repeated behaviours caused code duplication, whereas the violation\nof SLAP made the code difficult to read for someone new to the codebase.\n\nLet\u0027s extracts behaviours common to the methods in the Storage class to\naddress code duplication. Let\u0027s also extract methods such that SLAP is\nobeyed by the code.\n\nThis ensures that the code is more readable to anyone that comes accross\nthe codebase.\n","tags":["A-FullCommitMessage"],"fileTypesAndContributionMap":{"java":{"insertions":37,"deletions":29}}},{"hash":"ec9aa87c11fce70c9c9132dbf0848a91760ed800","isMergeCommit":false,"messageTitle":"Extract common behaviour in Elster to Commands","messageBody":"","fileTypesAndContributionMap":{"java":{"insertions":305,"deletions":68}}},{"hash":"cc68d8a34d5660b474c8b767400e37b2013f6fe1","isMergeCommit":false,"messageTitle":"Add JavaDocs comments to Commands","messageBody":"","fileTypesAndContributionMap":{"java":{"insertions":35,"deletions":3}}},{"hash":"70f4b49472df169a54e2b004cf751184e0e0fe46","isMergeCommit":true,"messageTitle":"Merge pull request #3 from SeanFoongjt/branch-A-Assertions","messageBody":"Branch A-Assertions","tags":["A-Assertions"],"fileTypesAndContributionMap":{}},{"hash":"53e062ba0f631246eb0b6a868c59021b9251d218","isMergeCommit":true,"messageTitle":"Merge branch \u0027master\u0027 into branch-A-CodeQuality","messageBody":"","fileTypesAndContributionMap":{}},{"hash":"22a8d5a354b2a3f59b3bbe3597224024c90b3403","isMergeCommit":true,"messageTitle":"Merge pull request #2 from SeanFoongjt/branch-A-CodeQuality","messageBody":"Branch A-CodeQuality","tags":["A-CodeQuality"],"fileTypesAndContributionMap":{}}]},{"date":"2024-09-20","commitResults":[{"hash":"1a0c3231013496341e7c9592a174b3a45ea0f93d","isMergeCommit":false,"messageTitle":"Add functionality for tagging a task","messageBody":"","fileTypesAndContributionMap":{"java":{"insertions":199,"deletions":25}}},{"hash":"0269d68cab5ab27ded071c854a754dc488b54ee8","isMergeCommit":false,"messageTitle":"Add untag functionality","messageBody":"","fileTypesAndContributionMap":{"java":{"insertions":62,"deletions":23}}},{"hash":"9200c237164263eadf2e3db33300cc2309bda22d","isMergeCommit":false,"messageTitle":"Merge branch \u0027branch-BCD-Extension\u0027","messageBody":"","fileTypesAndContributionMap":{"java":{"insertions":62,"deletions":23}}},{"hash":"11177004dc7f18ed50727b03fd3b266f9786fafa","isMergeCommit":false,"messageTitle":"Improve GUI","messageBody":"","tags":["A-BetterGui"],"fileTypesAndContributionMap":{"java":{"insertions":7,"deletions":1}}},{"hash":"6ec99e8282e5a0eede0257f276ec0bb82f3fc4f9","isMergeCommit":false,"messageTitle":"Change code for better coding quality","messageBody":"","fileTypesAndContributionMap":{"java":{"insertions":8,"deletions":10}}},{"hash":"666e47632d48c3a0d5c8abb6953d6f2f24d9b376","isMergeCommit":false,"messageTitle":"Improve code quality","messageBody":"","fileTypesAndContributionMap":{"java":{"insertions":18,"deletions":7}}},{"hash":"01f144f755bb844c7b6487c3b98bf5dd1e8f9704","isMergeCommit":false,"messageTitle":"Add user guide","messageBody":"","fileTypesAndContributionMap":{"md":{"insertions":75,"deletions":16}}},{"hash":"e1189d6b9c3e37f0d4d803d9efb1dcb8aa1c40f2","isMergeCommit":false,"messageTitle":"Change colour of README","messageBody":"","fileTypesAndContributionMap":{"md":{"insertions":11,"deletions":11}}},{"hash":"b89ef001ed95d87913d5c4d0804370cb34d9c400","isMergeCommit":false,"messageTitle":"Correct mistake in user guide","messageBody":"","fileTypesAndContributionMap":{"md":{"insertions":1,"deletions":1}}},{"hash":"f3ead25f295b7349947fca0725bf87d8dbd73779","isMergeCommit":false,"messageTitle":"Fix problems related to images in user guide","messageBody":"","tags":["A-UserGuide","A-Release"],"fileTypesAndContributionMap":{"gradle":{"insertions":1,"deletions":1},"md":{"insertions":4,"deletions":4}}}]}]},"authorFileTypeContributionMap":{"SeanFoongjt":{"java":1694,"md":75,"fxml":65,"sh":0,"bat":3,"gradle":24,"txt":19}},"authorContributionVariance":{"SeanFoongjt":88562.07},"authorDisplayNameMap":{"SeanFoongjt":"CS2103T-W09-4 SEAN..SUEN"}}
