[{"path":"data/optimus.txt","fileType":"txt","lines":[{"lineNumber":1,"author":{"gitId":"rithiklenin"},"content":"T | 1 | borrow book","lastModifiedDate":"2024-08-30","isFullCredit":false},{"lineNumber":2,"author":{"gitId":"rithiklenin"},"content":"D | 0 | return book | Sunday","lastModifiedDate":"2024-08-30","isFullCredit":false},{"lineNumber":3,"author":{"gitId":"rithiklenin"},"content":"E | 0 | project meeting | Mon 2pm | 4pm","lastModifiedDate":"2024-08-30","isFullCredit":false},{"lineNumber":4,"author":{"gitId":"rithiklenin"},"content":"D | 1 | return book | June 6th","lastModifiedDate":"2024-08-30","isFullCredit":false},{"lineNumber":5,"author":{"gitId":"rithiklenin"},"content":"E | 0 | project sitting | Aug 6th 2pm | 4pm","lastModifiedDate":"2024-08-30","isFullCredit":false}],"authorContributionMap":{"rithiklenin":5}},{"path":"src/main/java/Deadlines.java","fileType":"java","lines":[{"lineNumber":1,"author":{"gitId":"rithiklenin"},"content":"public class Deadlines extends Task {","lastModifiedDate":"2024-08-24","isFullCredit":false},{"lineNumber":2,"author":{"gitId":"rithiklenin"},"content":"","lastModifiedDate":"2024-08-24","isFullCredit":false},{"lineNumber":3,"author":{"gitId":"rithiklenin"},"content":"    private String by;","lastModifiedDate":"2024-08-24","isFullCredit":false},{"lineNumber":4,"author":{"gitId":"rithiklenin"},"content":"","lastModifiedDate":"2024-08-24","isFullCredit":false},{"lineNumber":5,"author":{"gitId":"rithiklenin"},"content":"    public Deadlines(String description, String by) {","lastModifiedDate":"2024-08-24","isFullCredit":false},{"lineNumber":6,"author":{"gitId":"rithiklenin"},"content":"        super(description);","lastModifiedDate":"2024-08-24","isFullCredit":false},{"lineNumber":7,"author":{"gitId":"rithiklenin"},"content":"        this.by \u003d by;","lastModifiedDate":"2024-08-24","isFullCredit":false},{"lineNumber":8,"author":{"gitId":"rithiklenin"},"content":"    }","lastModifiedDate":"2024-08-24","isFullCredit":false},{"lineNumber":9,"author":{"gitId":"rithiklenin"},"content":"","lastModifiedDate":"2024-08-24","isFullCredit":false},{"lineNumber":10,"author":{"gitId":"rithiklenin"},"content":"    @Override","lastModifiedDate":"2024-08-24","isFullCredit":false},{"lineNumber":11,"author":{"gitId":"rithiklenin"},"content":"    public String toString() {","lastModifiedDate":"2024-08-24","isFullCredit":false},{"lineNumber":12,"author":{"gitId":"rithiklenin"},"content":"        return \"[D]\" + super.toString() + \" (by: \" + by + \")\";","lastModifiedDate":"2024-08-24","isFullCredit":false},{"lineNumber":13,"author":{"gitId":"rithiklenin"},"content":"    }","lastModifiedDate":"2024-08-24","isFullCredit":false},{"lineNumber":14,"author":{"gitId":"rithiklenin"},"content":"","lastModifiedDate":"2024-08-30","isFullCredit":false},{"lineNumber":15,"author":{"gitId":"rithiklenin"},"content":"    @Override","lastModifiedDate":"2024-08-30","isFullCredit":false},{"lineNumber":16,"author":{"gitId":"rithiklenin"},"content":"    public String toSaveString() {","lastModifiedDate":"2024-08-30","isFullCredit":false},{"lineNumber":17,"author":{"gitId":"rithiklenin"},"content":"        return \"D | \" + (isDone() ? \"1\" : \"0\") + \" | \" + getDescription() + \" | \" + by;","lastModifiedDate":"2024-08-30","isFullCredit":false},{"lineNumber":18,"author":{"gitId":"rithiklenin"},"content":"    }","lastModifiedDate":"2024-08-30","isFullCredit":false},{"lineNumber":19,"author":{"gitId":"rithiklenin"},"content":"}","lastModifiedDate":"2024-08-24","isFullCredit":false}],"authorContributionMap":{"rithiklenin":19}},{"path":"src/main/java/Events.java","fileType":"java","lines":[{"lineNumber":1,"author":{"gitId":"rithiklenin"},"content":"public class Events extends Task {","lastModifiedDate":"2024-08-24","isFullCredit":false},{"lineNumber":2,"author":{"gitId":"rithiklenin"},"content":"    private String from;","lastModifiedDate":"2024-08-24","isFullCredit":false},{"lineNumber":3,"author":{"gitId":"rithiklenin"},"content":"    private String to;","lastModifiedDate":"2024-08-24","isFullCredit":false},{"lineNumber":4,"author":{"gitId":"rithiklenin"},"content":"","lastModifiedDate":"2024-08-24","isFullCredit":false},{"lineNumber":5,"author":{"gitId":"rithiklenin"},"content":"    public Events(String description, String from, String to) {","lastModifiedDate":"2024-08-24","isFullCredit":false},{"lineNumber":6,"author":{"gitId":"rithiklenin"},"content":"        super(description);","lastModifiedDate":"2024-08-24","isFullCredit":false},{"lineNumber":7,"author":{"gitId":"rithiklenin"},"content":"        this.from \u003d from;","lastModifiedDate":"2024-08-24","isFullCredit":false},{"lineNumber":8,"author":{"gitId":"rithiklenin"},"content":"        this.to \u003d to;","lastModifiedDate":"2024-08-24","isFullCredit":false},{"lineNumber":9,"author":{"gitId":"rithiklenin"},"content":"    }","lastModifiedDate":"2024-08-24","isFullCredit":false},{"lineNumber":10,"author":{"gitId":"rithiklenin"},"content":"","lastModifiedDate":"2024-08-24","isFullCredit":false},{"lineNumber":11,"author":{"gitId":"rithiklenin"},"content":"    @Override","lastModifiedDate":"2024-08-24","isFullCredit":false},{"lineNumber":12,"author":{"gitId":"rithiklenin"},"content":"    public String toString() {","lastModifiedDate":"2024-08-24","isFullCredit":false},{"lineNumber":13,"author":{"gitId":"rithiklenin"},"content":"        return \"[E]\" + super.toString() + \" (from: \" + from + \" to: \" + to + \")\";","lastModifiedDate":"2024-08-24","isFullCredit":false},{"lineNumber":14,"author":{"gitId":"rithiklenin"},"content":"    }","lastModifiedDate":"2024-08-24","isFullCredit":false},{"lineNumber":15,"author":{"gitId":"rithiklenin"},"content":"","lastModifiedDate":"2024-08-30","isFullCredit":false},{"lineNumber":16,"author":{"gitId":"rithiklenin"},"content":"    @Override","lastModifiedDate":"2024-08-30","isFullCredit":false},{"lineNumber":17,"author":{"gitId":"rithiklenin"},"content":"    public String toSaveString() {","lastModifiedDate":"2024-08-30","isFullCredit":false},{"lineNumber":18,"author":{"gitId":"rithiklenin"},"content":"        return \"E | \" + (isDone() ? \"1\" : \"0\") + \" | \" + getDescription() + \" | \" + from + \" | \" + to;","lastModifiedDate":"2024-08-30","isFullCredit":false},{"lineNumber":19,"author":{"gitId":"rithiklenin"},"content":"    }","lastModifiedDate":"2024-08-30","isFullCredit":false},{"lineNumber":20,"author":{"gitId":"rithiklenin"},"content":"}","lastModifiedDate":"2024-08-24","isFullCredit":false}],"authorContributionMap":{"rithiklenin":20}},{"path":"src/main/java/Optimus.java","fileType":"java","lines":[{"lineNumber":1,"author":{"gitId":"rithiklenin"},"content":"import java.io.FileNotFoundException;","lastModifiedDate":"2024-08-30","isFullCredit":false},{"lineNumber":2,"author":{"gitId":"rithiklenin"},"content":"import java.util.Scanner;","lastModifiedDate":"2024-08-23","isFullCredit":false},{"lineNumber":3,"author":{"gitId":"rithiklenin"},"content":"import java.util.ArrayList;","lastModifiedDate":"2024-08-25","isFullCredit":false},{"lineNumber":4,"author":{"gitId":"rithiklenin"},"content":"import java.util.List;","lastModifiedDate":"2024-08-25","isFullCredit":false},{"lineNumber":5,"author":{"gitId":"rithiklenin"},"content":"import java.io.File;","lastModifiedDate":"2024-08-30","isFullCredit":false},{"lineNumber":6,"author":{"gitId":"rithiklenin"},"content":"import java.io.FileWriter;","lastModifiedDate":"2024-08-30","isFullCredit":false},{"lineNumber":7,"author":{"gitId":"rithiklenin"},"content":"import java.io.IOException;","lastModifiedDate":"2024-08-30","isFullCredit":false},{"lineNumber":8,"author":{"gitId":"rithiklenin"},"content":"","lastModifiedDate":"2024-08-30","isFullCredit":false},{"lineNumber":9,"author":{"gitId":"rithiklenin"},"content":"public class Optimus {","lastModifiedDate":"2024-08-23","isFullCredit":false},{"lineNumber":10,"author":{"gitId":"rithiklenin"},"content":"    private static final String FILE_PATH \u003d \"./data/optimus.txt\";","lastModifiedDate":"2024-08-30","isFullCredit":false},{"lineNumber":11,"author":{"gitId":"rithiklenin"},"content":"","lastModifiedDate":"2024-08-29","isFullCredit":false},{"lineNumber":12,"author":{"gitId":"rithiklenin"},"content":"    public static void main(String[] args) {","lastModifiedDate":"2024-08-30","isFullCredit":false},{"lineNumber":13,"author":{"gitId":"rithiklenin"},"content":"        System.out.println(\"Hello! I\u0027m Optimus\");","lastModifiedDate":"2024-08-23","isFullCredit":false},{"lineNumber":14,"author":{"gitId":"rithiklenin"},"content":"        System.out.println(\"What can I do for you?\");","lastModifiedDate":"2024-08-23","isFullCredit":false},{"lineNumber":15,"author":{"gitId":"rithiklenin"},"content":"        Scanner stringScanner \u003d new Scanner(System.in);","lastModifiedDate":"2024-08-23","isFullCredit":false},{"lineNumber":16,"author":{"gitId":"rithiklenin"},"content":"        List\u003cTask\u003e record \u003d null;","lastModifiedDate":"2024-08-30","isFullCredit":false},{"lineNumber":17,"author":{"gitId":"rithiklenin"},"content":"","lastModifiedDate":"2024-08-30","isFullCredit":false},{"lineNumber":18,"author":{"gitId":"rithiklenin"},"content":"        try {","lastModifiedDate":"2024-08-30","isFullCredit":false},{"lineNumber":19,"author":{"gitId":"rithiklenin"},"content":"            record \u003d loadFile();","lastModifiedDate":"2024-08-30","isFullCredit":false},{"lineNumber":20,"author":{"gitId":"rithiklenin"},"content":"        } catch (FileNotFoundException e) {","lastModifiedDate":"2024-08-30","isFullCredit":false},{"lineNumber":21,"author":{"gitId":"rithiklenin"},"content":"            System.out.println(\"File not in folder: \" + e.getMessage());","lastModifiedDate":"2024-08-30","isFullCredit":false},{"lineNumber":22,"author":{"gitId":"rithiklenin"},"content":"            record \u003d new ArrayList\u003c\u003e();","lastModifiedDate":"2024-08-30","isFullCredit":false},{"lineNumber":23,"author":{"gitId":"rithiklenin"},"content":"        }","lastModifiedDate":"2024-08-30","isFullCredit":false},{"lineNumber":24,"author":{"gitId":"rithiklenin"},"content":"        int count \u003d record.size();","lastModifiedDate":"2024-08-30","isFullCredit":false},{"lineNumber":25,"author":{"gitId":"rithiklenin"},"content":"","lastModifiedDate":"2024-08-23","isFullCredit":false},{"lineNumber":26,"author":{"gitId":"rithiklenin"},"content":"        while (true) {","lastModifiedDate":"2024-08-23","isFullCredit":false},{"lineNumber":27,"author":{"gitId":"rithiklenin"},"content":"            String text \u003d stringScanner.nextLine();","lastModifiedDate":"2024-08-25","isFullCredit":false},{"lineNumber":28,"author":{"gitId":"rithiklenin"},"content":"            if (text.equals(\"bye\")) {","lastModifiedDate":"2024-08-23","isFullCredit":false},{"lineNumber":29,"author":{"gitId":"rithiklenin"},"content":"                try {","lastModifiedDate":"2024-08-30","isFullCredit":false},{"lineNumber":30,"author":{"gitId":"rithiklenin"},"content":"                    saveToFile(record);","lastModifiedDate":"2024-08-30","isFullCredit":false},{"lineNumber":31,"author":{"gitId":"rithiklenin"},"content":"                } catch (IOException e) {","lastModifiedDate":"2024-08-30","isFullCredit":false},{"lineNumber":32,"author":{"gitId":"rithiklenin"},"content":"                    System.out.println(\"Error saving file: \" + e.getMessage());","lastModifiedDate":"2024-08-30","isFullCredit":false},{"lineNumber":33,"author":{"gitId":"rithiklenin"},"content":"                }","lastModifiedDate":"2024-08-30","isFullCredit":false},{"lineNumber":34,"author":{"gitId":"rithiklenin"},"content":"                System.out.println(\"Bye. Hope to see you again soon!\");","lastModifiedDate":"2024-08-24","isFullCredit":false},{"lineNumber":35,"author":{"gitId":"rithiklenin"},"content":"                break;","lastModifiedDate":"2024-08-23","isFullCredit":false},{"lineNumber":36,"author":{"gitId":"rithiklenin"},"content":"            }","lastModifiedDate":"2024-08-23","isFullCredit":false},{"lineNumber":37,"author":{"gitId":"rithiklenin"},"content":"            if (text.equals(\"list\")) {","lastModifiedDate":"2024-08-23","isFullCredit":false},{"lineNumber":38,"author":{"gitId":"rithiklenin"},"content":"                System.out.println(\"Here are the tasks in your list:\");","lastModifiedDate":"2024-08-23","isFullCredit":false},{"lineNumber":39,"author":{"gitId":"rithiklenin"},"content":"                for (int j \u003d 0; j \u003c count; j++) {","lastModifiedDate":"2024-08-24","isFullCredit":false},{"lineNumber":40,"author":{"gitId":"rithiklenin"},"content":"                    System.out.println((j + 1) + \". \" + record.get(j).toString());","lastModifiedDate":"2024-08-25","isFullCredit":false},{"lineNumber":41,"author":{"gitId":"rithiklenin"},"content":"                }","lastModifiedDate":"2024-08-24","isFullCredit":false},{"lineNumber":42,"author":{"gitId":"rithiklenin"},"content":"            } else if (text.startsWith(\"mark \") || text.startsWith(\"unmark \")) {","lastModifiedDate":"2024-08-25","isFullCredit":false},{"lineNumber":43,"author":{"gitId":"rithiklenin"},"content":"                try {","lastModifiedDate":"2024-08-25","isFullCredit":false},{"lineNumber":44,"author":{"gitId":"rithiklenin"},"content":"                    int taskNumber \u003d Integer.parseInt(text.split(\" \")[1]) - 1; // asked chatgpt how to parse string","lastModifiedDate":"2024-08-31","isFullCredit":false},{"lineNumber":45,"author":{"gitId":"rithiklenin"},"content":"                    if (taskNumber \u003c 0 || taskNumber \u003e\u003d count) {","lastModifiedDate":"2024-08-25","isFullCredit":false},{"lineNumber":46,"author":{"gitId":"rithiklenin"},"content":"                        throw new OptimusException(\"Invalid task number. \" +","lastModifiedDate":"2024-08-30","isFullCredit":false},{"lineNumber":47,"author":{"gitId":"rithiklenin"},"content":"                                \"Please enter a number between 1 and \" + count + \".\");","lastModifiedDate":"2024-08-30","isFullCredit":false},{"lineNumber":48,"author":{"gitId":"rithiklenin"},"content":"                    }","lastModifiedDate":"2024-08-25","isFullCredit":false},{"lineNumber":49,"author":{"gitId":"rithiklenin"},"content":"                    if (text.startsWith(\"mark \")) {","lastModifiedDate":"2024-08-25","isFullCredit":false},{"lineNumber":50,"author":{"gitId":"rithiklenin"},"content":"                        record.get(taskNumber).setDone();","lastModifiedDate":"2024-08-25","isFullCredit":false},{"lineNumber":51,"author":{"gitId":"rithiklenin"},"content":"                        System.out.println(\"Nice! I\u0027ve marked this task as done:\");","lastModifiedDate":"2024-08-24","isFullCredit":false},{"lineNumber":52,"author":{"gitId":"rithiklenin"},"content":"                    } else if (text.startsWith(\"unmark \")) {","lastModifiedDate":"2024-08-24","isFullCredit":false},{"lineNumber":53,"author":{"gitId":"rithiklenin"},"content":"                        record.get(taskNumber).setNotDone();","lastModifiedDate":"2024-08-25","isFullCredit":false},{"lineNumber":54,"author":{"gitId":"rithiklenin"},"content":"                        System.out.println(\"OK, I\u0027ve marked this task as not done yet:\");","lastModifiedDate":"2024-08-24","isFullCredit":false},{"lineNumber":55,"author":{"gitId":"rithiklenin"},"content":"                    }","lastModifiedDate":"2024-08-25","isFullCredit":false},{"lineNumber":56,"author":{"gitId":"rithiklenin"},"content":"                    System.out.println(\"  \" + record.get(taskNumber).toString());","lastModifiedDate":"2024-08-25","isFullCredit":false},{"lineNumber":57,"author":{"gitId":"rithiklenin"},"content":"                } catch (OptimusException e) {","lastModifiedDate":"2024-08-25","isFullCredit":false},{"lineNumber":58,"author":{"gitId":"rithiklenin"},"content":"                    System.out.println(e.getMessage());","lastModifiedDate":"2024-08-25","isFullCredit":false},{"lineNumber":59,"author":{"gitId":"rithiklenin"},"content":"                }","lastModifiedDate":"2024-08-23","isFullCredit":false},{"lineNumber":60,"author":{"gitId":"rithiklenin"},"content":"            } else if (text.startsWith(\"todo \")) {","lastModifiedDate":"2024-08-24","isFullCredit":false},{"lineNumber":61,"author":{"gitId":"rithiklenin"},"content":"                try {","lastModifiedDate":"2024-08-25","isFullCredit":false},{"lineNumber":62,"author":{"gitId":"rithiklenin"},"content":"                    String description \u003d text.substring(5).trim();","lastModifiedDate":"2024-08-25","isFullCredit":false},{"lineNumber":63,"author":{"gitId":"rithiklenin"},"content":"                    if (description.isEmpty()) {","lastModifiedDate":"2024-08-25","isFullCredit":false},{"lineNumber":64,"author":{"gitId":"rithiklenin"},"content":"                        throw new OptimusException(\"Oops! The description of a todo cannot be empty. \" +","lastModifiedDate":"2024-08-30","isFullCredit":false},{"lineNumber":65,"author":{"gitId":"rithiklenin"},"content":"                                \"Please provide a task description.\");","lastModifiedDate":"2024-08-30","isFullCredit":false},{"lineNumber":66,"author":{"gitId":"rithiklenin"},"content":"                    }","lastModifiedDate":"2024-08-25","isFullCredit":false},{"lineNumber":67,"author":{"gitId":"rithiklenin"},"content":"                    if (count \u003c 100) {","lastModifiedDate":"2024-08-24","isFullCredit":false},{"lineNumber":68,"author":{"gitId":"rithiklenin"},"content":"                        record.add(count, new ToDos(description));","lastModifiedDate":"2024-08-25","isFullCredit":false},{"lineNumber":69,"author":{"gitId":"rithiklenin"},"content":"                        System.out.println(\"Got it. I\u0027ve added this task:\");","lastModifiedDate":"2024-08-24","isFullCredit":false},{"lineNumber":70,"author":{"gitId":"rithiklenin"},"content":"                        System.out.println(\"  \" + record.get(count).toString());","lastModifiedDate":"2024-08-25","isFullCredit":false},{"lineNumber":71,"author":{"gitId":"rithiklenin"},"content":"                        count++;","lastModifiedDate":"2024-08-24","isFullCredit":false},{"lineNumber":72,"author":{"gitId":"rithiklenin"},"content":"                        System.out.println(\"Now you have \" + count + (count \u003d\u003d 1 ? \" task\" : \" tasks\") +","lastModifiedDate":"2024-08-30","isFullCredit":false},{"lineNumber":73,"author":{"gitId":"rithiklenin"},"content":"                                \" in the list.\");","lastModifiedDate":"2024-08-30","isFullCredit":false},{"lineNumber":74,"author":{"gitId":"rithiklenin"},"content":"                    }","lastModifiedDate":"2024-08-24","isFullCredit":false},{"lineNumber":75,"author":{"gitId":"rithiklenin"},"content":"                } catch (OptimusException e) {","lastModifiedDate":"2024-08-25","isFullCredit":false},{"lineNumber":76,"author":{"gitId":"rithiklenin"},"content":"                    System.out.println(e.getMessage());","lastModifiedDate":"2024-08-25","isFullCredit":false},{"lineNumber":77,"author":{"gitId":"rithiklenin"},"content":"                }","lastModifiedDate":"2024-08-24","isFullCredit":false},{"lineNumber":78,"author":{"gitId":"rithiklenin"},"content":"            } else if (text.startsWith(\"deadline \")) {","lastModifiedDate":"2024-08-24","isFullCredit":false},{"lineNumber":79,"author":{"gitId":"rithiklenin"},"content":"                try {","lastModifiedDate":"2024-08-25","isFullCredit":false},{"lineNumber":80,"author":{"gitId":"rithiklenin"},"content":"                    String[] parts \u003d text.split(\" /by \");","lastModifiedDate":"2024-08-24","isFullCredit":false},{"lineNumber":81,"author":{"gitId":"rithiklenin"},"content":"                    String description \u003d parts[0].substring(9).trim();","lastModifiedDate":"2024-08-25","isFullCredit":false},{"lineNumber":82,"author":{"gitId":"rithiklenin"},"content":"                    if (description.isEmpty()) {","lastModifiedDate":"2024-08-25","isFullCredit":false},{"lineNumber":83,"author":{"gitId":"rithiklenin"},"content":"                        throw new OptimusException(\"Oops! The description of a deadline cannot be empty. \" +","lastModifiedDate":"2024-08-30","isFullCredit":false},{"lineNumber":84,"author":{"gitId":"rithiklenin"},"content":"                                \"Please provide a task description.\");","lastModifiedDate":"2024-08-30","isFullCredit":false},{"lineNumber":85,"author":{"gitId":"rithiklenin"},"content":"                    }","lastModifiedDate":"2024-08-25","isFullCredit":false},{"lineNumber":86,"author":{"gitId":"rithiklenin"},"content":"                    if (count \u003c 100) {","lastModifiedDate":"2024-08-25","isFullCredit":false},{"lineNumber":87,"author":{"gitId":"rithiklenin"},"content":"                        String by \u003d parts.length \u003e 1 ? parts[1] : \"\";","lastModifiedDate":"2024-08-24","isFullCredit":false},{"lineNumber":88,"author":{"gitId":"rithiklenin"},"content":"                        record.add(count, new Deadlines(description, by));","lastModifiedDate":"2024-08-25","isFullCredit":false},{"lineNumber":89,"author":{"gitId":"rithiklenin"},"content":"                        System.out.println(\"Got it. I\u0027ve added this task:\");","lastModifiedDate":"2024-08-24","isFullCredit":false},{"lineNumber":90,"author":{"gitId":"rithiklenin"},"content":"                        System.out.println(\"  \" + record.get(count).toString());","lastModifiedDate":"2024-08-25","isFullCredit":false},{"lineNumber":91,"author":{"gitId":"rithiklenin"},"content":"                        count++;","lastModifiedDate":"2024-08-24","isFullCredit":false},{"lineNumber":92,"author":{"gitId":"rithiklenin"},"content":"                        System.out.println(\"Now you have \" + count + (count \u003d\u003d 1 ? \" task\" : \" tasks\") +","lastModifiedDate":"2024-08-30","isFullCredit":false},{"lineNumber":93,"author":{"gitId":"rithiklenin"},"content":"                                \" in the list.\");","lastModifiedDate":"2024-08-30","isFullCredit":false},{"lineNumber":94,"author":{"gitId":"rithiklenin"},"content":"                    }","lastModifiedDate":"2024-08-24","isFullCredit":false},{"lineNumber":95,"author":{"gitId":"rithiklenin"},"content":"                } catch (OptimusException e) {","lastModifiedDate":"2024-08-25","isFullCredit":false},{"lineNumber":96,"author":{"gitId":"rithiklenin"},"content":"                    System.out.println(e.getMessage());","lastModifiedDate":"2024-08-25","isFullCredit":false},{"lineNumber":97,"author":{"gitId":"rithiklenin"},"content":"                }","lastModifiedDate":"2024-08-24","isFullCredit":false},{"lineNumber":98,"author":{"gitId":"rithiklenin"},"content":"            } else if (text.startsWith(\"event \")) {","lastModifiedDate":"2024-08-24","isFullCredit":false},{"lineNumber":99,"author":{"gitId":"rithiklenin"},"content":"                try {","lastModifiedDate":"2024-08-25","isFullCredit":false},{"lineNumber":100,"author":{"gitId":"rithiklenin"},"content":"                    String[] parts \u003d text.split(\" /from | /to \");","lastModifiedDate":"2024-08-24","isFullCredit":false},{"lineNumber":101,"author":{"gitId":"rithiklenin"},"content":"                    String description \u003d parts[0].substring(6).trim();","lastModifiedDate":"2024-08-25","isFullCredit":false},{"lineNumber":102,"author":{"gitId":"rithiklenin"},"content":"                    if (description.isEmpty()) {","lastModifiedDate":"2024-08-25","isFullCredit":false},{"lineNumber":103,"author":{"gitId":"rithiklenin"},"content":"                        throw new OptimusException(\"Oops! The description of an event cannot be empty. \" +","lastModifiedDate":"2024-08-30","isFullCredit":false},{"lineNumber":104,"author":{"gitId":"rithiklenin"},"content":"                                \"Please provide a task description.\");","lastModifiedDate":"2024-08-30","isFullCredit":false},{"lineNumber":105,"author":{"gitId":"rithiklenin"},"content":"                    }","lastModifiedDate":"2024-08-25","isFullCredit":false},{"lineNumber":106,"author":{"gitId":"rithiklenin"},"content":"                    if (count \u003c 100) {","lastModifiedDate":"2024-08-25","isFullCredit":false},{"lineNumber":107,"author":{"gitId":"rithiklenin"},"content":"                        String from \u003d parts.length \u003e 1 ? parts[1] : \"\";","lastModifiedDate":"2024-08-24","isFullCredit":false},{"lineNumber":108,"author":{"gitId":"rithiklenin"},"content":"                        String to \u003d parts.length \u003e 2 ? parts[2] : \"\";","lastModifiedDate":"2024-08-24","isFullCredit":false},{"lineNumber":109,"author":{"gitId":"rithiklenin"},"content":"                        record.add(count, new Events(description, from, to));","lastModifiedDate":"2024-08-25","isFullCredit":false},{"lineNumber":110,"author":{"gitId":"rithiklenin"},"content":"                        System.out.println(\"Got it. I\u0027ve added this task:\");","lastModifiedDate":"2024-08-24","isFullCredit":false},{"lineNumber":111,"author":{"gitId":"rithiklenin"},"content":"                        System.out.println(\"  \" + record.get(count).toString());","lastModifiedDate":"2024-08-25","isFullCredit":false},{"lineNumber":112,"author":{"gitId":"rithiklenin"},"content":"                        count++;","lastModifiedDate":"2024-08-24","isFullCredit":false},{"lineNumber":113,"author":{"gitId":"rithiklenin"},"content":"                        System.out.println(\"Now you have \" + count + (count \u003d\u003d 1 ? \" task\" : \" tasks\") +","lastModifiedDate":"2024-08-30","isFullCredit":false},{"lineNumber":114,"author":{"gitId":"rithiklenin"},"content":"                                \" in the list.\");","lastModifiedDate":"2024-08-30","isFullCredit":false},{"lineNumber":115,"author":{"gitId":"rithiklenin"},"content":"                    }","lastModifiedDate":"2024-08-24","isFullCredit":false},{"lineNumber":116,"author":{"gitId":"rithiklenin"},"content":"                } catch (OptimusException e) {","lastModifiedDate":"2024-08-25","isFullCredit":false},{"lineNumber":117,"author":{"gitId":"rithiklenin"},"content":"                    System.out.println(e.getMessage());","lastModifiedDate":"2024-08-25","isFullCredit":false},{"lineNumber":118,"author":{"gitId":"rithiklenin"},"content":"                }","lastModifiedDate":"2024-08-24","isFullCredit":false},{"lineNumber":119,"author":{"gitId":"rithiklenin"},"content":"            } else if (text.startsWith(\"delete\")) {","lastModifiedDate":"2024-08-25","isFullCredit":false},{"lineNumber":120,"author":{"gitId":"rithiklenin"},"content":"                try {","lastModifiedDate":"2024-08-25","isFullCredit":false},{"lineNumber":121,"author":{"gitId":"rithiklenin"},"content":"                    int taskNumber \u003d Integer.parseInt(text.split(\" \")[1]) - 1;","lastModifiedDate":"2024-08-25","isFullCredit":false},{"lineNumber":122,"author":{"gitId":"rithiklenin"},"content":"                    if (taskNumber \u003c 0 || taskNumber \u003e\u003d count) {","lastModifiedDate":"2024-08-25","isFullCredit":false},{"lineNumber":123,"author":{"gitId":"rithiklenin"},"content":"                        throw new OptimusException(\"There are no more tasks\");","lastModifiedDate":"2024-08-30","isFullCredit":false},{"lineNumber":124,"author":{"gitId":"rithiklenin"},"content":"                    }","lastModifiedDate":"2024-08-25","isFullCredit":false},{"lineNumber":125,"author":{"gitId":"rithiklenin"},"content":"                    String del_get \u003d record.get(taskNumber).toString();","lastModifiedDate":"2024-08-25","isFullCredit":false},{"lineNumber":126,"author":{"gitId":"rithiklenin"},"content":"                    record.remove(taskNumber);","lastModifiedDate":"2024-08-25","isFullCredit":false},{"lineNumber":127,"author":{"gitId":"rithiklenin"},"content":"                    System.out.println(\"Noted. I\u0027ve removed this task:\");","lastModifiedDate":"2024-08-25","isFullCredit":false},{"lineNumber":128,"author":{"gitId":"rithiklenin"},"content":"                    System.out.println(\"  \" + del_get);","lastModifiedDate":"2024-08-25","isFullCredit":false},{"lineNumber":129,"author":{"gitId":"rithiklenin"},"content":"                    count--;","lastModifiedDate":"2024-08-25","isFullCredit":false},{"lineNumber":130,"author":{"gitId":"rithiklenin"},"content":"                    System.out.println(\"Now you have \" + count + (count \u003d\u003d 1 ? \" task\" : \" tasks\") + \" in the list.\");","lastModifiedDate":"2024-08-25","isFullCredit":false},{"lineNumber":131,"author":{"gitId":"rithiklenin"},"content":"                } catch (OptimusException e) {","lastModifiedDate":"2024-08-25","isFullCredit":false},{"lineNumber":132,"author":{"gitId":"rithiklenin"},"content":"                    System.out.println(e.getMessage());","lastModifiedDate":"2024-08-25","isFullCredit":false},{"lineNumber":133,"author":{"gitId":"rithiklenin"},"content":"                }","lastModifiedDate":"2024-08-25","isFullCredit":false},{"lineNumber":134,"author":{"gitId":"rithiklenin"},"content":"            } else {","lastModifiedDate":"2024-08-25","isFullCredit":false},{"lineNumber":135,"author":{"gitId":"rithiklenin"},"content":"                try {","lastModifiedDate":"2024-08-25","isFullCredit":false},{"lineNumber":136,"author":{"gitId":"rithiklenin"},"content":"                    throw new OptimusException(\"Sorry, I don\u0027t understand that command. \" +","lastModifiedDate":"2024-08-25","isFullCredit":false},{"lineNumber":137,"author":{"gitId":"rithiklenin"},"content":"                            \"Please try again with a valid command (Eg. todo, deadline or event).\");","lastModifiedDate":"2024-08-25","isFullCredit":false},{"lineNumber":138,"author":{"gitId":"rithiklenin"},"content":"                } catch (OptimusException e) {","lastModifiedDate":"2024-08-25","isFullCredit":false},{"lineNumber":139,"author":{"gitId":"rithiklenin"},"content":"                    System.out.println(e.getMessage());","lastModifiedDate":"2024-08-25","isFullCredit":false},{"lineNumber":140,"author":{"gitId":"rithiklenin"},"content":"                }","lastModifiedDate":"2024-08-23","isFullCredit":false},{"lineNumber":141,"author":{"gitId":"rithiklenin"},"content":"            }","lastModifiedDate":"2024-08-23","isFullCredit":false},{"lineNumber":142,"author":{"gitId":"-"},"content":"        }","lastModifiedDate":"2019-07-29","isFullCredit":false},{"lineNumber":143,"author":{"gitId":"-"},"content":"    }","lastModifiedDate":"2019-07-29","isFullCredit":false},{"lineNumber":144,"author":{"gitId":"rithiklenin"},"content":"","lastModifiedDate":"2024-08-30","isFullCredit":false},{"lineNumber":145,"author":{"gitId":"rithiklenin"},"content":"    private static List\u003cTask\u003e loadFile() throws FileNotFoundException {","lastModifiedDate":"2024-08-30","isFullCredit":false},{"lineNumber":146,"author":{"gitId":"rithiklenin"},"content":"        File f \u003d new File(FILE_PATH);","lastModifiedDate":"2024-08-30","isFullCredit":false},{"lineNumber":147,"author":{"gitId":"rithiklenin"},"content":"        List\u003cTask\u003e record \u003d new ArrayList\u003c\u003e();","lastModifiedDate":"2024-08-30","isFullCredit":false},{"lineNumber":148,"author":{"gitId":"rithiklenin"},"content":"        if (!f.exists()) {","lastModifiedDate":"2024-08-30","isFullCredit":false},{"lineNumber":149,"author":{"gitId":"rithiklenin"},"content":"            System.out.println(\"No existing data file found in given directory. A new record will be established\");","lastModifiedDate":"2024-08-30","isFullCredit":false},{"lineNumber":150,"author":{"gitId":"rithiklenin"},"content":"            return record;","lastModifiedDate":"2024-08-30","isFullCredit":false},{"lineNumber":151,"author":{"gitId":"rithiklenin"},"content":"        }","lastModifiedDate":"2024-08-30","isFullCredit":false},{"lineNumber":152,"author":{"gitId":"rithiklenin"},"content":"        Scanner s \u003d new Scanner(f); // Taken from notes","lastModifiedDate":"2024-08-31","isFullCredit":false},{"lineNumber":153,"author":{"gitId":"rithiklenin"},"content":"        while (s.hasNextLine()) {","lastModifiedDate":"2024-08-30","isFullCredit":false},{"lineNumber":154,"author":{"gitId":"rithiklenin"},"content":"            String line \u003d s.nextLine();","lastModifiedDate":"2024-08-30","isFullCredit":false},{"lineNumber":155,"author":{"gitId":"rithiklenin"},"content":"            String[] parts \u003d line.split(\" \\\\| \");","lastModifiedDate":"2024-08-30","isFullCredit":false},{"lineNumber":156,"author":{"gitId":"rithiklenin"},"content":"            String taskType \u003d parts[0];","lastModifiedDate":"2024-08-30","isFullCredit":false},{"lineNumber":157,"author":{"gitId":"rithiklenin"},"content":"            boolean isDone \u003d parts[1].equals(\"1\");","lastModifiedDate":"2024-08-30","isFullCredit":false},{"lineNumber":158,"author":{"gitId":"rithiklenin"},"content":"            String description \u003d parts[2];","lastModifiedDate":"2024-08-30","isFullCredit":false},{"lineNumber":159,"author":{"gitId":"rithiklenin"},"content":"","lastModifiedDate":"2024-08-30","isFullCredit":false},{"lineNumber":160,"author":{"gitId":"rithiklenin"},"content":"            Task task \u003d null;","lastModifiedDate":"2024-08-30","isFullCredit":false},{"lineNumber":161,"author":{"gitId":"rithiklenin"},"content":"            switch (taskType) {","lastModifiedDate":"2024-08-30","isFullCredit":false},{"lineNumber":162,"author":{"gitId":"rithiklenin"},"content":"                case \"T\":","lastModifiedDate":"2024-08-30","isFullCredit":false},{"lineNumber":163,"author":{"gitId":"rithiklenin"},"content":"                    task \u003d new ToDos(description);","lastModifiedDate":"2024-08-30","isFullCredit":false},{"lineNumber":164,"author":{"gitId":"rithiklenin"},"content":"                    break;","lastModifiedDate":"2024-08-30","isFullCredit":false},{"lineNumber":165,"author":{"gitId":"rithiklenin"},"content":"                case \"D\":","lastModifiedDate":"2024-08-30","isFullCredit":false},{"lineNumber":166,"author":{"gitId":"rithiklenin"},"content":"                    String by \u003d parts.length \u003e 3 ? parts[3] : \"\";","lastModifiedDate":"2024-08-30","isFullCredit":false},{"lineNumber":167,"author":{"gitId":"rithiklenin"},"content":"                    task \u003d new Deadlines(description, by);","lastModifiedDate":"2024-08-30","isFullCredit":false},{"lineNumber":168,"author":{"gitId":"rithiklenin"},"content":"                    break;","lastModifiedDate":"2024-08-30","isFullCredit":false},{"lineNumber":169,"author":{"gitId":"rithiklenin"},"content":"                case \"E\":","lastModifiedDate":"2024-08-30","isFullCredit":false},{"lineNumber":170,"author":{"gitId":"rithiklenin"},"content":"                    String from \u003d parts.length \u003e 3 ? parts[3] : \"\";","lastModifiedDate":"2024-08-30","isFullCredit":false},{"lineNumber":171,"author":{"gitId":"rithiklenin"},"content":"                    String to \u003d parts.length \u003e 4 ? parts[4] : \"\";","lastModifiedDate":"2024-08-30","isFullCredit":false},{"lineNumber":172,"author":{"gitId":"rithiklenin"},"content":"                    task \u003d new Events(description, from, to);","lastModifiedDate":"2024-08-30","isFullCredit":false},{"lineNumber":173,"author":{"gitId":"rithiklenin"},"content":"                    break;","lastModifiedDate":"2024-08-30","isFullCredit":false},{"lineNumber":174,"author":{"gitId":"rithiklenin"},"content":"            }","lastModifiedDate":"2024-08-30","isFullCredit":false},{"lineNumber":175,"author":{"gitId":"rithiklenin"},"content":"","lastModifiedDate":"2024-08-30","isFullCredit":false},{"lineNumber":176,"author":{"gitId":"rithiklenin"},"content":"            if (task !\u003d null) {","lastModifiedDate":"2024-08-30","isFullCredit":false},{"lineNumber":177,"author":{"gitId":"rithiklenin"},"content":"                if (isDone) {","lastModifiedDate":"2024-08-30","isFullCredit":false},{"lineNumber":178,"author":{"gitId":"rithiklenin"},"content":"                    task.setDone();","lastModifiedDate":"2024-08-30","isFullCredit":false},{"lineNumber":179,"author":{"gitId":"rithiklenin"},"content":"                }","lastModifiedDate":"2024-08-30","isFullCredit":false},{"lineNumber":180,"author":{"gitId":"rithiklenin"},"content":"                record.add(task);","lastModifiedDate":"2024-08-30","isFullCredit":false},{"lineNumber":181,"author":{"gitId":"rithiklenin"},"content":"            }","lastModifiedDate":"2024-08-30","isFullCredit":false},{"lineNumber":182,"author":{"gitId":"rithiklenin"},"content":"        }","lastModifiedDate":"2024-08-30","isFullCredit":false},{"lineNumber":183,"author":{"gitId":"rithiklenin"},"content":"        s.close();","lastModifiedDate":"2024-08-30","isFullCredit":false},{"lineNumber":184,"author":{"gitId":"rithiklenin"},"content":"        return record;","lastModifiedDate":"2024-08-30","isFullCredit":false},{"lineNumber":185,"author":{"gitId":"rithiklenin"},"content":"    }","lastModifiedDate":"2024-08-30","isFullCredit":false},{"lineNumber":186,"author":{"gitId":"rithiklenin"},"content":"","lastModifiedDate":"2024-08-30","isFullCredit":false},{"lineNumber":187,"author":{"gitId":"rithiklenin"},"content":"    public static void saveToFile(List\u003cTask\u003e record) throws IOException {","lastModifiedDate":"2024-08-30","isFullCredit":false},{"lineNumber":188,"author":{"gitId":"rithiklenin"},"content":"        FileWriter fW \u003d new FileWriter(FILE_PATH);","lastModifiedDate":"2024-08-31","isFullCredit":false},{"lineNumber":189,"author":{"gitId":"rithiklenin"},"content":"        for (Task task : record) {","lastModifiedDate":"2024-08-30","isFullCredit":false},{"lineNumber":190,"author":{"gitId":"rithiklenin"},"content":"            fW.write(task.toSaveString() + System.lineSeparator()); // Found on StackOverflow","lastModifiedDate":"2024-08-31","isFullCredit":false},{"lineNumber":191,"author":{"gitId":"rithiklenin"},"content":"        }","lastModifiedDate":"2024-08-30","isFullCredit":false},{"lineNumber":192,"author":{"gitId":"rithiklenin"},"content":"        fW.close();","lastModifiedDate":"2024-08-31","isFullCredit":false},{"lineNumber":193,"author":{"gitId":"rithiklenin"},"content":"    }","lastModifiedDate":"2024-08-30","isFullCredit":false},{"lineNumber":194,"author":{"gitId":"rithiklenin"},"content":"}","lastModifiedDate":"2024-08-24","isFullCredit":false},{"lineNumber":195,"author":{"gitId":"rithiklenin"},"content":"","lastModifiedDate":"2024-08-25","isFullCredit":false}],"authorContributionMap":{"rithiklenin":193,"-":2}},{"path":"src/main/java/OptimusException.java","fileType":"java","lines":[{"lineNumber":1,"author":{"gitId":"rithiklenin"},"content":"public class OptimusException extends Exception {","lastModifiedDate":"2024-08-25","isFullCredit":false},{"lineNumber":2,"author":{"gitId":"rithiklenin"},"content":"    public OptimusException(String message) {","lastModifiedDate":"2024-08-25","isFullCredit":false},{"lineNumber":3,"author":{"gitId":"rithiklenin"},"content":"        super(message);","lastModifiedDate":"2024-08-25","isFullCredit":false},{"lineNumber":4,"author":{"gitId":"rithiklenin"},"content":"    }","lastModifiedDate":"2024-08-25","isFullCredit":false},{"lineNumber":5,"author":{"gitId":"rithiklenin"},"content":"}","lastModifiedDate":"2024-08-25","isFullCredit":false}],"authorContributionMap":{"rithiklenin":5}},{"path":"src/main/java/Task.java","fileType":"java","lines":[{"lineNumber":1,"author":{"gitId":"rithiklenin"},"content":"public abstract class Task {","lastModifiedDate":"2024-08-24","isFullCredit":false},{"lineNumber":2,"author":{"gitId":"rithiklenin"},"content":"    protected String description;","lastModifiedDate":"2024-08-23","isFullCredit":false},{"lineNumber":3,"author":{"gitId":"rithiklenin"},"content":"    protected boolean isDone;","lastModifiedDate":"2024-08-23","isFullCredit":false},{"lineNumber":4,"author":{"gitId":"rithiklenin"},"content":"","lastModifiedDate":"2024-08-23","isFullCredit":false},{"lineNumber":5,"author":{"gitId":"rithiklenin"},"content":"    public Task(String description) {","lastModifiedDate":"2024-08-23","isFullCredit":false},{"lineNumber":6,"author":{"gitId":"rithiklenin"},"content":"        this.description \u003d description;","lastModifiedDate":"2024-08-23","isFullCredit":false},{"lineNumber":7,"author":{"gitId":"rithiklenin"},"content":"        this.isDone \u003d false;","lastModifiedDate":"2024-08-23","isFullCredit":false},{"lineNumber":8,"author":{"gitId":"rithiklenin"},"content":"    }","lastModifiedDate":"2024-08-23","isFullCredit":false},{"lineNumber":9,"author":{"gitId":"rithiklenin"},"content":"","lastModifiedDate":"2024-08-23","isFullCredit":false},{"lineNumber":10,"author":{"gitId":"rithiklenin"},"content":"    public String getStatusIcon() {","lastModifiedDate":"2024-08-23","isFullCredit":false},{"lineNumber":11,"author":{"gitId":"rithiklenin"},"content":"        return (isDone ? \"X\" : \" \");","lastModifiedDate":"2024-08-23","isFullCredit":false},{"lineNumber":12,"author":{"gitId":"rithiklenin"},"content":"    }","lastModifiedDate":"2024-08-23","isFullCredit":false},{"lineNumber":13,"author":{"gitId":"rithiklenin"},"content":"","lastModifiedDate":"2024-08-23","isFullCredit":false},{"lineNumber":14,"author":{"gitId":"rithiklenin"},"content":"    public void setDone() {","lastModifiedDate":"2024-08-23","isFullCredit":false},{"lineNumber":15,"author":{"gitId":"rithiklenin"},"content":"        this.isDone \u003d true;","lastModifiedDate":"2024-08-23","isFullCredit":false},{"lineNumber":16,"author":{"gitId":"rithiklenin"},"content":"    }","lastModifiedDate":"2024-08-23","isFullCredit":false},{"lineNumber":17,"author":{"gitId":"rithiklenin"},"content":"","lastModifiedDate":"2024-08-23","isFullCredit":false},{"lineNumber":18,"author":{"gitId":"rithiklenin"},"content":"    public boolean isDone() {","lastModifiedDate":"2024-08-30","isFullCredit":false},{"lineNumber":19,"author":{"gitId":"rithiklenin"},"content":"        return isDone;","lastModifiedDate":"2024-08-30","isFullCredit":false},{"lineNumber":20,"author":{"gitId":"rithiklenin"},"content":"    }","lastModifiedDate":"2024-08-30","isFullCredit":false},{"lineNumber":21,"author":{"gitId":"rithiklenin"},"content":"    public void setNotDone() {","lastModifiedDate":"2024-08-23","isFullCredit":false},{"lineNumber":22,"author":{"gitId":"rithiklenin"},"content":"        this.isDone \u003d false;","lastModifiedDate":"2024-08-23","isFullCredit":false},{"lineNumber":23,"author":{"gitId":"rithiklenin"},"content":"    }","lastModifiedDate":"2024-08-23","isFullCredit":false},{"lineNumber":24,"author":{"gitId":"rithiklenin"},"content":"","lastModifiedDate":"2024-08-23","isFullCredit":false},{"lineNumber":25,"author":{"gitId":"rithiklenin"},"content":"    public String getDescription() {","lastModifiedDate":"2024-08-23","isFullCredit":false},{"lineNumber":26,"author":{"gitId":"rithiklenin"},"content":"        return description;","lastModifiedDate":"2024-08-23","isFullCredit":false},{"lineNumber":27,"author":{"gitId":"rithiklenin"},"content":"    }","lastModifiedDate":"2024-08-23","isFullCredit":false},{"lineNumber":28,"author":{"gitId":"rithiklenin"},"content":"","lastModifiedDate":"2024-08-23","isFullCredit":false},{"lineNumber":29,"author":{"gitId":"rithiklenin"},"content":"    @Override","lastModifiedDate":"2024-08-24","isFullCredit":false},{"lineNumber":30,"author":{"gitId":"rithiklenin"},"content":"    public String toString() {","lastModifiedDate":"2024-08-24","isFullCredit":false},{"lineNumber":31,"author":{"gitId":"rithiklenin"},"content":"        return \"[\" + getStatusIcon() + \"] \" + description;","lastModifiedDate":"2024-08-24","isFullCredit":false},{"lineNumber":32,"author":{"gitId":"rithiklenin"},"content":"    }","lastModifiedDate":"2024-08-24","isFullCredit":false},{"lineNumber":33,"author":{"gitId":"rithiklenin"},"content":"","lastModifiedDate":"2024-08-30","isFullCredit":false},{"lineNumber":34,"author":{"gitId":"rithiklenin"},"content":"    public abstract String toSaveString();","lastModifiedDate":"2024-08-30","isFullCredit":false},{"lineNumber":35,"author":{"gitId":"rithiklenin"},"content":"}","lastModifiedDate":"2024-08-23","isFullCredit":false}],"authorContributionMap":{"rithiklenin":35}},{"path":"src/main/java/ToDos.java","fileType":"java","lines":[{"lineNumber":1,"author":{"gitId":"rithiklenin"},"content":"public class ToDos extends Task {","lastModifiedDate":"2024-08-24","isFullCredit":false},{"lineNumber":2,"author":{"gitId":"rithiklenin"},"content":"","lastModifiedDate":"2024-08-24","isFullCredit":false},{"lineNumber":3,"author":{"gitId":"rithiklenin"},"content":"    public ToDos(String description) {","lastModifiedDate":"2024-08-24","isFullCredit":false},{"lineNumber":4,"author":{"gitId":"rithiklenin"},"content":"        super(description);","lastModifiedDate":"2024-08-24","isFullCredit":false},{"lineNumber":5,"author":{"gitId":"rithiklenin"},"content":"    }","lastModifiedDate":"2024-08-24","isFullCredit":false},{"lineNumber":6,"author":{"gitId":"rithiklenin"},"content":"","lastModifiedDate":"2024-08-24","isFullCredit":false},{"lineNumber":7,"author":{"gitId":"rithiklenin"},"content":"    @Override","lastModifiedDate":"2024-08-24","isFullCredit":false},{"lineNumber":8,"author":{"gitId":"rithiklenin"},"content":"    public String toString() {","lastModifiedDate":"2024-08-24","isFullCredit":false},{"lineNumber":9,"author":{"gitId":"rithiklenin"},"content":"        return \"[T]\" + super.toString();","lastModifiedDate":"2024-08-24","isFullCredit":false},{"lineNumber":10,"author":{"gitId":"rithiklenin"},"content":"    }","lastModifiedDate":"2024-08-24","isFullCredit":false},{"lineNumber":11,"author":{"gitId":"rithiklenin"},"content":"    @Override","lastModifiedDate":"2024-08-30","isFullCredit":false},{"lineNumber":12,"author":{"gitId":"rithiklenin"},"content":"    public String toSaveString() {","lastModifiedDate":"2024-08-30","isFullCredit":false},{"lineNumber":13,"author":{"gitId":"rithiklenin"},"content":"        return \"T | \" + (isDone() ? \"1\" : \"0\") + \" | \" + getDescription();","lastModifiedDate":"2024-08-30","isFullCredit":false},{"lineNumber":14,"author":{"gitId":"rithiklenin"},"content":"    }","lastModifiedDate":"2024-08-30","isFullCredit":false},{"lineNumber":15,"author":{"gitId":"rithiklenin"},"content":"}","lastModifiedDate":"2024-08-24","isFullCredit":false}],"authorContributionMap":{"rithiklenin":15}},{"path":"text-ui-test/input.txt","fileType":"txt","lines":[{"lineNumber":1,"author":{"gitId":"rithiklenin"},"content":"todo read book","lastModifiedDate":"2024-08-24","isFullCredit":false},{"lineNumber":2,"author":{"gitId":"rithiklenin"},"content":"deadline return book /by Sunday","lastModifiedDate":"2024-08-24","isFullCredit":false},{"lineNumber":3,"author":{"gitId":"rithiklenin"},"content":"event project meeting /from Mon 2pm /to 4pm","lastModifiedDate":"2024-08-24","isFullCredit":false},{"lineNumber":4,"author":{"gitId":"rithiklenin"},"content":"list","lastModifiedDate":"2024-08-24","isFullCredit":false},{"lineNumber":5,"author":{"gitId":"rithiklenin"},"content":"mark 1","lastModifiedDate":"2024-08-24","isFullCredit":false},{"lineNumber":6,"author":{"gitId":"rithiklenin"},"content":"unmark 1","lastModifiedDate":"2024-08-24","isFullCredit":false},{"lineNumber":7,"author":{"gitId":"rithiklenin"},"content":"mark 4","lastModifiedDate":"2024-08-24","isFullCredit":false},{"lineNumber":8,"author":{"gitId":"rithiklenin"},"content":"unmark 4","lastModifiedDate":"2024-08-24","isFullCredit":false},{"lineNumber":9,"author":{"gitId":"rithiklenin"},"content":"bye","lastModifiedDate":"2024-08-24","isFullCredit":false}],"authorContributionMap":{"rithiklenin":9}},{"path":"text-ui-test/runtest.sh","fileType":"sh","lines":[{"lineNumber":1,"author":{"gitId":"-"},"content":"#!/usr/bin/env bash","lastModifiedDate":"2020-05-25","isFullCredit":false},{"lineNumber":2,"author":{"gitId":"-"},"content":"","lastModifiedDate":"2020-05-25","isFullCredit":false},{"lineNumber":3,"author":{"gitId":"-"},"content":"# create bin directory if it doesn\u0027t exist","lastModifiedDate":"2020-05-25","isFullCredit":false},{"lineNumber":4,"author":{"gitId":"-"},"content":"if [ ! -d \"../bin\" ]","lastModifiedDate":"2020-05-25","isFullCredit":false},{"lineNumber":5,"author":{"gitId":"-"},"content":"then","lastModifiedDate":"2020-05-25","isFullCredit":false},{"lineNumber":6,"author":{"gitId":"-"},"content":"    mkdir ../bin","lastModifiedDate":"2020-05-25","isFullCredit":false},{"lineNumber":7,"author":{"gitId":"-"},"content":"fi","lastModifiedDate":"2020-05-25","isFullCredit":false},{"lineNumber":8,"author":{"gitId":"-"},"content":"","lastModifiedDate":"2020-05-25","isFullCredit":false},{"lineNumber":9,"author":{"gitId":"-"},"content":"# delete output from previous run","lastModifiedDate":"2020-05-25","isFullCredit":false},{"lineNumber":10,"author":{"gitId":"-"},"content":"if [ -e \"./ACTUAL.TXT\" ]","lastModifiedDate":"2020-05-25","isFullCredit":false},{"lineNumber":11,"author":{"gitId":"-"},"content":"then","lastModifiedDate":"2020-05-25","isFullCredit":false},{"lineNumber":12,"author":{"gitId":"-"},"content":"    rm ACTUAL.TXT","lastModifiedDate":"2020-05-25","isFullCredit":false},{"lineNumber":13,"author":{"gitId":"-"},"content":"fi","lastModifiedDate":"2020-05-25","isFullCredit":false},{"lineNumber":14,"author":{"gitId":"-"},"content":"","lastModifiedDate":"2020-05-25","isFullCredit":false},{"lineNumber":15,"author":{"gitId":"-"},"content":"# compile the code into the bin folder, terminates if error occurred","lastModifiedDate":"2020-05-25","isFullCredit":false},{"lineNumber":16,"author":{"gitId":"-"},"content":"if ! javac -cp ../src/main/java -Xlint:none -d ../bin ../src/main/java/*.java","lastModifiedDate":"2020-08-25","isFullCredit":false},{"lineNumber":17,"author":{"gitId":"-"},"content":"then","lastModifiedDate":"2020-05-25","isFullCredit":false},{"lineNumber":18,"author":{"gitId":"-"},"content":"    echo \"********** BUILD FAILURE **********\"","lastModifiedDate":"2020-05-25","isFullCredit":false},{"lineNumber":19,"author":{"gitId":"-"},"content":"    exit 1","lastModifiedDate":"2020-05-25","isFullCredit":false},{"lineNumber":20,"author":{"gitId":"-"},"content":"fi","lastModifiedDate":"2020-05-25","isFullCredit":false},{"lineNumber":21,"author":{"gitId":"-"},"content":"","lastModifiedDate":"2020-05-25","isFullCredit":false},{"lineNumber":22,"author":{"gitId":"-"},"content":"# run the program, feed commands from input.txt file and redirect the output to the ACTUAL.TXT","lastModifiedDate":"2020-05-25","isFullCredit":false},{"lineNumber":23,"author":{"gitId":"rithiklenin"},"content":"java -classpath ../bin Optimus \u003c input.txt \u003e ACTUAL.TXT","lastModifiedDate":"2024-08-24","isFullCredit":false},{"lineNumber":24,"author":{"gitId":"-"},"content":"","lastModifiedDate":"2020-05-25","isFullCredit":false},{"lineNumber":25,"author":{"gitId":"-"},"content":"# convert to UNIX format","lastModifiedDate":"2020-05-25","isFullCredit":false},{"lineNumber":26,"author":{"gitId":"-"},"content":"cp EXPECTED.TXT EXPECTED-UNIX.TXT","lastModifiedDate":"2020-05-25","isFullCredit":false},{"lineNumber":27,"author":{"gitId":"-"},"content":"dos2unix ACTUAL.TXT EXPECTED-UNIX.TXT","lastModifiedDate":"2020-05-25","isFullCredit":false},{"lineNumber":28,"author":{"gitId":"-"},"content":"","lastModifiedDate":"2020-05-25","isFullCredit":false},{"lineNumber":29,"author":{"gitId":"-"},"content":"# compare the output to the expected output","lastModifiedDate":"2020-05-25","isFullCredit":false},{"lineNumber":30,"author":{"gitId":"-"},"content":"diff ACTUAL.TXT EXPECTED-UNIX.TXT","lastModifiedDate":"2020-05-25","isFullCredit":false},{"lineNumber":31,"author":{"gitId":"-"},"content":"if [ $? -eq 0 ]","lastModifiedDate":"2020-05-25","isFullCredit":false},{"lineNumber":32,"author":{"gitId":"-"},"content":"then","lastModifiedDate":"2020-05-25","isFullCredit":false},{"lineNumber":33,"author":{"gitId":"-"},"content":"    echo \"Test result: PASSED\"","lastModifiedDate":"2020-05-25","isFullCredit":false},{"lineNumber":34,"author":{"gitId":"-"},"content":"    exit 0","lastModifiedDate":"2020-05-25","isFullCredit":false},{"lineNumber":35,"author":{"gitId":"-"},"content":"else","lastModifiedDate":"2020-05-25","isFullCredit":false},{"lineNumber":36,"author":{"gitId":"-"},"content":"    echo \"Test result: FAILED\"","lastModifiedDate":"2020-05-25","isFullCredit":false},{"lineNumber":37,"author":{"gitId":"-"},"content":"    exit 1","lastModifiedDate":"2020-05-25","isFullCredit":false},{"lineNumber":38,"author":{"gitId":"-"},"content":"fi","lastModifiedDate":"2020-05-25","isFullCredit":false}],"authorContributionMap":{"rithiklenin":1,"-":37}}]
