{"authorDailyContributionsMap":{"FooChao":[{"date":"2024-08-17","commitResults":[{"hash":"3b7eeafb418ef9b12f03c5dabbb8da829b10175b","isMergeCommit":false,"messageTitle":"level-0.1 - Rename, Greet and Exit","messageBody":"","tags":["Level-0"],"fileTypesAndContributionMap":{"java":{"insertions":29,"deletions":6}}},{"hash":"51145132912ded7ef07370df5eb8a1e81bf8b42c","isMergeCommit":false,"messageTitle":"level-1.1 - Echo","messageBody":"","tags":["Level-1"],"fileTypesAndContributionMap":{"java":{"insertions":13,"deletions":0}}},{"hash":"9543f2f1bbc657906ce6fb9ee890ab2b8fd6c673","isMergeCommit":false,"messageTitle":"level 1.2 - Change to equalsignorecase to see if it is bye","messageBody":"","fileTypesAndContributionMap":{"java":{"insertions":1,"deletions":1}}},{"hash":"0a89499dcb0c26453353cf3ce17a3dfba85e7977","isMergeCommit":false,"messageTitle":"level-2.1 - Add,List","messageBody":"","tags":["Level-2"],"fileTypesAndContributionMap":{"java":{"insertions":39,"deletions":2}}},{"hash":"0969461f4b22bca461dfbb2ff9fac7ac8eafb6ac","isMergeCommit":false,"messageTitle":"level-3.1 - Added Task class","messageBody":"","fileTypesAndContributionMap":{"java":{"insertions":20,"deletions":5}}},{"hash":"65d1e0444b05eb6f31dfed8f711305275ff98f68","isMergeCommit":false,"messageTitle":"level-3.2 - Mark as Done","messageBody":"","tags":["Level-3"],"fileTypesAndContributionMap":{"java":{"insertions":63,"deletions":8}}}]},{"date":"2024-08-18","commitResults":[{"hash":"12596b3363a6f818e12d0a1ea740efdde1b95b74","isMergeCommit":false,"messageTitle":"level-4.1 -  Added class Deadline, Event and Todo","messageBody":"","fileTypesAndContributionMap":{"java":{"insertions":41,"deletions":0}}},{"hash":"c597684fe6a1a6e9ec1d61e8d41f53c6a6e06593","isMergeCommit":false,"messageTitle":"level-4.2 - Utilised Todo, Deadline, Event class in SumoDe","messageBody":"","tags":["Level-4"],"fileTypesAndContributionMap":{"java":{"insertions":53,"deletions":5}}},{"hash":"f4002a2d8653ee84f8163caeb82cb4d30d04fb75","isMergeCommit":false,"messageTitle":"level-0.2 - changing file name from Duke to SumoDE (Missed previously)","messageBody":"","fileTypesAndContributionMap":{"java":{"insertions":1,"deletions":1}}},{"hash":"2eafc4285c0496f854de871e45f5a480780828a7","isMergeCommit":false,"messageTitle":"A-Text-UiTesting - Added Testing, modified Testing path and removed unnecessary space from print statement","messageBody":"","tags":["A-TextUiTesting","A-Text-UiTesting"],"fileTypesAndContributionMap":{"txt":{"insertions":14,"deletions":0},"java":{"insertions":31,"deletions":16},"bat":{"insertions":1,"deletions":1},"sh":{"insertions":1,"deletions":1}}},{"hash":"fd11ca398c0f5fb133db3d1f6a05e398c5949d7c","isMergeCommit":false,"messageTitle":"A-TextUiTesting - Edited a small typo","messageBody":"","fileTypesAndContributionMap":{"java":{"insertions":1,"deletions":1}}},{"hash":"e9f52c6a84f3ef7176f0d379b43b8dc873c2b1fb","isMergeCommit":false,"messageTitle":"level-5.1 - Handling unknown command and Wrong Syntax for Command Error","messageBody":"","fileTypesAndContributionMap":{"txt":{"insertions":5,"deletions":0},"java":{"insertions":58,"deletions":35}}},{"hash":"9e8221543df0de7b6a3fd7a0f7758cc002a44d85","isMergeCommit":false,"messageTitle":"level-5.2 - Added Non Existent Task Exception","messageBody":"","tags":["Level-5"],"fileTypesAndContributionMap":{"txt":{"insertions":3,"deletions":0},"java":{"insertions":17,"deletions":4}}},{"hash":"d5926ede231e9bfbf6b1516d69878212cb78ed77","isMergeCommit":false,"messageTitle":"Level-6.1 -A-Collections utilised array list","messageBody":"","fileTypesAndContributionMap":{"java":{"insertions":79,"deletions":72}}},{"hash":"600943e9fbf0fe0785035a3e26d1b43304565b2d","isMergeCommit":false,"messageTitle":"level-6.2- Fixed bugs caused by addition of collection","messageBody":"","fileTypesAndContributionMap":{"txt":{"insertions":3,"deletions":1},"java":{"insertions":6,"deletions":6}}},{"hash":"3cc031c3623d80918ad5806e9e53c94a0c035236","isMergeCommit":false,"messageTitle":"level-6.3 - Delete","messageBody":"","tags":["Level-6"],"fileTypesAndContributionMap":{"txt":{"insertions":2,"deletions":0},"java":{"insertions":31,"deletions":14}}}]},{"date":"2024-08-23","commitResults":[{"hash":"77954f769c200a3810d65ac3354883e3fac67ff6","isMergeCommit":false,"messageTitle":"level-6.4 - Made SumoTaskList Class for more OOP","messageBody":"","fileTypesAndContributionMap":{"java":{"insertions":89,"deletions":101}}},{"hash":"3b054fe611ce02731b6558cabaf816b83b770932","isMergeCommit":false,"messageTitle":"Added CommandTypeEnum","messageBody":"","fileTypesAndContributionMap":{"java":{"insertions":12,"deletions":0}}},{"hash":"cc2825322a7f40fcf9241a7f346eb26f0b5a2c8e","isMergeCommit":false,"messageTitle":"Made use of Enum for Command","messageBody":"","fileTypesAndContributionMap":{"txt":{"insertions":3,"deletions":0},"java":{"insertions":72,"deletions":35}}},{"hash":"c8adce01e148a5d735bdfc2d67490b4263ce0285","isMergeCommit":true,"messageTitle":"Merge branch \u0027AddEnumForCommand\u0027","messageBody":"","tags":["A-Enums"],"fileTypesAndContributionMap":{}},{"hash":"2dd0fa7fd04ef149c9f8d743c04af769c36dd409","isMergeCommit":false,"messageTitle":"Edited the print statement for unknow syntax of command to give expected command","messageBody":"","fileTypesAndContributionMap":{"java":{"insertions":6,"deletions":1}}}]},{"date":"2024-08-24","commitResults":[{"hash":"d0579eadd7b23a1f33e75d83159adafcffd829ec","isMergeCommit":false,"messageTitle":"Add file reading capability","messageBody":"","fileTypesAndContributionMap":{"txt":{"insertions":0,"deletions":0},"java":{"insertions":52,"deletions":1}}},{"hash":"05efd563aea7a2b4597a2f0ed6f48b8feb509ac8","isMergeCommit":false,"messageTitle":"Add data/taskSaved.txt to .gitignore","messageBody":"","fileTypesAndContributionMap":{"txt":{"insertions":0,"deletions":0}}},{"hash":"e675d9d140f5753a7ab29c87ebe8edd8bd82c7a6","isMergeCommit":false,"messageTitle":"Add handling of adding task to saved location","messageBody":"","fileTypesAndContributionMap":{"java":{"insertions":42,"deletions":5}}},{"hash":"8e23a394725aaba666cf3c2543520df0bda0b3fe","isMergeCommit":false,"messageTitle":"Add save to all functionality","messageBody":"","fileTypesAndContributionMap":{"java":{"insertions":15,"deletions":13}}},{"hash":"59bf628599e986f1f82954ea34c95f257d9e3d80","isMergeCommit":false,"messageTitle":"Remove unnecessary System.out.println statement used for testing","messageBody":"","fileTypesAndContributionMap":{"java":{"insertions":0,"deletions":1}}},{"hash":"532417f02b81c2a94d1f6cdf7c41053461c12f08","isMergeCommit":true,"messageTitle":"Merge branch \u0027branch-Level-7\u0027","messageBody":"","tags":["Level-7"],"fileTypesAndContributionMap":{}},{"hash":"dbc92d9bbabd0f2765341a558eacf4f099f514cb","isMergeCommit":false,"messageTitle":"Update test cases such that it does not have memory at the end of code","messageBody":"","fileTypesAndContributionMap":{"txt":{"insertions":2,"deletions":0}}},{"hash":"193635e1d16420360aeb1b481710dbc23b35479e","isMergeCommit":true,"messageTitle":"Merge branch \u0027master\u0027 into branch-Level-7","messageBody":"","fileTypesAndContributionMap":{}},{"hash":"104d04955aad72d7130ead728d4bd8d16611a14d","isMergeCommit":false,"messageTitle":"Add ability to handle corrupted saved file","messageBody":"","fileTypesAndContributionMap":{"java":{"insertions":17,"deletions":3}}},{"hash":"65bea2939090ff476005b09a339b725d2f37bec3","isMergeCommit":true,"messageTitle":"Merge branch \u0027branch-Level-7\u0027","messageBody":"","fileTypesAndContributionMap":{}},{"hash":"f30710e83822359ad18c013866efdcaf42726a2a","isMergeCommit":false,"messageTitle":"Add Date detection functionality","messageBody":"","fileTypesAndContributionMap":{"java":{"insertions":37,"deletions":5}}},{"hash":"940320d8c8fc7f017b57d198953ec5666a4c773f","isMergeCommit":false,"messageTitle":"Fix \u0027unable to add non-date\u0027 and \u0027missing space from event return\u0027 bugs","messageBody":"","fileTypesAndContributionMap":{"java":{"insertions":7,"deletions":4}}},{"hash":"f6e2ddec6fd77a3f3ec8cf802af2df5fe41cb56f","isMergeCommit":false,"messageTitle":"Update test case to test date functionality","messageBody":"","fileTypesAndContributionMap":{"txt":{"insertions":6,"deletions":0}}},{"hash":"17c08acdbe39ac6d82ffadd8fdf879665c7105f0","isMergeCommit":false,"messageTitle":"Update test case for date functionality","messageBody":"","fileTypesAndContributionMap":{"txt":{"insertions":6,"deletions":0},"java":{"insertions":7,"deletions":4}}},{"hash":"e2b5f8c7b436929b8bf5a4eb67499e744aa79393","isMergeCommit":false,"messageTitle":"Add OOP for storage","messageBody":"","fileTypesAndContributionMap":{"java":{"insertions":105,"deletions":50}}},{"hash":"d96cff96b556dc855bfb3e666b0d9a9256d11626","isMergeCommit":false,"messageTitle":"Implement ui class usage on SumoDE class","messageBody":"","fileTypesAndContributionMap":{"java":{"insertions":62,"deletions":39}}},{"hash":"8828d2a4385b13b7fea0e7f8fa0a1ae8f583894b","isMergeCommit":false,"messageTitle":"Implement ui OOP on all places","messageBody":"","fileTypesAndContributionMap":{"java":{"insertions":122,"deletions":76}}},{"hash":"0ad4d8e2bb194ab27dcaf938e91067f5a71d23b5","isMergeCommit":false,"messageTitle":"Add OOP parser","messageBody":"","fileTypesAndContributionMap":{"java":{"insertions":53,"deletions":40}}},{"hash":"1d805d83f237afa9d412cfa3900196e15b8aa387","isMergeCommit":true,"messageTitle":"Merge branch \u0027branch-A-MoreOOP\u0027","messageBody":"","tags":["A-MoreOOP"],"fileTypesAndContributionMap":{}},{"hash":"172f8e1f01e7860241ef6b6a8e0be71450d4de08","isMergeCommit":false,"messageTitle":"Add package","messageBody":"","fileTypesAndContributionMap":{"java":{"insertions":222,"deletions":4}}},{"hash":"35558652c9bbd66bb2ebfaca05a64d005839963f","isMergeCommit":false,"messageTitle":"Add package again","messageBody":"","fileTypesAndContributionMap":{"java":{"insertions":54,"deletions":219},"bat":{"insertions":11,"deletions":8}}},{"hash":"02baa0bd8d062545fb13707f1e56616dc700316e","isMergeCommit":false,"messageTitle":"Update runtest to make it faster according to chatGPT suggestion","messageBody":"","fileTypesAndContributionMap":{"bat":{"insertions":18,"deletions":9}}},{"hash":"b062b84d6f542f831f11e4ad26b1aaf0d3a2f7aa","isMergeCommit":false,"messageTitle":"Modify SumoTaskList constructor for unable to save situation to work correctly","messageBody":"","fileTypesAndContributionMap":{"java":{"insertions":6,"deletions":6}}},{"hash":"09ae8d6c559f3c84c9442705c6c06162d2b7ef64","isMergeCommit":false,"messageTitle":"Modify SumoTaskList constructor","messageBody":"","fileTypesAndContributionMap":{"java":{"insertions":1,"deletions":1}}},{"hash":"e5248b223bbd550807073e4a20523707e6169c07","isMergeCommit":false,"messageTitle":"Edit a small bug in SumoTaskList where I forgot to initialise UI","messageBody":"","fileTypesAndContributionMap":{"java":{"insertions":1,"deletions":0}}},{"hash":"7f16d8fc3bc6fb544b215377b77018a12f4d64e0","isMergeCommit":true,"messageTitle":"Merge branch \u0027branch-A-Packages\u0027","messageBody":"","tags":["A-Packages"],"fileTypesAndContributionMap":{}},{"hash":"93b611b8c387fef2cd1378564c783143a1e05da4","isMergeCommit":false,"messageTitle":"Change name to temporary name","messageBody":"","fileTypesAndContributionMap":{"java":{"insertions":0,"deletions":0}}},{"hash":"651803350f301feb39f46f675dfb497b298f9cfe","isMergeCommit":false,"messageTitle":"Change file name to required name","messageBody":"","fileTypesAndContributionMap":{"java":{"insertions":0,"deletions":0}}},{"hash":"e56b1f4936a4a691f8f2afd5ce958cb6fa56c926","isMergeCommit":true,"messageTitle":"Merge branch \u0027add-gradle-support\u0027 of https://github.com/FooChao/ip","messageBody":"","fileTypesAndContributionMap":{}},{"hash":"8857b21e80ba1380bf2ad77472ace7b54b59c2b8","isMergeCommit":false,"messageTitle":"Change gradle application main class to correct one","messageBody":"","tags":["A-Gradle"],"fileTypesAndContributionMap":{"gradle":{"insertions":1,"deletions":1}}},{"hash":"854d46a41961871e8357a3325b8b23b08f695db3","isMergeCommit":false,"messageTitle":"Add JUNIT test for Event/Deadline/Todo","messageBody":"","tags":["A-JUnit"],"fileTypesAndContributionMap":{"java":{"insertions":235,"deletions":0}}}]},{"date":"2024-08-25","commitResults":[{"hash":"38e5d14c74b253ee3b0483a8ffcc5078c99422c8","isMergeCommit":false,"messageTitle":"Edit gradle to build JAR","messageBody":"","tags":["A-Jar"],"fileTypesAndContributionMap":{"gradle":{"insertions":1,"deletions":0}}},{"hash":"147452f4808d71d450596a0ef2ea9a99fca7d1c2","isMergeCommit":false,"messageTitle":"Edit gradle to test run code on build and fix bug where directory missing causing crash in Storage class","messageBody":"","fileTypesAndContributionMap":{"gradle":{"insertions":84,"deletions":2},"java":{"insertions":11,"deletions":0},"bat":{"insertions":3,"deletions":5}}},{"hash":"06c9823ffe6509cac725e2ebf7923d8246d98eb1","isMergeCommit":false,"messageTitle":"Add javadoc for classes in sumo.util","messageBody":"","fileTypesAndContributionMap":{"java":{"insertions":105,"deletions":1}}},{"hash":"209398915bb0290907b4f9d27d8c4c3eaacfcff2","isMergeCommit":false,"messageTitle":"Improve javadoc for classes in sumo.util","messageBody":"","fileTypesAndContributionMap":{"java":{"insertions":59,"deletions":2}}},{"hash":"2c3728b0d69c4308cd65077788abd47f038a0d80","isMergeCommit":false,"messageTitle":"Add javadoc for classes in sumode.task","messageBody":"","fileTypesAndContributionMap":{"java":{"insertions":46,"deletions":0}}},{"hash":"54744c5cdc18cf3a22210d76823319662c6d4ded","isMergeCommit":false,"messageTitle":"Add javadoc for constructors for classes in sumode.util","messageBody":"","fileTypesAndContributionMap":{"java":{"insertions":20,"deletions":1}}},{"hash":"5eab5af67f7efcc967faa37d61860c656ca37e26","isMergeCommit":false,"messageTitle":"Add checkstyle in gradle","messageBody":"","fileTypesAndContributionMap":{"gradle":{"insertions":5,"deletions":0},"java":{"insertions":1,"deletions":1}}},{"hash":"f66e166266c226c9d3d042a38e2ed6ae0f22a952","isMergeCommit":false,"messageTitle":"Fix style error wrt gradel stylecheck","messageBody":"","fileTypesAndContributionMap":{"java":{"insertions":133,"deletions":123}}},{"hash":"f332a545e50327e4a4921806f69bd7033a2b377e","isMergeCommit":true,"messageTitle":"Merge branch \u0027branch-A-JavaDoc\u0027 into branch-A-CodingStandard","messageBody":"# Conflicts:\n#\tsrc/main/java/sumode/task/Event.java\n#\tsrc/main/java/sumode/util/Storage.java\n#\tsrc/main/java/sumode/util/SumoTaskList.java\n#\tsrc/main/java/sumode/util/Ui.java\n","fileTypesAndContributionMap":{}},{"hash":"f76511230bf4f18c38915814bcb86e54bfbbbf1e","isMergeCommit":false,"messageTitle":"Fix a single missing white space","messageBody":"","fileTypesAndContributionMap":{"java":{"insertions":1,"deletions":1}}},{"hash":"98f82e726770472fbc5e14f407bc77ea22497180","isMergeCommit":false,"messageTitle":"Fix all style error in main including missing javadoc","messageBody":"","fileTypesAndContributionMap":{"java":{"insertions":70,"deletions":1}}},{"hash":"428b9ba34dbac02af74d34af5650cf7005f7ffe7","isMergeCommit":false,"messageTitle":"Fix all style error in test","messageBody":"","fileTypesAndContributionMap":{"java":{"insertions":36,"deletions":27}}},{"hash":"e26c512f97e7f6229645cdb1ed9b09e869ac0095","isMergeCommit":false,"messageTitle":"Add find functionality","messageBody":"","fileTypesAndContributionMap":{"java":{"insertions":7,"deletions":0}}},{"hash":"498f2eb7a78112c9aa167736dc2d419d593c5b0b","isMergeCommit":false,"messageTitle":"Fix bug in find Update Test case for find","messageBody":"","fileTypesAndContributionMap":{"txt":{"insertions":3,"deletions":0},"java":{"insertions":8,"deletions":4},"bat":{"insertions":3,"deletions":3}}},{"hash":"ca31b247a9c35eb93414386b1b65b2c69a77d1f6","isMergeCommit":true,"messageTitle":"Merge branch \u0027branch-A-JavaDoc\u0027","messageBody":"","tags":["A-JavaDoc"],"fileTypesAndContributionMap":{}},{"hash":"a5bf8384c43677756544b7a62f25aa5bdffcf226","isMergeCommit":false,"messageTitle":"Update test","messageBody":"","fileTypesAndContributionMap":{"txt":{"insertions":3,"deletions":0}}},{"hash":"5b884cdc486a1c325a6dcbf6feb860073c9cb99f","isMergeCommit":true,"messageTitle":"Merge branch \u0027branch-A-CodingStandard\u0027","messageBody":"","fileTypesAndContributionMap":{}},{"hash":"b702579a7d4be1f36501edc021979f7a2558d5cd","isMergeCommit":true,"messageTitle":"Merge branch \u0027branch-Level-9\u0027","messageBody":"# Conflicts:\n#\tsrc/main/java/sumode/util/Command.java\n#\tsrc/main/java/sumode/util/SumoTaskList.java\n#\tsrc/main/java/sumode/util/Ui.java\n","tags":["Level-9"],"fileTypesAndContributionMap":{}},{"hash":"c25d6bdcc088e031300411fc1e23bc04bc17c6e7","isMergeCommit":false,"messageTitle":"Edit input.txt","messageBody":"","fileTypesAndContributionMap":{"txt":{"insertions":3,"deletions":0}}},{"hash":"77fd050b80d9a03e4e8b66b6be23f9e0b862ae31","isMergeCommit":true,"messageTitle":"Merge branch \u0027master\u0027 into branch-A-CodingStandard","messageBody":"","fileTypesAndContributionMap":{}},{"hash":"8b3dc5a835755ec51f3f5a44235de29476deecf0","isMergeCommit":false,"messageTitle":"Fix Style due to addition of Find","messageBody":"","fileTypesAndContributionMap":{"java":{"insertions":3,"deletions":2}}},{"hash":"86de0cdb6d73df9cc83b7cb4b1bb70be9f3e7d3a","isMergeCommit":true,"messageTitle":"Merge branch \u0027branch-A-CodingStandard\u0027","messageBody":"","tags":["A-CodingStandard"],"fileTypesAndContributionMap":{}},{"hash":"a0697a4f4bbf4968da190e4d44ac205b40260f97","isMergeCommit":false,"messageTitle":"Add detection of missing details","messageBody":"","fileTypesAndContributionMap":{"java":{"insertions":50,"deletions":15}}},{"hash":"69d5aeea0f24b49ebad487493f99380c8ed1ecc4","isMergeCommit":false,"messageTitle":"Replace MissingDetailsException with UnknownSyntaxForCOmmandException","messageBody":"","fileTypesAndContributionMap":{"java":{"insertions":7,"deletions":35}}},{"hash":"2010b9d63b31e3b69e1a429ced70c184d3322665","isMergeCommit":false,"messageTitle":"Allow todo to detect empty string and throw error","messageBody":"","fileTypesAndContributionMap":{"java":{"insertions":4,"deletions":1}}}]},{"date":"2024-08-31","commitResults":[{"hash":"5a406805ae41fc8c24487bb6bb4093172850162f","isMergeCommit":false,"messageTitle":"Add support for more dates format","messageBody":"","fileTypesAndContributionMap":{"java":{"insertions":159,"deletions":34}}},{"hash":"95773612e53e982f9a22b6ca076a03df6d69996e","isMergeCommit":false,"messageTitle":"Add JavaDoc for new classes DueFromToFormat and DueFromToType","messageBody":"","fileTypesAndContributionMap":{"java":{"insertions":88,"deletions":80}}},{"hash":"a8d75f6ddfed65a2926beff4a8dcad09744b6f9a","isMergeCommit":false,"messageTitle":"Add EndBeforeStartException","messageBody":"","fileTypesAndContributionMap":{"java":{"insertions":63,"deletions":18}}},{"hash":"64961247053c6a82272f13ae012156d87a751752","isMergeCommit":true,"messageTitle":"Merge branch \u0027branch-HandlingMoreDateTypes\u0027","messageBody":"","fileTypesAndContributionMap":{}}]}]},"authorFileTypeContributionMap":{"FooChao":{"java":1453,"md":0,"fxml":0,"sh":1,"bat":20,"gradle":90,"txt":40}},"authorContributionVariance":{"FooChao":180579.84},"authorDisplayNameMap":{"FooChao":"CS2103T-F14a-2 FOO ..CHAO"}}
