{"authorDailyContributionsMap":{"sam-theman88":[{"date":"2024-08-23","commitResults":[{"hash":"e1e45ce1d6dfb7407b45fb315631a98378135604","isMergeCommit":false,"messageTitle":"Renamed chatbot to Edith, and added greeting","messageBody":"","fileTypesAndContributionMap":{"java":{"insertions":8,"deletions":10}}},{"hash":"f1442eebe03dff6bf160c9bce51f04331fce755a","isMergeCommit":false,"messageTitle":"Implemented initial skeletal version","messageBody":"","tags":["Level-0"],"fileTypesAndContributionMap":{"java":{"insertions":3,"deletions":1}}},{"hash":"a2709efe2367c53e9dfd500a2fb2eebe917776d3","isMergeCommit":false,"messageTitle":"Implemented OOP paradigm","messageBody":"","fileTypesAndContributionMap":{"java":{"insertions":11,"deletions":5}}},{"hash":"caaa4e1ce08c30ebf8da5e725ad27118b7dd5283","isMergeCommit":false,"messageTitle":"Chatbot can now receive user input, and added echo feature","messageBody":"","tags":["Level-1"],"fileTypesAndContributionMap":{"java":{"insertions":38,"deletions":7}}},{"hash":"17b8c3eca79437ba2e6c6cf56b07d591050623ac","isMergeCommit":false,"messageTitle":"Updated the echo feature into an add feature","messageBody":"","fileTypesAndContributionMap":{"java":{"insertions":12,"deletions":3}}},{"hash":"1c1ffd642537b8b252b617248ee70d4924af803a","isMergeCommit":false,"messageTitle":"Added list feature to display all added tasks when requested","messageBody":"","tags":["Level-2"],"fileTypesAndContributionMap":{"java":{"insertions":19,"deletions":2}}},{"hash":"3b59cbac5c57496fd078ad9e3f1d46157e7328cd","isMergeCommit":false,"messageTitle":"Abstracted a task into Task class, and updated add feature accordingly","messageBody":"","fileTypesAndContributionMap":{"java":{"insertions":32,"deletions":6}}},{"hash":"aba05a9f5dfdb3a0cea052757046d63c8694357d","isMergeCommit":false,"messageTitle":"Added mark and unmark features","messageBody":"","fileTypesAndContributionMap":{"java":{"insertions":16,"deletions":0}}},{"hash":"970db699a356632b1f013bb83d3ae9d18167352c","isMergeCommit":false,"messageTitle":"Updated mark and unmark features to display proper output to users","messageBody":"","fileTypesAndContributionMap":{"java":{"insertions":18,"deletions":0}}},{"hash":"777517290a39a3e6c64c99e0080ef0f619b2ea45","isMergeCommit":false,"messageTitle":"Fixed indexing bug for the mark and unmark features","messageBody":"","tags":["Level-3"],"fileTypesAndContributionMap":{"java":{"insertions":5,"deletions":3}}},{"hash":"603daea6620d3b225096666f4dd682edccff2c30","isMergeCommit":false,"messageTitle":"Updated display output of add feature","messageBody":"","fileTypesAndContributionMap":{"java":{"insertions":11,"deletions":4}}},{"hash":"fecc392dafe2b14d2e1d0846ecabdf3835ab4d5b","isMergeCommit":false,"messageTitle":"Added 3 types of tasks as subclasses of Task class","messageBody":"","fileTypesAndContributionMap":{"java":{"insertions":76,"deletions":6}}},{"hash":"84e5f5a5972eb517529cf330e02f91ccf4988f8e","isMergeCommit":false,"messageTitle":"Updated add and list features to account for the 3 types of tasks","messageBody":"","tags":["Level-4"],"fileTypesAndContributionMap":{"java":{"insertions":25,"deletions":2}}},{"hash":"d0b8b0fb6ebf7ccd63807d7d0f671a7bae67969e","isMergeCommit":false,"messageTitle":"Semi-automated the testing of Edith, and ran the testing","messageBody":"","tags":["A-TextUiTesting"],"fileTypesAndContributionMap":{"txt":{"insertions":13,"deletions":0},"sh":{"insertions":1,"deletions":1}}}]},{"date":"2024-08-24","commitResults":[{"hash":"a5bac2b45888be4b1132cbb02d4a0a9835545004","isMergeCommit":false,"messageTitle":"Edited a method name to markTaskUndone()","messageBody":"","fileTypesAndContributionMap":{"java":{"insertions":2,"deletions":2}}},{"hash":"f127cd49b41096de02e651cb29fa78a069097902","isMergeCommit":false,"messageTitle":"Created EdithException class, and updated Edith to handle incorrect inputs from user","messageBody":"","tags":["Level-5"],"fileTypesAndContributionMap":{"java":{"insertions":58,"deletions":7}}},{"hash":"718292d2c85adb9560bf2c56ac75b156958d2c3a","isMergeCommit":false,"messageTitle":"Added delete feature to Edith","messageBody":"","tags":["Level-6"],"fileTypesAndContributionMap":{"java":{"insertions":22,"deletions":1}}}]},{"date":"2024-08-31","commitResults":[{"hash":"d34e0e2973c8c22d6ef2279e7180aeee0e0898bb","isMergeCommit":false,"messageTitle":"Add a save feature to Edith","messageBody":"","fileTypesAndContributionMap":{"java":{"insertions":136,"deletions":72}}},{"hash":"86714a1b6fae64208719b601e3b19521a304e7b3","isMergeCommit":true,"messageTitle":"Merge branch \u0027branch-Level-7\u0027 to branch \u0027master\u0027","messageBody":"","tags":["Level-7"],"fileTypesAndContributionMap":{}},{"hash":"deb32b47f15ac599251f410504177c329270719e","isMergeCommit":false,"messageTitle":"Update Edith to understand dates and times properly and not as a String","messageBody":"","fileTypesAndContributionMap":{"java":{"insertions":146,"deletions":15}}},{"hash":"32bcd1cf05dbe641d821bd51b874594d4f14d54a","isMergeCommit":true,"messageTitle":"Merge branch \u0027branch-Level-8\u0027 to branch \u0027master\u0027","messageBody":"","tags":["Level-8"],"fileTypesAndContributionMap":{}},{"hash":"338ae4ba3b4c56061622b732435f53ab81fe2761","isMergeCommit":false,"messageTitle":"Abstract out the user interaction aspect of Edith into a class","messageBody":"","fileTypesAndContributionMap":{"java":{"insertions":52,"deletions":0}}},{"hash":"2db9f42a2fa3f9bab0e58fbd890590238101fc3b","isMergeCommit":false,"messageTitle":"Add a method to show a specified error message","messageBody":"","fileTypesAndContributionMap":{"java":{"insertions":4,"deletions":0}}},{"hash":"fd2ad597fa54c688c58aeba222aa39f9598e784d","isMergeCommit":false,"messageTitle":"Abstract out the storage functionality of Edith into a class","messageBody":"","fileTypesAndContributionMap":{"java":{"insertions":80,"deletions":0}}},{"hash":"ef925fa90479399e7f2f37e00128252376f65240","isMergeCommit":false,"messageTitle":"Abstract out the parsing functionality of user input into a class","messageBody":"","fileTypesAndContributionMap":{"java":{"insertions":26,"deletions":1}}},{"hash":"5363bcd2b76c794ef27fa8245e564c95e2ddb922","isMergeCommit":false,"messageTitle":"Update Task into an abstract class","messageBody":"","fileTypesAndContributionMap":{"java":{"insertions":1,"deletions":1}}},{"hash":"fbb0e27c482c8f1bb3a61586978b8dde48904c80","isMergeCommit":false,"messageTitle":"Abstract out the task list and its relevant operations into a class","messageBody":"","fileTypesAndContributionMap":{"java":{"insertions":104,"deletions":1}}},{"hash":"58a73e0c5ef6191d92d8bbbeb9885c4d3aee64e1","isMergeCommit":false,"messageTitle":"Abstract out the giving of commands to Edith into an abstract class","messageBody":"","fileTypesAndContributionMap":{"java":{"insertions":21,"deletions":0}}},{"hash":"f0d75312dbe55a4f1c5de026e85cea6fd18dd8b4","isMergeCommit":false,"messageTitle":"Add a getter to retrieve the list of tasks","messageBody":"","fileTypesAndContributionMap":{"java":{"insertions":4,"deletions":0}}},{"hash":"ab8aaf454d31e9d5b3b08f0fba1e01d321751af4","isMergeCommit":false,"messageTitle":"Abstract out the commands for Edith into child classes of Command","messageBody":"","fileTypesAndContributionMap":{"java":{"insertions":171,"deletions":7}}},{"hash":"15f17df7ccb989f584441d57a70844a2bda4a40d","isMergeCommit":false,"messageTitle":"Update class after abstracting out various aspects of the chatbot","messageBody":"","fileTypesAndContributionMap":{"java":{"insertions":40,"deletions":373}}},{"hash":"7b3e346c57d17ac6f33303955998428a19829553","isMergeCommit":true,"messageTitle":"Merge branch \u0027branch-A-MoreOOP\u0027 to branch \u0027master\u0027","messageBody":"","tags":["A-MoreOOP"],"fileTypesAndContributionMap":{}}]},{"date":"2024-09-01","commitResults":[{"hash":"7bd3f8a8abef9012292ee859c199cf538b9f62f2","isMergeCommit":false,"messageTitle":"Organise the classes into their relevant packages","messageBody":"","fileTypesAndContributionMap":{"java":{"insertions":61,"deletions":6}}},{"hash":"c56c766b5c6bad12e9db064ae14ebd415acf40c8","isMergeCommit":false,"messageTitle":"Organise the classes into their relevant packages","messageBody":"","fileTypesAndContributionMap":{"java":{"insertions":5,"deletions":5}}},{"hash":"b3eaa3d1d90b35c7c1d2cd9ce78bf3ffb2c1f236","isMergeCommit":false,"messageTitle":"Organise the classes into their relevant packages","messageBody":"","fileTypesAndContributionMap":{"java":{"insertions":69,"deletions":22}}},{"hash":"bffc8a51ec407198983577766845164a45c8e5d8","isMergeCommit":true,"messageTitle":"Merge branch \u0027branch-A-Packages\u0027 to branch \u0027master\u0027","messageBody":"","tags":["A-Packages"],"fileTypesAndContributionMap":{}},{"hash":"66a6ba91e50cbfe15f75eb585b4679f56b892478","isMergeCommit":true,"messageTitle":"Merge remote-tracking branch \u0027origin/add-gradle-support\u0027 to branch \u0027master\u0027","messageBody":"","fileTypesAndContributionMap":{}},{"hash":"40eb55e82dac00a6b0bb2185badc0622642976b6","isMergeCommit":false,"messageTitle":"Add gradle support to build and run edith","messageBody":"","tags":["A-Gradle"],"fileTypesAndContributionMap":{"gradle":{"insertions":4,"deletions":3},"java":{"insertions":72,"deletions":72}}},{"hash":"7652f89926e9a1cb92725a681b3a22bf8c756e4b","isMergeCommit":false,"messageTitle":"Add text file for save and load feature","messageBody":"","fileTypesAndContributionMap":{"txt":{"insertions":2,"deletions":0}}}]},{"date":"2024-09-02","commitResults":[{"hash":"1ebb3426039bad1f9db8c252673373ed7208d7bb","isMergeCommit":false,"messageTitle":"Add JUnit tests to some non-trivial public methods","messageBody":"","fileTypesAndContributionMap":{"java":{"insertions":176,"deletions":0}}},{"hash":"cd899c98128f010cdc84be0300a3ad178ec01d40","isMergeCommit":true,"messageTitle":"Merge branch \u0027branch-A-JUnit\u0027 to branch \u0027master\u0027","messageBody":"","tags":["A-Jar","A-JUnit"],"fileTypesAndContributionMap":{}},{"hash":"7001eb03c986cf8eb9b105e2e60f6652626e750e","isMergeCommit":false,"messageTitle":"Add JavaDoc comments to the code","messageBody":"","fileTypesAndContributionMap":{"java":{"insertions":492,"deletions":0}}},{"hash":"0c70aae22246fc20c630a7d9310dbf83f58b05a0","isMergeCommit":true,"messageTitle":"Merge branch \u0027branch-A-JavaDoc\u0027 to branch \u0027master\u0027","messageBody":"","tags":["A-JavaDoc"],"fileTypesAndContributionMap":{}}]},{"date":"2024-09-03","commitResults":[{"hash":"1ed43b5e411dd95dce63458eee244584144ad546","isMergeCommit":false,"messageTitle":"Add JavaDoc comments to the code","messageBody":"","fileTypesAndContributionMap":{"java":{"insertions":8,"deletions":0}}},{"hash":"3f4b5e01a9b0c15e0d433a3ad842a1b4bd13660a","isMergeCommit":true,"messageTitle":"Resolve the conflict when merging branch-A-CodingStandard to master","messageBody":"","tags":["A-CodingStandard"],"fileTypesAndContributionMap":{}},{"hash":"2144c37f483dd6e7a8abf943e85733b8cb32d00e","isMergeCommit":false,"messageTitle":"Add the find feature to edith","messageBody":"","fileTypesAndContributionMap":{"txt":{"insertions":2,"deletions":0},"java":{"insertions":108,"deletions":0}}},{"hash":"edaa7f23de2eda855bef633579a4f1429b2ebb24","isMergeCommit":true,"messageTitle":"Resolve the conflict when merging branch-Level-9 to master","messageBody":"","tags":["Level-9"],"fileTypesAndContributionMap":{}}]},{"date":"2024-09-08","commitResults":[{"hash":"41552f066618a955de58e6c6d3485732f116fe3e","isMergeCommit":false,"messageTitle":"Implement checkStyle to detect coding style violations","messageBody":"","fileTypesAndContributionMap":{"gradle":{"insertions":5,"deletions":0}}},{"hash":"d0f7e2f803c97cda5407fb4a9feb0ae9eb7df969","isMergeCommit":true,"messageTitle":"Merge branch \u0027branch-A-CheckStyle\u0027 to branch \u0027master\u0027","messageBody":"","fileTypesAndContributionMap":{}}]},{"date":"2024-09-11","commitResults":[{"hash":"41c3a443560bef108be60aeb961660e386bce43e","isMergeCommit":false,"messageTitle":"Add relevant classes and files to update edith to a GUI app","messageBody":"","fileTypesAndContributionMap":{"gradle":{"insertions":15,"deletions":1},"fxml":{"insertions":65,"deletions":0},"java":{"insertions":162,"deletions":0}}},{"hash":"294715ee70bfb6a6c526c00282388c4820f3b4f5","isMergeCommit":false,"messageTitle":"Update commands for GUI","messageBody":"","fileTypesAndContributionMap":{"java":{"insertions":46,"deletions":37}}},{"hash":"aecfce8806d6d82e28720d581fd0fd62f5ab5309","isMergeCommit":false,"messageTitle":"Update relevant methods for GUI","messageBody":"","fileTypesAndContributionMap":{"java":{"insertions":38,"deletions":72}}},{"hash":"0a68cc5d37a9cc056a8d3dbd857bd933482da823","isMergeCommit":false,"messageTitle":"Update edith to a GUI app","messageBody":"","fileTypesAndContributionMap":{"java":{"insertions":20,"deletions":16}}},{"hash":"7605f84952e7d8696eb06163c34d8707c1f24aeb","isMergeCommit":false,"messageTitle":"Add JavaDocs for classes added to make the GUI","messageBody":"","fileTypesAndContributionMap":{"java":{"insertions":68,"deletions":9}}},{"hash":"5b404a1b569e8632f4f2b65d8baba2239054ffdc","isMergeCommit":true,"messageTitle":"Merge branch \u0027branch-Level-10\u0027 to branch \u0027master\u0027","messageBody":"","tags":["Level-10"],"fileTypesAndContributionMap":{}}]},{"date":"2024-09-12","commitResults":[{"hash":"868cfd41d8a9092f43f6b5bfea5b53fe27a51ef0","isMergeCommit":false,"messageTitle":"Add exit logic to close GUI app","messageBody":"","fileTypesAndContributionMap":{"java":{"insertions":2,"deletions":1}}}]},{"date":"2024-09-18","commitResults":[{"hash":"d18c335d22eac0595366792229f89c391383818a","isMergeCommit":false,"messageTitle":"Add assertions to enforce valid state assumptions in Task class","messageBody":"There are some key assumptions in the Task class. Adding Java assertions\nin the class will document and enforce these assumptions that should\nhold.\n\nFor example, the task\u0027s description should not be null or empty when\ncreating a new task.\n\nThese assertions help ensure that the task object is always in a valid\nstate during its lifecycle.\n","tags":["A-FullCommitMessage"],"fileTypesAndContributionMap":{"java":{"insertions":1,"deletions":0}}},{"hash":"30bb7296e4b24dc00f897cf7509e7a15fe5d9ade","isMergeCommit":false,"messageTitle":"Add assertions to validate task list operations in TaskList class","messageBody":"There are some key assumptions in the TaskList class. Adding Java\nassertions in the class will document and enforce these assumptions\nthat should hold.\n\nFor example, the task index should be within valid bounds when removing\nor retrieving tasks from the list, and only non-null tasks should be\nadded to the task list.\n\nThese assertions serve as a safety net to catch potential errors during\ntask list management. Hence doing so will improve its reliability.\n","fileTypesAndContributionMap":{"java":{"insertions":4,"deletions":0}}},{"hash":"a9a9b65e8b6228f721ff3425bfdfa7828e020cc1","isMergeCommit":false,"messageTitle":"Apply refactoring to Storage class to improve code readability","messageBody":"","fileTypesAndContributionMap":{"java":{"insertions":29,"deletions":21}}},{"hash":"2d83085e9ac278155fc6b043ac43c33d95516868","isMergeCommit":false,"messageTitle":"Apply refactoring to AddCommand class to improve code readability","messageBody":"","fileTypesAndContributionMap":{"java":{"insertions":22,"deletions":15}}},{"hash":"2807e09b7d51e341ea0a4cecfd1153479a4958ea","isMergeCommit":false,"messageTitle":"Fix indexing bug in error message","messageBody":"","fileTypesAndContributionMap":{"java":{"insertions":6,"deletions":3}}},{"hash":"1b9b8c41286ec8d4cbb0fcc8522f548f2251db03","isMergeCommit":false,"messageTitle":"Apply refactoring to TaskList class to improve code readability","messageBody":"","fileTypesAndContributionMap":{"java":{"insertions":16,"deletions":7}}},{"hash":"353d4b7b126e2ed99a3b1bc2ef8f1af562b22b28","isMergeCommit":true,"messageTitle":"Merge pull request #2 from sam-theman88/branch-A-Assertions","messageBody":"Merge branch \u0027branch-A-Assertions\u0027 to branch \u0027master\u0027","tags":["A-Assertions"],"fileTypesAndContributionMap":{}},{"hash":"f4fe2a45f99e1d30d108fdc4d9e4e75e673d4027","isMergeCommit":true,"messageTitle":"Merge branch \u0027master\u0027 to branch \u0027branch-A-CodeQuality\u0027","messageBody":"","fileTypesAndContributionMap":{}},{"hash":"4ea403202ecc84bbed1f18e5cdb89d3ba65e14b8","isMergeCommit":true,"messageTitle":"Merge pull request #3 from sam-theman88/branch-A-CodeQuality","messageBody":"Merge branch \u0027branch-A-CodeQuality\u0027 to branch \u0027master\u0027","tags":["A-CodeQuality"],"fileTypesAndContributionMap":{}},{"hash":"34c638313eb844e61bc2ec0e832f5bc4a93b1761","isMergeCommit":false,"messageTitle":"Update gradle build plugins","messageBody":"","fileTypesAndContributionMap":{"gradle":{"insertions":0,"deletions":5}}},{"hash":"ce7aa6df538690ff238ae25ca59d1be1bcfc56ab","isMergeCommit":false,"messageTitle":"Make the command syntax of Edith more flexible for users","messageBody":"","fileTypesAndContributionMap":{"java":{"insertions":9,"deletions":7}}},{"hash":"1b5e344810d03b5900a86abc311975b259bf040a","isMergeCommit":true,"messageTitle":"Merge branch \u0027branch-C-FriendlierSyntax\u0027 to branch \u0027master\u0027","messageBody":"","tags":["BCD-Extension"],"fileTypesAndContributionMap":{}}]}]},"authorFileTypeContributionMap":{"sam-theman88":{"java":1713,"md":0,"fxml":65,"sh":1,"bat":0,"gradle":17,"txt":17}},"authorContributionVariance":{"sam-theman88":65421.234},"authorDisplayNameMap":{"sam-theman88":"CS2103T-T09-3 SAMU.. LEE"}}
