{"authorDailyContributionsMap":{"sam-theman88":[{"date":"2024-08-23","commitResults":[{"hash":"e1e45ce1d6dfb7407b45fb315631a98378135604","isMergeCommit":false,"messageTitle":"Renamed chatbot to Edith, and added greeting","messageBody":"","fileTypesAndContributionMap":{"java":{"insertions":8,"deletions":10}}},{"hash":"f1442eebe03dff6bf160c9bce51f04331fce755a","isMergeCommit":false,"messageTitle":"Implemented initial skeletal version","messageBody":"","tags":["Level-0"],"fileTypesAndContributionMap":{"java":{"insertions":3,"deletions":1}}},{"hash":"a2709efe2367c53e9dfd500a2fb2eebe917776d3","isMergeCommit":false,"messageTitle":"Implemented OOP paradigm","messageBody":"","fileTypesAndContributionMap":{"java":{"insertions":11,"deletions":5}}},{"hash":"caaa4e1ce08c30ebf8da5e725ad27118b7dd5283","isMergeCommit":false,"messageTitle":"Chatbot can now receive user input, and added echo feature","messageBody":"","tags":["Level-1"],"fileTypesAndContributionMap":{"java":{"insertions":38,"deletions":7}}},{"hash":"17b8c3eca79437ba2e6c6cf56b07d591050623ac","isMergeCommit":false,"messageTitle":"Updated the echo feature into an add feature","messageBody":"","fileTypesAndContributionMap":{"java":{"insertions":12,"deletions":3}}},{"hash":"1c1ffd642537b8b252b617248ee70d4924af803a","isMergeCommit":false,"messageTitle":"Added list feature to display all added tasks when requested","messageBody":"","tags":["Level-2"],"fileTypesAndContributionMap":{"java":{"insertions":19,"deletions":2}}},{"hash":"3b59cbac5c57496fd078ad9e3f1d46157e7328cd","isMergeCommit":false,"messageTitle":"Abstracted a task into Task class, and updated add feature accordingly","messageBody":"","fileTypesAndContributionMap":{"java":{"insertions":32,"deletions":6}}},{"hash":"aba05a9f5dfdb3a0cea052757046d63c8694357d","isMergeCommit":false,"messageTitle":"Added mark and unmark features","messageBody":"","fileTypesAndContributionMap":{"java":{"insertions":16,"deletions":0}}},{"hash":"970db699a356632b1f013bb83d3ae9d18167352c","isMergeCommit":false,"messageTitle":"Updated mark and unmark features to display proper output to users","messageBody":"","fileTypesAndContributionMap":{"java":{"insertions":18,"deletions":0}}},{"hash":"777517290a39a3e6c64c99e0080ef0f619b2ea45","isMergeCommit":false,"messageTitle":"Fixed indexing bug for the mark and unmark features","messageBody":"","tags":["Level-3"],"fileTypesAndContributionMap":{"java":{"insertions":5,"deletions":3}}},{"hash":"603daea6620d3b225096666f4dd682edccff2c30","isMergeCommit":false,"messageTitle":"Updated display output of add feature","messageBody":"","fileTypesAndContributionMap":{"java":{"insertions":11,"deletions":4}}},{"hash":"fecc392dafe2b14d2e1d0846ecabdf3835ab4d5b","isMergeCommit":false,"messageTitle":"Added 3 types of tasks as subclasses of Task class","messageBody":"","fileTypesAndContributionMap":{"java":{"insertions":76,"deletions":6}}},{"hash":"84e5f5a5972eb517529cf330e02f91ccf4988f8e","isMergeCommit":false,"messageTitle":"Updated add and list features to account for the 3 types of tasks","messageBody":"","tags":["Level-4"],"fileTypesAndContributionMap":{"java":{"insertions":25,"deletions":2}}},{"hash":"d0b8b0fb6ebf7ccd63807d7d0f671a7bae67969e","isMergeCommit":false,"messageTitle":"Semi-automated the testing of Edith, and ran the testing","messageBody":"","tags":["A-TextUiTesting"],"fileTypesAndContributionMap":{"txt":{"insertions":13,"deletions":0},"sh":{"insertions":1,"deletions":1}}}]},{"date":"2024-08-24","commitResults":[{"hash":"a5bac2b45888be4b1132cbb02d4a0a9835545004","isMergeCommit":false,"messageTitle":"Edited a method name to markTaskUndone()","messageBody":"","fileTypesAndContributionMap":{"java":{"insertions":2,"deletions":2}}}]}]},"authorFileTypeContributionMap":{"sam-theman88":{"java":235,"md":0,"fxml":0,"sh":1,"bat":0,"gradle":0,"txt":13}},"authorContributionVariance":{"sam-theman88":11251.556},"authorDisplayNameMap":{"sam-theman88":"SAMU.. LEE"}}
