{"authorDailyContributionsMap":{"jiayr99":[{"date":"2024-08-22","commitResults":[{"hash":"0923bb3a64474e9d5c60bb3a4ad92cf8f5ece87f","isMergeCommit":false,"messageTitle":"Rename main class","messageBody":"","fileTypesAndContributionMap":{"java":{"insertions":10,"deletions":0}}},{"hash":"b04c0fe29bfb343ba7b3973fe051bfa825d5b430","isMergeCommit":false,"messageTitle":"Add greeting and exit","messageBody":"","tags":["Level-0"],"fileTypesAndContributionMap":{"java":{"insertions":6,"deletions":6}}},{"hash":"3ef4ad6f9cfe44b037b1bc9bb01cbeca2a685e47","isMergeCommit":false,"messageTitle":"Added Echo","messageBody":"","tags":["Level-1"],"fileTypesAndContributionMap":{"java":{"insertions":23,"deletions":1}}},{"hash":"90c8016cbed8a6bc050ed4ae833f8fb180a74217","isMergeCommit":false,"messageTitle":"create an array list to store user inputs","messageBody":"","fileTypesAndContributionMap":{"java":{"insertions":4,"deletions":0}}},{"hash":"a2fa37ec29e53fd7584e140a39f3592105a5bf95","isMergeCommit":false,"messageTitle":"Display input back to user","messageBody":"","tags":["Level-2"],"fileTypesAndContributionMap":{"java":{"insertions":10,"deletions":2}}},{"hash":"c5759d28fe4109f4f83f6bf15e19f61fe8132335","isMergeCommit":false,"messageTitle":"Create Task class","messageBody":"","fileTypesAndContributionMap":{"java":{"insertions":24,"deletions":0}}},{"hash":"bfbd45740cbe244802db3ba8dbb1aba9b6716d06","isMergeCommit":false,"messageTitle":"Change list to store tasks","messageBody":"","fileTypesAndContributionMap":{"java":{"insertions":6,"deletions":5}}},{"hash":"b8776a43c35a4dc31c600c75deee483b10f5f32f","isMergeCommit":false,"messageTitle":"Mark tasks as done and unmark tasks as not done","messageBody":"","tags":["Level-3"],"fileTypesAndContributionMap":{"java":{"insertions":17,"deletions":3}}},{"hash":"f02f6c5c97f75318032b0aa14aae7d5502099f1a","isMergeCommit":false,"messageTitle":"Create Deadline class","messageBody":"","fileTypesAndContributionMap":{"java":{"insertions":13,"deletions":0}}},{"hash":"75d4d7b6248c171357676885678a3678b918257c","isMergeCommit":false,"messageTitle":"Create ToDo class","messageBody":"","fileTypesAndContributionMap":{"java":{"insertions":10,"deletions":0}}},{"hash":"aa0f8c410ba421766593cef265df4fb80713a4ac","isMergeCommit":false,"messageTitle":"Create Event class","messageBody":"","fileTypesAndContributionMap":{"java":{"insertions":15,"deletions":0}}},{"hash":"7cb8caa26c0d979ef5908b3ef5070b592e50ba82","isMergeCommit":false,"messageTitle":"Support ToDo","messageBody":"","fileTypesAndContributionMap":{"java":{"insertions":32,"deletions":14}}},{"hash":"eb3e87d8addde8ec90a6f8b34bdef91cba32ec0e","isMergeCommit":false,"messageTitle":"Support Deadline","messageBody":"","fileTypesAndContributionMap":{"java":{"insertions":18,"deletions":0}}},{"hash":"4de58f1464fa71823524e41c28a4225171db850f","isMergeCommit":false,"messageTitle":"Support event","messageBody":"","tags":["Level-4"],"fileTypesAndContributionMap":{"java":{"insertions":19,"deletions":0}}},{"hash":"c1fb2eba4b5d13c775914a5b0bf8b65e2e2048e9","isMergeCommit":false,"messageTitle":"Match name of my main class","messageBody":"","fileTypesAndContributionMap":{"bat":{"insertions":1,"deletions":1}}},{"hash":"4371cbb575e30e93ca8996d9b09cd5e82f304e99","isMergeCommit":false,"messageTitle":"Added input text","messageBody":"","fileTypesAndContributionMap":{"txt":{"insertions":8,"deletions":0}}}]}]},"authorFileTypeContributionMap":{"jiayr99":{"java":176,"md":0,"fxml":0,"sh":0,"bat":1,"gradle":0,"txt":8}},"authorContributionVariance":{"jiayr99":7531.1016},"authorDisplayNameMap":{"jiayr99":"CHIA..A YE"}}
