[{"path":"src/main/java/Deadline.java","fileType":"java","lines":[{"lineNumber":1,"author":{"gitId":"kahsuann"},"content":"public class Deadline extends Task {","lastModifiedDate":"2024-08-22","isFullCredit":false},{"lineNumber":2,"author":{"gitId":"kahsuann"},"content":"    protected String by;","lastModifiedDate":"2024-08-22","isFullCredit":false},{"lineNumber":3,"author":{"gitId":"kahsuann"},"content":"","lastModifiedDate":"2024-08-22","isFullCredit":false},{"lineNumber":4,"author":{"gitId":"kahsuann"},"content":"    public Deadline(String description, String by) {","lastModifiedDate":"2024-08-22","isFullCredit":false},{"lineNumber":5,"author":{"gitId":"kahsuann"},"content":"        super(description);","lastModifiedDate":"2024-08-22","isFullCredit":false},{"lineNumber":6,"author":{"gitId":"kahsuann"},"content":"        this.by \u003d by;","lastModifiedDate":"2024-08-22","isFullCredit":false},{"lineNumber":7,"author":{"gitId":"kahsuann"},"content":"    }","lastModifiedDate":"2024-08-22","isFullCredit":false},{"lineNumber":8,"author":{"gitId":"kahsuann"},"content":"","lastModifiedDate":"2024-08-22","isFullCredit":false},{"lineNumber":9,"author":{"gitId":"kahsuann"},"content":"    @Override","lastModifiedDate":"2024-08-22","isFullCredit":false},{"lineNumber":10,"author":{"gitId":"kahsuann"},"content":"    public String toString() {","lastModifiedDate":"2024-08-22","isFullCredit":false},{"lineNumber":11,"author":{"gitId":"kahsuann"},"content":"        return \"[D]\" + super.toString() + \" (by: \" + by + \")\";","lastModifiedDate":"2024-08-22","isFullCredit":false},{"lineNumber":12,"author":{"gitId":"kahsuann"},"content":"    }","lastModifiedDate":"2024-08-22","isFullCredit":false},{"lineNumber":13,"author":{"gitId":"kahsuann"},"content":"}","lastModifiedDate":"2024-08-22","isFullCredit":false}],"authorContributionMap":{"kahsuann":13}},{"path":"src/main/java/Event.java","fileType":"java","lines":[{"lineNumber":1,"author":{"gitId":"kahsuann"},"content":"public class Event extends Task {","lastModifiedDate":"2024-08-22","isFullCredit":false},{"lineNumber":2,"author":{"gitId":"kahsuann"},"content":"    protected String from;","lastModifiedDate":"2024-08-22","isFullCredit":false},{"lineNumber":3,"author":{"gitId":"kahsuann"},"content":"    protected String to;","lastModifiedDate":"2024-08-22","isFullCredit":false},{"lineNumber":4,"author":{"gitId":"kahsuann"},"content":"","lastModifiedDate":"2024-08-22","isFullCredit":false},{"lineNumber":5,"author":{"gitId":"kahsuann"},"content":"    public Event(String description, String from, String to) {","lastModifiedDate":"2024-08-22","isFullCredit":false},{"lineNumber":6,"author":{"gitId":"kahsuann"},"content":"        super(description);","lastModifiedDate":"2024-08-22","isFullCredit":false},{"lineNumber":7,"author":{"gitId":"kahsuann"},"content":"        this.from \u003d from;","lastModifiedDate":"2024-08-22","isFullCredit":false},{"lineNumber":8,"author":{"gitId":"kahsuann"},"content":"        this.to \u003d to;","lastModifiedDate":"2024-08-22","isFullCredit":false},{"lineNumber":9,"author":{"gitId":"kahsuann"},"content":"    }","lastModifiedDate":"2024-08-22","isFullCredit":false},{"lineNumber":10,"author":{"gitId":"kahsuann"},"content":"","lastModifiedDate":"2024-08-22","isFullCredit":false},{"lineNumber":11,"author":{"gitId":"kahsuann"},"content":"    @Override","lastModifiedDate":"2024-08-22","isFullCredit":false},{"lineNumber":12,"author":{"gitId":"kahsuann"},"content":"    public String toString() {","lastModifiedDate":"2024-08-22","isFullCredit":false},{"lineNumber":13,"author":{"gitId":"kahsuann"},"content":"        return \"[E]\" + super.toString() + \" (\" + from + \" to \" + to + \")\";","lastModifiedDate":"2024-08-22","isFullCredit":false},{"lineNumber":14,"author":{"gitId":"kahsuann"},"content":"    }","lastModifiedDate":"2024-08-22","isFullCredit":false},{"lineNumber":15,"author":{"gitId":"kahsuann"},"content":"}","lastModifiedDate":"2024-08-22","isFullCredit":false}],"authorContributionMap":{"kahsuann":15}},{"path":"src/main/java/Susan.java","fileType":"java","lines":[{"lineNumber":1,"author":{"gitId":"kahsuann"},"content":"import java.util.*;","lastModifiedDate":"2024-08-22","isFullCredit":false},{"lineNumber":2,"author":{"gitId":"kahsuann"},"content":"","lastModifiedDate":"2024-08-22","isFullCredit":false},{"lineNumber":3,"author":{"gitId":"kahsuann"},"content":"public class Susan {","lastModifiedDate":"2024-08-22","isFullCredit":false},{"lineNumber":4,"author":{"gitId":"kahsuann"},"content":"    public static void main(String[] args) {","lastModifiedDate":"2024-08-22","isFullCredit":false},{"lineNumber":5,"author":{"gitId":"kahsuann"},"content":"        // Greet","lastModifiedDate":"2024-08-22","isFullCredit":false},{"lineNumber":6,"author":{"gitId":"kahsuann"},"content":"        System.out.println(\"Hi there, Susan\u0027s at your service!\");","lastModifiedDate":"2024-08-22","isFullCredit":false},{"lineNumber":7,"author":{"gitId":"kahsuann"},"content":"        System.out.println(\"How may I assist you?\");","lastModifiedDate":"2024-08-22","isFullCredit":false},{"lineNumber":8,"author":{"gitId":"kahsuann"},"content":"","lastModifiedDate":"2024-08-22","isFullCredit":false},{"lineNumber":9,"author":{"gitId":"kahsuann"},"content":"        // Prepare User Input","lastModifiedDate":"2024-08-22","isFullCredit":false},{"lineNumber":10,"author":{"gitId":"kahsuann"},"content":"        Scanner scanner \u003d new Scanner(System.in);","lastModifiedDate":"2024-08-22","isFullCredit":false},{"lineNumber":11,"author":{"gitId":"kahsuann"},"content":"        String userInput \u003d scanner.nextLine();","lastModifiedDate":"2024-08-22","isFullCredit":false},{"lineNumber":12,"author":{"gitId":"kahsuann"},"content":"","lastModifiedDate":"2024-08-22","isFullCredit":false},{"lineNumber":13,"author":{"gitId":"kahsuann"},"content":"        // Initialise Task Arraylist","lastModifiedDate":"2024-08-22","isFullCredit":false},{"lineNumber":14,"author":{"gitId":"kahsuann"},"content":"        List\u003cTask\u003e tasks \u003d new ArrayList\u003c\u003e();","lastModifiedDate":"2024-08-22","isFullCredit":false},{"lineNumber":15,"author":{"gitId":"kahsuann"},"content":"","lastModifiedDate":"2024-08-22","isFullCredit":false},{"lineNumber":16,"author":{"gitId":"kahsuann"},"content":"        // Add, List","lastModifiedDate":"2024-08-22","isFullCredit":false},{"lineNumber":17,"author":{"gitId":"kahsuann"},"content":"        while (!userInput.equalsIgnoreCase(\"bye\")) {","lastModifiedDate":"2024-08-22","isFullCredit":false},{"lineNumber":18,"author":{"gitId":"kahsuann"},"content":"            // Print the list","lastModifiedDate":"2024-08-22","isFullCredit":false},{"lineNumber":19,"author":{"gitId":"kahsuann"},"content":"            if (userInput.equalsIgnoreCase(\"list\")) {","lastModifiedDate":"2024-08-22","isFullCredit":false},{"lineNumber":20,"author":{"gitId":"kahsuann"},"content":"                System.out.println(\"Babes. YOU NEED TO\");","lastModifiedDate":"2024-08-22","isFullCredit":false},{"lineNumber":21,"author":{"gitId":"kahsuann"},"content":"                for (int i \u003d 0; i \u003c tasks.size(); i++) {","lastModifiedDate":"2024-08-22","isFullCredit":false},{"lineNumber":22,"author":{"gitId":"kahsuann"},"content":"                    System.out.println((i + 1) + \". \" + tasks.get(i));","lastModifiedDate":"2024-08-22","isFullCredit":false},{"lineNumber":23,"author":{"gitId":"kahsuann"},"content":"                }","lastModifiedDate":"2024-08-22","isFullCredit":false},{"lineNumber":24,"author":{"gitId":"kahsuann"},"content":"            }","lastModifiedDate":"2024-08-22","isFullCredit":false},{"lineNumber":25,"author":{"gitId":"kahsuann"},"content":"            // Mark as Done","lastModifiedDate":"2024-08-22","isFullCredit":false},{"lineNumber":26,"author":{"gitId":"kahsuann"},"content":"            else if (userInput.startsWith(\"mark\")) {","lastModifiedDate":"2024-08-22","isFullCredit":false},{"lineNumber":27,"author":{"gitId":"kahsuann"},"content":"                int n \u003d Integer.parseInt(userInput.replaceAll(\"[^0-9]\", \"\"));","lastModifiedDate":"2024-08-22","isFullCredit":false},{"lineNumber":28,"author":{"gitId":"kahsuann"},"content":"                tasks.get(n - 1).markAsDone();","lastModifiedDate":"2024-08-22","isFullCredit":false},{"lineNumber":29,"author":{"gitId":"kahsuann"},"content":"                System.out.println(\"Good job! This task has been conquered:\");","lastModifiedDate":"2024-08-22","isFullCredit":false},{"lineNumber":30,"author":{"gitId":"kahsuann"},"content":"                System.out.println(tasks.get(n - 1));","lastModifiedDate":"2024-08-22","isFullCredit":false},{"lineNumber":31,"author":{"gitId":"kahsuann"},"content":"            }","lastModifiedDate":"2024-08-22","isFullCredit":false},{"lineNumber":32,"author":{"gitId":"kahsuann"},"content":"            // Mark as Undone","lastModifiedDate":"2024-08-22","isFullCredit":false},{"lineNumber":33,"author":{"gitId":"kahsuann"},"content":"            else if (userInput.startsWith(\"unmark\")) {","lastModifiedDate":"2024-08-22","isFullCredit":false},{"lineNumber":34,"author":{"gitId":"kahsuann"},"content":"                int n \u003d Integer.parseInt(userInput.replaceAll(\"[^0-9]\", \"\"));","lastModifiedDate":"2024-08-22","isFullCredit":false},{"lineNumber":35,"author":{"gitId":"kahsuann"},"content":"                tasks.get(n - 1).undoMark();","lastModifiedDate":"2024-08-22","isFullCredit":false},{"lineNumber":36,"author":{"gitId":"kahsuann"},"content":"                System.out.println(\"OK. This task is not done yet:\");","lastModifiedDate":"2024-08-22","isFullCredit":false},{"lineNumber":37,"author":{"gitId":"kahsuann"},"content":"                System.out.println(tasks.get(n - 1));","lastModifiedDate":"2024-08-22","isFullCredit":false},{"lineNumber":38,"author":{"gitId":"kahsuann"},"content":"            }","lastModifiedDate":"2024-08-22","isFullCredit":false},{"lineNumber":39,"author":{"gitId":"kahsuann"},"content":"            // Delete","lastModifiedDate":"2024-08-22","isFullCredit":false},{"lineNumber":40,"author":{"gitId":"kahsuann"},"content":"            else if (userInput.startsWith(\"delete\")) {","lastModifiedDate":"2024-08-22","isFullCredit":false},{"lineNumber":41,"author":{"gitId":"kahsuann"},"content":"                int n \u003d Integer.parseInt(userInput.replaceAll(\"[^0-9]\", \"\"));","lastModifiedDate":"2024-08-22","isFullCredit":false},{"lineNumber":42,"author":{"gitId":"kahsuann"},"content":"                Task deletedTask \u003d tasks.get(n - 1);","lastModifiedDate":"2024-08-22","isFullCredit":false},{"lineNumber":43,"author":{"gitId":"kahsuann"},"content":"                tasks.remove(n - 1);","lastModifiedDate":"2024-08-22","isFullCredit":false},{"lineNumber":44,"author":{"gitId":"kahsuann"},"content":"                System.out.println(\"OK. This task has been removed:\");","lastModifiedDate":"2024-08-22","isFullCredit":false},{"lineNumber":45,"author":{"gitId":"kahsuann"},"content":"                System.out.println(deletedTask);","lastModifiedDate":"2024-08-22","isFullCredit":false},{"lineNumber":46,"author":{"gitId":"kahsuann"},"content":"            }","lastModifiedDate":"2024-08-22","isFullCredit":false},{"lineNumber":47,"author":{"gitId":"kahsuann"},"content":"            // Add Task to list","lastModifiedDate":"2024-08-22","isFullCredit":false},{"lineNumber":48,"author":{"gitId":"kahsuann"},"content":"            else {","lastModifiedDate":"2024-08-22","isFullCredit":false},{"lineNumber":49,"author":{"gitId":"kahsuann"},"content":"                // ToDo","lastModifiedDate":"2024-08-22","isFullCredit":false},{"lineNumber":50,"author":{"gitId":"kahsuann"},"content":"                if (userInput.startsWith(\"todo\")) {","lastModifiedDate":"2024-08-22","isFullCredit":false},{"lineNumber":51,"author":{"gitId":"kahsuann"},"content":"                    // Get task description","lastModifiedDate":"2024-08-22","isFullCredit":false},{"lineNumber":52,"author":{"gitId":"kahsuann"},"content":"                    tasks.add(new ToDo(userInput.replace(\"todo\", \"\").trim()));","lastModifiedDate":"2024-08-22","isFullCredit":false},{"lineNumber":53,"author":{"gitId":"kahsuann"},"content":"","lastModifiedDate":"2024-08-22","isFullCredit":false},{"lineNumber":54,"author":{"gitId":"kahsuann"},"content":"                }","lastModifiedDate":"2024-08-22","isFullCredit":false},{"lineNumber":55,"author":{"gitId":"kahsuann"},"content":"                // Deadline","lastModifiedDate":"2024-08-22","isFullCredit":false},{"lineNumber":56,"author":{"gitId":"kahsuann"},"content":"                else if (userInput.startsWith(\"deadline\")) {","lastModifiedDate":"2024-08-22","isFullCredit":false},{"lineNumber":57,"author":{"gitId":"kahsuann"},"content":"                    // Get task description and by","lastModifiedDate":"2024-08-22","isFullCredit":false},{"lineNumber":58,"author":{"gitId":"kahsuann"},"content":"                    String[] taskDetails \u003d userInput.split(\"/by\");","lastModifiedDate":"2024-08-22","isFullCredit":false},{"lineNumber":59,"author":{"gitId":"kahsuann"},"content":"                    tasks.add(new Deadline(taskDetails[0].replace(\"deadline\", \"\").trim(),","lastModifiedDate":"2024-08-22","isFullCredit":false},{"lineNumber":60,"author":{"gitId":"kahsuann"},"content":"                            taskDetails[1].trim()));","lastModifiedDate":"2024-08-22","isFullCredit":false},{"lineNumber":61,"author":{"gitId":"kahsuann"},"content":"                }","lastModifiedDate":"2024-08-22","isFullCredit":false},{"lineNumber":62,"author":{"gitId":"kahsuann"},"content":"                // Event","lastModifiedDate":"2024-08-22","isFullCredit":false},{"lineNumber":63,"author":{"gitId":"kahsuann"},"content":"                else if (userInput.startsWith(\"event\")) {","lastModifiedDate":"2024-08-22","isFullCredit":false},{"lineNumber":64,"author":{"gitId":"kahsuann"},"content":"                    // Get task description, from and to","lastModifiedDate":"2024-08-22","isFullCredit":false},{"lineNumber":65,"author":{"gitId":"kahsuann"},"content":"                    String[] taskDetails \u003d userInput.split(\"/\");","lastModifiedDate":"2024-08-22","isFullCredit":false},{"lineNumber":66,"author":{"gitId":"kahsuann"},"content":"                    tasks.add(new Event(taskDetails[0].replace(\"event\", \"\").trim(),","lastModifiedDate":"2024-08-22","isFullCredit":false},{"lineNumber":67,"author":{"gitId":"kahsuann"},"content":"                            taskDetails[1].replace(\"from \", \"\").trim(),","lastModifiedDate":"2024-08-22","isFullCredit":false},{"lineNumber":68,"author":{"gitId":"kahsuann"},"content":"                            taskDetails[2].replace(\"to \", \"\").trim()));","lastModifiedDate":"2024-08-22","isFullCredit":false},{"lineNumber":69,"author":{"gitId":"kahsuann"},"content":"                }","lastModifiedDate":"2024-08-22","isFullCredit":false},{"lineNumber":70,"author":{"gitId":"kahsuann"},"content":"                // Unrecognised Command","lastModifiedDate":"2024-08-22","isFullCredit":false},{"lineNumber":71,"author":{"gitId":"kahsuann"},"content":"                else {","lastModifiedDate":"2024-08-22","isFullCredit":false},{"lineNumber":72,"author":{"gitId":"kahsuann"},"content":"                    System.out.println(\"You cry a lot and you are not productive! \" +","lastModifiedDate":"2024-08-22","isFullCredit":false},{"lineNumber":73,"author":{"gitId":"kahsuann"},"content":"                            \"I do not have this command :-(\");","lastModifiedDate":"2024-08-22","isFullCredit":false},{"lineNumber":74,"author":{"gitId":"kahsuann"},"content":"                    // Skip to next input","lastModifiedDate":"2024-08-22","isFullCredit":false},{"lineNumber":75,"author":{"gitId":"kahsuann"},"content":"                    userInput \u003d scanner.nextLine();","lastModifiedDate":"2024-08-22","isFullCredit":false},{"lineNumber":76,"author":{"gitId":"kahsuann"},"content":"                    continue;","lastModifiedDate":"2024-08-22","isFullCredit":false},{"lineNumber":77,"author":{"gitId":"kahsuann"},"content":"                }","lastModifiedDate":"2024-08-22","isFullCredit":false},{"lineNumber":78,"author":{"gitId":"kahsuann"},"content":"                // Test for Validity (Naive)","lastModifiedDate":"2024-08-22","isFullCredit":false},{"lineNumber":79,"author":{"gitId":"kahsuann"},"content":"                Task newTask \u003d tasks.get(tasks.size() - 1);","lastModifiedDate":"2024-08-22","isFullCredit":false},{"lineNumber":80,"author":{"gitId":"kahsuann"},"content":"                if (newTask.isInvalid()) {","lastModifiedDate":"2024-08-22","isFullCredit":false},{"lineNumber":81,"author":{"gitId":"kahsuann"},"content":"                    System.out.println(\"You want to do nothing?\");","lastModifiedDate":"2024-08-22","isFullCredit":false},{"lineNumber":82,"author":{"gitId":"kahsuann"},"content":"                    tasks.remove(tasks.size() - 1);","lastModifiedDate":"2024-08-22","isFullCredit":false},{"lineNumber":83,"author":{"gitId":"kahsuann"},"content":"                } else {","lastModifiedDate":"2024-08-22","isFullCredit":false},{"lineNumber":84,"author":{"gitId":"kahsuann"},"content":"                    // Update Completed","lastModifiedDate":"2024-08-22","isFullCredit":false},{"lineNumber":85,"author":{"gitId":"kahsuann"},"content":"                    System.out.println(\"OK busy girl! added: \" + newTask);","lastModifiedDate":"2024-08-22","isFullCredit":false},{"lineNumber":86,"author":{"gitId":"kahsuann"},"content":"                    System.out.println(\"You have \" + tasks.size() + \" tasks in the list.\");","lastModifiedDate":"2024-08-22","isFullCredit":false},{"lineNumber":87,"author":{"gitId":"kahsuann"},"content":"                }","lastModifiedDate":"2024-08-22","isFullCredit":false},{"lineNumber":88,"author":{"gitId":"kahsuann"},"content":"            }","lastModifiedDate":"2024-08-22","isFullCredit":false},{"lineNumber":89,"author":{"gitId":"kahsuann"},"content":"","lastModifiedDate":"2024-08-22","isFullCredit":false},{"lineNumber":90,"author":{"gitId":"kahsuann"},"content":"            // Read next input","lastModifiedDate":"2024-08-22","isFullCredit":false},{"lineNumber":91,"author":{"gitId":"kahsuann"},"content":"            userInput \u003d scanner.nextLine();","lastModifiedDate":"2024-08-22","isFullCredit":false},{"lineNumber":92,"author":{"gitId":"kahsuann"},"content":"        }","lastModifiedDate":"2024-08-22","isFullCredit":false},{"lineNumber":93,"author":{"gitId":"kahsuann"},"content":"        // Exit","lastModifiedDate":"2024-08-22","isFullCredit":false},{"lineNumber":94,"author":{"gitId":"kahsuann"},"content":"        System.out.println(\"Good bye, slay the day!\");","lastModifiedDate":"2024-08-22","isFullCredit":false},{"lineNumber":95,"author":{"gitId":"kahsuann"},"content":"    }","lastModifiedDate":"2024-08-22","isFullCredit":false},{"lineNumber":96,"author":{"gitId":"kahsuann"},"content":"}","lastModifiedDate":"2024-08-22","isFullCredit":false}],"authorContributionMap":{"kahsuann":96}},{"path":"src/main/java/Task.java","fileType":"java","lines":[{"lineNumber":1,"author":{"gitId":"kahsuann"},"content":"public class Task {","lastModifiedDate":"2024-08-22","isFullCredit":false},{"lineNumber":2,"author":{"gitId":"kahsuann"},"content":"    protected String description;","lastModifiedDate":"2024-08-22","isFullCredit":false},{"lineNumber":3,"author":{"gitId":"kahsuann"},"content":"    protected boolean isDone;","lastModifiedDate":"2024-08-22","isFullCredit":false},{"lineNumber":4,"author":{"gitId":"kahsuann"},"content":"","lastModifiedDate":"2024-08-22","isFullCredit":false},{"lineNumber":5,"author":{"gitId":"kahsuann"},"content":"    public Task(String description) {","lastModifiedDate":"2024-08-22","isFullCredit":false},{"lineNumber":6,"author":{"gitId":"kahsuann"},"content":"        this.description \u003d description;","lastModifiedDate":"2024-08-22","isFullCredit":false},{"lineNumber":7,"author":{"gitId":"kahsuann"},"content":"        this.isDone \u003d false;","lastModifiedDate":"2024-08-22","isFullCredit":false},{"lineNumber":8,"author":{"gitId":"kahsuann"},"content":"    }","lastModifiedDate":"2024-08-22","isFullCredit":false},{"lineNumber":9,"author":{"gitId":"kahsuann"},"content":"","lastModifiedDate":"2024-08-22","isFullCredit":false},{"lineNumber":10,"author":{"gitId":"kahsuann"},"content":"    public String getStatusIcon() {","lastModifiedDate":"2024-08-22","isFullCredit":false},{"lineNumber":11,"author":{"gitId":"kahsuann"},"content":"        // Mark done task with X","lastModifiedDate":"2024-08-22","isFullCredit":false},{"lineNumber":12,"author":{"gitId":"kahsuann"},"content":"        return (isDone ? \"X\" : \" \");","lastModifiedDate":"2024-08-22","isFullCredit":false},{"lineNumber":13,"author":{"gitId":"kahsuann"},"content":"    }","lastModifiedDate":"2024-08-22","isFullCredit":false},{"lineNumber":14,"author":{"gitId":"kahsuann"},"content":"","lastModifiedDate":"2024-08-22","isFullCredit":false},{"lineNumber":15,"author":{"gitId":"kahsuann"},"content":"    public void markAsDone() {","lastModifiedDate":"2024-08-22","isFullCredit":false},{"lineNumber":16,"author":{"gitId":"kahsuann"},"content":"        this.isDone \u003d true;","lastModifiedDate":"2024-08-22","isFullCredit":false},{"lineNumber":17,"author":{"gitId":"kahsuann"},"content":"    }","lastModifiedDate":"2024-08-22","isFullCredit":false},{"lineNumber":18,"author":{"gitId":"kahsuann"},"content":"","lastModifiedDate":"2024-08-22","isFullCredit":false},{"lineNumber":19,"author":{"gitId":"kahsuann"},"content":"    public void undoMark() {","lastModifiedDate":"2024-08-22","isFullCredit":false},{"lineNumber":20,"author":{"gitId":"kahsuann"},"content":"        this.isDone \u003d false;","lastModifiedDate":"2024-08-22","isFullCredit":false},{"lineNumber":21,"author":{"gitId":"kahsuann"},"content":"    }","lastModifiedDate":"2024-08-22","isFullCredit":false},{"lineNumber":22,"author":{"gitId":"kahsuann"},"content":"","lastModifiedDate":"2024-08-22","isFullCredit":false},{"lineNumber":23,"author":{"gitId":"kahsuann"},"content":"    public String toString() {","lastModifiedDate":"2024-08-22","isFullCredit":false},{"lineNumber":24,"author":{"gitId":"kahsuann"},"content":"        return \"[\" + getStatusIcon() + \"] \" + description;","lastModifiedDate":"2024-08-22","isFullCredit":false},{"lineNumber":25,"author":{"gitId":"kahsuann"},"content":"    }","lastModifiedDate":"2024-08-22","isFullCredit":false},{"lineNumber":26,"author":{"gitId":"kahsuann"},"content":"","lastModifiedDate":"2024-08-22","isFullCredit":false},{"lineNumber":27,"author":{"gitId":"kahsuann"},"content":"    public boolean isInvalid() {","lastModifiedDate":"2024-08-22","isFullCredit":false},{"lineNumber":28,"author":{"gitId":"kahsuann"},"content":"        return description.isEmpty();","lastModifiedDate":"2024-08-22","isFullCredit":false},{"lineNumber":29,"author":{"gitId":"kahsuann"},"content":"    }","lastModifiedDate":"2024-08-22","isFullCredit":false},{"lineNumber":30,"author":{"gitId":"kahsuann"},"content":"}","lastModifiedDate":"2024-08-22","isFullCredit":false}],"authorContributionMap":{"kahsuann":30}},{"path":"src/main/java/ToDo.java","fileType":"java","lines":[{"lineNumber":1,"author":{"gitId":"kahsuann"},"content":"public class ToDo extends Task {","lastModifiedDate":"2024-08-22","isFullCredit":false},{"lineNumber":2,"author":{"gitId":"kahsuann"},"content":"","lastModifiedDate":"2024-08-22","isFullCredit":false},{"lineNumber":3,"author":{"gitId":"kahsuann"},"content":"    public ToDo(String description) {","lastModifiedDate":"2024-08-22","isFullCredit":false},{"lineNumber":4,"author":{"gitId":"kahsuann"},"content":"        super(description);","lastModifiedDate":"2024-08-22","isFullCredit":false},{"lineNumber":5,"author":{"gitId":"kahsuann"},"content":"    }","lastModifiedDate":"2024-08-22","isFullCredit":false},{"lineNumber":6,"author":{"gitId":"kahsuann"},"content":"","lastModifiedDate":"2024-08-22","isFullCredit":false},{"lineNumber":7,"author":{"gitId":"kahsuann"},"content":"    @Override","lastModifiedDate":"2024-08-22","isFullCredit":false},{"lineNumber":8,"author":{"gitId":"kahsuann"},"content":"    public String toString() {","lastModifiedDate":"2024-08-22","isFullCredit":false},{"lineNumber":9,"author":{"gitId":"kahsuann"},"content":"        return \"[T]\" + super.toString();","lastModifiedDate":"2024-08-22","isFullCredit":false},{"lineNumber":10,"author":{"gitId":"kahsuann"},"content":"    }","lastModifiedDate":"2024-08-22","isFullCredit":false},{"lineNumber":11,"author":{"gitId":"kahsuann"},"content":"}","lastModifiedDate":"2024-08-22","isFullCredit":false}],"authorContributionMap":{"kahsuann":11}}]
