{"authorDailyContributionsMap":{"kahsuann":[{"date":"2024-08-22","commitResults":[{"hash":"0c6368273569f02237e85d23326b82558eee7a0f","isMergeCommit":false,"messageTitle":"Initialised Susan\u0027s Greet and Exit","messageBody":"","tags":["Level-0"],"fileTypesAndContributionMap":{"java":{"insertions":9,"deletions":10}}},{"hash":"09cdc778ffef22bf11dda5a702a5a724ee1066b9","isMergeCommit":false,"messageTitle":"Echo","messageBody":"","tags":["Level-1"],"fileTypesAndContributionMap":{"java":{"insertions":12,"deletions":0}}},{"hash":"2e9fa3aebb44ad6988a87f2683ed5278ad75c265","isMergeCommit":false,"messageTitle":"Add Tasks to List","messageBody":"","tags":["Level-2"],"fileTypesAndContributionMap":{"java":{"insertions":17,"deletions":5}}},{"hash":"3f2217f5519c7329828ab9ba57017680b12b97a9","isMergeCommit":false,"messageTitle":"Task Mark as Done","messageBody":"","tags":["Level-3"],"fileTypesAndContributionMap":{"java":{"insertions":45,"deletions":4}}},{"hash":"0d4932d8a564aecb28f452246b04d36926e23465","isMergeCommit":false,"messageTitle":"ToDos, Events, Deadlines","messageBody":"","tags":["Level-4"],"fileTypesAndContributionMap":{"java":{"insertions":76,"deletions":13}}},{"hash":"ebcf0b4b3155493948968abfeb220d660ea1c2c8","isMergeCommit":false,"messageTitle":"Naive Implementation of Handling Errors","messageBody":"","tags":["Level-5"],"fileTypesAndContributionMap":{"java":{"insertions":32,"deletions":14}}},{"hash":"4a7d9f2f01d02a879ff23fab37d9a474ed9d71d7","isMergeCommit":false,"messageTitle":"Delete","messageBody":"","tags":["Level-6"],"fileTypesAndContributionMap":{"java":{"insertions":14,"deletions":4}}}]},{"date":"2024-08-26","commitResults":[{"hash":"e7a7b6085bbc934e3330218a113e5d056220e745","isMergeCommit":false,"messageTitle":"Automate Text UI Testing","messageBody":"","tags":["A-TextUiTesting"],"fileTypesAndContributionMap":{"txt":{"insertions":7,"deletions":0},"java":{"insertions":9,"deletions":7},"bat":{"insertions":1,"deletions":1}}},{"hash":"ae06143a121016b03d33fc682cebb33252a21f9f","isMergeCommit":true,"messageTitle":"Merge and Complete Week 2 Tasks","messageBody":"","fileTypesAndContributionMap":{}}]},{"date":"2024-08-29","commitResults":[{"hash":"0d83c490631631e38c7154f6c58218db22cdf5ac","isMergeCommit":false,"messageTitle":"Save updated list to hard disk","messageBody":"","tags":["Level-7"],"fileTypesAndContributionMap":{"java":{"insertions":29,"deletions":0}}}]},{"date":"2024-08-30","commitResults":[{"hash":"37f70edc05b60581b8acedfcccdea1123e2848be","isMergeCommit":false,"messageTitle":"Clear Level-7 Bugs and Add Dates and Times","messageBody":"","tags":["Level-8"],"fileTypesAndContributionMap":{"java":{"insertions":25,"deletions":10}}},{"hash":"17d55f7c5c7e6f9036ef92a4a7bde222de93c4b6","isMergeCommit":false,"messageTitle":"Make the code more OOP with Ui, Storage, Parser, TaskList and Commands","messageBody":"","tags":["A-MoreOOP"],"fileTypesAndContributionMap":{"java":{"insertions":278,"deletions":123}}},{"hash":"e36fec110c74819ecd17ecce8f8f46b200745c44","isMergeCommit":false,"messageTitle":"Organise into Packages","messageBody":"","tags":["A-Packages","A-Jar"],"fileTypesAndContributionMap":{"java":{"insertions":74,"deletions":1}}},{"hash":"0d023a6bd522d9c80ac5f24dec0debfbd239a9c1","isMergeCommit":true,"messageTitle":"Merge branch \u0027master\u0027 into add-gradle-support","messageBody":"","fileTypesAndContributionMap":{}},{"hash":"dbb2fc6c91d664d72903338f58a17feb4807e89f","isMergeCommit":false,"messageTitle":"Add JUnit Tests","messageBody":"","tags":["A-JUnit"],"fileTypesAndContributionMap":{"java":{"insertions":47,"deletions":0}}},{"hash":"27f88ba49a6ebe78ea4bcd0770a55bb8b325ef89","isMergeCommit":false,"messageTitle":"Add JavaDoc comments","messageBody":"","tags":["A-JavaDoc"],"fileTypesAndContributionMap":{"java":{"insertions":36,"deletions":4}}},{"hash":"01b47baed5ff2d2440d474820d3b830e39333741","isMergeCommit":false,"messageTitle":"Tweak the code to comply with a coding standard","messageBody":"","tags":["A-CodingStandard"],"fileTypesAndContributionMap":{"java":{"insertions":24,"deletions":1}}},{"hash":"0f121e2a02d62f18cdb83fe48071c72960ff0874","isMergeCommit":false,"messageTitle":"Find tasks with keyword","messageBody":"","tags":["Level-9"],"fileTypesAndContributionMap":{"java":{"insertions":18,"deletions":0}}},{"hash":"bb1fa1f9d2c4e44601764c3be3c1978826d824be","isMergeCommit":true,"messageTitle":"Merge branch \u0027branch-A-CodingStandard\u0027","messageBody":"","fileTypesAndContributionMap":{}},{"hash":"20084f752fffa669a0c2f4e89eec1e6c68615dcd","isMergeCommit":true,"messageTitle":"Merge branch \u0027branch-Level-9\u0027","messageBody":"","fileTypesAndContributionMap":{}}]},{"date":"2024-09-03","commitResults":[{"hash":"beb4469e8aae83e36a12f4c6bccce3ffc57503ff","isMergeCommit":false,"messageTitle":"Handle more exceptions","messageBody":"","fileTypesAndContributionMap":{"java":{"insertions":90,"deletions":64}}},{"hash":"3969ae5c66cbcff14954387efdca334ece5149cf","isMergeCommit":false,"messageTitle":"Add data folder for Storage","messageBody":"","fileTypesAndContributionMap":{"java":{"insertions":7,"deletions":1}}}]},{"date":"2024-09-04","commitResults":[{"hash":"261088c5b683a23f9e3dfd8a5c600db13a219bd1","isMergeCommit":false,"messageTitle":"Update test cases","messageBody":"","fileTypesAndContributionMap":{"java":{"insertions":14,"deletions":6}}}]},{"date":"2024-09-05","commitResults":[{"hash":"3dee4093a14a9ebfee458d76f87a9603672a84cd","isMergeCommit":false,"messageTitle":"Add more Javadoc comments","messageBody":"","fileTypesAndContributionMap":{"java":{"insertions":135,"deletions":4}}},{"hash":"1b93a0f9790102e09634e8933d35bf003ef5e39d","isMergeCommit":false,"messageTitle":"Add minimal GUI","messageBody":"","fileTypesAndContributionMap":{"fxml":{"insertions":74,"deletions":0},"txt":{"insertions":19,"deletions":3},"java":{"insertions":155,"deletions":0}}},{"hash":"0eee902a39a88f61e20a3d890347f9006c3db6b1","isMergeCommit":false,"messageTitle":"Update GUI","messageBody":"","tags":["Level-10"],"fileTypesAndContributionMap":{"fxml":{"insertions":7,"deletions":46},"java":{"insertions":66,"deletions":39}}}]}]},"authorFileTypeContributionMap":{"kahsuann":{"java":915,"md":0,"fxml":35,"sh":0,"bat":1,"gradle":0,"txt":23}},"authorContributionVariance":{"kahsuann":31900.953},"authorDisplayNameMap":{"kahsuann":"CS2103-F13-2 CHUA..SUAN"}}
